一级分类,二级分类,疾病,挂什么科,哪些症状,好发人群,治疗方法,治疗费用,是否传染,患病比例,治愈率,治疗周期,html
内科,心血管内科,成人呼吸窘迫综合征,呼吸内科、心血管内科,呼吸窘迫综合症、活动后气促、紫绀、烦躁不安、焦虑、出汗异常、呼吸异常,所有人群,药物治疗,根据不同医院，收费标准不一致，市三甲医院约（5000 —— 10000元）,否,3%,85%,2-4月,https://tag.120ask.com/jibing/crhxjpzhz/
内科,心血管内科,肺栓塞,呼吸内科,急性呼吸困难、肺栓塞、发绀、胸痛、心肺栓塞、晕厥、咯血、右心衰竭、肢端湿冷、胸膜摩擦音、胸腔积液、惊恐发作,所有人群,药物治疗,根据不同医院，收费标准不一致，市三甲医院约（20000-100000元）,否,0.005%,60%,1个月,https://tag.120ask.com/jibing/feishuansai/
内科,心血管内科,肺性脑病,呼吸内科、神经内科,头痛、头昏、记忆力障碍、意识障碍、嗜睡、昏睡、颅内压增高、肌阵挛、言语增多、幻觉、昏迷,所有人群,药物治疗,根据不同医院，收费标准不一致，市三甲医院约（3000 —— 8000元）,否,0.012%,70%,10-30天,https://tag.120ask.com/jibing/fxnb/
内科,心血管内科,急性呼吸窘迫综合征,呼吸内科,紫绀、烦躁不安、湿啰音、焦虑、呼吸性碱中毒、心脏停搏、呼吸困难、低氧血症、过度通气、水肿、混合型酸碱平衡紊乱、代谢性酸中毒,所有群体,药物治疗、手术治疗,根据不同医院，收费标准不一致，市三甲医院约（20000-50000元）,否,发生在原有呼吸道感染的患者，发病率约0.03%--0.05%,60-85%,1-3个月,https://tag.120ask.com/jibing/jxhxjpzhz/
内科,心血管内科,继发性肺动脉高压,内科,气短、疲乏、头晕、胸痛,中老年人群,药物治疗,根据不同医院，收费标准不一致，市三甲医院约（3000 —— 8000元）,否,2%,99%,120天,https://tag.120ask.com/jibing/jfxfdmgy/
内科,心血管内科,睡眠呼吸暂停综合征,神经内科,白天嗜睡夜间失眠、打鼾、头痛、智力减低、心律失常、男子性功能障碍、呼吸速率减慢且规则、呼吸异常、呼吸反射调节受损、疲劳、病理性REM睡眠、气息异常,肥胖人群，老年人,手术治疗,根据不同医院，收费标准不一致，市三甲医院约（3000 —— 8000元）,否,肥胖人群中发病率可达15%,75%,4-6月,https://tag.120ask.com/jibing/smhxztzhz/
内科,心血管内科,细菌性肺炎,呼吸内科,发烧、持续高烧、咳嗽、咳痰、胸痛、畏寒、黏液脓性痰、咳出黄色痰液	、咳铁锈色痰、头痛、肌肉酸痛、乏力,所有人群,药物治疗,根据不同医院，收费标准不一致，市三甲医院约（3000 —— 8000元）,否,人群患病概率0.033%,,治疗周期7天,https://tag.120ask.com/jibing/xjxfy/
内科,心血管内科,心律失常,心血管内科,心悸、胸闷、头晕,所有群体,药物治疗、手术治疗,根据不同医院，收费标准不一致，市三甲医院约（3000-5000元）,否,人群患病概率0.6%,85%,2-4周,https://tag.120ask.com/jibing/xlsc/
内科,心血管内科,胸腔积液,心胸外科,咳嗽、干咳、胸痛、胸膜摩擦音、胸闷,所有群体,手术治疗,根据不同医院，收费标准不一致，市三甲医院约（1000-5000元）,否,0.0035%,80%,3个月,https://tag.120ask.com/jibing/xqjy/
内科,心血管内科,原发性肺动脉高压,心血管内科,呼吸困难、胸痛、晕厥、疲乏、咯血、水肿、眩晕,所有群体,药物治疗,根据不同医院，收费标准不一致，市三甲医院约（3000-5000元）,否,0.001%-0.005%,70%,1-3个月,https://tag.120ask.com/jibing/yfxfdmgy/
内科,心血管内科,早搏,心血管内科,心悸、心音异常、心前区重压感、室性早搏、房性早搏、频发房性早搏,所有群体,药物治疗,根据不同医院，收费标准不一致，市三甲医院约（1000-5000元）,否,0.03%,70%,3个月,https://tag.120ask.com/jibing/zaobo/
内科,心血管内科,室性早搏,心血管内科,心律不齐、心慌、气短,容易生气的中老年患者多见,中医药物治疗、西医药物治疗,根据不同医院，收费标准不一致，市三甲医院约（1000 —— 2000元）,否,0.3%,95%,2-5周,https://tag.120ask.com/jibing/sxzb/
内科,心血管内科,休克,急诊科,皮肤湿冷、发绀、苍白、脉搏细速、呼吸急促、血压下降明显,全部群体,药物治疗,根据不同医院，收费标准不一致，市三甲医院约5000-10000元,否,0.1%,80%,1-3天,https://tag.120ask.com/jibing/xk/
内科,心血管内科,心房颤动,心血管内科,心悸、心慌、胸闷、心跳很乱、多尿、脉搏脱漏、无法数清每分钟脉搏次数、晕厥、室颤、高代谢征群、房室分离、慢性房颤,老年人,药物治疗、手术治疗,根据不同医院，收费标准不一致，市三甲医院约（10000-30000元）,否,20%(心脏病人之中占20%),78%,20天,https://tag.120ask.com/jibing/xfcd/
内科,心血管内科,心房扑动,心血管内科,心悸、胸闷、头晕、烦躁不安、胸痛、眩晕、恐惧、呼吸困难,心血管疾病患者,手术治疗、药物治疗,根据不同医院，收费标准不一致，市三甲医院约（5000-10000元）,否,0.02%-0.05%,,75天,https://tag.120ask.com/jibing/xfpd/
内科,心血管内科,室性心动过速,心血管内科,异位性心动过速、心动过速,无特殊发病群体,药物治疗、手术治疗,根据不同医院，收费标准不一致，市三甲医院约（5000-10000元）,否,0.006%,70%,3个月,https://tag.120ask.com/jibing/sxxdgs/
内科,心血管内科,病毒性心肌炎,心血管内科,心律失常、发烧、腹泻、心脏杂音、心悸、心力衰竭、胸闷、乏力、头晕、晕厥、心脏扩大、心率过缓,所有人群,药物治疗,根据不同医院，收费标准不一致，市三甲医院约（10000-50000元）,否,0.004%,60%,3-6个月,https://tag.120ask.com/jibing/bdxxjy/
内科,心血管内科,充血性心力衰竭,心血管内科,疲劳、乏力、劳力性呼吸困难、咳嗽、第三心音奔马律 、肝-颈静脉回流征阳性、肺淤血、肝淤血、恶心、呕吐、腹胀、便秘,大多数心血管疾病的最终归宿,药物治疗,根据不同医院，收费标准不一致，市三甲医院约（10000 —— 50000元）,否,0.05%,60%,3个月,https://tag.120ask.com/jibing/cxxxlsj/
内科,心血管内科,低血压,心血管内科,头晕乏力、消化不良、心脑供血不足、疲乏 、内分泌功能减退、 慢性头痛、 心前区隐痛 、下肢血压偏低、 腰膝酸软,20-40岁女性人群尤为多发,西医药物治疗、中医治疗治疗,根据不同医院，收费标准不一致，市三甲医院约（1000 —— 2000元,否,0.2%-0.5%,90%,5-20天,https://tag.120ask.com/jibing/dxy/
内科,心血管内科,大动脉炎,心血管内科,眩晕、视力视野改变、肌肉萎缩、颈动脉搏动减弱或消失、心慌、食欲不振、恶心、体重减轻、月经失调、头晕、头痛、疼痛,多见于年青女性,药物治疗,根据不同医院，收费标准不一致，市三甲医院约（10000 —— 30000元）,否,0.0031%,50--70%,14--30天,https://tag.120ask.com/jibing/ddmy/
内科,心血管内科,动脉瘤,血管外科,动脉样壁、动脉枪击音、血管搏动或波形的改变,所有人群,手术治疗动脉瘤切除、血管重建,根据不同医院，收费标准不一致，市三甲医院约（3000 —— 5000元）,否,0.001%,70%,3--8周,https://tag.120ask.com/jibing/dml/
内科,心血管内科,动脉硬化,心血管内科,头晕、心绞痛、胸痛、头痛、心音异常、心脏杂音、血管硬化、动脉呈多处伸长扭曲状、动脉粥样硬化,青少年时期发生，中老年时期加重、发病,药物治疗,根据不同医院，收费标准不一致，市三甲医院约（3000 —— 5000元）,否,0.035%,85%,3个月,https://tag.120ask.com/jibing/dmyh/
内科,心血管内科,动脉粥样硬化,血管外科,胸痛、气急、吞咽困难、咯血、声音嘶哑、气管移位、气管阻塞,中老年人群,药物治疗、手术治疗,根据不同医院，收费标准不一致，市三甲医院约（3000 —— 5000元）,否,0.058%,,终身间歇性对症治疗,https://tag.120ask.com/jibing/dmzyyh/
内科,心血管内科,风湿热,风湿科,发热、咽痛、颌下淋巴结肿大、类风湿关节炎、心悸、气短、心力衰竭、心动过速、心律失常、心脏增大、低热、鼻出血、收缩期杂音 、心脏杂音,本病初发年龄以9~17岁多见，主要发生在青少年,药物治疗,根据不同医院，收费标准不一致，市三甲医院约（5000-10000元）,否,0.05%,80%,1-3个月,https://tag.120ask.com/jibing/fengshire/
内科,心血管内科,风湿性心脏病,心血管内科、风湿免疫科,胸闷、呼吸困难、咳嗽、晕厥、心悸,青壮年,药物治疗、手术治疗,根据不同医院，收费标准不一致，市三甲医院约（10000-30000元）,否,0.05%,80%,3-6月,https://tag.120ask.com/jibing/fsxxzb/
内科,心血管内科,二尖瓣关闭不全,心胸外科,劳力性呼吸困难、端坐呼吸、疲乏、运动耐力降低、咯血、肝脏肿大、突发的左心衰竭、腿脚浮肿,无特殊发病群体,药物治疗、手术治疗,根据不同医院，收费标准不一致，市三甲医院约（5000-10000元）,否,0.05%,60%,2-4月,https://tag.120ask.com/jibing/ejbgbbq/
内科,心血管内科,肥厚型心肌病,心胸外科,劳力性呼吸困难、胸闷、胸痛、一过性昏厥、心绞痛、呼吸急促、乏力、头晕、猝死、心力衰竭、心音异常、心律失常,所有群体,药物治疗、手术治疗,根据不同医院，收费标准不一致，市三甲医院约（5000-10000元）,否,0.0004%,50-70%,20天,https://tag.120ask.com/jibing/fhxxjb/
内科,心血管内科,肺动脉高压,心血管内科,劳力性呼吸困难、乏力、晕厥、心绞痛、胸痛、咯血、声音嘶哑、下肢水肿、肺动脉瓣区可听到喷射音、收缩期反流性杂音、肝肿大、颈静脉怒张,无特殊发病群体,药物治疗,根据不同医院，收费标准不一致，市三甲医院约（5000-10000元）,否,0.0025%,85%,14天,https://tag.120ask.com/jibing/fdmgy/
内科,心血管内科,感染性心内膜炎,心血管科,寒战发烧、心脏杂音、贫血、脾肿大、咳喘、憋气、不能平卧,先天性心脏病或者做过瓣膜手术的病人,药物治疗、支持疗法,根据不同医院，收费标准不一致，市三甲医院约（30000 —— 50000元）,否,0.0052%,70%,10-15天,https://tag.120ask.com/jibing/grxxnmy/
内科,心血管内科,高血压,内科-心血管内科,头晕头痛、恶心呕吐、视物不清、心悸气短,中老年人尤其是50岁以上人群,药物治疗、饮食疗法,根据不同医院，收费标准不一致，市三甲医院约200-5000元,否,12%(50岁以上患病概率30%-50%),0.0001%(终身性疾病),1-3个月,https://tag.120ask.com/jibing/gxy/
内科,心血管内科,高血压脑病,脑外科,高血压、头痛、心慌、雾视、血流阻力增加、脑细胞出现营养不良性蜕变、昏迷、头胀、脑功能不全、猝死、旋转性眩晕、血压波动大,高血压患者,药物治疗,根据不同医院，收费标准不一致，市三甲医院约（5000-10000元）,否,0.02%-0.05%,80%,45天,https://tag.120ask.com/jibing/gxynb/
内科,心血管内科,高血压危象,心血管内科,高血压、头痛、恶心呕吐、视力障碍、烦躁不安、多汗症、口干、心悸、寒战、四肢震颤、视乳头水肿、视网膜出血,有高血压基础病,药物治疗,根据不同医院，收费标准不一致，市三甲医院约（5000 —— 10000元）,否,人群患病概率0.27%,,治疗周期15天,https://tag.120ask.com/jibing/gxywx/
内科,心血管内科,冠心病,心血管内科,心绞痛、劳累或精神紧张时出现胸骨后或心前区闷痛、体力活动时出现胸闷,45岁以上的男性，55岁以上或者绝经后的女性,药物治疗、手术治疗、介入治疗,根据不同医院，收费标准不一致，市三甲医院约（5000--30000元）,否,0.15%,80%,3-6周,https://tag.120ask.com/jibing/gxb/
内科,心血管内科,扩张型心肌病,心血管内科,心力衰竭、心律失常、胸痛、心脏增大、窦房结病变、猝死、长段升主动脉发育不全、心脏杂音、交替脉、心包积液、右侧束支传导阻滞、心音异常,无特殊发病群体,药物治疗,根据不同医院，收费标准不一致，市三甲医院约（5000-10000元）,否,发病率约为0.005%--0.006%,40-50%，多以对症治疗为主,终身治疗,https://tag.120ask.com/jibing/kzxxjb/
内科,心血管内科,脑动脉狭窄,神经内科,头晕、头痛、恶心、呕吐、视物不清,中老年,介入治疗、药物治疗,根据不同医院，收费标准不一致，市三甲医院约5000--50000元,否,0.01%,60%,30天,https://tag.120ask.com/jibing/ndmxz/
内科,心血管内科,颈动脉狭窄,血管外科,耳鸣、眩晕、黑蒙、雾视、颈后及肩部皮肤发硬、视力障碍、不能转颈、狭窄杂音、颈髓脱髓鞘性病变、产妇颈背酸痛、头痛、晨起时颈背部弥漫性剧痛,无特殊发病群体,药物治疗、手术治疗,根据不同医院，收费标准不一致，市三甲医院约（10000-30000元）,否,60岁以上人群中患颈动脉狭窄者约占0.05%,60%,3个月,https://tag.120ask.com/jibing/jdmxz/
内科,心血管内科,神游症,中医科、精神科,梦游、被害妄想、抑郁,精神抑郁者多见,手术治疗、药物治疗,根据不同医院，收费标准不一致，市三甲医院约1-3万元,否,0.5%-1%,70%,1-3月,https://tag.120ask.com/jibing/syz/
内科,心血管内科,限制型心肌病,心血管内科,气急、咯血、肝肿大、下肢水肿、电生理异常、心悸、眩晕、晕厥、易昏厥、心脏增大、心力衰竭、倦怠肢冷,热带男性人群,药物治疗、手术治疗,根据不同医院，收费标准不一致，市三甲医院约（5000 —— 8000元）,否,0.0001%-0.0003%,,终身间歇性治疗,https://tag.120ask.com/jibing/xzxxjb/
内科,心血管内科,心包积液,心胸外科,心包积液体征、心包积液、胸痛、气短,无特殊发病群体,药物治疗、手术治疗,根据不同医院，收费标准不一致，市三甲医院约（5000-10000元）,否,恶性肿瘤患者并发心包积液发病率为3%,30%,3个月,https://tag.120ask.com/jibing/xbjy/
内科,心血管内科,心包炎,心血管内科,心包纤维增厚、心包膜发炎、 心包压塞、 心包填塞、 心包缩窄,所有人群,西医治疗、中医治疗,根据不同医院，收费标准不一致，市三甲医院约（1000 —— 3000元,否,0.001%,60%,1--3月,https://tag.120ask.com/jibing/xinbaoyan/
内科,心血管内科,心肌病,心血管内科,活动后气促、易疲乏、心率增快、血压下降、心律失常、心脏杂音,无特殊发病群体,药物治疗,根据不同医院，收费标准不一致，市三甲医院约（5000-10000元）,否,0.001%,40%,1-2年,https://tag.120ask.com/jibing/xinjibing/
内科,心血管内科,心绞痛,心血管内科,心前区疼痛、胸闷、气短、乏力,中老年人群40周岁以上,西医治疗、中医治疗,根据不同医院，收费标准不一致，市三甲医院约（3000 —— 5000元）,否,0.1%,60%,1-7天,https://tag.120ask.com/jibing/xinjiaotong/
内科,心血管内科,主动脉瘤,心胸外科、血管外科,水肿、咳嗽、气急、吞咽困难,多见于老年男性,手术、药物治疗,根据不同医院，收费标准不一致，市三甲医院约（10000 —— 30000元）,否,0.0001%,70%,10-30天,https://tag.120ask.com/jibing/zdml/
内科,心血管内科,血管性痴呆,心血管内科,脑衰弱综合征、情绪不宁、失眠、智能减退、血管性痴呆、痴呆、精神障碍、焦虑、情感失禁现象、易激惹、全头痛、头痛,无特殊发病群体,药物治疗,根据不同医院，收费标准不一致，市三甲医院约（5000-10000元）,否,0.001%,70%,3个月,https://tag.120ask.com/jibing/xgxcd/
内科,心血管内科,心脏神经官能症,心内科、精神科,自觉心悸、心前区痛、呼吸憋闷、易激动、多汗、颤抖、头晕、失眠,青年、壮年人群,药物治疗、中医治疗,根据不同医院，收费标准不一致，市三甲医院约（3000--8000元）,否,0.1%,80%,1-3个月,https://tag.120ask.com/jibing/xzsjgnz/
内科,心血管内科,主动脉夹层,心血管内科,剧烈疼痛、额部疼痛、颈部疼痛、肩胛放射性疼痛、心率增快、心绞痛、心肌梗死、夹层血肿、头晕、神志模糊、截瘫、腹痛,所有人群,药物治疗,根据不同医院，收费标准不一致，市三甲医院约（3000 —— 5000元）,否,高血压患者中本病的发病率约为0.006%--0.008%,,1-3个月,https://tag.120ask.com/jibing/zdmjc/
内科,心血管内科,预激综合征,心血管内科,心律失常、心动过速,无特殊发病群体,药物治疗、手术治疗,根据不同医院，收费标准不一致，市三甲医院约（5000-10000元）,否,0.025%,80%,30天,https://tag.120ask.com/jibing/yjzhz/
内科,心血管内科,妊高征,产科,水肿、蛋白尿、先兆子痫、高血压、妊娠后期水肿、妊娠期高血压、妊娠蛋白尿、头痛、眼花、抽搐、昏迷,孕妇,药物治疗,根据不同医院，收费标准不一致，市三甲医院约（5000-10000元）,否,特定人群5%,80%,3-6月,https://tag.120ask.com/jibing/rengaozheng/
内科,心血管内科,心力衰竭,心内科,呼吸困难、端坐呼吸、咳嗽、胸闷、气短,所有人群,西医药物治疗、中医药物治疗、手术治疗,根据不同医院，收费标准不一致，市三甲医院约（10000 —— 30000元）,否,0.006%,75%,1-3个月,https://tag.120ask.com/jibing/xlsj/
内科,心血管内科,心衰,内科,端坐呼吸、 心率增快、 烦躁不安 、粉红色泡沫痰、 晕厥、 胸痛伴胸闷、心悸、 双下肢可凹陷性水肿,中老年人,药物治疗,根据不同医院，收费标准不一致，市三甲医院约1000--3000元,否,0.001%,80%,7-10天,https://tag.120ask.com/jibing/xs/
内科,心血管内科,窦性心动过速,心血管科,呼吸气促、心悸胸闷、烦躁,老年人,药物治疗,根据不同医院，收费标准不一致，市三甲医院约（10000 ——20000元,否,0.2%-0.5%,20%-40%,3天-30天,https://tag.120ask.com/jibing/xxdgs/
内科,心血管内科,窦性心动过缓,心内科,无明显症状或气短、疲劳、头晕、胸闷、晕厥,正常青年或运动员、心血管疾病患者,药物治疗,根据不同医院，收费标准不一致，市三甲医院约3000--10000,否,0.001%,99%,20天,https://tag.120ask.com/jibing/xxdgh/
内科,心血管内科,窦性停搏,心血管内科,窦性停搏、意识障碍、黑蒙、晕厥、昏迷、意识短暂中断、猝死、眩晕,所有人群,药物治疗,根据不同医院，收费标准不一致，市三甲医院约（3000 —— 5000元,否,0.0025%,70%,2-4周,https://tag.120ask.com/jibing/xtb/
内科,心血管内科,窦房传导阻滞,心血管内科,心悸、乏力、心搏漏跳、心率不齐、传导阻滞、窦房传导阻滞、头晕、昏迷、晕厥,无特殊发病群体,药物治疗,根据不同医院，收费标准不一致，市三甲医院约（5000-10000元）,否,0.006%,70%,1-3个月,https://tag.120ask.com/jibing/fcdzz/
内科,心血管内科,病态窦房结综合征,心血管内科,窦性停搏、心动过缓、心动过速、心律失常、头痛、迷走神经张力增高、眩晕、心悸、窦房传导阻滞、高血钾、甲状腺功能低下、排尿过程中发生晕厥,老年人群尤其是60岁以上人群,手术治疗、药物治疗,根据不同医院，收费标准不一致，市三甲医院约（3000 —— 5000元）,否,0.04%,,1-2个月,https://tag.120ask.com/jibing/btfjzhz/
内科,心血管内科,房性心动过速,心胸外科,异位性心动过速、逆向型房室折返性心动过速、心动过速,无特殊发病群体,药物治疗,根据不同医院，收费标准不一致，市三甲医院约（5000-10000元）,否,本病常见，多见于紧张、焦虑、激动者，发病率约为0.04%-0.08%,90%,1-2周,https://tag.120ask.com/jibing/fxxdgs/
内科,心血管内科,室性期前收缩,心血管内科,心悸、晕厥、低血压、心绞痛、心音异常、室颤、心律失常、胸痛,所有人群,药物治疗,根据不同医院，收费标准不一致，市三甲医院约（1000 —— 5000元）,否,0.005%,70%,2-4月,https://tag.120ask.com/jibing/sxqqss/
内科,心血管内科,房室传导阻滞,心血管内科,疲劳、头晕、晕厥、抽搐、疲乏、头昏、右心功能不全,所有人群,药物治疗,根据不同医院，收费标准不一致，市三甲医院约（5000-10000元）,否,0.012%,80%,30天,https://tag.120ask.com/jibing/fscdzz/
内科,心血管内科,室内传导阻滞,心内科,通常无临床症状、间可听到第二心音分裂,所有人群,西药治疗、中药治疗、手术治疗,根据不同医院，收费标准不一致，市三甲医院约5000--10000元,否,人群患病概率0.32%,,需要终身治疗,https://tag.120ask.com/jibing/sncdzz/
内科,心血管内科,房间隔缺损,心胸外科,心悸、气短、疲劳、房间隔缺损、紫绀,所有人群,药物治疗、手术治疗,根据不同医院，收费标准不一致，市三甲医院约（3000 —— 5000元,否,人群患病概率0.003%,,手术治疗周期14天,https://tag.120ask.com/jibing/fjgqs/
内科,心血管内科,室间隔缺损,心胸外科,心脏杂音、劳力性心悸、气急、活动受限,儿童,手术治疗,根据不同医院，收费标准不一致，市三甲医院约（50000-100000元）,否,0.0001%,60%,10-30天,https://tag.120ask.com/jibing/sjgqs/
内科,心血管内科,动脉导管未闭,心血管内科,紫绀、杵状指（趾）、心脏杂音、动脉导管未闭、水冲脉、毛细血管搏动,早产儿,手术治疗,根据不同医院，收费标准不一致，市三甲医院约（10000-50000元）,否,婴幼儿发病率约为0.002%-0.005%,,1-3个月,https://tag.120ask.com/jibing/dmdgwb/
内科,心血管内科,主动脉瓣狭窄,心血管内科,心绞痛、 呼吸困难、 端坐呼吸 、心力衰竭、 晕厥 、猝死,风湿病患者尤为多发,手术治疗、药物治疗,根据不同医院，收费标准不一致，市三甲医院约（3000 —— 5000元）,否,"在老年人中,主动脉瓣狭窄发病率为1%～2%",60%,1个月,https://tag.120ask.com/jibing/zdmbxz/
内科,心血管内科,肺动脉瓣狭窄,心内科,胸闷、气短、发憋,儿童,手术治疗、药物治疗,根据不同医院，收费标准不一致，市三甲医院约（3000 —— 5000元）,否,0.002%-0.003%(婴幼儿以及老年人多见),55%-75%,1-3个月,https://tag.120ask.com/jibing/fdmbxz/
内科,心血管内科,二尖瓣狭窄,心血管内科,呼吸困难、咯血、粉红色泡沫痰、胸痛伴胸闷、心悸、心悸、咳嗽、声音嘶哑、吞咽困难、疲乏、乏力、隔膜孔道狭小、收缩期杂音,中青年女性,药物治疗、手术治疗,根据不同医院，收费标准不一致，市三甲医院约（50000-100000元）,否,0.003%,60%,3个月,https://tag.120ask.com/jibing/ejbxz/
内科,心血管内科,主动脉瓣关闭不全,心血管内科,心悸、呼吸困难、胸痛、头晕、一过性昏厥、心音微弱、股动脉枪击音、紫绀、收缩期和舒张期杂音、收缩期震颤、脉压差大、心力衰竭,男性人群多见,药物治疗,根据不同医院，收费标准不一致，市三甲医院约（10000 —— 30000元,否,0.005%-0.007%,70%,1-2个月,https://tag.120ask.com/jibing/zdmbgbbq/
内科,心血管内科,三尖瓣狭窄,心胸外科,疲乏、食欲不振、恶心呕吐、嗳气、颈静脉怒张、肝肿大、腹水、心悸、心律失常、眩晕,多见于女性,药物治疗、手术治疗,根据不同医院，收费标准不一致，市三甲医院约（10000 —— 50000元）,否,50岁以上中老年人发病率誉为0.03%--0.07%,,3-6个月,https://tag.120ask.com/jibing/sjbxz/
内科,心血管内科,三尖瓣关闭不全,心胸外科,疲乏、腹胀、右心衰竭、颈静脉怒张、收缩期反流性杂音、心脏杂音、心音异常、肺栓塞,无特殊发病群体,药物治疗、手术治疗,根据不同医院，收费标准不一致，市三甲医院约（5000-10000元）,否,0.013%,80%,1-3个月,https://tag.120ask.com/jibing/sjbgbbq/
内科,心血管内科,肺动脉瓣关闭不全,心胸外科,心悸、气促，易患呼吸道感染，心力衰竭时出现浮肿，阵发性呼吸困难，肝大、尿少、心律不齐等,40岁以下人群,手术治疗、西药治疗,根据不同医院，收费标准不一致，市三甲医院约（10000—— 100000元）,否,人群患病概率0.15%,,手术治疗周期14天,https://tag.120ask.com/jibing/fdmbgbbq/
内科,心血管内科,缺血性心肌病,心血管内科,心绞痛、胸闷心悸、劳力性呼吸困难、阵发性夜间呼吸困难、疲乏、食欲缺乏、颈静脉充盈、颈静脉怒张,吸烟、高血脂、高血糖、高血压患者,药物治疗、支持疗法,根据不同医院，收费标准不一致，市三甲医院约（5000 —— 10000元）,否,0.002%,60%,1-3个月,https://tag.120ask.com/jibing/qxxxjb/
内科,心血管内科,酒精性心肌病,心血管内科,嗜酒、心律失常、心脏扩大、胸痛、胸腔积液、频发室性期前收缩、传导阻滞、假日心脏综合征、室颤、不典型胸痛、心绞痛、去首高血压,所有群体,药物治疗,根据不同医院，收费标准不一致，市三甲医院约（5000-10000元）,否,0.003%-0.005%,70%,3-6个月,https://tag.120ask.com/jibing/jjxxjb/
内科,心血管内科,克山病,心血管内科,心律失常、休克、头晕、恶心、心力衰竭、右心功能不全、水肿、上腹不适、胸闷、心悸、呼吸困难、房室传导阻滞,低硒地区人群,药物治疗,根据不同医院，收费标准不一致，市三甲医院约（5000-10000元）,否,0.002%,40%,10-30天,https://tag.120ask.com/jibing/keshanbing/
内科,心血管内科,心内膜炎,心血管内科,全身感染症状、心脏症状、栓塞及血管症状、心内膜弹力纤维增生,无特殊发病群体,药物治疗、手术治疗,根据不同医院，收费标准不一致，市三甲医院约（5000-10000元）,否,发病率约为0.004%--0.007%,70-80%,3-6个月,https://tag.120ask.com/jibing/xnmy/
内科,心血管内科,急性心包炎,心血管内科,胸痛、呼吸困难、胸闷、刺痛、面色苍白、烦躁不安、咳嗽、咳痰、贫血、体重减轻,无特殊发病群体,药物治疗、手术治疗,根据不同医院，收费标准不一致，市三甲医院约（5000-10000元）,否,0.0002%,70%,4周,https://tag.120ask.com/jibing/jxxby/
内科,心血管内科,缩窄性心包炎,心胸外科,腹胀、下肢水肿、颈静脉怒张、肝脏肿大、缩窄性心包炎、疲劳、发烧、胸痛、无力、疲乏、腹水,无特殊发病群体,药物治疗、手术治疗,根据不同医院，收费标准不一致，市三甲医院约（10000-50000元）,否,0.01%--0.05%,30--50%,3周--3月,https://tag.120ask.com/jibing/szxxby/
内科,心血管内科,肾动脉狭窄,肾内科、心血管内科,高血压、肾小球滤过率下降、体内水钠潴留、肾衰竭、腹部血管杂音、肾动脉狭窄,主要见于中老年人,手术治疗,根据不同医院，收费标准不一致，市三甲医院约（10000-50000元）,否,0.002%,20%,30天,https://tag.120ask.com/jibing/sdmxz/
内科,心血管内科,短暂性脑缺血发作,神经内科,意识模糊、癫痫和癫痫样发作、眩晕、晕厥、猝倒、复视、平衡功能障碍、肢体或躯干麻木、单瘫、偏瘫、同向偏盲、神经失用,中老年人,药物治疗,根据不同医院，收费标准不一致，市三甲医院约（5000-10000元）,否,高血压病患者发病率约0.1%-0.2%,60%,终身治疗,https://tag.120ask.com/jibing/dzxnqxfz/
内科,心血管内科,颞动脉炎,心血管内科,发热、不适、疲乏无力消瘦、多汗、贫血、头痛和关节痛、并伴有风湿性多发性肌痛症,发病年龄以50岁以上最多见，男女之比为1∶3,药物治疗,根据不同医院，收费标准不一致，市三甲医院约（3000 —— 8000元）,否,0.001%,60%,1个月,https://tag.120ask.com/jibing/dongmaiyan/
内科,心血管内科,血脂异常,血液内科,头晕、血压高、头痛,中老年患者多见,中医药物治疗、西医药物治疗,根据不同医院，收费标准不一致，市三甲医院约（500 —— 1000元）,否,18.16%,90%,3个月,https://tag.120ask.com/jibing/xzyc/
内科,心血管内科,雷诺病,心血管内科,当遇冷或情绪激动时、手指皮肤出现苍白和紫绀、手指末梢有麻木、发凉和刺痛、经保暖后症状也随之消失、严重时皮肤干燥、肌肉萎缩、指甲脆裂,女性及铸铁工、机械工、石工、打字员、钢琴家,药物治疗、支持疗法,根据不同医院，收费标准不一致，市三甲医院约（3000 —— 5000元）,否,发病率约0.02%--0.07%,60%，但多以控制症状为主,1-2年,https://tag.120ask.com/jibing/leinuobing/
内科,心血管内科,变应性肉芽肿血管炎,风湿免疫科,发热、咳嗽、哮喘、消瘦、肌肉疼痛、皮下结节、瘀斑、溃疡,所有人群，30～40岁为多见,药物治疗,根据不同医院，收费标准不一致，市三甲医院约（500——2000元）,否,0.003%,40%,3个月,https://tag.120ask.com/jibing/byxryzxgy/
内科,心血管内科,三尖瓣闭锁,心胸外科,发绀、杵状指（趾）、肝肿大、水肿、颈静脉怒张、第一心音亢进 、心力衰竭、收缩期杂音 、三尖瓣狭窄、晕厥、第三心音奔马律 、心律失常,所有群体,手术治疗,根据不同医院，收费标准不一致，市三甲医院约（10000-30000元）,否,0.001%--0.005%,50%,1-6个月,https://tag.120ask.com/jibing/sjbbs/
内科,心血管内科,单心房,心胸外科,气急、紫绀、心力衰竭、杵状指（趾）、肺动脉杂音、收缩期杂音,婴幼儿,药物治疗、手术治疗,根据不同医院，收费标准不一致，市三甲医院约（20000 —— 50000元）,否,本病罕见，发病率约为0.0001%,,终身治疗,https://tag.120ask.com/jibing/danxinfang/
内科,心血管内科,单心室,心胸外科,心力衰竭、心脏杂音、心悸、右心室流出道、心室肥大、呼吸异常、心律失常、心音异常、紫绀、杵状指（趾）、心动过速,婴幼儿,药物治疗、手术治疗,根据不同医院，收费标准不一致，市三甲医院约（20000 —— 50000元）,否,0.005%,60%,1-3个月,https://tag.120ask.com/jibing/danxinshi/
内科,心血管内科,左心室双出口,心胸外科,紫绀、心脏杂音、心悸、反向搏动、心音异常、呼吸异常、心律失常、右心室流出道、心力衰竭,所有人群,药物治疗,根据不同医院，收费标准不一致，市三甲医院约20000-50000元,否,0.0004%,60%,1-3个月,https://tag.120ask.com/jibing/zxssck/
内科,心血管内科,三房心,心血管内科,活动后气促、心脏杂音、心力衰竭、呼吸异常,所有人群,药物治疗,根据不同医院，收费标准不一致，市三甲医院约2000-5000元,否,0.0002%-0.0005%,,>20天(终身间歇性治疗),https://tag.120ask.com/jibing/sanfangxin/
内科,心血管内科,右心室双出口,心胸外科,心力衰竭、肺含水量增加、心脏杂音、心悸、右心室流出道、心音异常、呼吸异常、心律失常、心前区隆起,所有群体,手术治疗,根据不同医院，收费标准不一致，市三甲医院约（10000-50000元）,否,0.05%,80%,3-6月,https://tag.120ask.com/jibing/yxssck/
内科,心血管内科,先天性主动脉缩窄,心胸外科,高血压、呼吸急促、心率增快、喂食困难、鼻衂、下肢无力、下肢发凉、间歇性跛行、肝脏肿大、心脏扩大、收缩期杂音 、奔马律心音,婴幼儿,手术治疗,根据不同医院，收费标准不一致，市三甲医院约（30000-50000元）,否,0.0001%,65%,30天,https://tag.120ask.com/jibing/xtxzdmsz/
内科,心血管内科,房室管畸形,心胸外科,生长缓慢、胸廓异常、收缩期和舒张期杂音、肝脏肿大、房室管畸形、紫绀、心脏杂音、心悸、呼吸异常、心脏增大、心力衰竭、劳动后气急,所有人群,药物治疗、手术治疗,根据不同医院，收费标准不一致，市三甲医院约（5000 —— 20000元）,否,发病率约0.03%—0.08%,,3-4个月,https://tag.120ask.com/jibing/fsgjx/
内科,心血管内科,三尖瓣下移畸形,心胸外科,呼吸困难、紫绀、心力衰竭、心悸、三尖瓣下移、劳动后气急、乏力、心动过速、收缩期和舒张期杂音、奔马律心音、杵状指（趾）,所有人群,药物治疗,根据不同医院，收费标准不一致，市三甲医院约（3000 —— 5000元）,否,婴幼儿发病率约为0.007%-0.01%,,1-3个月,https://tag.120ask.com/jibing/sjbxyjx/
内科,心血管内科,冠状动脉异位起源,心血管内科,颈静脉充盈、收缩期杂音 、左心室肥厚、钙化、心力衰竭、咳嗽、冠状动脉窃血现象、心脏畸形、心肌缺氧、气急、烦躁不安、口唇苍白,所有人群,药物治疗,根据不同医院，收费标准不一致，市三甲医院约2000-5000元,否,发病率约为0.0001%--0.0002%,,1-3年，可能需要多次手术,https://tag.120ask.com/jibing/gzdmywqy/
内科,心血管内科,永存动脉干,心血管内科、心胸外科,紫绀、心动过速、呼吸困难、心力衰竭、心音异常、心脏杂音、心悸、心脏增大、肺部感染、杵状指（趾）、红细胞增多,所有人群,手术、药物治疗,根据不同医院，收费标准不一致，市三甲医院约（50000 ——80000元）,否,0.05%,70%,3-6月,https://tag.120ask.com/jibing/ycdmg/
内科,心血管内科,妊娠合并心脏病,产科、心血管内科,胸闷、气短、端坐呼吸,怀孕妇女,药物治疗,根据不同医院，收费标准不一致，市三甲医院约（1000 —— 3000元,否,妊娠妇女发病率约为0.01%--0.02%,80%，多在分娩后自行恢复,4-8周,https://tag.120ask.com/jibing/rshbxzb/
内科,心血管内科,妊娠合并肺栓塞,呼吸内科、产科,呼吸困难、面色苍白、出冷汗、急性疼痛、右心衰竭、脑缺氧、妊娠期胸痛、休克、咳嗽、晕厥,孕妇,药物治疗,根据不同医院，收费标准不一致，市三甲医院约（1000 —— 5000元）,否,孕妇中发病率约0.01%,60-70%,1-3个月,https://tag.120ask.com/jibing/rshbfss/
内科,心血管内科,小儿高血压,心血管内科,高血压、眩晕、恶心与呕吐、头痛、昏迷、心悸、头胀、舒张压上升、视力障碍、婴儿体重增长过快、晕厥、烦躁不安,婴幼儿,手术治疗,根据不同医院，收费标准不一致，市三甲医院约（500-1000元）,否,0.01%,60%,14--21天,https://tag.120ask.com/jibing/xegxy/
内科,心血管内科,小儿充血性心力衰竭,心血管内科,呼吸困难、面色苍白、心动过速、四肢发冷、嗜睡、乏力、呕吐、多汗症、面色青紫、肝脾肿大、咯血、咳嗽,小儿多见,药物治疗,根据不同医院，收费标准不一致，市三甲医院约（10000 —— 50000元）,否,发病率约为0.001%-0.002%，多见于重症肺炎患儿,75%,4-6周,https://tag.120ask.com/jibing/xecxxxlsj/
内科,心血管内科,川崎病,小儿内科,持续性发热、杨梅样舌、斑疹、手掌硬性水肿、腹痛、腹泻、肛周皮肤潮红,儿童人群,西药治疗,根据不同医院，收费标准不一致，市三甲医院约20000--60000元,否,0.04%-0.05%(上述为12岁以下儿童发病率),90%,4周,https://tag.120ask.com/jibing/chuanqibing/
内科,心血管内科,蜂螫伤,急诊科,昏迷、头痛、休克、头晕、发热寒战、气喘、心率增快、血压下降,所有人群,药物治疗,根据不同医院，收费标准不一致，市三甲医院约（1000 —— 5000元）,否,0.001%,70%,5-14天,https://tag.120ask.com/jibing/fengshang/
内科,心血管内科,心脏病,心血管内科,心动过速、身体瘦弱、胸痛、晕厥、恶心、一过性昏厥、发绀、窒息、心悸,所有人群,药物治疗,根据不同医院，收费标准不一致，市三甲医院约（15000 —— 18000元）,否,0.03%,30%,1-3个月,https://tag.120ask.com/jibing/xzb/
内科,心血管内科,心血管疾病,心血管内科,心脏跳动快速、心律不整、心跳频率过快、过缓、心律不齐、呼吸困难、紫绀、晕厥,所有群体,药物治疗、手术治疗,根据不同医院，收费标准不一致，市三甲医院约（1000-10000元）,否,老年人群发病率约10-20%,60%，以控制症状为主,终身治疗,https://tag.120ask.com/jibing/xxgjb/
内科,心血管内科,心肌梗死,心血管内科,胸痛伴胸闷、心悸、心慌、气短,中老年人,药物治疗,根据不同医院，收费标准不一致，市三甲医院约（3000-5000元）,否,0.406%,30%,7-10天,https://tag.120ask.com/jibing/xjgs/
内科,心血管内科,蚕豆病,血液科,微热、恶寒、头昏、倦怠无力、食欲缺乏、腹痛、发热、黄疸、腹泻、尿呈酱油色,见于先天遗传,预防治疗、输血治疗、药物治疗,根据不同医院，收费标准不一致，市三甲医院约（5000--10000元）,否,0.01%--0.02%(儿童多见，发病率约为0.01%-0.02%，具有遗传倾向，多发生在蚕豆成熟的季节),95%,2-4周,https://tag.120ask.com/jibing/candoubing/
内科,心血管内科,高原性心脏病,心血管内科,头痛、疲乏、食欲不振、咳嗽、指甲床发绀、心悸、颈静脉怒张、烦躁不安、口唇发绀、精神萎靡、呼吸急促、水肿,高原生活群体,药物治疗、高压氧疗,根据不同医院，收费标准不一致，市三甲医院约（50000-80000元）,否,0.001%-0.003%,60%,10天-15天,https://tag.120ask.com/jibing/gyxxzb/
内科,心血管内科,阵发性室上性心动过速,心血管内科,心悸、胸闷、头颈部发胀、心跳过速、发作间歇期如常人、发作间隙长短不一,中老年人,药物治疗,根据不同医院，收费标准不一致，市三甲医院约（3000-10000元）,否,0.002%,85%,2-4月,https://tag.120ask.com/jibing/zfxssxxdgs/
内科,心血管内科,心肌缺血,心血管内科,心电图异常、心绞痛、心肌梗死,40岁以上中年人,药物治疗、手术治疗,根据不同医院，收费标准不一致，市三甲医院约（1000 —— 3000元）,否,0.0012%,40%,1-2个月,https://tag.120ask.com/jibing/xjqx/
内科,心血管内科,心脏瓣膜疾病,心胸外科,高血压、心绞痛、晕厥、心悸、呼吸异常,老年人群,药物治疗、手术治疗,根据不同医院，收费标准不一致，市三甲医院约（5000--15000元）,否,0.004%,,手术治疗周期14天,https://tag.120ask.com/jibing/xzbmjb/
内科,心血管内科,高血脂,心血管内科,头晕乏力、食欲不振、心急缺血、心悸气短,50岁以上肥胖人群,药物治疗、饮食治疗,根据不同医院，收费标准不一致，市三甲医院约（1000 —— 3000元,否,0.46%,60%,30天,https://tag.120ask.com/jibing/gaoxuezhi/
内科,心血管内科,肺动脉口狭窄,心血管内科,心悸、劳动后气急、劳动耐力下降、疲劳、收缩期和舒张期杂音、紫绀、心音异常、杵状指（趾）、心律失常、肺动脉狭窄、心脏杂音、肺动脉杂音,儿童人群,药物治疗、手术治疗,根据不同医院，收费标准不一致，市三甲医院约（3000 —— 5000元）,否,特定人群0.08%,80%,4-6月,https://tag.120ask.com/jibing/fdmkxz/
内科,心血管内科,继发性高血压,心血管内科,顽固性高血压、伴高血压、心悸伴高血压、情绪性高血压、颈性高血压、继发性高血压、去首高血压、妊娠高血压征、门诊高血压、妊娠期高血压,心肾疾病患者,药物治疗、手术治疗,根据不同医院，收费标准不一致，市三甲医院约（5000-10000元）,否,0.5%,80%,3-6月,https://tag.120ask.com/jibing/jfxgxy/
内科,心血管内科,围生期心肌病,心血管内科,心悸、呼吸困难、端坐呼吸、咳嗽、心律失常、湿啰音、颈静脉怒张、下肢水肿、疲劳,孕妇,药物治疗、手术治疗,根据不同医院，收费标准不一致，市三甲医院约（3000 —— 5000元）,否,0.0001%,30%,10-30天,https://tag.120ask.com/jibing/wsqxjb/
内科,心血管内科,特异性心肌病,心血管内科,活动或劳累后气急、夜间阵发性气急、右心律失常、血栓栓塞、猝死,中老年人,药物治疗,根据不同医院，收费标准不一致，市三甲医院约（5000 —— 20000元）,否,0.12%,40%,30天,https://tag.120ask.com/jibing/tyxxjb/
内科,心血管内科,窦性心律不齐,心血管内科,心悸、心慌,所有人群,药物治疗,根据不同医院，收费标准不一致，市三甲医院约（500—— 1000元）,否,0.01%,60%,7--14天,https://tag.120ask.com/jibing/xxlbq/
内科,心血管内科,主-肺动脉间隔缺损,心胸外科,心悸、促脉、呼吸异常、紫绀、咳嗽、气急、乏力,先天遗传群众,药物治疗、手术治疗,根据不同医院，收费标准不一致，市三甲医院约（5000--10000元）,否,0.001%,60%,1-3个月,https://tag.120ask.com/jibing/zfdmjgqs/
内科,心血管内科,致心律失常型右室心肌病,心血管内科,心律失常、右心扩大、猝死,家族遗传患者,手术治疗,根据不同医院，收费标准不一致，市三甲医院约（7000-12000元）,否,0.0146%,35%,3-6个月,https://tag.120ask.com/jibing/zxlscxysxjb/
内科,心血管内科,非阵发性房室交界区性心动过速,心血管内科,心动过速、心率不规则,洋地黄中毒患者,西医药物治疗,根据不同医院，收费标准不一致，市三甲医院约（7000-10000元）,否,0.0001%,10%,7-14天,https://tag.120ask.com/jibing/fzfxfsjjqxxdgs/
内科,心血管内科,药物性心肌病,心血管内科,心律失常、低血压、室上性心律失常、猝死、窦房结病变、心脏杂音、心悸、易昏厥、心脏增大、心力衰竭、心肌肥厚、周围组织灌注不良,接受某些对心肌有毒性作用药物治疗的患者,病因防治、对症治疗,根据不同医院，收费标准不一致，市三甲医院约（1000 ——4000元）,否,0.001%,70%,1-3个月,https://tag.120ask.com/jibing/ywxxjb/
内科,心血管内科,心脏骤停,心血管内科,脉搏停止、窒息、胸部憋闷疼痛,冠心病患者、老年人、严重外伤、溺水,手术治疗,根据不同医院，收费标准不一致，市三甲医院约（30000-50000元）,否,0.001%,30%,1天,https://tag.120ask.com/jibing/xzzt/
内科,心血管内科,房室交界区性逸搏,心血管内科）,心慌、心律不齐、乏力,中老年人最多见,中医药物治疗、西医药物治疗,根据不同医院，收费标准不一致，市三甲医院约（5000 —— 20000元）,否,60岁以上老年人发病率约为0.01%--0.02%,60%,1-3个月,https://tag.120ask.com/jibing/fsjjqxyb/
内科,心血管内科,房室交界区性期前收缩,心内科,心慌、气短、乏力,中老年患者尤为常见,"中医药物治疗、西医药物治疗
手术治疗",根据不同医院，收费标准不一致，市三甲医院约（10000 —— 30000元）,否,0.004%-0.008%,65%,1-3个月,https://tag.120ask.com/jibing/fsjjqxqqss/
内科,心血管内科,多瓣膜病,心胸外科,心绞痛、晕厥、呼吸异常、心悸,老年人群,手术治疗、药物治疗,根据不同医院，收费标准不一致，市三甲医院约（10000--30000元）,否,0.001%,60%,30天,https://tag.120ask.com/jibing/dbmb/
内科,心血管内科,房性早搏,心内科,头昏乏力、摸脉有间歇、心悸,心脏病患者、中老年人,西医药物治疗,根据不同医院，收费标准不一致，市三甲医院约（5000-10000元）,否,人群患病概率0.74%,,需要终身治疗,https://tag.120ask.com/jibing/fxzb/
内科,心血管内科,心脏介入手术,心胸外科,心慌、气短、呼吸苦难,中老年人心脏病患者多见,"中医药物治疗、西医药物治疗
、手术",根据不同医院，收费标准不一致，市三甲医院约（50000 —— 100000元）,否,0.005%,80%,2-5月,https://tag.120ask.com/jibing/xzjrss/
内科,心血管内科,脑供血不足,神经内科,烦躁不安 、面部一侧出汗另一侧却无汗、 植物神经功能障碍 、头昏,50岁以上中老年人,药物治疗、饮食疗法,根据不同医院，收费标准不一致，市三甲医院约（1000 —— 3000元）,否,1%,60--80%,14--21天,https://tag.120ask.com/jibing/ngxbz/
内科,心血管内科,高胆固醇血症,内科,肥胖、体重增加、高血压、头晕头痛,肥胖的人和糖尿病患者,降血脂，调控饮食、适量运动、避免烟酒及甜食,根据不同医院，收费标准不一致，市三甲医院约（5000 —— 8000元）,否,0.9%,80%,1个月,https://tag.120ask.com/jibing/gdgcxz/
内科,心血管内科,高甘油三酯血症,心血管内科,通常检查发现,中老年人,药物治疗、运动饮食调理,根据不同医院，收费标准不一致，市三甲医院约1000--5000元,否,60岁以上老年人发病率约为45%,75%,1-3年,https://tag.120ask.com/jibing/ggysxz/
内科,心血管内科,变应性血管炎,心血管内科,乏力、关节肌肉疼痛、下肢红斑结节、皮肤紫癜、风团、血管炎、斑疹、发烧、结节、溃疡、脓疱、水肿、关节疼痛、肌痛,所有群体,药物治疗,根据不同医院，收费标准不一致，市三甲医院约（1000-5000元）,否,0.06%,,2-4年,https://tag.120ask.com/jibing/byxxgy/
内科,心血管内科,肺水肿,呼吸内科,阵发性夜间呼吸困难、端坐呼吸、口唇发绀、粉红色泡沫痰、全身持续性水肿、肺门阴影增多、咳嗽、肾源性水肿、皮下组织水肿、紫绀、水中毒、弥漫性鼓音,所有人群,药物治疗,根据不同医院，收费标准不一致，市三甲医院约（6000 —— 20000元）,否,0.05%，多见于重症肺炎、COPD,75%治愈率,3-6周,https://tag.120ask.com/jibing/feishuizhong/
内科,心血管内科,特发性肺纤维化,呼吸内科,干咳、咳痰、咳嗽、呼吸困难、紫绀、呼吸衰竭、鼻翼扇动、消瘦、杵状指（趾）、右心衰竭、乏力、食欲不振,所有群体,药物治疗,根据不同医院，收费标准不一致，市三甲医院约（5000-10000元）,否,0.00025%，60岁以上老年男性多见，多有吸烟史,70%,1-3个月,https://tag.120ask.com/jibing/tfxfxwh/
内科,心血管内科,感染性休克,急诊科,血管内凝血、视网膜水肿、视乳头水肿、皮肤苍白、收缩压下降、脉压小、少尿、血小板减少、白细胞减少、肝功能受损、昏迷、甲皱毛细血管袢数减少,所有群体,药物治疗,根据不同医院，收费标准不一致，市三甲医院约（10000-30000元）,否,0.15%,98%,3-6周,https://tag.120ask.com/jibing/grxxk/
内科,心血管内科,胸主动脉瘤,心血管内科、血管外科,咳嗽、吞咽困难、右心衰竭、水肿、气急、声音嘶哑、疼痛,大多发生于60岁以后,药物、手术治疗,根据不同医院，收费标准不一致，市三甲医院约（50000 —— 80000元）,否,发病率约为0.0001%--0.0003%,,1-2个月,https://tag.120ask.com/jibing/xzdml/
内科,心血管内科,肾血管性高血压,心血管内科、肾内科,高血压、头痛、头晕、视物模糊、弥漫性下腰痛、血尿、蛋白尿、舒张压上升、腹部血管杂音、间歇性跛行、下肢感应痛或放射痛的腰背痛、眼底改变,多见于３０岁以下的女性、大于５０岁的男性,药物治疗、手术治疗（自体肾移植术、经皮腔内血管成形术）,根据不同医院，收费标准不一致，市三甲医院约（50000 —— 80000元）,否,肾炎患者中，本病发生率约为1-2%,20%，多以控制血压为主,3-6个月,https://tag.120ask.com/jibing/sxgxgxy/
内科,心血管内科,先天性动静脉瘘,心血管内科,足部坏疽、血管杂音、震颤、呼吸困难、易疲乏、血尿、高血压、毛发增生、慢性静脉功能不全、下肢淋巴水肿、水肿、皮肤萎缩和色素沉着,所有人群,药物治疗,根据不同医院，收费标准不一致，市三甲医院约（3000 —— 5000元）,否,0.03%,90%,2-4月,https://tag.120ask.com/jibing/xtxdjm/
内科,心血管内科,损伤性休克,急诊科、ICU,烦躁不安、出冷汗、心率增快、脉压缩小、晕厥、休克、脉搏细速、少尿、神志淡漠、皮肤苍白、收缩压下降、头晕,所有人群,药物、手术治疗,根据不同医院，收费标准不一致，市三甲医院约（10000 —— 20000元）,否,0.001%,50%,2-4周,https://tag.120ask.com/jibing/ssxxk/
内科,心血管内科,失血性休克,急诊科,休克、心力衰竭、皮肤苍白、手足厥冷、出冷汗、烦躁不安,无特殊发病群体,药物治疗,根据不同医院，收费标准不一致，市三甲医院约（5000-10000元）,否,0.005%,55%,1-5天,https://tag.120ask.com/jibing/sxxxk/
内科,心血管内科,小儿心肌炎,儿内科,乏力、面色苍白、口鼻周围发绀、烦躁不安、心悸、气短、胸闷、手足多汗、手足发抖、病理性Q波 、心率过缓、胸痛伴胸闷、心悸,儿童人群,药物治疗,根据不同医院，收费标准不一致，市三甲医院约（3000 —— 5000元,否,腹泻患儿发病率可达2%,95%,1-6个月,https://tag.120ask.com/jibing/xexjy/
内科,心血管内科,小儿心律失常,心血管内科,头昏、晕厥、窦房传导阻滞、心动过缓、呕吐、心悸伴乏力、面色苍白、心力衰竭、心率增快、心率过缓、血流动力学障碍、拒食、心动过速,儿童人群,药物治疗,根据不同医院，收费标准不一致，市三甲医院约（3000 —— 5000元）,否,0.02%,85%,2-4月,https://tag.120ask.com/jibing/xexlsc/
内科,心血管内科,小儿心内膜弹力纤维增生症,心血管内科,烦躁不安、面色苍白、咳嗽、新生儿气促、发绀、心音异常、呼吸衰竭、肝肿大、呕吐、心力衰竭、出冷汗、拒食,所有人群,药物治疗,根据不同医院，收费标准不一致，市三甲医院约（3000 —— 5000元,否,0.5%,70%,2-4月,https://tag.120ask.com/jibing/xexnmdlxwzsz/
内科,心血管内科,小儿室性心动过速,心血管内科,心悸、胸闷、乏力、心慌气短、发绀、心绞痛、休克、周身出汗、心跳过速、猝死、呼吸衰竭、心音异常,儿童,药物治疗,根据不同医院，收费标准不一致，市三甲医院约（3000 —— 8000元）,否,特定人群0.05%,85%,2-4月,https://tag.120ask.com/jibing/xesxxdgs/
内科,心血管内科,小儿房室传导阻滞,心血管内科,头晕、乏力、气短、心音异常、心悸、疲劳、眩晕,儿童人群,药物治疗,根据不同医院，收费标准不一致，市三甲医院约（3000 —— 8000元）,否,0.004%,80%,1个月,https://tag.120ask.com/jibing/xefscdzz/
内科,心血管内科,播散性嗜酸粒细胞增多性胶原病,呼吸内科,咳嗽、心力衰竭、便秘、失眠、淋巴结肿大、腹泻、恶心与呕吐、肝脾肿大、嗜酸性粒细胞增多、乏力、食欲不振、弛张热,所有人群,药物治疗,根据不同医院，收费标准不一致，市三甲医院约2000-4000元,否,0.0001%,75%,10-30天,https://tag.120ask.com/jibing/bsxsslxbzdxjyb/
内科,心血管内科,不动纤毛综合征,呼吸内科,反复上呼吸道感染、呼吸困难、肺不张、咳嗽、咯血、咳痰、纤毛清除功能障碍、纤毛结构缺陷、脓痰、鼻孔流脓、耳流脓、耳鼓膜穿孔,所有人群,药物治疗,根据不同医院，收费标准不一致，市三甲医院约（2000 —— 5000元）,否,0.0025%,68%,1个月,https://tag.120ask.com/jibing/bdxmzhz/
内科,心血管内科,鼻旁窦支气管综合征,呼吸内科,头痛、鼻塞、咳嗽、咳痰、啰音、鼻分泌物增多、流鼻涕、局部压痛、喘息、呼吸困难、湿啰音,所有人群,药物治疗,根据不同医院，收费标准不一致，市三甲医院约（1000 —— 5000元）,否,发病率约为0.003%-0.005%,70%,3-6个月,https://tag.120ask.com/jibing/bpzqgzhz/
内科,心血管内科,阿-斯综合征,心血管内科,眼前发黑、头晕、脑缺血、黑蒙、意识丧失、疲乏、嗜睡、心源性晕厥、近事遗忘现象、叹息样呼吸、面色苍白、脉搏细弱甚至不能清楚触及,所有人群,药物治疗,根据不同医院，收费标准不一致，市三甲医院约（3000 —— 8000元）,否,0.05%,80%,1-3月,https://tag.120ask.com/jibing/aszhz/
内科,心血管内科,病毒性出血热,感染科,发烧、低血压、休克、发热伴出血、出血性丘疹,所有人群,药物治疗,根据不同医院，收费标准不一致，市三甲医院约（3000 —— 8000元）,是,0.002%,60%,3--8周,https://tag.120ask.com/jibing/bdxcxr/
内科,心血管内科,埃布斯坦综合征,心胸外科,紫绀、心力衰竭、心音异常、望诊无明显心前区搏动、心前区隆起、心内分流为右向左、心血管造影见双球征、心脏杂音、心律失常、心脏增大,所有人群,手术治疗、药物治疗,根据不同医院，收费标准不一致，市三甲医院约（3000 —— 8000元）,否,0.0005%-0.0008%,55%,8-12周,https://tag.120ask.com/jibing/abstzhz/
内科,心血管内科,穿透性心脏外伤,心血管内科,心脏功能突然失代偿、呼吸异常、心律失常、晕厥、心力衰竭、左腹屈曲、胸痛、头痛、周身冷汗、面唇发绀、呼吸急促、颈部浅静脉怒张、血压下降,所有人群,药物、手术治疗,根据不同医院，收费标准不一致，市三甲医院约（10000 ——50000元）,否,人群患病概率0.013%,,治疗周期30天,https://tag.120ask.com/jibing/ctxxzws/
内科,心血管内科,β受体亢进症,心血管内科,胸闷、心悸、头晕、过劳、紧张、乏力、低热、失眠、四肢麻木、多汗症、气短,过服β受体激动药患者,药物治疗,根据不同医院，收费标准不一致，市三甲医院约（3000 —— 5000元）,否,0.0001%,20%,7-14天,https://tag.120ask.com/jibing/stkjz/
内科,心血管内科,创伤性休克,急诊外科,昏迷、表情淡漠、意识模糊、心率增快、皮肤苍白、冷汗、神志淡漠、呼吸急促,所有人群,药物、输血治疗,根据不同医院，收费标准不一致，市三甲医院约（10000 —— 50000元）,否,人群患病概率0.021%，多见于车祸伤,,治疗周期21天,https://tag.120ask.com/jibing/csxxk/
内科,心血管内科,白大衣高血压,心血管科,诊断室中所测血压始终增高、门诊高血压、而在诊室以外环境时日间血压不高，同时动态血压监测正常,所有人群,药物治疗、心理疗法,根据不同医院，收费标准不一致，市三甲医院约（1000 —— 3000元）,否,人群患病概率0.17%,,心理治疗周期30天,https://tag.120ask.com/jibing/bdygxy/
内科,心血管内科,不稳定型心绞痛,心血管内科,心绞痛、胸痛、恶心与呕吐、心悸、不稳定性心绞痛、心前区隐痛、心律失常、呼吸困难、轻度痛、心慌、呼吸异常、绞痛,中老年人,药物治疗,根据不同医院，收费标准不一致，市三甲医院约（10000 —— 30000元）,否,0.003%,70%,3-6月,https://tag.120ask.com/jibing/bwdxxjt/
内科,心血管内科,猝死型冠心病,心血管内科,胸痛、呼吸困难、乏力、心律失常、心绞痛、手术时伤口不再出血、心力衰竭、心脏骤停、呼吸异常、心脏性猝死、心源性胸痛,所有人群,药物治疗,根据不同医院，收费标准不一致，市三甲医院约（3000 —— 8000元）,否,40岁以上患病概率2%,,治疗周期15天,https://tag.120ask.com/jibing/sxgxb/
内科,心血管内科,白喉性心肌炎,心血管内科,恶心与呕吐、淋巴结肿大、白喉假膜形成、心力衰竭、休克、吸气时有蝉鸣音、三凹征、乏力、面色苍白、发绀、呼吸道阻塞、呼吸困难,所有人群,药物治疗,根据不同医院，收费标准不一致，市三甲医院约（2000 —— 5000元）,否,0.002%,40%,3个月,https://tag.120ask.com/jibing/bhxxjy/
内科,心血管内科,奔豚气,中医科,自觉气从少腹上冲胸咽、腹痛、胸闷气急、心悸、惊恐、烦躁不安,体质不足人群,中医药物治疗,根据不同医院，收费标准不一致，市三甲医院约（2000-3000元）,否,0.001%,90%,2-4月,https://tag.120ask.com/jibing/benqi/
内科,心血管内科,查加斯病,心血管内科、儿科,发烧、肌痛、周身出汗、肝肿大、脾肿大、多汗症、心律失常、心脏增大、心力衰竭、猝死,儿童,药物治疗,根据不同医院，收费标准不一致，市三甲医院约（3000 —— 8000元）,否,12岁以下儿童发病率约为0.004%-0.009%,65%,1-3个月,https://tag.120ask.com/jibing/cjsb/
内科,心血管内科,长Q-T间期综合征,心内科,传导阻滞、猝死、紧张、心律失常、晕厥、房室传导阻滞,所有人群,药物治疗、手术治疗,根据不同医院，收费标准不一致，市三甲医院约（50000 —— 100000元）,否,0.005%,60%,1-3个月,https://tag.120ask.com/jibing/cqtjqzhz/
内科,心血管内科,变异型心绞痛,心血管内科,心绞痛、胸痛、心律失常,中老年人,药物治疗,根据不同医院，收费标准不一致，市三甲医院约（10000 —— 20000元）,否,40岁以上人群中本病的发生率约0.05%,70-80%,1-3个月,https://tag.120ask.com/jibing/byxxjt/
内科,心血管内科,变异型预激综合征,心血管内科,心动过速、头昏、心悸、胸闷,所有人群,药物治疗,根据不同医院，收费标准不一致，市三甲医院约（3000 —— 8000元）,否,无心脏病病史患者中发病率约0.05%,,3-6个月,https://tag.120ask.com/jibing/byxyjzhz/
内科,心血管内科,持续性交接区折返性心动过速,心血管内科,心动过速,所有人群,药物治疗,根据不同医院，收费标准不一致，市三甲医院约（3000 —— 8000元）,否,0.001%,55%,3个月,https://tag.120ask.com/jibing/cxxjjqzfxxdgs/
内科,心血管内科,第Ⅱ、Ⅲ型脊髓血管畸形,脊柱外科,感觉障碍、脊髓病变、无力、血管畸形,所有人群,手术治疗,根据不同医院，收费标准不一致，市三甲医院约（20000 —— 50000元）,否,0.002%,40%,3个月,https://tag.120ask.com/jibing/dxjsxgjx/
内科,心血管内科,第Ⅳ型脊髓血管畸形,脊柱外科,表现为进行性的脊髓病、并伴有疼痛、无力以及感觉和括约肌功能障碍,常见于40岁以下人群,手术治疗,根据不同医院，收费标准不一致，市三甲医院约（3000 —— 8000元）,否,发病率约为0.0001%--0.0003%,,1-3个月,https://tag.120ask.com/jibing/dsixjsxgjx/
内科,心血管内科,多系统器官功能衰竭,重症监护科,血糖升高 、凝血障碍、呼吸困难、肺实变、呼吸不规则、呼吸暂停、少尿、心律失常、昏迷、休克、脏器衰竭、气急,所有人群,药物治疗,根据不同医院，收费标准不一致，市三甲医院约2000-5000元,否,0.01%,65%,1-2个月,https://tag.120ask.com/jibing/dxtqggnsj/
内科,心血管内科,典型预激综合征,心血管内科,心律失常、心动过速、心悸、胸闷、气短、头昏、心力衰竭、休克、猝死、晕厥,心功能不全者,药物治疗,根据不同医院，收费标准不一致，市三甲医院约（5000 —— 8000元）,否,0.005%,,3-6个月。,https://tag.120ask.com/jibing/dxyjzhz/
内科,心血管内科,二尖瓣、主动脉瓣和三尖瓣的合,心血管内科,心悸、气急、咳嗽、心绞痛、水肿、咯血、颈静脉怒张、嗳气、胸痛、腹胀、抬举性搏动、腹水,所有人群,药物治疗、手术治疗,根据不同医院，收费标准不一致，市三甲医院约（5000 —— 20000元）,否,人群患病概率0.6%,,治疗周期14天,https://tag.120ask.com/jibing/ejbzdmbhsjbdhbjh/
内科,心血管内科,淀粉样变心肌病,心血管内科,水肿、心悸、活动后气促、啰音、心律失常、右侧束支传导阻滞、过渡区R波递增不良、胸痛、心脏杂音、房性早搏、体循环淤血、窦房结病变,所有人群,药物治疗,根据不同医院，收费标准不一致，市三甲医院约（2000 —— 5000元）,否,0.0006%--0.0007%,,终身间歇性对症治疗,https://tag.120ask.com/jibing/dfybxjb/
内科,心血管内科,二尖瓣闭锁不全,心血管内科,胸痛、吞咽困难、食欲不振、下肢水肿、颈静脉怒张、肝肿大、腹水、疲劳、乏力、头昏、心律失常、湿啰音,多发生于20-40岁，女性较多见,药物、手术治疗,根据不同医院，收费标准不一致，市三甲医院约（20000—— 50000元）,否,人群患病概率0.006%,,治疗周期14天,https://tag.120ask.com/jibing/ejbbsbq/
内科,心血管内科,非特异性系统性坏死性小血管炎,血液内科,低氧血症、肺泡出血、呼吸衰竭、咯血、贫血、肾功能衰竭、血管炎,所有人群,药物治疗,根据不同医院，收费标准不一致，市三甲医院约（50000 —— 70000元）,否,0.003%,40%,2个月,https://tag.120ask.com/jibing/ftyxxtxhsxxxgy/
内科,心血管内科,窦性心律失常,心血管内科,心律失常、心悸、眩晕、晕厥,所有人群,药物治疗,根据不同医院，收费标准不一致，市三甲医院约（500 —— 2000元）,否,1%,95%,3-5月,https://tag.120ask.com/jibing/xxlsc/
内科,心血管内科,二尖瓣和主动脉瓣的疾患,心血管内科,气急、呼吸困难、心悸、咳嗽、食欲异常、呼吸异常、眩晕、晕厥、咯血、疲劳、心绞痛、多汗症,所有人群,药物治疗,根据不同医院，收费标准不一致，市三甲医院约（3000 —— 8000元）,否,0.001%-0.002%(发病率约为0.001%-0.002%，以中老年患者多见),65%-75%,4-6周,https://tag.120ask.com/jibing/ejbhzdmbdjh/
内科,心血管内科,短P-R综合征,心血管内科,心律失常、心悸、胸闷、气短、头昏、晕厥,所有人群,药物治疗,根据不同医院，收费标准不一致，市三甲医院约（3000 —— 8000元）,否,0.01%,80%,1-2个月,https://tag.120ask.com/jibing/dprzhz/
内科,心血管内科,二尖瓣环钙化,心血管内科,咯血、肺积水、颈静脉怒张、肝肿大、腹水、心房纤颤,所有人群,药物治疗,根据不同医院，收费标准不一致，市三甲医院约3000-5000元,否,0.002%,60%,1-3个月,https://tag.120ask.com/jibing/ejbhgh/
内科,心血管内科,二尖瓣脱垂综合征,心血管内科、心胸外科,胸痛、心悸、呼吸困难、疲劳、焦虑、乏力、易激动、过度换气综合征、一过性脑缺血、气短、偏头痛、晕厥,马凡综合征患者，埃勒斯-当洛斯综合征患者，三尖瓣下移畸形患者，成人多囊肾病患者，脊柱侧凸患者,药物治疗,根据不同医院，收费标准不一致，市三甲医院约2000-5000元,否,0.05%,65%,2-6月,https://tag.120ask.com/jibing/ejbtczhz/
内科,心血管内科,多源性房性心动过速,心血管内科,咳嗽、心慌、气急、心率增快、鼻煽、呻吟、面色苍白、惊跳、心音低钝、晕厥、啰音、舒张晚期奔马律,所有群体,药物治疗,根据不同医院，收费标准不一致，市三甲医院约（5000-10000元）,否,0.01%,30%,7-10天,https://tag.120ask.com/jibing/dyxfxxdgs/
内科,心血管内科,窦房折返性心动过速,心血管内科,心跳过速、心悸、心慌气短、胸闷、逆向型房室折返性心动过速、舒张晚期奔马律、心律失常、QRS波宽大畸形、气息异常、温醒现象、心慌、舒张期奔马律,所有人群,药物治疗,根据不同医院，收费标准不一致，市三甲医院约1000-3000元,否,0.0001%,78%,30天,https://tag.120ask.com/jibing/fzfxxdgs/
内科,心血管内科,恶性高血压,心血管内科,剧烈头痛、恶心呕吐、耳鸣、水肿、心慌、气短、呼吸困难、烦躁、眩晕、心悸、气急、视力模糊,多见于青壮年,药物、运动、饮食治疗,根据不同医院，收费标准不一致，市三甲医院约（5000 —— 10000元）,否,发病率约为0.004%-0.007%，以50岁以上人群多见,60%-70%,2-4个月,https://tag.120ask.com/jibing/exgxy/
内科,心血管内科,法乐四联症,心血管外科,唇、指(趾)甲、耳垂鼻尖、口腔粘膜等毛细血管丰富的部位出现青紫色、气急、呼吸困难,多见于儿童,手术治疗,根据不同医院，收费标准不一致，市三甲医院约（10000 —— 50000元）,否,婴幼儿患病概率0.36%,,手术治疗周期14天,https://tag.120ask.com/jibing/faleslz/
内科,心血管内科,窦室传导,心血管内科,低钾血症、肌性肌无力、瘫痪、心电图异常、心律失常、休克、代谢性酸中毒,所有群体,药物治疗,根据不同医院，收费标准不一致，市三甲医院约（500-1000元）,否,0.004%-0.005%,75%,3-6个月,https://tag.120ask.com/jibing/scd/
内科,心血管内科,恶性萎缩性丘疹病,心血管内科,水肿、丘疹、皮肤萎缩和色素沉着、溃疡、便秘、叶状脱色斑、出血性丘疹、皮肤硬化、紫绀、风丘疹、感觉障碍、便血,所有人群,药物治疗,根据不同医院，收费标准不一致，市三甲医院约（3000 —— 8000元）,否,0.004%,60%,2个月,https://tag.120ask.com/jibing/exwsxqzb/
内科,心血管内科,窦性期前收缩,心血管内科,可无明显的临床症状,所有群体,药物治疗,根据不同医院，收费标准不一致，市三甲医院约（1000-3000元）,否,发病率约为0.01%-0.05%，多以老年人多见,75%-85%,1-2年,https://tag.120ask.com/jibing/xqqss/
内科,心血管内科,二度房室传导阻滞,心血管内科,心悸、头晕、乏力、血压下降、无力、第1心音强弱不等、心音和脉搏有脱漏,所有群体,药物治疗,根据不同医院，收费标准不一致，市三甲医院约（500-1000元）,否,0.02%,65%，以对症治疗为主,终身间歇性对症治疗,https://tag.120ask.com/jibing/edfscdzz/
内科,心血管内科,房室交接区性期前收缩,心血管内科,可完全无症状或主诉心悸、漏搏。,成年人,无需治疗、定期复查,根据不同医院，收费标准不一致，市三甲医院约（100 —— 300元）,否,0.01%,80%,30天,https://tag.120ask.com/jibing/fangsjjqxqqss/
内科,心血管内科,房室交接区逸搏和逸搏心律,心血管内科,心动过速、窦性停搏、气短、心悸、心律失常、房室传导阻滞、晕厥,所有人群,药物治疗,根据不同医院，收费标准不一致，市三甲医院约（5000 —— 20000元）,否,0.01%,50%,1-3个月,https://tag.120ask.com/jibing/fsjjqybhybxl/
内科,心血管内科,肺囊性纤维化,呼吸内科,咳嗽、咯血、心力衰竭、反复感染、肺部感染、胰腺功能不足、小儿发热、胸闷憋气、呼吸困难、发绀、杵状指（趾）、粪便量多,北美洲白人中最常见,体疗、饮食、药物治疗,根据不同医院，收费标准不一致，市三甲医院约（10000 —— 50000元）,否,0.025%,75%,1-2个月,https://tag.120ask.com/jibing/fnxxwh/
内科,心血管内科,非细菌性血栓性心内膜炎,心血管内科,心脏杂音、偏瘫、心肌梗死,所有人群,药物治疗、原发病治疗,根据不同医院，收费标准不一致，市三甲医院约5000-8000元,否,0.005%,95%,2-4月,https://tag.120ask.com/jibing/fxjxxsxxnmy/
内科,心血管内科,房室结折返性心动过速,心血管内科,心动过速、心悸、烦躁不安、紧张、乏力、心绞痛、心排血量减少、窦房结病变、低射血分数、血流动力学障碍、晕厥、QRS波宽大畸形,所有人群,药物治疗,根据不同医院，收费标准不一致，市三甲医院约（5000 —— 20000元）,否,0.01%,80%,2-4周,https://tag.120ask.com/jibing/fsjzfxxdgs/
内科,心血管内科,肺泡蛋白沉着症,呼吸内科,咳嗽、呼吸困难、咯血、气短、咳痰、肺部感染、感染性发热、乏力、低热、捻发音、发绀、杵状指（趾）,男女之比为2～3∶1，可发生于任何年龄，多数在20～50岁之间,药物、手术治疗,根据不同医院，收费标准不一致，市三甲医院约（5000 —— 10000元）,否,0.00001%,80%,10-30天,https://tag.120ask.com/jibing/fpdbczz/
内科,心血管内科,非阵发性窦性心动过速,心血管内科,心悸、心动过速、胸闷、乏力、头晕、四肢无力、心律失常、心力衰竭、晕厥、休克、低血压,所有人群,药物治疗,根据不同医院，收费标准不一致，市三甲医院约（3000 —— 8000元）,否,50岁以上中老年人群多见，发生率约为0.5%--0.6%,75-85%,3-6个月,https://tag.120ask.com/jibing/fzfxxxdgs/
内科,心血管内科,房室折返性心动过速,心血管内科,心动过速、心悸、心前区隐痛、心绞痛、眩晕、血压下降、多尿、胸闷、头晕、晕厥、休克、心律失常,所有人群,药物治疗,根据不同医院，收费标准不一致，市三甲医院约2000-5000元,否,0.0025%,75%,10--21天,https://tag.120ask.com/jibing/fszfxxdgs/
内科,心血管内科,肺泡-毛细血管阻滞综合征,呼吸内科、心血管内科,呼吸困难、发绀、杵状指（趾）、咳嗽、咳痰、发烧、体重减轻、右心衰竭,所有人群,药物治疗,根据不同医院，收费标准不一致，市三甲医院约3000-6000元,否,0.0025%,75%,3个月,https://tag.120ask.com/jibing/fpmxxgzzzhz/
内科,心血管内科,非阵发性交接区性心动过速,心血管内科,心动过速、心悸、咳嗽、心慌、心慌气短、舒张期奔马律、心律失常、心跳过速、频发房性早搏、逆向型房室折返性心动过速、舒张晚期奔马律、异位性心动过速,所有人群,药物治疗,根据不同医院，收费标准不一致，市三甲医院约（3000 —— 8000元）,否,发病率约为0.003%--0.007%，多见于高血压患者,50-70%,1-3个月,https://tag.120ask.com/jibing/fzfxjjqxxdgs/
内科,心血管内科,房性期前收缩,心血管内科,心悸、心搏漏跳、心率不齐、胸闷、房性早搏、头昏、乏力、焦虑、胸痛,所有群体,药物治疗,根据不同医院，收费标准不一致，市三甲医院约（1000-3000元）,否,50岁以上老年人发病率约为0.01%-0.05%,85%,4-6周,https://tag.120ask.com/jibing/fxqqss/
内科,心血管内科,肺泡通气低下综合征,呼吸内科,神志淡漠、头痛、疲劳、嗜睡、气息异常、代谢性酸中毒、意识朦胧状态 、恶心与呕吐、黏膜损害、肺泡炎症、高通气、呼吸异常,所有人群,药物治疗,根据不同医院，收费标准不一致，市三甲医院约1000-3000元,否,0.05%,85%,1-3月,https://tag.120ask.com/jibing/fptqdxzhz/
内科,心血管内科,肥厚型梗阻性心肌病,心血管内科,晕厥、心力衰竭、休克、心悸、昏迷、劳动后气急、头晕、心绞痛、端坐呼吸、抬举性搏动、收缩期杂音 、收缩期震颤,最多见的发病年龄为20岁前后。,手术治疗,根据不同医院，收费标准不一致，市三甲医院约（5000-10000元）,否,"0.004%,50岁以上的老年人多见",40%,1-2个月,https://tag.120ask.com/jibing/fhxgzxxjb/
内科,心血管内科,房性心动过速伴房室传导阻滞,心血管内科,心力衰竭、心率不齐、恶心与呕吐、黄视、房室传导阻滞、心动过速、心跳过速、心慌,所有人群,药物治疗,根据不同医院，收费标准不一致，市三甲医院约（3000 —— 8000元）,否,50岁以上老年人发病率约为0.04%-0.09%,70%,8周,https://tag.120ask.com/jibing/fxxdgsbfscdzz/
内科,心血管内科,肺泡微结石症,呼吸内科,咳嗽、咳痰、胸闷、气急、气短、干咳、呼吸困难、发绀、呼吸音低、发烧、啰音、呼吸衰竭,多数发生于20～30岁,保护措施、肺移植治疗,根据不同医院，收费标准不一致，市三甲医院约（10000 —— 50000元）,否,本病少见，发病率约为0.007%-0.008%,,1-3个月,https://tag.120ask.com/jibing/fpwjsz/
内科,心血管内科,房性逸搏和房性逸搏心律,心血管内科,房室传导阻滞,所有人群,药物治疗,根据不同医院，收费标准不一致，市三甲医院约（3000 —— 8000元）,否,0.002%,60%,3个月,https://tag.120ask.com/jibing/fxybhfxybxl/
内科,心血管内科,肥胖性心肌病,心血管内科,端坐呼吸、呼吸困难、猝死、腹胀、肥胖、嗜睡、精神萎靡、自我定向障碍、下肢水肿、劳力性呼吸困难,肥胖、缺乏运动者,饮食、运动、药物治疗,根据不同医院，收费标准不一致，市三甲医院约（5000 —— 10000元）,否,肥胖患者中本病发病率约为0.04%-0.06%,60%，多以控制心衰症状治疗为主,终身间歇性治疗,https://tag.120ask.com/jibing/fpxxjb/
内科,心血管内科,放射性心包炎,心血管内科,心前区隐痛、厌食、周身不适、发烧、收缩期和舒张期杂音、心脏压塞征象、心包膜发炎、心前区隆起、食欲异常,所有人群,药物治疗,根据不同医院，收费标准不一致，市三甲医院约（3000 —— 8000元）,否,0.0025%,60%,1-3个月,https://tag.120ask.com/jibing/fsxxby/
内科,心血管内科,肺栓塞和肺梗死,心胸外科,呼吸困难、剧烈胸痛、咯血、晕厥,老年人、血管静脉炎患者、手术后、创伤患者、心脏疾病患者,药物治疗、手术治疗,根据不同医院，收费标准不一致，市三甲医院约10000--30000,否,0.0001%,20%,2-4周,https://tag.120ask.com/jibing/fsshfgs/
内科,心血管内科,肺动静脉瘤,心血管内科、血管外科,咳嗽、肺动静脉瘘、咯血、呼吸异常、胸腔积液、胸痛、血尿、紫绀、静脉回流障碍、肺血增多、肺外症状,所有人群,药物、手术治疗,根据不同医院，收费标准不一致，市三甲医院约（20000 —— 50000元）,否,0.035%,60%,2-4周,https://tag.120ask.com/jibing/fdjml/
内科,心血管内科,放射性心脏损害,心血管内科,发烧、胸痛、胸闷、呼吸困难、顽固性心功能不全、心包积液、房性早搏、电生理异常、奇脉、望诊无明显心前区搏动、胸腔积液、呼吸异常,长期从事放射治疗和放射投照的工作人员,药物治疗,根据不同医院，收费标准不一致，市三甲医院约（10000 —— 50000元）,否,0.006%,,治疗周期60天,https://tag.120ask.com/jibing/fsxxzsh/
内科,心血管内科,非ST段抬高心肌梗死,心血管内科,胸痛、心绞痛、心肌梗死,原有心血管疾病病患者,药物、手术治疗,根据不同医院，收费标准不一致，市三甲医院约（10000 —— 50000元）,否,人群患病概率0.002%,,治疗周期15天,https://tag.120ask.com/jibing/fstdtgxjgs/
内科,心血管内科,肺血管炎,呼吸内科,发烧、疲劳、关节疼痛、呼吸困难、咯血、胸痛、肌痛、眩晕、痴呆、无脉症、腹痛、左心衰竭,所有群体,药物治疗,根据不同医院，收费标准不一致，市三甲医院约（1000-3000元）,否,0.003%,70%,2个月,https://tag.120ask.com/jibing/fxgy/
内科,心血管内科,风湿性二尖瓣关闭不全,心血管内科,咯血、心悸、乏力、肝肿大、腹水,所有人群,药物、手术治疗,根据不同医院，收费标准不一致，市三甲医院约（50000 —— 100000元）,否,0.005%,75%,2-3月,https://tag.120ask.com/jibing/fsxejbgbbq/
内科,心血管内科,高原适应不全症,急诊科,头痛、头晕、气短、胸闷、口唇发绀、便血、紫绀、眩晕、咳嗽、心悸、收缩压下降、昏迷,所有人群,药物治疗,根据不同医院，收费标准不一致，市三甲医院约（2000 ——5000元）,否,10%，多见于平原生活的居民,95%,2-4周,https://tag.120ask.com/jibing/gysybqz/
内科,心血管内科,高动力性循环,心血管内科,心悸、乏力、胸闷、心悸、头晕、心前区疼痛、低热、多汗、失眠、四肢发麻、自觉气短、咽部阻塞感、恶心、呕吐,20～40岁之间，女性多于男性,药物治疗,根据不同医院，收费标准不一致，市三甲医院约（5000 —— 10000元）,否,发病率约为0.003%-0.005%，多见于高血压病患者,75%,6-8周,https://tag.120ask.com/jibing/gdlxxh/
内科,心血管内科,风湿性二尖瓣狭窄,心血管内科,休克、心悸、心音微弱、情绪性哮喘、乏力、易倦感、头昏,二尖瓣狭窄病例就医时年龄大多在30岁左右,手术治疗,根据不同医院，收费标准不一致，市三甲医院约（10000-30000元）,否,0.012%,52%,30天,https://tag.120ask.com/jibing/fsxejbxz/
内科,心血管内科,高度房室传导阻滞,心血管内科,心悸、胸闷、头晕、乏力、房室传导阻滞、休克、气短、心力衰竭、神志模糊、反应迟钝、心脏病引发的晕厥、室颤,所有人群,药物治疗,根据不同医院，收费标准不一致，市三甲医院约（3000 —— 8000元）,否,人群患病概率0.14%,,需要终身治疗,https://tag.120ask.com/jibing/gdfscdzz/
内科,心血管内科,蜂窝肺综合征,呼吸内科,呼吸困难、气短、咳嗽、咳痰、呼吸衰竭、心力衰竭,所有人群,药物治疗,根据不同医院，收费标准不一致，市三甲医院约（3000 —— 8000元）,否,0.0001%,65%,2--8周,https://tag.120ask.com/jibing/fwfzhz/
内科,心血管内科,高脂蛋白血症,心血管内科,脂质沉积症、细小黄色瘤状皮疹、高血脂性血管损害、动脉粥样硬化、血脂异常,肥胖、缺乏运动者,药物、饮食、运动治疗,根据不同医院，收费标准不一致，市三甲医院约（2000 —— 5000元）,否,1.2%，多见于50岁以上老年人,60%,10-30天,https://tag.120ask.com/jibing/gzdbxz/
内科,心血管内科,妇产科静脉血栓病,产科,呼吸困难、发绀、低血压、右心衰竭、肢端湿冷、胸闷、胸痛、惊恐、咳嗽、咯血、泡沫或粉红色痰、晕厥,妊娠妇女,药物、手术治疗,根据不同医院，收费标准不一致，市三甲医院约（10000 —— 50000元）,否,妊娠女性发病率约为0.05%,30%,7-10天,https://tag.120ask.com/jibing/fckjmxsb/
内科,心血管内科,戈登综合征,心血管内科,高钾血症、高血压、代谢性酸中毒,所有人群,药物治疗,根据不同医院，收费标准不一致，市三甲医院约（3000 —— 8000元）,否,发病率约为0.005%--0.007%,,大部分需要终身用药控制症状,https://tag.120ask.com/jibing/gdzhz/
内科,心血管内科,高血压脑出血,神经外科,突然的头痛、眩晕、呕吐、肢体偏瘫、失语、意识障碍,多见于50—60岁的病人,药物、手术治疗,根据不同医院，收费标准不一致，市三甲医院约（50000 —— 80000元）,否,中老年人患病概率0.048%,,手术治疗周期14天,https://tag.120ask.com/jibing/gxyncx/
内科,心血管内科,腹主动脉腔静脉瘘,心血管外科,胸痛、心动过速、肺淤血、少尿、无尿、肝大而硬、心力衰竭,所有人群,药物、手术治疗,根据不同医院，收费标准不一致，市三甲医院约（10000 —— 50000元）,否,0.003%,65%,1-3个月,https://tag.120ask.com/jibing/fzdmqjm/
内科,心血管内科,弓形体病,呼吸内科,心律失常、头痛、昏迷、恶心与呕吐、高热、关节疼痛、斑疹、抽搐、肝脾肿大、蛋白尿、贫血、心绞痛,所有人群,药物治疗,根据不同医院，收费标准不一致，市三甲医院约1000-3000元,否,0.03%,80%,2-4月,https://tag.120ask.com/jibing/gxtb/
内科,心血管内科,腹主动脉缩窄,血管外科,高血压、头痛、复视、下肢无力、主动脉瓣上膈膜型狭窄、狭窄杂音、长段升主动脉发育不全、心力衰竭、非血性腹水、主动脉窦破裂、下肢血压偏低,所有人群,手术治疗,根据不同医院，收费标准不一致，市三甲医院约2000-3000元,否,发病率约0.04%--0.12%,,3-6个月,https://tag.120ask.com/jibing/fzdmsz/
内科,心血管内科,高血压性心肌病,心血管内科,高血压、呼吸困难、心悸、心律失常,有基础病者,药物治疗,根据不同医院，收费标准不一致，市三甲医院约（5000 —— 10000元）,否,高血压人群中本病的发生率约为0.01%-0.08%,,4-12个周,https://tag.120ask.com/jibing/gxyxxjb/
内科,心血管内科,冠状动脉瘤,血管外科,心绞痛、心力衰竭、心肌梗死,多发生在50岁以上,药物、手术治疗,根据不同医院，收费标准不一致，市三甲医院约（10000 ——50000元）,否,0.0055%,45%,10-30天,https://tag.120ask.com/jibing/gzdml/
内科,心血管内科,感染性心内膜炎肾损害,心血管内科、肾内科,血尿、蛋白尿、发烧、周身不适、脉搏加速、心率过缓、心力衰竭、慢性肾衰竭、腰背痛、高热寒战、感染性赘生物、心悸,所有人群,药物治疗,根据不同医院，收费标准不一致，市三甲医院约20000-40000元,否,感染性系内膜炎中本病的发病率约为0.02%-0.08%,70%,3-6个月,https://tag.120ask.com/jibing/grxxnmyssh/
内科,心血管内科,冠状动脉异常起源于肺动脉,心胸外科,面色苍白、 冷汗、 呼吸异常,新生儿,手术治疗,根据不同医院，收费标准不一致，市三甲医院约（10000 —— 30000元）,否,新生儿发病率约为0.002%-0.003%，,,4-6周,https://tag.120ask.com/jibing/gzdmycqyyfdm/
内科,心血管内科,高原脑水肿,神经内科,头痛、恶心呕吐、嗜睡、昏迷、晕厥、全身持续性水肿、脑水肿、呼吸异常、中度昏迷、紫绀,本病多半发生在特高海拔地区，一般老年人低于青年人、女性低于男性,药物治疗,根据不同医院，收费标准不一致，市三甲医院约（5000 —— 10000元）,否,0.0035%,70%,7--21天,https://tag.120ask.com/jibing/gynsz/
内科,心血管内科,冠状动脉异常起源主动脉,心血管内科,心绞痛、昏迷、晕厥、猝死、主动脉瓣上膈膜型狭窄、长段升主动脉发育不全、冠状动脉窃血现象、胸痛、冠状动脉供血不足、主动脉窦破裂,所有人群,药物治疗,根据不同医院，收费标准不一致，市三甲医院约（3000 —— 8000元）,否,0.001%,40%,3-6个月,https://tag.120ask.com/jibing/gzdmycqyzdm/
内科,心血管内科,冠状动脉终止异常,心血管内科,胸痛、头痛、发烧、心音异常、心脏杂音、心悸、晕厥、眩晕、呼吸异常、心律失常、心包积液、休克,所有人群,药物治疗,根据不同医院，收费标准不一致，市三甲医院约2000-5000元,否,0.0001%,71%,7-14天,https://tag.120ask.com/jibing/gzdmzzyc/
内科,心血管内科,混合型慢性高原病,呼吸内科、心血管内科,头痛、头晕、食欲下降、运动耐力降低、睡眠节律紊乱、疲劳、紫绀、失眠、记忆力下降,所有人群,药物治疗、一般支持疗法,根据不同医院，收费标准不一致，市三甲医院约3000-6000元,否,0.002%,50%,3个月,https://tag.120ask.com/jibing/hhxmxgyb/
内科,心血管内科,冠状动脉粥样硬化性心脏病,心血管内科,心前区隐痛、心绞痛、休克、晕厥、猝死、心跳不规律、口唇青紫、一过性脑缺血 、呼吸短促、头晕、恶心、多汗、 皮肤湿冷灰白、重病病容,45岁以上的男性、55岁以上或绝经后的女性,运动、饮食、药物、手术治疗,根据不同医院，收费标准不一致，市三甲医院约（10000 —— 50000元）,否,0.032%,70%,2-4月,https://tag.120ask.com/jibing/gzdmzyyhxxzb/
内科,心血管内科,获得性免疫缺陷综合征的心血管,心血管内科,胸痛、呼吸困难、心动过速、心包积液、心脏压塞征象、心力衰竭、心悸、咳嗽、奔马律心音、心脏骤停、心脏杂音、心脏性猝死,所有人群,药物治疗,根据不同医院，收费标准不一致，市三甲医院约50000-500000元,是,0.0001%,55%,终身间歇性对症治疗,https://tag.120ask.com/jibing/hdxmyqxzhzdxxgsh/
内科,心血管内科,过敏性肺炎,呼吸内科,气短、咳嗽、呼吸困难、头痛、乏力、发烧、冷汗、恶心、干咳、胸闷、发绀、食欲减退,所有人群,药物治疗、脱离致敏原,根据不同医院，收费标准不一致，市三甲医院约（2000 —— 5000元）,否,0.02%,70%,7-14天,https://tag.120ask.com/jibing/gmxfy/
内科,心血管内科,急性动脉栓塞,心血管内科,皮温降低、疼痛、压痛、皮肤苍白、感觉障碍、水泡、精神萎靡、高热寒战、运动障碍,血脂代谢异常者,药物、手术治疗,根据不同医院，收费标准不一致，市三甲医院约（10000 —— 50000元）,否,0.005%,60%,2-4月,https://tag.120ask.com/jibing/jxdmss/
内科,心血管内科,急性心功能不全,心血管内科,晕厥、呼吸暂停、紫绀、心绞痛、休克、昏迷、心悸、心力衰竭、心排血量减少、脑缺血、意识丧失、端坐呼吸,所有人群,药物治疗,根据不同医院，收费标准不一致，市三甲医院约（5000 —— 10000元）,否,0.05%，多见于50岁以上的高血压病老年人,50%,1-2个月,https://tag.120ask.com/jibing/jxxgnbq/
内科,心血管内科,过敏性血管炎,心血管内科、变态反应科,斑疹、结节、便血、血管炎、腹痛、咯血、心力衰竭、水肿、血尿、溃疡、疲劳、发烧、乏力,发病年龄>16岁,药物治疗,根据不同医院，收费标准不一致，市三甲医院约（5000 —— 10000元）,否,青年人群中发病率约0.052%,75%,6-12个月,https://tag.120ask.com/jibing/gmxxgy/
内科,心血管内科,急性肺源性心脏病,心血管内科,呼吸困难、胸闷心悸、窒息感、咳嗽、或咳暗红色鲜血痰、焦虑、冷汗、恶心呕吐、昏厥、血压下降,慢支、肺动脉高压患者,药物治疗、支持疗法,根据不同医院，收费标准不一致，市三甲医院约（5000 —— 8000元）,否,人群患病概率0.14%,,需要终身治疗,https://tag.120ask.com/jibing/jxfyxxzb/
内科,心血管内科,急性心肌梗死,心血管内科,心绞痛、上腹部疼痛、胸闷憋气、上肢麻木、胸闷、头晕、烦躁不安、恶心与呕吐、出汗异常、心动过速、恐惧、发烧,所有人群,药物治疗,根据不同医院，收费标准不一致，市三甲医院约（3000 —— 8000元）,否,0.002%,60%,2-4周,https://tag.120ask.com/jibing/jxxjgs/
内科,心血管内科,Hughes-Stovin综合征,呼吸内科,视力障碍、发烧、头痛、咯血、呕吐、颅内压增高,所有人群,药物治疗,根据不同医院，收费标准不一致，市三甲医院约（3000 —— 8000元）,否,发病率约为0.0005%-0.001%,65%,3-6g个月,https://tag.120ask.com/jibing/hughesstovinzhz/
内科,心血管内科,急性感染性心内膜炎,心血管内科,高热寒战、多汗症、皮肤瘀点、白细胞增多、贫血、迁移性脓肿、右心衰竭、心肌脓肿、感染性发热、咳嗽、咳痰、咯血,所有人群,药物治疗,根据不同医院，收费标准不一致，市三甲医院约（3000 —— 8000元）,否,发病率约为0.003%—0.006%,70%,3-6个月,https://tag.120ask.com/jibing/jxgrxxnmy/
内科,心血管内科,急性心力衰竭,心血管内科,呼吸困难、端坐呼吸、烦躁不安、吐泡沫痰、舒张期奔马律、心力衰竭、休克、呼吸异常、心律失常、心音异常、胸痛、右心衰竭,所有人群,药物治疗,根据不同医院，收费标准不一致，市三甲医院约（3000 —— 8000元）,否,0.05%，多见于高血压心脏病患者,60%,2-4周,https://tag.120ask.com/jibing/jxxlsj/
内科,心血管内科,急性海绵窦栓塞性静脉炎,心血管内科、血管外科,高热、头痛、恶心与呕吐、昏迷、眼球不能随意动、咽痛、上腔静脉回流受阻,所有群体,药物治疗,根据不同医院，收费标准不一致，市三甲医院约（5000-10000元）,否,0.001%,70%,2-4月,https://tag.120ask.com/jibing/jxhmssxjmy/
内科,心血管内科,急性右侧心力衰竭,心血管内科,低血压、心动过速、休克、四肢湿冷、冷汗、颈静脉怒张、肝淤血、右上腹痛、发绀、肝-颈静脉回流征阳性、心力贮备减少、腹痛,所有人群,药物治疗,根据不同医院，收费标准不一致，市三甲医院约1000-3000元,否,50岁以上人群中本病的获得率约为0.001%-0.002%，多见于原有高血压的患者,75%-85%,1-2个月,https://tag.120ask.com/jibing/jxycxlsj/
内科,心血管内科,后天性动静脉瘘,血管外科,伤口形成一个搏动性肿块、动作样壁、静脉曲张、头痛、头昏、记忆力障碍、视力障碍、胸闷、气急、心悸,所有人群,药物、手术治疗,根据不同医院，收费标准不一致，市三甲医院约（10000 —— 50000元）,否,人群患病概率0.086%,,手术治疗周期14天,https://tag.120ask.com/jibing/htxdjm/
内科,心血管内科,急性左侧心力衰竭,心血管内科,心力衰竭、端坐呼吸、晕厥、休克、阵发性夜间呼吸困难、皮肤苍白、发绀、哮鸣音、四肢抽搐、交替脉、呼吸异常,所有人群,药物治疗,根据不同医院，收费标准不一致，市三甲医院约1000-3000元,否,0.005%,80%,2-4月,https://tag.120ask.com/jibing/jxzcxlsj/
内科,心血管内科,后天性三尖瓣关闭不全,心血管内科、心胸外科,收缩期杂音 、肝肿大、颈静脉怒张、疲乏、腹胀、下肢水肿、右心衰竭、心室肥大,所有群体,手术治疗,根据不同医院，收费标准不一致，市三甲医院约（10000-30000元）,否,0.002%-0.005%,75%,3-6个月,https://tag.120ask.com/jibing/htxsjbgbbq/
内科,心血管内科,急性呼吸衰竭,急诊科、呼吸内科,呼吸困难、发绀、烦躁不安、头晕、昏迷、黄疸、上消化道出血、血尿、水肿、心律失常,所有人群,药物治疗,根据不同医院，收费标准不一致，市三甲医院约（10000 —— 50000元）,否,0.025%，多见于有呼吸道疾病患者,80%,1-2个月,https://tag.120ask.com/jibing/jxhxsj/
内科,心血管内科,继发性系统性淀粉样变,皮肤科,肝肿大、脾肿大、蛋白尿、血管炎、结节、淀粉样蛋白沉积、斑疹、荨麻疹样皮疹,所有群体,病因治疗,根据不同医院，收费标准不一致，市三甲医院约（1000-5000元）,否,0.0012%,30%,10-30天,https://tag.120ask.com/jibing/jfxxtxdfyb/
内科,心血管内科,急性间质性肺炎,呼吸内科,干咳、脓痰、胸闷、乏力、咳嗽、咳痰、呼吸衰竭、烦躁不安、呼吸困难、发绀、杵状指（趾）、爆裂音,所有人群,药物治疗,根据不同医院，收费标准不一致，市三甲医院约（3000 —— 8000元）,否,比较常见，在呼吸道疾病中发病率约5%--10%,70%,1-2个月,https://tag.120ask.com/jibing/jxjzxfy/
内科,心血管内科,加速性房性逸搏心律,心血管内科,心动过速、胸闷、心慌、心悸、Q-T间期延长、饭后心跳加快、房性逸搏心律加速、心跳很乱、心律失常,所有群体,病因治疗,根据不同医院，收费标准不一致，市三甲医院约（500-1000元）,否,0.001%,30--50%,2--4周,https://tag.120ask.com/jibing/jsxfxybxl/
内科,心血管内科,滑石粉尘肺,呼吸内科,气短、咳嗽、咳痰、啰音、呼吸异常、肺间质纤维化、胸片示肺内孤立结节,所有人群,药物治疗,根据不同医院，收费标准不一致，市三甲医院约（1000 —— 5000元）,否,滑石矿工业工人发病率约为0.01%-0.05%,75%,3-6个月,https://tag.120ask.com/jibing/hsfcf/
内科,心血管内科,急性特发性心包炎,心血管内科,发烧、心前区隐痛、胸骨后疼痛、咳嗽、稽留热、弛张热、呼吸困难、无力、食欲不振、心包膜发炎、心脏僵硬、心前区隆起,所有人群,药物治疗,根据不同医院，收费标准不一致，市三甲医院约（3000 —— 8000元）,否,0.01%,70%,4周,https://tag.120ask.com/jibing/jxtfxxby/
内科,心血管内科,加速性室性自主心律,心血管内科,心动过速、奔马律心音,所有群体,药物治疗,根据不同医院，收费标准不一致，市三甲医院约（1000-5000元）,否,0.01%-0.02%,75%,1-3年,https://tag.120ask.com/jibing/jsxsxzzxl/
内科,心血管内科,家族性混合型高脂血症,心血管内科,肥胖、高血压、血脂异常,所有人群,药物治疗,根据不同医院，收费标准不一致，市三甲医院约（3000 —— 8000元）,否,0.08%,60%,1个月,https://tag.120ask.com/jibing/jzxhhxgzxz/
内科,心血管内科,家族性高胆固醇血症,心血管内科,血浆胆固醇水平高、动脉粥样硬化、血管杂音、心绞痛,所有人群,药物治疗,根据不同医院，收费标准不一致，市三甲医院约2000-4000元,否,有遗传倾向，家庭成员患有本病者，发病率约为0.5%-0.7%,,6-8周,https://tag.120ask.com/jibing/jzxgdgcxz/
内科,心血管内科,间歇依赖型尖端扭转型室性心动,心血管内科,心跳过速、心悸、胸闷、头晕、晕厥、抽搐、心慌气短、猝死,所有群体,药物治疗,根据不同医院，收费标准不一致，市三甲医院约（1000-5000元）,否,发病率约为0.003%-0.005%,60%,1-2个月,https://tag.120ask.com/jibing/jxylxjdnzxsxxdgs/
内科,心血管内科,家族性异常β脂蛋白血症,血液内科,脂质沉积症、细小黄色瘤状皮疹,所有人群,药物治疗,根据不同医院，收费标准不一致，市三甲医院约2000-5000元,否,具有遗传倾向，发病率约为0.004%-0.006%,,终身间歇性治疗,https://tag.120ask.com/jibing/jzxyczdbxz/
内科,心血管内科,厥脱,中医科,面色苍白、四肢厥冷、大汗淋漓、表情淡漠或烦躁不安、脉细弱、血压急剧下降,急性出血、失水患者,药物治疗、支持疗法,根据不同医院，收费标准不一致，市三甲医院约（5000 —— 10000元）,否,50岁以上老年人发病率约为0.05%-0.06%，夏季多见,80%,2-4周,https://tag.120ask.com/jibing/tuo/
内科,心血管内科,矫正型大动脉错位,血管外科,气急、活动量降低、体重不增、紫绀、缺氧,先天遗传,手术治疗,根据不同医院，收费标准不一致，市三甲医院约（10000-15000元）,否,0.00001%,75%,10-30天,https://tag.120ask.com/jibing/jzxddmcw/
内科,心血管内科,家族性载脂蛋白B100缺陷症,心血管内科,高血压、动脉粥样硬化,所有群体,病因治疗、对症治疗,根据不同医院，收费标准不一致，市三甲医院约（500-1000元）,否,0.00041%,53%,30天,https://tag.120ask.com/jibing/jzxzzdbb100qxz/
内科,心血管内科,Kartagener综合征,呼吸内科、心血管内科,咳嗽、脓痰、咯血、发烧、发绀、呼吸困难、咳痰、痰中带血丝、湿啰音,所有人群,药物治疗,根据不同医院，收费标准不一致，市三甲医院约2000-5000元,否,0.001%,40%,3个月,https://tag.120ask.com/jibing/kartagenerzhz/
内科,心血管内科,脚气病性心脏病,心血管内科,眼球震颤、健忘、疲劳、气急、心悸、湿性脚气、水肿、趾垂症、昏迷、干性脚气、维生素B1缺乏、心力衰竭,所有人群,药物治疗,根据不同医院，收费标准不一致，市三甲医院约2000-5000元,否,0.0004%,60%,1-3个月,https://tag.120ask.com/jibing/jqbxxzb/
内科,心血管内科,甲亢性心脏病,内分泌科,心脏扩大、右心功能不全、急性房颤、心绞痛、心肌梗死、心律失常、心脏增大、甲亢面容、心动过速、心室扑动、甲状腺机能亢进、右心衰竭,有基础病者,药物治疗、放射性碘治疗、外科手术,根据不同医院，收费标准不一致，市三甲医院约（10000 —— 30000元）,否,0.012%,70%,1-2个月,https://tag.120ask.com/jibing/jkxxzb/
内科,心血管内科,抗胰蛋白酶缺乏症,呼吸内科,呼吸困难、咳嗽、消瘦、感染性发热、呼吸音低、咳痰、啰音、气胸、呼吸异常,所有人群,药物治疗,根据不同医院，收费标准不一致，市三甲医院约（1000 —— 5000元）,否,0.001%--0.003%,30--50%,3周--6个月,https://tag.120ask.com/jibing/kydbmqfz/
内科,心血管内科,结核性心包炎,心血管内科、感染科,咳嗽、胸痛、下肢水肿、心悸、呼吸困难、食欲减退、消瘦、乏力、盗汗 、肝脏肿大,所有群体,药物治疗,根据不同医院，收费标准不一致，市三甲医院约（1000-3000元）,是,结核病患者中，本病发病率约1-2%,60-70%,2年,https://tag.120ask.com/jibing/jhxxby/
内科,心血管内科,甲状旁腺功能减退性心肌病,心血管内科、内分泌科,肢体或躯干麻木、面部肌肉痉挛、四肢抽搐、手足抽掣、焦虑、烦躁不安、幻觉、皮肤粗糙、色素异常、毛发脱落、水肿、甲状旁腺机能减退,所有人群,药物治疗,根据不同医院，收费标准不一致，市三甲医院约1000-4000元,否,0.002%,40%,3个月,https://tag.120ask.com/jibing/jzpxgnjtxxjb/
内科,心血管内科,柯萨奇病毒感染,呼吸内科,发热、吞咽困难、咽痛、丘疹、斑丘疹、疱疹、恶心与呕吐、流鼻涕、咳嗽、周身不适,儿童人群,药物治疗,根据不同医院，收费标准不一致，市三甲医院约（2000 ——5000元）,是,0.025%,85%,1-3周,https://tag.120ask.com/jibing/ksqbdgr/
内科,心血管内科,结节病性心肌病,心血管内科,心绞痛、胸痛、心律失常、心力衰竭、干咳、葡萄膜炎、右心衰竭、心动过速、心脏增大、视力障碍、淋巴结肿大、猝死,所有人群,药物治疗,根据不同医院，收费标准不一致，市三甲医院约2000-5000元,否,0.0012%,30%,1-3个月,https://tag.120ask.com/jibing/jjbxxjb/
内科,心血管内科,甲状旁腺功能亢进性心肌病,心血管内科、内分泌科,骨质疏松、甲亢危象、关节疼痛、高血压、电生理异常、病理性Q波 、心力衰竭、高钙血症、心源性晕厥、围产期心肌病变、甲状旁腺功能亢进、呕吐,所有人群,药物治疗,根据不同医院，收费标准不一致，市三甲医院约（3000 —— 8000元）,否,发病率约为0.002%--0.007%,,1-2年,https://tag.120ask.com/jibing/jzpxgnkjxxjb/
内科,心血管内科,咳嗽晕厥综合征,呼吸内科、心血管内科,剧烈咳嗽后晕厥、意识丧失、面色苍白、四肢抽搐、发绀、眩晕、全身肌张力低下、面色发绀,多见于患慢性呼吸道疾病的男性患者,药物治疗（治疗原发病为主）,根据不同医院，收费标准不一致，市三甲医院约（1000 —— 5000元）,否,60岁以上老年人发病率约为0.0002%-0.0008%,75%,3-6个月,https://tag.120ask.com/jibing/ksyzhz/
内科,心血管内科,颈动脉创伤性栓塞,心血管内科,血肿形成、一过性脑缺血、颈部有擦伤痕迹或肿胀、四肢瘫痪、偏瘫、微血栓形成、眩晕、晕厥、昏迷、意识朦胧状态,所有人群,药物治疗,根据不同医院，收费标准不一致，市三甲医院约（3000 —— 8000元）,否,0.001%,40%,1-3个月,https://tag.120ask.com/jibing/jdmcsxss/
内科,心血管内科,甲状腺功能减退性心肌病,心血管内科、内分泌科,心悸、气短、心动过缓、血压偏低、低血压、心绞痛、心率过缓、心力衰竭,儿童或成人,药物治疗,根据不同医院，收费标准不一致，市三甲医院约（3000 —— 8000元）,否,甲减发病率约0.02%--0.07%。合并心脏病者占甲减患者的15%,90%,1-1.5年,https://tag.120ask.com/jibing/jzxgnjtxxjb/
内科,心血管内科,颈动脉窦综合征,心血管内科,晕厥、心脏停搏、头昏、乏力、耳鸣、脑缺血、血压下降,所有群体,药物治疗,根据不同医院，收费标准不一致，市三甲医院约（1000-5000元）,否,0.004%-0.007%,,3-6个月,https://tag.120ask.com/jibing/jdmzhz/
内科,心血管内科,甲状腺功能亢进性心肌病,心血管内科、内分泌科,心悸、呼吸困难、心前区隐痛、多汗症、巩膜充血、复视、心率增快,多在40岁以上，男女比例1∶2,药物、手术治疗,根据不同医院，收费标准不一致，市三甲医院约（20000 —— 50000元）,否,发病率约为0.004%-0.005%,,3-6个月,https://tag.120ask.com/jibing/jzxgnkjxxjb/
内科,心血管内科,假性高血压,心血管内科,高血压,多见于老年、尿毒症、糖尿病、严重动脉硬化的患者,饮食、药物治疗,根据不同医院，收费标准不一致，市三甲医院约（1000 ——3000元）,否,0.002%-0.003%,90%,2-4周,https://tag.120ask.com/jibing/jxgxy/
内科,心血管内科,咯血,呼吸内科、心血管内科,咯血、胸痛、咳嗽、发热、皮肤粘膜出血、黄疸、呛咳、胸闷、肺部啰音、喉咙痒、咯血性泡沫痰,所有人群,药物、手术治疗,根据不同医院，收费标准不一致，市三甲医院约（3000 —— 5000元）,否,0.003%,60%,7-14天,https://tag.120ask.com/jibing/kaxue/
内科,心血管内科,间歇性眼球突出症,眼科,缩瞳、眼睑下垂、眼球内陷、眼球突出、眼痛、视力障碍、眼外转移、眼球上翻并固定、眼球浮动现象、眼球运动受限,男性居多,药物、中医、手术治疗,根据不同医院，收费标准不一致，市三甲医院约（3000 —— 8000元）,否,0.0001%,30%,10-30天,https://tag.120ask.com/jibing/jxxyqtcz/
内科,心血管内科,莱姆心脏炎,心血管内科,红斑样皮疹、流感样症状、淋巴结肿大、关节游走性疼痛，肿胀、感染性发热、心律失常、呼吸异常、头痛,所有人群,药物治疗、支持疗法,根据不同医院，收费标准不一致，市三甲医院约（5000 —— 8000元）,否,0.0001%,70%,3--8周,https://tag.120ask.com/jibing/lmxzy/
内科,心血管内科,绝经与心血管疾病,妇科,高血压、心绞痛、心律失常、血流动力学障碍、绝经,女性人群,药物治疗,根据不同医院，收费标准不一致，市三甲医院约2000-5000元,否,0.01%,60%,3个月,https://tag.120ask.com/jibing/jjyxxgjb/
内科,心血管内科,老年低温症,急诊科,面部浮肿、寒战、低血压、昏睡、幻觉、共济失调、痴呆、低热、面色苍白、发绀、声音嘶哑、谵妄,65岁以上老人多见,药物治疗,根据不同医院，收费标准不一致，市三甲医院约（3000 —— 8000元）,否,50岁以上中老年人群中发病率约为0.006%-0.01%，多继发于甲减患者,75%-85%,1-3个月,https://tag.120ask.com/jibing/lndwz/
内科,心血管内科,老年急性动脉栓塞,心血管内科,“5P”征、皮肤苍白、发绀、疼痛、头晕、腹痛、休克、恶心与呕吐、肌肉坏死,所有人群,药物治疗,根据不同医院，收费标准不一致，市三甲医院约2000-5000元,否,0.002%,50%,1-3个月,https://tag.120ask.com/jibing/lnjxdmss/
内科,心血管内科,老年人分水岭脑梗死,心血管内科,低血压、偏瘫、感觉障碍、象限性偏盲、脑功能不全、共济失调、中枢性发热、谵妄、基底节出血、瘫痪、偏盲,所有人群,药物治疗,根据不同医院，收费标准不一致，市三甲医院约2000-5000元,否,0.01-0.03%,40--60%,3--8周,https://tag.120ask.com/jibing/lnrfslngs/
内科,心血管内科,老年静脉血栓症,心血管内科,静脉血栓、热痛、局部静脉压痛、腓肠肌压痛、疼痛、小腿发胀、小腿水肿、牵涉痛、下肢肿胀乏力、皮肤苍白,最常见于50～80岁之间,药物、中医、手术治疗,根据不同医院，收费标准不一致，市三甲医院约（5000 —— 10000元）,否,0.003%,40%,1-2个月,https://tag.120ask.com/jibing/lnjmxsz/
内科,心血管内科,老年人扩张型心肌病,心血管内科、心胸外科,心脏扩大、心力衰竭、心律失常、疲乏、无力、活动后气促、咳嗽、咯血、胸闷、阵发性夜间呼吸困难、端坐呼吸、肝区痛,各年龄组均有发病，但以20～49岁住院年龄最多,药物、手术治疗,根据不同医院，收费标准不一致，市三甲医院约（20000 —— 50000元）,否,老年人患病概率0.23%,,需要终身治疗,https://tag.120ask.com/jibing/lnrkzxxjb/
内科,心血管内科,老年人腹主动脉瘤,血管外科,腹部肿块、上腹不适、上腹部疼痛、脐周疼痛、长段升主动脉发育不全、高腭弓、老来瘦、动脉血氧饱和度降低、夹层血肿、血性胸水、无脉症、黄疸,老年人,手术治疗,根据不同医院，收费标准不一致，市三甲医院约（10000-50000元）,否,60岁以上老年人发病率约为0.05%--0.07%,,1-2个月,https://tag.120ask.com/jibing/lnrfzdml/
内科,心血管内科,老年人梅毒性心脏病,心血管内科,胸骨后疼痛、心脏杂音、心绞痛、左心衰竭、心率不齐、胸痛,老年人群,药物治疗,根据不同医院，收费标准不一致，市三甲医院约（3000 —— 8000元）,是,0.001%,80%,3个月,https://tag.120ask.com/jibing/lnrmdxxzb/
内科,心血管内科,老年人钙化性瓣膜病,心血管内科,心绞痛、晕厥、心力衰竭、钙化、胸痛、腹壁广泛性钙质沉着、心瓣膜病变、钙化影、心悸、钙沉积、第三心音奔马律 、舒张期震颤,老年人群,药物治疗,根据不同医院，收费标准不一致，市三甲医院约（3000 —— 8000元）,否,0.4%--1%,30--50%,2--6个月,https://tag.120ask.com/jibing/lnrghxbmb/
内科,心血管内科,老年人变异型心绞痛,心血管内科,心慌、胸痛、气短,老年患者多见,中医药物治疗、西医药物治疗,根据不同医院，收费标准不一致，市三甲医院约（1000 —— 3000元）,否,老年人患病概率32%,,需要终身治疗,https://tag.120ask.com/jibing/lnrbyxxjt/
内科,心血管内科,老年人脑栓塞,神经内科,偏盲偏身感觉障碍、意识障碍、偏瘫、运动性失语、感觉障碍、胸闷、咯血、心绞痛、呼吸困难,老年人,药物、手术治疗,根据不同医院，收费标准不一致，市三甲医院约（20000 —— 50000元）,否,0.003%,60%,1个月,https://tag.120ask.com/jibing/lnrnss/
内科,心血管内科,老年人感染性休克,呼吸内科、心血管内科,肺部感染（多见）、恶心呕吐、腹胀、腹泻、神志恍惚、表情淡漠、低热、低血压、心动过速、晕厥,体虚老年人,药物治疗、支持疗法,根据不同医院，收费标准不一致，市三甲医院约（20000 —— 50000元）,否,多见于有慢性肺部疾病的老年人，发病率5-10%,60%,1-6月,https://tag.120ask.com/jibing/lnrgrxxk/
内科,心血管内科,老年人病态窦房结综合征,心血管内科,心前区隐痛、胸闷、头晕、心悸、心力衰竭、眩晕、心律失常、迷走神经张力增高,老年人群,药物治疗,根据不同医院，收费标准不一致，市三甲医院约（3000 —— 8000元）,否,60岁以上老年人发病率约为0.04%--0.07%,,1-2个月,https://tag.120ask.com/jibing/lnrbtfjzhz/
内科,心血管内科,老年人脑心综合征,心血管内科,心律失常,老年人群,药物治疗,根据不同医院，收费标准不一致，市三甲医院约（3000 —— 8000元）,否,0.07%-0.1%,,终身间歇性对症治疗,https://tag.120ask.com/jibing/lnrnxzhz/
内科,心血管内科,老年人高钾血症,心血管内科,感觉障碍、四肢俱软,老年人群,药物治疗,根据不同医院，收费标准不一致，市三甲医院约（3000 —— 8000元）,否,0.05%-0.08%,75%-85%,3-6个月,https://tag.120ask.com/jibing/lnrgjxz/
内科,心血管内科,老年人低血压,心血管内科,低血压、听力减退、头晕、晕厥、恶心与呕吐、面色苍白、心悸胸闷、乏力、失眠、眼花、耳鸣,老年人,药物治疗,根据不同医院，收费标准不一致，市三甲医院约（3000 —— 5000元）,否,50岁以上的老年人发病率约为0.01%-0.02%，多见于体质瘦弱者,65%,1-3个月,https://tag.120ask.com/jibing/lnrdxy/
内科,心血管内科,老年人脑血栓形成,心血管内科,头晕头痛、肢体麻木无力、瘫痪、恶心与呕吐、言语不清、昏迷,三高中老年患者,药物治疗、支持疗法,根据不同医院，收费标准不一致，市三甲医院约（5000 —— 8000元）,否,0.1%--0.3%(高血压老年人患病率约为0.1%--0.3%),50-60%(多以控制血压，并以防止血小板聚集治疗为主),1-3个月,https://tag.120ask.com/jibing/lnrnxsxc/
内科,心血管内科,老年人高血压危象,心血管内科,高血压、剧烈头痛、发热、出汗、心率加快、皮肤潮红、口干、尿频、排尿困难及手足颤抖,老年高血压患者,药物治疗,根据不同医院，收费标准不一致，市三甲医院约（10000 —— 30000元）,否,0.01%,80%,2-4周,https://tag.120ask.com/jibing/lnrgxywx/
内科,心血管内科,老年人短暂性大脑缺血性发作,心血管内科、脑外科,感觉障碍、运动性失语、意识短暂中断、心脏骤停、步态不稳、头重足轻、怪异步态、血液改变、意识模糊、瘫痪、眩晕、晕厥,老年人,药物、手术治疗,根据不同医院，收费标准不一致，市三甲医院约（1000 —— 5000元）,否,0.0652%,70%,1-2个月,https://tag.120ask.com/jibing/lnrdzxdnqxxfz/
内科,心血管内科,老年人黏液性瓣膜病,心血管内科）,胸闷、心前区隐痛、心绞痛、心悸、气息异常、疲劳、呼吸异常,75岁以上,药物治疗,根据不同医院，收费标准不一致，市三甲医院约（3000 —— 8000元）,否,0.002%,66%,1-3个月,https://tag.120ask.com/jibing/lnryxbmb/
内科,心血管内科,老年人急性左心衰竭,心血管内科,呼吸困难、粉红色泡沫样痰、阵发性夜间呼吸困难、端坐呼吸、双唇紫绀、烦躁不安,老年人群,西药治疗,根据不同医院，收费标准不一致，市三甲医院约10000--30000元,否,老年人患病概率1.3%,,需要终身治疗,https://tag.120ask.com/jibing/lnrjxzxsj/
内科,心血管内科,老年人肥厚型心肌病,心血管内科,呼吸困难、心绞痛、晕厥、猝死、胸痛、心悸、心力衰竭,老年人,药物治疗,根据不同医院，收费标准不一致，市三甲医院约（5000 —— 10000元）,否,高血压病中，本病的发病率约1%--3%,,终身治疗,https://tag.120ask.com/jibing/lnrfhxxjb/
内科,心血管内科,老年人期前收缩,心血管内科,心悸、胸闷、乏力、头晕、眩晕,老年人群,药物治疗,根据不同医院，收费标准不一致，市三甲医院约（3000 —— 8000元）,否,0.01%-0.03%,75%,6-12周,https://tag.120ask.com/jibing/lnrqqss/
内科,心血管内科,老年人甲减性心脏病,心血管内科、内分泌科,运动耐力降低、表情淡漠、记忆力障碍、智力减低、反应迟钝、肌痛、便秘、皮肤干燥、胃寒疼痛、声音嘶哑、食欲减退、面色苍白、疲劳、抑郁、,老年人,饮食、药物治疗,根据不同医院，收费标准不一致，市三甲医院约（3000 —— 8000元）,否,0.005%,80%,3-5周,https://tag.120ask.com/jibing/lnrjjxxzb/
内科,心血管内科,老年人肺栓塞,心血管内科、心胸外科,呼吸困难、胸痛、心率增快、咯血、皮肤湿冷、皮肤苍白、发绀、血压下降、烦躁不安、休克、晕厥,长期卧床、患有心血管疾病的老人,药物、手术治疗,根据不同医院，收费标准不一致，市三甲医院约（20000 ——50000元）,否,0.051%,80%,4-6周,https://tag.120ask.com/jibing/lnrfss/
内科,心血管内科,老年人腔隙性脑梗死,心血管内科、脑外科,头痛、头晕、四肢麻木、记忆力障碍、反应迟钝、抽搐、痴呆、感觉障碍、锥体束病损、视野缺损、失用性综合征、复视,所有人群,药物治疗,根据不同医院，收费标准不一致，市三甲医院约2000-4000元,否,0.005-0.01%,75%,3--8周,https://tag.120ask.com/jibing/lnrqxxngs/
内科,心血管内科,老年人甲亢性心脏病,心血管内科、内分泌科,心律失常、心脏增大、心力衰竭、心绞痛、心悸、气急、胸闷、易激动、甲状腺肿大、嗜睡、抑郁、皮肤紫癜,60岁以上,饮食、药物治疗,根据不同医院，收费标准不一致，市三甲医院约（3000 —— 8000元）,否,0.0053%,70%,1-2个月,https://tag.120ask.com/jibing/lnrjkxxzb/
内科,心血管内科,老年人肺心病,心血管内科,咳嗽、咳痰、喘息、活动时心悸胸闷、气短、乏力、劳动耐力下降、呼吸困难、心前区疼痛,老慢支患者,药物治疗、支持疗法,根据不同医院，收费标准不一致，市三甲医院约（10000 —— 20000元）,否,0.0051%,70%,10--21天,https://tag.120ask.com/jibing/lnrfxb/
内科,心血管内科,老年人缺血性心肌病,心血管内科,心绞痛、心力衰竭、心律失常、易昏厥、心悸、心肌顿抑,老年人,药物、手术治疗,根据不同医院，收费标准不一致，市三甲医院约（5000 ——10000元）,否,发病率约为0.03%--0.04%,60-70%,3个月,https://tag.120ask.com/jibing/lnrqxxxjb/
内科,心血管内科,老年人酒精性心脏病,心血管内科,无特殊原因的疲劳、气急、心悸、运动时咳嗽、运动耐量减退、夜尿多、继而出现夜间阵发性呼吸困难,老年人,药物治疗,根据不同医院，收费标准不一致，市三甲医院约（3000 —— 8000元）,否,0.01%,20%,1--3个月,https://tag.120ask.com/jibing/laonrjjxxzb/
内科,心血管内科,类脂性肺炎,呼吸内科,咳嗽、胸痛、咯血、寒战、盗汗 、体重减轻、低热、肺部可闻及干湿啰音及哮鸣音、劳力性呼吸困难,所有人群,药物治疗,根据不同医院，收费标准不一致，市三甲医院约（3000 —— 8000元）,否,0.0032%,60%,10=30天,https://tag.120ask.com/jibing/lzxfy/
内科,心血管内科,老年人乳头肌功能不全和断裂,心胸外科,心悸、咳嗽、乏力、气急、心力衰竭、粉红色泡沫痰、呼吸异常、肺含水量增加、疲劳、乳头肌断裂、气息异常,老年人,药物治疗、手术治疗,根据不同医院，收费标准不一致，市三甲医院约（5000-10000元）,否,0.005%,40%,8-12周,https://tag.120ask.com/jibing/lnrrtjgnbqhdl/
内科,心血管内科,老年人上腔静脉受压综合征,心血管内科,胸痛、面部水肿、胸壁血管充盈、头痛、咳嗽、头胀、呼吸异常、颈静脉怒张、水肿伴呼吸困难、紫绀、视力障碍、吞咽困难、颈部粗,所有人群,化疗、放疗、外科治疗,根据不同医院，收费标准不一致，市三甲医院约2000-4000元,否,0.5%,75%,2-3月,https://tag.120ask.com/jibing/lnrsqjmsyzhz/
内科,心血管内科,老年人心脑综合征,心血管内科,头痛、意识障碍、抽搐、偏瘫、疲劳、晕厥、昏迷、低血压、抽筋、发烧,所有人群,药物治疗,根据不同医院，收费标准不一致，市三甲医院约2000-5000元,否,60岁以上老年人发病率约为0.3%--0.4%,30-50%,1-2年,https://tag.120ask.com/jibing/lnrxnzhz/
内科,心血管内科,老年人室性期前收缩,心血管内科,心悸、心脏“偷停”感、颈部搏动、心前区隐痛、心律失常、室性早搏、晕厥、低血压,所有人群,药物治疗,根据不同医院，收费标准不一致，市三甲医院约2000-5000元,否,0.01%,30%,7-14天,https://tag.120ask.com/jibing/lnrsxqqss/
内科,心血管内科,老年人主动脉夹层分离,心血管内科,胸痛、休克、晕厥、意识朦胧状态 、呼吸困难、声音嘶哑、头晕、神志模糊、脉压增宽、水冲脉、心脏杂音、便血,老年人群,手术治疗,根据不同医院，收费标准不一致，市三甲医院约2000-5000元,否,0.05%,70%,2-4月,https://tag.120ask.com/jibing/lnrzdmjcfl/
内科,心血管内科,老年人心室扑动与颤动,心血管内科,面色青紫、面色苍白、意识丧失、抽搐、心音及脉搏消失、血压为零、胸痛,所有人群,药物治疗,根据不同医院，收费标准不一致，市三甲医院约2000-4000元,否,0.2%,80%,1-2周,https://tag.120ask.com/jibing/lnrxspdycd/
内科,心血管内科,老年人室性心动过速,心血管内科,心慌、心跳加快、心律不齐,爱生气的中老年人,中医药物治疗、西医药物治疗,根据不同医院，收费标准不一致，市三甲医院约（2000——3000元）,否,0.001%,30%,1-7天,https://tag.120ask.com/jibing/lnrsxxdgs/
内科,心血管内科,链球菌中毒性休克综合征,呼吸内科、心血管内科,发烧、低血压、剧烈疼痛、皮肤弥漫性红肿、心力衰竭、休克、晕厥、尿比重增高、心音微弱、心脏压塞征象、红细胞压积偏高、有效血容量减少,所有群体,药物治疗,根据不同医院，收费标准不一致，市三甲医院约（5000-10000元）,否,0.004%-0.005%,80%,4-6周,https://tag.120ask.com/jibing/lqjzdxxkzhz/
内科,心血管内科,老年人主动脉瘤,心血管外科,胸痛、咳嗽、呼吸困难、腹部肿块、声音嘶哑、吞咽困难、休克、心悸,老年人男性,手术治疗,根据不同医院，收费标准不一致，市三甲医院约（50000 —— 100000元）,否,0.0052%,55%,15-30天,https://tag.120ask.com/jibing/lnrzdml/
内科,心血管内科,老年人心源性休克,心血管内科、急诊科,少尿、心力衰竭、周身出汗、心率增快、烦躁不安、面色苍白、心律失常、低血压,老年人,药物治疗,根据不同医院，收费标准不一致，市三甲医院约（5000 —— 10000元）,否,0.003%,40%,7-14天,https://tag.120ask.com/jibing/lnrxyxxk/
内科,心血管内科,老年人糖尿病性心脏病,心血管内科、内分泌科,心绞痛、心慌、气急、心悸、胸闷、心律失常、心脏破裂、肝脾肿大、端坐呼吸、心率增快,老年糖尿病患者,饮食、生活方式、药物治疗,根据不同医院，收费标准不一致，市三甲医院约（5000 —— 10000元）,否,0.00352%,85%,30天,https://tag.120ask.com/jibing/lnrtnbxxzb/
内科,心血管内科,老年人椎基底动脉供血不足,心血管内科,发作性眩晕、恶心与呕吐、耳鸣、听力减退、头昏、剧烈眩晕，站立不稳、视力障碍、复视、黑蒙、平衡功能障碍、吞咽困难、构音障碍,老年人,药物治疗,根据不同医院，收费标准不一致，市三甲医院约（5000-10000元）,否,0.003%,60%,7-10天,https://tag.120ask.com/jibing/lnrzjddmgxbz/
内科,心血管内科,良性淋巴细胞血管炎和肉芽肿病,呼吸内科,乏力、咳嗽、胸闷、咯血、发热、全身乏力不适,所有人群,药物治疗、生活调理,根据不同医院，收费标准不一致，市三甲医院约（10000--50000元）,否,0.005%,50%,1-3个月,https://tag.120ask.com/jibing/lxlbxbxgyhryzb/
内科,心血管内科,老年人心脏传导阻滞,心血管内科,心动过缓、头晕、乏力、胸闷、房内传导阻滞、指甲很短、望诊无明显心前区搏动、室颤阈值降低、心脏骤停、休克、晕厥、血流动力学障碍,所有人群,药物治疗,根据不同医院，收费标准不一致，市三甲医院约2000-5000元,否,50岁以上患病概率22%,,治疗周期180天,https://tag.120ask.com/jibing/lnrxzcdzz/
内科,心血管内科,老年人稳定型心绞痛,心血管内科,胸痛、焦虑、面色苍白、胸闷压迫感、呼吸困难、乏力、高血压、心率增快、冷汗淋漓,老年人,药物治疗,根据不同医院，收费标准不一致，市三甲医院约（5000 —— 8000元）,否,0.058%,,治疗周期120天,https://tag.120ask.com/jibing/lnrwdxxjt/
内科,心血管内科,老年性昏迷,神经内科,意识障碍、缄默症、昏迷、觉醒状态丧失、对光反应消失,老年人,药物治疗,根据不同医院，收费标准不一致，市三甲医院约（5000 —— 10000元）,否,0.005%,50%,2-4周,https://tag.120ask.com/jibing/lnxhm/
内科,心血管内科,老年收缩期高血压,心血管内科,高血压、眩晕、心悸、乏力、头昏、心慌气短、晕厥、血压波动大、脉压差低,60岁以上的老年人,饮食、生活方式、药物治疗,根据不同医院，收费标准不一致，市三甲医院约（1000 —— 5000元）,否,5%(与老年饮食方面关系很大),85%,2-6月,https://tag.120ask.com/jibing/lnssqgxy/
内科,心血管内科,老年人心脏猝死,心血管内科、急诊科,心前区隐痛、胸闷、心慌气短、心悸、呼吸异常、意识丧失、心脏骤停,老年心脏病患者,手术治疗（心肺复苏）、药物治疗,根据不同医院，收费标准不一致，市三甲医院约（50000 —— 80000元）,否,0.0004%,70%,4-8周,https://tag.120ask.com/jibing/lnrxzs/
内科,心血管内科,老年人无症状性心肌缺血,心血管内科、老年科,心律增快、血压升高,老年人,药物、手术治疗,根据不同医院，收费标准不一致，市三甲医院约（5000 —— 10000元）,否,50岁以上患病概率0.1%,,治疗周期终身用药,https://tag.120ask.com/jibing/lnrwzzxxjqx/
内科,心血管内科,老年休克,急诊科、老年科,意识障碍、脉搏细速、血压下降、皮肤湿冷、烦躁不安、呼吸异常、晕厥、休克、心脏骤停、昏迷、气息异常,老年人,药物治疗,根据不同医院，收费标准不一致，市三甲医院约（5000 —— 10000元）,否,50岁以上老年人发病率约为0.01%-0.02%，多见于有心血管疾病患者,75%-85%,4周,https://tag.120ask.com/jibing/lnxk/
内科,心血管内科,老年心肌病,心血管内科,心悸、气短、心律失常、心力衰竭、活动后气促、贫血,所有人群,药物治疗,根据不同医院，收费标准不一致，市三甲医院约（1000 —— 5000元）,否,发病率在老年患者中0.06520%,,3-6月,https://tag.120ask.com/jibing/lnxjb/
内科,心血管内科,老年人心脏淀粉样变性,心血管内科,心音异常、心律失常、心率增快、心绞痛、疲劳、头晕、乏力、心悸、气急、腹水、心力衰竭、胸痛,所有人群,药物治疗,根据不同医院，收费标准不一致，市三甲医院约2000-4000元,否,50岁以上中老年人群中发病率约为0.001%-0.005%,,终身间歇性治疗,https://tag.120ask.com/jibing/lnrxzdfybx/
内科,心血管内科,老年人先天性心血管疾病,心血管内科,咳嗽、心悸、心律失常、咯血、心慌气短、疲劳、劳累后心悸、右心衰竭、发绀、肝肿大、颈静脉怒张,老年人,手术治疗,根据不同医院，收费标准不一致，市三甲医院约（5000-10000元）,否,0.0001%-0.0003%,,>20天(终身间歇性对症治疗),https://tag.120ask.com/jibing/lnrxtxxxgjb/
内科,心血管内科,老年人血管性痴呆,神经内科,记忆力障碍、注意力不集中、休克、瘫痪、健忘、痴呆、失读、假性延髓性麻痹、幻觉、木僵、卧床不起、高血压,药物治疗,药物治疗,根据不同医院，收费标准不一致，市三甲医院约2000-5000元,否,0.01%,10%,1--3个月,https://tag.120ask.com/jibing/lnrxgxcd/
内科,心血管内科,老年人心房扑动,心血管内科,低血压、头晕、心绞痛、心悸、休克、眩晕,所有人群,药物治疗,根据不同医院，收费标准不一致，市三甲医院约（1000-3000元）,否,0.001%,70%,2-3周,https://tag.120ask.com/jibing/lnrxfpd/
内科,心血管内科,老年性心瓣膜病,心血管内科,高血压、心绞痛、晕厥、心力衰竭、呼吸异常、心悸、老年性震颤、膨胀性肝脏搏动、胸痛,老年人,药物、手术治疗,根据不同医院，收费标准不一致，市三甲医院约（20000 —— 50000元）,否,0.01%,62%,1-3个月,https://tag.120ask.com/jibing/lnxxbmb/
内科,心血管内科,老年人预激综合征,心血管内科,心悸、心绞痛、低血压、黑蒙、晕厥、休克、血流迟缓、胸痛,老年人,药物、手术治疗,根据不同医院，收费标准不一致，市三甲医院约（10000 —— 50000元）,否,60岁以上老年人群发病率约为0.1%,50%,1-3个月,https://tag.120ask.com/jibing/lnryjzhz/
内科,心血管内科,老年人心房纤颤,心血管内科,心悸、心动过缓、胸闷、绞痛、眩晕、乏力、疲劳、心前区不适或微痛感、心绞痛、晕厥，咯血,老年人,药物、手术治疗,根据不同医院，收费标准不一致，市三甲医院约（10000 —— 50000元）,否,0.08%,50--70%,3--6个月,https://tag.120ask.com/jibing/lnrxfxc/
内科,心血管内科,慢性肺源性心脏病,心血管内科、呼吸内科,咳嗽、咳痰、胸闷、气短、喘息、心悸、呼吸音减弱，偶有干湿性啰音或哮鸣音、心浊音界缩小或消失,中老年人,药物治疗,根据不同医院，收费标准不一致，市三甲医院约（3000-10000元）,否,60岁以上老年人发病率约为0.03%--0.05%,40-60%，多以控制症状治疗为主,终身治疗,https://tag.120ask.com/jibing/mxfyxxzb/
内科,心血管内科,老年人阵发性室上性心动过速,心血管内科,心率增快、多尿、出汗异常、呼吸困难、心动过速、头昏、突发的左心衰竭、休克、心跳过速、头痛、晕厥、心悸,所有人群,药物治疗,根据不同医院，收费标准不一致，市三甲医院约（3000 —— 8000元）,否,0.001%,30%,7-14天,https://tag.120ask.com/jibing/lnrzfxssxxdgs/
内科,心血管内科,老年人心内膜炎,心血管内科,发烧、心脏增大、乏力、食欲减退、言语紊乱、心率过缓、持续高烧、高热寒战、意识朦胧状态 、瘫痪,老年人,药物治疗,根据不同医院，收费标准不一致，市三甲医院约（20000 —— 50000元）,否,50岁以上的中老年人群中本病的发病率约为0.002%-0.005%,80%,3-6个月,https://tag.120ask.com/jibing/lnrxnmy/
内科,心血管内科,勒夫勒心内膜炎,心血管内科,下肢水肿、脾肿大、淋巴结肿大、贫血、心力衰竭、心率过缓、感染性赘生物、心内膜弹力纤维增生、细菌性心内膜炎、狭窄杂音、顽固性心功能不全、心窝部隐痛,所有人群,药物治疗,根据不同医院，收费标准不一致，市三甲医院约（3000 —— 8000元）,否,发病率约为0.004%-0.008%,75%,3-6个月,https://tag.120ask.com/jibing/lflxnmy/
内科,心血管内科,慢性呼吸衰竭,呼吸内科,呼吸功能衰竭、紫绀、发绀、心律失常、水肿、潮式呼吸、狂躁、昏迷、抽搐,原有肺部疾病患者,药物治疗、机械通气,根据不同医院，收费标准不一致，市三甲医院约（5000 —— 10000元）,否,呼吸系统里面占0.05%-0.08%,65%,24天-50天,https://tag.120ask.com/jibing/mxhxsj/
内科,心血管内科,老年人蛛网膜下腔出血,脑外科,剧烈头痛、意识障碍、眩晕、咳嗽、眼面痛、头痛、恶心呕吐,发病年龄以40～60 岁最多见,药物、手术治疗,根据不同医院，收费标准不一致，市三甲医院约（50000 —— 100000元）,否,在某些特定人群特定年龄段中该病的发病率( 发病率约为0.002%）,,国内最认可的有效治疗手段的该病治疗周期（绝对卧床4-6周),https://tag.120ask.com/jibing/lnrzwmxqcx/
内科,心血管内科,慢性心力衰竭,心血管内科,呼吸困难、劳力性呼吸困难、端坐呼吸、咳嗽、心悸、疲乏、失眠、咳痰、咯血、上腹部疼痛、颈静脉怒张、下肢水肿,老年人多发,药物治疗,根据不同医院，收费标准不一致，市三甲医院约（5000 —— 10000元）,否,0.0025%，多见于60岁以上的老年人,70%,30天,https://tag.120ask.com/jibing/mxxlsj/
内科,心血管内科,利德尔综合征,心血管内科,高血压、肌无力、四肢抽搐、瘫痪、多尿、感觉异常、多尿、烦渴,多数为12～30岁,药物治疗,根据不同医院，收费标准不一致，市三甲医院约（5000 —— 10000元）,否,0.005%,40%,1-3个月,https://tag.120ask.com/jibing/ldezhz/
内科,心血管内科,尿毒症性心肌病,心血管内科、肾内科,贫血、高血压、低蛋白血症、水潴留、呼吸困难、胸痛、肾部积水现象、尿崩,尿毒症患者,血液透析、药物、饮食、手术治疗,根据不同医院，收费标准不一致，市三甲医院约（10000 —— 50000元）,否,0.003%,40%,3个月,https://tag.120ask.com/jibing/ndzxxjb/
内科,心血管内科,慢性自律性房性心动过速,心血管内科,心跳过速、心悸、心慌、胸闷、呕吐、心慌气短、心律失常、心力衰竭,所有群体,药物治疗、手术治疗,根据不同医院，收费标准不一致，市三甲医院约（1000-5000元）,否,0.001%,80%,7-10天,https://tag.120ask.com/jibing/mxzlxfxxdgs/
内科,心血管内科,联合瓣膜病变,心胸外科,心悸、活动后气促、呼吸困难、心绞痛、心瓣膜病变、呼吸异常、心律失常、心音异常、联合瓣膜脱垂、紫绀、心力衰竭、猝死,所有群体,药物治疗、手术治疗,根据不同医院，收费标准不一致，市三甲医院约（5000-10000元）,否,人群患病概率0.23%,,手术治疗周期14天,https://tag.120ask.com/jibing/lhbmbb/
内科,心血管内科,梅毒性心血管病,心血管内科,胸骨后疼痛、心音异常、心脏杂音、心绞痛、持续性疼痛、心悸、胸闷、胸痛、咳嗽、气喘,所有群体,药物治疗,根据不同医院，收费标准不一致，市三甲医院约（10000-50000元）,是,0.0004%,10%,1-3个月,https://tag.120ask.com/jibing/mdxxxgb/
内科,心血管内科,农民肺,呼吸内科,高热、畏寒、食欲不振、恶心、头痛、肺泡炎症、发烧、咳痰、胸闷、气短、呼吸困难、咳嗽,从事农业生产者,脱离接触抗原、药物治疗,根据不同医院，收费标准不一致，市三甲医院约（3000 —— 8000元）,否,0.04%--0.06%(农业工作者发病率约为0.04%--0.06%),60-70%,3-6个月,https://tag.120ask.com/jibing/nongminfei/
内科,心血管内科,Nezelot综合征,呼吸内科、心血管内科,反复肺炎、白色念珠菌感染、消化不良、小儿发热,所有人群,药物治疗,根据不同医院，收费标准不一致，市三甲医院约2000-5000元,否,本病罕见，发病率约为0.0002%-0.0004%,55%,1-2年,https://tag.120ask.com/jibing/nezelotzhz/
内科,心血管内科,农药中毒性肾病,急诊科、肾内科,呼吸气为蒜臭味、抽搐、大小便失禁、口吐白沫、眩晕、乏力、腹痛,所有人群,洗胃、药物治疗,根据不同医院，收费标准不一致，市三甲医院约（5000 —— 10000元）,否,0.002%,40%,1-3个月,https://tag.120ask.com/jibing/nyzdxsb/
内科,心血管内科,难治性心力衰竭,心血管内科,气急、端坐呼吸、发绀、腹水、水肿、心力衰竭、四肢发冷、呼吸困难、右上腹痛,原有心血管疾病患者,药物、手术治疗,根据不同医院，收费标准不一致，市三甲医院约（20000 —— 50000元）,否,0.0025%,75%,14--30天,https://tag.120ask.com/jibing/nzxxlsj/
内科,心血管内科,马方综合征,心胸外科,心脏扩大、关节松弛、胸痛、斜视、心律失常、心脏增大,所有人群,手术治疗、药物治疗,根据不同医院，收费标准不一致，市三甲医院约（10000 —— 50000元）,否,0.004%-0.005%,25%-40%,终身间歇性治疗,https://tag.120ask.com/jibing/mfzhz/
内科,心血管内科,皮肌炎与多发性肌炎,神经内科,双上眼睑的水肿性紫红色斑、肌肉酸痛、吞咽困难、呼吸困难、发烧、胸闷、食欲不振、畏寒、乏力、皮肌炎Gottron征、肌性肌无力,所有群体,病因治疗,根据不同医院，收费标准不一致，市三甲医院约（5000-10000元）,否,0.014%,60%,1-2个月,https://tag.120ask.com/jibing/pjyydfxjy/
内科,心血管内科,脑动脉硬化伴发的精神障碍,心脑血管内科,神经衰弱综合征、记忆力障碍、注意力不集中、眩晕头痛、疲劳、痴呆、意识朦胧状态、四肢麻木、人格改变,高血压中老年患者,药物治疗、针灸治疗,根据不同医院，收费标准不一致，市三甲医院约（5000 —— 10000元）,否,0.001%,60%,30天,https://tag.120ask.com/jibing/ndmyhbfdjsza/
内科,心血管内科,其他病毒肺炎,呼吸内科,发烧、咽痛、鼻塞、头痛、呼吸困难、发绀、三凹征、鼻翼扇动、肺部可闻及干湿啰音及哮鸣音、心力衰竭、急性肾衰竭、休克,所有人群,药物治疗,根据不同医院，收费标准不一致，市三甲医院约1000-5000元,否,0.00003%,40-50%,1-3个月,https://tag.120ask.com/jibing/qtbdfy/
内科,心血管内科,脑动脉硬化症,心脑血管内科,头痛、视物昏花、耳鸣、听力减退、肢体麻木，或困乏无力、烦躁、语无伦次、睡眠障碍等、记忆力减退,吸烟、饮酒中老年人,药物治疗,根据不同医院，收费标准不一致，市三甲医院约（30000 —— 50000元）,否,特定人群0.04%,70%,3-6周,https://tag.120ask.com/jibing/ndmyhz/
内科,心血管内科,起搏器综合征,心胸外科,头晕、胸痛、低血压、呼吸困难、心悸、嗜睡,老年人比较多见,调节起搏频率、药物治疗,根据不同医院，收费标准不一致，市三甲医院约（5000 —— 10000元）,否,起搏器佩戴患者发病率约为3%-8%,85%-95%,1-2周,https://tag.120ask.com/jibing/qbqzhz/
内科,心血管内科,黏多糖贮积症Ⅰ型,内分泌科,运动障碍、智力不足、鼻梁宽而平、眼距宽、唇厚、舌大、耳低位、牙齿小而稀疏,1-2岁儿童,西医药物治疗,根据不同医院，收费标准不一致，市三甲医院约（8000-14000元）,否,0.0003%,20%,6个月,https://tag.120ask.com/jibing/dtzjzyix/
内科,心血管内科,慢性缩窄性心包炎,心胸外科,颈静脉怒张、肝脏肿大、腹水、胸水、恶心呕吐、水肿、呼吸困难、少尿、疲乏、气短、腹胀,所有人群,药物治疗、手术治疗,根据不同医院，收费标准不一致，市三甲医院约（10000 —— 50000元）,否,0.0001%,30%,1-2个月,https://tag.120ask.com/jibing/mxszxxby/
内科,心血管内科,青年心肌梗死,心血管科,心前区疼痛、压迫感、可放射至肩背部、左臂环指或小指、下颌部、冷汗淋漓、呼吸急促、心悸胸闷,心脏病患者,药物治疗,根据不同医院，收费标准不一致，市三甲医院约（10000 —— 30000元）,否,0.5%,70%,2-4月,https://tag.120ask.com/jibing/qnxjgs/
内科,心血管内科,黏脂贮积症Ⅲ型,内分泌科,爪状手、畸形、身材矮小、短颈、脊柱侧弯、髋关节发育不良,2～4岁儿童,手术治疗,根据不同医院，收费标准不一致，市三甲医院约（10000-20000元）,否,0.002%,40%,3个月,https://tag.120ask.com/jibing/zzjzx/
内科,心血管内科,慢性心功能不全,心血管内科,活动后气促、劳力性呼吸困难、肝肿大、下肢水肿、心力衰竭、昏迷、休克、呼吸异常、心律失常、晕厥、眩晕,原有心血管疾病患者,药物治疗,根据不同医院，收费标准不一致，市三甲医院约（5000 —— 10000元）,否,0.0032%,75%,30天,https://tag.120ask.com/jibing/mxxgnbq/
内科,心血管内科,全身黏液性水肿,内分泌科,食欲不振、反应迟钝、体温过低、畏寒、非凹陷黏液水肿、肢体的非凹性水肿、食欲异常、腿脚浮肿,甲状腺功能异常者,药物治疗,根据不同医院，收费标准不一致，市三甲医院约（1000 —— 5000元）,否,甲状腺功能减低患者，发病率约5%--10%,75%,3-6个月,https://tag.120ask.com/jibing/qsyxsz/
内科,心血管内科,尿毒症性心包炎,心血管内科,心包积液、心动过速、呼吸困难、疼痛、低血压,所有群体,透析疗法,根据不同医院，收费标准不一致，市三甲医院约（10000-50000元）,否,0.0001%,10%,30天,https://tag.120ask.com/jibing/ndzxxby/
内科,心血管内科,全身性特发性毛细血管扩张症,心血管内科,脸颊出现红血丝、鼻子红血丝、黏膜损害、血管搏动或波形的改变,所有群体,对症治疗,根据不同医院，收费标准不一致，市三甲医院约（1000-5000元）,否,0.2%--0.35%,55-70%,4-8周,https://tag.120ask.com/jibing/qsxtfxmxxgkzz/
内科,心血管内科,缺血性多形性室性心动过速,心血管内科,心动过速、心悸、晕厥、胸闷、胸痛、猝死、异位性心动过速,所有群体,药物治疗,根据不同医院，收费标准不一致，市三甲医院约（5000-10000元）,否,0.01%,60%,2-4个月,https://tag.120ask.com/jibing/qxxdxxsxxdgs/
内科,心血管内科,妊娠合并心室间隔缺损,产科,舒张期哈气样杂音、心脏杂音、收缩期反流性杂音、孕妇胸闷气短、孕妇气喘、心力衰竭,孕妇,对症治疗,根据不同医院，收费标准不一致，市三甲医院约（5000-10000元）,否,0.001%,30%,10-30天,https://tag.120ask.com/jibing/rshbxsjgqs/
内科,心血管内科,妊娠合并血栓性疾病,心血管内科、产科,肢体肿胀、肢体苍白、发凉、脉搏减弱、疼痛性股白肿、孕妇发烧,孕妇,物理治疗、药物治疗,根据不同医院，收费标准不一致，市三甲医院约（1000-3000元）,否,0.5%,70%,一般在15-30天。,https://tag.120ask.com/jibing/rshbxsxjb/
内科,心血管内科,热入血室,中医科,寒热如疟，或胸胁、少腹满痛，或谵语，神志异常、或伴经量异常,经期受寒的妇女,药物治疗,根据不同医院，收费标准不一致，市三甲医院约（3000 ——5000元）,否,0.01%,80%,7-10天,https://tag.120ask.com/jibing/rrxs/
内科,心血管内科,妊娠合并原发性高血压,心血管内科,头痛、头晕、血压高、水肿,有高血压的怀孕女性,西药治疗,根据不同医院，收费标准不一致，市三甲医院约（2000 —— 5000元）,否,0.012%,30%,30天,https://tag.120ask.com/jibing/rshbyfxgxy/
内科,心血管内科,沙眼衣原体肺炎,呼吸内科,低热、干咳、鼻塞、呼吸急促、胸痛、肌痛、寒战、紫绀、呕吐,青少年,药物治疗、支持疗法,根据不同医院，收费标准不一致，市三甲医院约（5000 —— 8000元）,是,发病率约0.002%--0.004%,40-60%,6个月,https://tag.120ask.com/jibing/syyytfy/
内科,心血管内科,妊娠期心脏病,心血管内科、产科,心力衰竭、心律失常、肺弃血、呼吸异常、气急、发绀、右心衰竭、咳嗽、哮鸣音、紫绀、心悸、胸闷,孕妇,药物治疗,根据不同医院，收费标准不一致，市三甲医院约（1000-3000元）,否,0.0001%,90%,30天,https://tag.120ask.com/jibing/rsqxzb/
内科,心血管内科,伤寒性心肌炎,心血管内科,高热、腹痛、腹泻、头痛、头晕、肝脾肿大、恶心与呕吐、心悸、毒血症、心音低钝、心动过速、奔马律心音,所有人群,药物治疗,根据不同医院，收费标准不一致，市三甲医院约（3000 —— 8000元）,否,0.01%,70%,1-3个月,https://tag.120ask.com/jibing/shxxjy/
内科,心血管内科,妊娠高血压疾病,产科,高血压、蛋白尿、抽搐、昏迷,初产妇、孕妇年龄过小或大于35岁、多胎妊娠、妊娠期高血压疾病史及家族史、慢性高血压、慢性肾炎、抗心磷脂抗体综合征,药物治疗,根据不同医院，收费标准不一致，市三甲医院约（1000 —— 5000元）,否,妊娠女性30%,90%,3-6月,https://tag.120ask.com/jibing/rsgxyjb/
内科,心血管内科,妊娠性心肌梗死,心血管内科,妊娠期胸痛、心前区隐痛、心绞痛、颈静脉怒张、胸闷气短、全身性水肿,多发生在35岁以下的病人,药物治疗、电除颤、终止妊娠,根据不同医院，收费标准不一致，市三甲医院约（2000 —— 5000元）,否,0.00035%,30--50%,14--21天,https://tag.120ask.com/jibing/rsxxjgs/
内科,心血管内科,上腔静脉综合征,心血管内科,水肿、吞咽困难、胸痛、咳嗽、紫绀、发绀、声音嘶哑、腹水、黄疸、肝肿大,所有人群,药物、手术治疗治疗,根据不同医院，收费标准不一致，市三甲医院约（5000 ——10000元）,否,0.0033%,60%,7-14天,https://tag.120ask.com/jibing/sqjmzhz/
内科,心血管内科,妊娠高血压综合征,产科,高血压、蛋白尿、水肿、头痛、头晕、眼前冒金花,孕妇,药物治疗,根据不同医院，收费标准不一致，市三甲医院约（500-1000元）,否,占孕妇的9%,85%,1-2周,https://tag.120ask.com/jibing/rsgxyzhz/
内科,心血管内科,乳头肌功能不全,心血管内科,心悸、气短、咳嗽、心尖部收缩期杂音,所有群体,药物治疗、手术治疗,根据不同医院，收费标准不一致，市三甲医院约（5000-10000元）,否,0.0012%,63%,10-30天,https://tag.120ask.com/jibing/rtjgnbq/
内科,心血管内科,妊娠合并动脉导管未闭,心胸外科、产科,连续机器样杂音、孕妇胸闷气短、孕妇气喘、妊娠期胸痛、心力衰竭、发绀、舒张期哈气样杂音,孕妇,药物治疗、手术治疗,根据不同医院，收费标准不一致，市三甲医院约（3000 —— 8000元）,否,本病少见，发病率约为0.0001%-0.0005%,,1-2个月,https://tag.120ask.com/jibing/rshbdmdgwb/
内科,心血管内科,肾上腺皮质功能减退性心脏病,内分泌科,食欲减退、恶心呕吐、体重减轻、低血压、色素异常、晕厥、胸部沉重感、腹胀、心悸、倦怠、虚弱、色素沉着、体重减轻及血压下降,发病年龄在20～50岁，男女患病的比率几乎相等,药物治疗,根据不同医院，收费标准不一致，市三甲医院约（1000 —— 5000元）,否,人群患病概率0.03%,,需要终身治疗,https://tag.120ask.com/jibing/ssxpzgnjtxxzb/
内科,心血管内科,肾上腺素能依赖性尖端扭转性室,心血管内科,心跳过速、黑蒙、眩晕、雾视、尿失禁与遗尿、心慌、心慌气短、晕厥、呈肾上腺素能依赖性、肾间质纤维化、猝死、异位性心动过速,所有人群,药物治疗,根据不同医院，收费标准不一致，市三甲医院约（1000 —— 5000元）,否,0.003%,60%,3个月,https://tag.120ask.com/jibing/ssxsnylxjdnzxsxxdgs/
内科,心血管内科,妊娠合并淋巴瘤,肿瘤科,淋巴结肿大、发烧、贫血、消瘦、乏力、厌食、瘙痒、畏寒、夜间盗汗、腹股沟淋巴结肿大、颈部淋巴结肿大,孕妇,药物治疗、手术治疗,根据不同医院，收费标准不一致，市三甲医院约（3000 —— 8000元）,否,0.0002%,75%,1-6个月,https://tag.120ask.com/jibing/rshblbl/
内科,心血管内科,三尖瓣闭锁不全,心血管内科,颈部搏动、乏力、腹胀、食欲不振、收缩期杂音 、肝肿大、第三心音奔马律 、腹水、水肿、心律失常、三尖瓣狭窄、第一心音亢进,所有人群,药物治疗,根据不同医院，收费标准不一致，市三甲医院约（3000 —— 8000元）,否,发病率约为0.003%--0.005%,,3-6个月,https://tag.120ask.com/jibing/sjbbsbq/
内科,心血管内科,肾实质性高血压,心血管内科,四肢湿冷、高血压、血尿、蛋白尿、脉压小、舒张压上升、贫血,所有群体,药物治疗,根据不同医院，收费标准不一致，市三甲医院约（3000-5000元）,否,多发生在肾炎患者，发病率约为0.003%--0.006%,60%，多以控制蛋白尿和高血压为主,1-3年,https://tag.120ask.com/jibing/sszxgxy/
内科,心血管内科,妊娠合并心房间隔缺损,心胸外科、产科,心脏杂音、劳累后心悸、心律失常、孕妇胸闷气短、孕妇气喘,孕妇,药物治疗、手术治疗,根据不同医院，收费标准不一致，市三甲医院约（1000 ——5000元）,否,0.0001%,10%,30天,https://tag.120ask.com/jibing/rshbxfjgqs/
内科,心血管内科,升主动脉瘤,血管外科,颈静脉怒张、剧烈疼痛、心力衰竭、脉压增宽、水冲脉、左心室肥厚,所有人群,药物治疗、手术治疗,根据不同医院，收费标准不一致，市三甲医院约（5000 —— 20000元）,否,0.0001%,30%,7-14天,https://tag.120ask.com/jibing/szdml/
内科,心血管内科,束支折返性室性心动过速,心血管内科,心跳过速、心慌、心悸、胸闷、频发室性期前收缩、频发房性早搏、胸痛、心慌气短、猝死、异位性心动过速、舒张晚期奔马律、逆向型房室折返性心动过速,所有人群,药物治疗,根据不同医院，收费标准不一致，市三甲医院约（1000 —— 5000元）,否,0.05%,80%,1-3月,https://tag.120ask.com/jibing/szzfxsxxdgs/
内科,心血管内科,双侧束支传导阻滞,心血管内科,心悸、胸闷、头晕、晕厥、血流动力学障碍、心律失常、血流迟缓、房内传导阻滞、传导阻滞,所有人群,药物治疗,根据不同医院，收费标准不一致，市三甲医院约（1000 —— 5000元）,否,0.05%,85%,2-4月,https://tag.120ask.com/jibing/scszcdzz/
内科,心血管内科,糖尿病心肌病,心血管内科、内分泌科,心律失常、心绞痛、心脏增大、房室传导阻滞、心力衰竭,糖尿病患者,药物治疗,根据不同医院，收费标准不一致，市三甲医院约（3000 —— 8000元）,否,0.00253%,60%,3-6个月,https://tag.120ask.com/jibing/tnbxjb/
内科,心血管内科,石棉肺,呼吸内科,肺间质纤维化、胸膜肥厚、气短、呼吸困难、咳嗽、胸痛、咳痰、咯血、啰音、背痛、胸骨后疼痛、黏液脓性痰,所有人群,药物治疗,根据不同医院，收费标准不一致，市三甲医院约（1000 —— 5000元）,否,0.002%,40%,3个月,https://tag.120ask.com/jibing/shimianfei/
内科,心血管内科,室性并行心律及室性并行心律性,心血管内科,心悸、心慌、心跳过速、胸闷、心动过速、房性逸搏心律加速、舒张期奔马律、心跳很乱、心慌气短、QT间期延长、室颤,所有人群,药物治疗,根据不同医院，收费标准不一致，市三甲医院约（1000 —— 5000元）,否,0.001%,70%,3个月,https://tag.120ask.com/jibing/sxbxxljsxbxxlxxdgs/
内科,心血管内科,特发性室性心动过速,心血管内科,心悸、胸闷、头晕、心动过速、晕厥、恶心、血压下降,所有人群,药物治疗,根据不同医院，收费标准不一致，市三甲医院约（500 —— 3000元）,否,0.0001%,80%,30天,https://tag.120ask.com/jibing/tfxsxxdgs/
内科,心血管内科,特发性心室颤动,心血管内科,意识障碍、抽搐、呼吸衰竭、晕厥、室颤阈值降低、室性自主节律、心音及脉搏消失、心律失常、心脏骤停、猝死、室颤、右心室流出道,所有人群,药物治疗,根据不同医院，收费标准不一致，市三甲医院约（1000 —— 5000元）,否,0.005%,70%,3个月,https://tag.120ask.com/jibing/tfxxscd/
内科,心血管内科,室性逸搏及室性逸搏心律,心血管内科,心动过缓、胸闷、头晕、乏力、心跳很乱、胸痛、眩晕、晕厥、室颤、心脏骤停、休克、心律失常,所有人群,药物治疗,根据不同医院，收费标准不一致，市三甲医院约（3000 —— 8000元）,否,0.001%,30%,7--10天,https://tag.120ask.com/jibing/sxybjsxybxl/
内科,心血管内科,体质性低血压,心血管内科、中医科,低血压、心前区重压感、头晕、心悸乏力、面色苍白、头痛、气短、视物模糊、神疲乏力、失眠、多梦,多见于体质瘦弱的女性,饮食、药物、中医治疗,根据不同医院，收费标准不一致，市三甲医院约（1000 —— 5000元）,否,0.0325%,70%,1个月,https://tag.120ask.com/jibing/tzxdxy/
内科,心血管内科,适应障碍,精神心理科,抑郁、 焦虑性适应障碍、 无能力感,所有人群,中医药物治疗、西医药物治疗,根据不同医院，收费标准不一致，市三甲医院约（500-1000元）,否,0.002%,60%,3个月,https://tag.120ask.com/jibing/syza/
内科,心血管内科,天冬氨酰葡萄糖胺尿症,内分泌科,反复上呼吸道感染、腹泻、智力发育迟缓、异常矮小、言语紊乱、肝肿大、咳嗽、面颊明显内陷、脾肿大、体型异常、鼻梁平塌、短颈,所有人群,药物治疗,根据不同医院，收费标准不一致，市三甲医院约（3000 —— 8000元）,否,0.005%,75%,3-6月,https://tag.120ask.com/jibing/tdapttanz/
内科,心血管内科,手足发绀症,心血管内科,肢端发绀、四肢发冷、手指冻肿、色素异常、溃疡、紫绀、冻疮、瘙痒、畏寒、皮肤硬结冷时疼痛热时瘙痒,发病年龄多在20 岁左右，以青年女性为多见,运动、中医、药物治疗,根据不同医院，收费标准不一致，市三甲医院约（1000 —— 5000元）,否,0.0025%,80%,7-10天,https://tag.120ask.com/jibing/szfz/
内科,心血管内科,痛风性心肌病,心血管内科,痛风结节、高血压、肥胖、心绞痛、心肌梗死,大多数患者在30～40岁发病,饮食、药物治疗,根据不同医院，收费标准不一致，市三甲医院约（5000 —— 10000元）,否,特定人群0.005%,80%,2-4月,https://tag.120ask.com/jibing/tfxxjb/
内科,心血管内科,舒张性心力衰竭,心血管内科,平卧呼吸困难、劳力性呼吸困难、气急、下肢水肿、腹胀、少尿,所有人群,药物、手术治疗,根据不同医院，收费标准不一致，市三甲医院约（1000 —— 5000元）,否,0.0025%,85%,2-4月,https://tag.120ask.com/jibing/szxxlsj/
内科,心血管内科,外科颈动脉体瘤,血管外科,头痛、吞咽困难、呼吸困难、头晕,好发于30～40岁,药物、手术治疗,根据不同医院，收费标准不一致，市三甲医院约（10000 —— 50000元）,否,0.002%,40%,1-3个月,https://tag.120ask.com/jibing/wkjdmtl/
内科,心血管内科,完全性房室传导阻滞,心血管内科,心悸、头晕、胸闷、乏力、房室分离、心房对心室收缩的辅助泵作用丧失、心排血量减少、心排血量增多、气短、心力衰竭、休克、反应迟钝,心血管内科,药物治疗,根据不同医院，收费标准不一致，市三甲医院约（1000-5000元）,否,0.1%,80%,30天,https://tag.120ask.com/jibing/wqxfscdzz/
内科,心血管内科,完全性大动脉错位,心血管内科,呼吸异常、胸痛、心脏杂音、紫绀、大动脉错位、心音异常、心力衰竭,所有群体,药物治疗、手术治疗,根据不同医院，收费标准不一致，市三甲医院约（10000-50000元）,否,0.0009%,75%，手术治疗为主,14天,https://tag.120ask.com/jibing/wqxddmcw/
内科,心血管内科,完全性肺静脉异位回流,胸外科,呼吸急促、生长缓慢、抬举性搏动、杵状指（趾）、心脏畸形、右心衰竭、紫绀、收缩期杂音,婴幼儿,手术治疗,根据不同医院，收费标准不一致，市三甲医院约（50000 ——100000元）,否,0.0001%-0.0005%(在先天性心脏病中1.5～2％),40%,3个月,https://tag.120ask.com/jibing/wqxfjmywhl/
内科,心血管内科,双分支阻滞,心血管内科,晕厥、猝死、头晕,所有群体,病因治疗,根据不同医院，收费标准不一致，市三甲医院约（10000-50000元）,否,0.002%,60%,1-3个月,https://tag.120ask.com/jibing/sfzzz/
内科,心血管内科,细菌性心包炎,心血管内科,高热寒战、呼吸困难、心动过速、颈静脉怒张、奇脉、细菌感染、心包积液、呼吸异常、心脏压塞征象、心包积液体征,所有人群,药物治疗,根据不同医院，收费标准不一致，市三甲医院约（3000 —— 8000元）,否,0.0025%,70%,10-30天,https://tag.120ask.com/jibing/xjxxby/
内科,心血管内科,稳定型心绞痛,心血管内科,心绞痛、心音异常、胸闷、气短、衰弱,所有人群,药物治疗,根据不同医院，收费标准不一致，市三甲医院约（3000 —— 8000元）,否,0.05%,75%,1-3个月,https://tag.120ask.com/jibing/wdxxjt/
内科,心血管内科,双向性室性心动过速,心血管内科,心动过速、心慌、胸闷、胸痛、黑蒙、休克、猝死、晕厥、心力衰竭,所有群体,药物治疗,根据不同医院，收费标准不一致，市三甲医院约（3000-5000元）,否,0.02%,80%,2-4月,https://tag.120ask.com/jibing/sxxsxxdgs/
内科,心血管内科,下肢静脉血栓形成,心血管内科、血管外科,股三角区压痛、疼痛性股青肿、皮肤青紫色改变、下肢浅静脉曲张、小腿发胀、小腿下部色素沉着、脱屑、湿疹、局部静脉压痛、下肢皮肤营养性改变,长期从事持久站立、劳动、久坐的人,药物、手术治疗,根据不同医院，收费标准不一致，市三甲医院约（5000 —— 10000元）,否,0.002%,30%,1-2个月,https://tag.120ask.com/jibing/xzjmxsxc/
内科,心血管内科,沃纳综合征,心血管内科,皮肤老化、体型异常、鸟嘴样尖鼻、全身毛发呈灰白色、骨质疏松、肌肉萎缩、腱反射消失、皮肤硬化、消瘦、糖尿、视力障碍、眉毛变白,儿童（多见于有血缘婚姻的子代，尤以堂兄妹间结婚者的子代居多）,药物治疗,根据不同医院，收费标准不一致，市三甲医院约（3000 —— 8000元）,否,0.0003%,60%,100>,https://tag.120ask.com/jibing/wnzhz/
内科,心血管内科,水、电解质紊乱伴发的精神障碍,内分泌科、精神病科,脱水、幻觉、水中毒、精神障碍、瘫痪、抽搐、腱反射亢进、眩晕、震颤、胸闷、昏迷、心力衰竭,所有人群,药物治疗,根据不同医院，收费标准不一致，市三甲医院约2000-5000元,否,0.01%--0.05%,60%--80%,7--14天,https://tag.120ask.com/jibing/sdjzwlbfdjsza/
内科,心血管内科,下肢深静脉血栓形成,血管外科,下腔静脉血栓形成、下肢浅静脉曲张、疼痛性股青肿、疼痛性股白肿、腓肠肌压痛,所有人群,药物、手术治疗,根据不同医院，收费标准不一致，市三甲医院约（10000 —— 50000元）,否,0.004%-0.008%(50岁以上老年人群多见),,1-3个月,https://tag.120ask.com/jibing/xzsjmxsxc/
内科,心血管内科,无痛性心肌梗死,心血管内科,恶心呕吐、心慌气短、低血压、上腹不适、休克、牙痛、足趾痛、意识障碍、胸闷憋气、腹部不适、周身不适,老年人多见,药物治疗,根据不同医院，收费标准不一致，市三甲医院约（5000 —— 10000元）,否,0.002%,30%,7-14天,https://tag.120ask.com/jibing/wtxxjgs/
内科,心血管内科,无症状型心肌缺血,心血管内科,心电图异常、心绞痛、心肌梗死,多见于40岁以上的人,药物治疗,根据不同医院，收费标准不一致，市三甲医院约（5000 —— 10000元）,否,0.05%,80%,3-6月,https://tag.120ask.com/jibing/wzzxxjqx/
内科,心血管内科,四肢血栓性浅静脉炎,心血管内科,上肢及面部血管曲张、水肿、青紫、局部静脉压痛、局部静脉硬索状、结节,所有人群,药物、手术治疗,根据不同医院，收费标准不一致，市三甲医院约（5000 —— 10000元）,否,0.005%,60%,3个月,https://tag.120ask.com/jibing/szxsxqjmy/
内科,心血管内科,X综合征,心血管内科,胸痛、心绞痛、焦虑、抑郁,所有人群,药物治疗,根据不同医院，收费标准不一致，市三甲医院约2000-5000元,否,发病率约为0.006%--0.008%,,终身治疗,https://tag.120ask.com/jibing/xzhz/
内科,心血管内科,先天性动脉导管未闭,心胸外科,紫绀、呼吸困难、气促,所有人群,药物、手术治疗,根据不同医院，收费标准不一致，市三甲医院约（10000 —— 50000元）,否,0.001%-0.005%(占先天性心脏病的5%-10%),70%,3个月,https://tag.120ask.com/jibing/xtxdmdgwb/
内科,心血管内科,先天性二尖瓣畸形,心胸外科,震颤、湿啰音、收缩期杂音 、心力衰竭、第一心音亢进 、心音异常、抬举性搏动、房室管畸形、大动脉错位、房间隔缺损、室间隔缺损、左心流出道畸形,婴幼儿,手术治疗,根据不同医院，收费标准不一致，市三甲医院约（50000-100000元）,否,0.002%,50%,3个月,https://tag.120ask.com/jibing/xtxejbjx/
内科,心血管内科,先天性风疹,传染科,血小板减少性紫癜、肝脾肿大、斑丘疹 、心脏畸形、心力衰竭、胎儿宫内发育迟缓、白内障、皮肤瘀斑、耳聋、流产、死产、发烧,新生儿,药物治疗,根据不同医院，收费标准不一致，市三甲医院约（3000 —— 8000元）,是,0.00652%,75%,2-4周,https://tag.120ask.com/jibing/xtxfz/
内科,心血管内科,弹性假黄瘤,心血管内科,高血压、视网膜出血、视力障碍、关节松弛、结节、丘疹、皮损皮黄到橙色、心力衰竭、猝死、心肌梗死、上消化道出血、皮肤弹性差,所有群体,对症治疗,根据不同医院，收费标准不一致，市三甲医院约（1000-5000元）,否,0.0001%,75%,1-2个月,https://tag.120ask.com/jibing/dxjhl/
内科,心血管内科,荨麻疹性血管炎,心血管内科,发烧、风团、皮肤瘙痒、关节疼痛、关节肿胀、腹部不适、淋巴结肿大,所有人群,药物治疗,根据不同医院，收费标准不一致，市三甲医院约（3000 —— 8000元）,否,0.004%-0.005%,,1-3个月,https://tag.120ask.com/jibing/mzxxgy/
内科,心血管内科,先天性冠状动脉瘘,心血管内科,乏力、心悸、气短、水肿、呼吸困难、咯血、心力衰竭、心绞痛、震颤,新生儿,手术治疗、药物治疗,根据不同医院，收费标准不一致，市三甲医院约（3000 —— 8000元）,否,0.001%-0.002%,65%,1-3个月,https://tag.120ask.com/jibing/xtxgzdm/
内科,心血管内科,先天性主动脉瓣窦动脉瘤破裂,心胸外科,心力衰竭、主动脉窦破裂、股动脉枪击音、右心衰竭、心脏畸形、剧烈疼痛、胸闷、呼吸困难、水冲脉、震颤、颈静脉怒张、心室肥大,所有人群,药物治疗、手术治疗,根据不同医院，收费标准不一致，市三甲医院约5000-10000元,否,0.0004%,40%,3个月,https://tag.120ask.com/jibing/xtxzdmbdmlpl/
内科,心血管内科,吸烟中毒症,心血管内科、中医科,腹痛、咳嗽、胸闷、口臭、胃纳差、溃疡、消瘦、男性不育、尿失禁,长期吸烟患者,一般治疗、脱敏治疗,根据不同医院，收费标准不一致，市三甲医院约（1000 —— 5000元）,否,50岁以上患病概率0.80%,,治疗周期20-50天,https://tag.120ask.com/jibing/xyzdz/
内科,心血管内科,先天性心包缺如或缺损,心血管内科,胸闷、呼吸困难、头晕、晕厥、胸痛、心包破损伤、房间隔缺损、心脏杂音,儿童,病因治疗、对症治疗,根据不同医院，收费标准不一致，市三甲医院约（10000-50000元）,否,0.00001%,20%,4-8周,https://tag.120ask.com/jibing/xtxxbqrhqs/
内科,心血管内科,先天性主动脉瓣上狭窄,心胸外科,长段升主动脉发育不全、心悸、肋膜腔积水、先天性心脏传导、胸痛、头痛、收缩期震颤、咳嗽、主动脉窦破裂、升主动脉根部环状缩窄、呼吸异常、猝死,婴幼儿,手术治疗,根据不同医院，收费标准不一致，市三甲医院约（30000-50000元）,否,0.0035%,86%,1-3个月,https://tag.120ask.com/jibing/xtxzdmbsxz/
内科,心血管内科,小儿病态窦房结综合征,心血管内科,反应迟钝、疲乏、胸闷、心悸、疲劳、恶心与呕吐、呼吸异常、易激动、多尿、纳差、头晕、记忆力障碍,婴幼儿,药物治疗、手术治疗,根据不同医院，收费标准不一致，市三甲医院约（10000-30000元）,否,0.002%,40%,48天,https://tag.120ask.com/jibing/xebtfjzhz/
内科,心血管内科,先天性主动脉瓣下狭窄,心血管内科,呼吸异常、心律失常、股动脉枪击音、收缩期震颤、心音异常、先天性心脏传导、长段升主动脉发育不全、心脏杂音、心悸、肋膜腔积水、肺动脉杂音、主动脉窦破裂,婴幼儿,手术治疗,根据不同医院，收费标准不一致，市三甲医院约（30000-50000元）,否,0.001%,40%,1-2个月,https://tag.120ask.com/jibing/xtxzdmbxxz/
内科,心血管内科,小儿法洛四联症,心胸外科,蹲踞现象、杵状指（趾）、呼吸困难、肺动脉狭窄、室间隔缺损、主动脉弓右位、心室肥大、新生儿发绀、新生儿气促、收缩期杂音 、震颤、易昏厥,婴幼儿,药物治疗、手术治疗,根据不同医院，收费标准不一致，市三甲医院约（50000-100000元）,否,0.001%,30%,30天,https://tag.120ask.com/jibing/xeflslz/
内科,心血管内科,先天性主动脉弓畸形,心血管内科、心胸外科,紫绀、吞咽困难、呼吸急促、呼吸音粗糙、持续性咳嗽、呼吸困难、呼吸暂停、呕吐,婴幼儿,手术治疗,根据不同医院，收费标准不一致，市三甲医院约（30000-50000元）,否,先天性疾病，在新生儿患儿中发病率约0.01%--0.03%,,1-3年,https://tag.120ask.com/jibing/xtxzdmgjx/
内科,心血管内科,小儿房间隔缺损,心胸外科,乏力、新生儿气促、右心衰竭、左心衰竭、反复上呼吸道感染,婴幼儿,手术治疗,根据不同医院，收费标准不一致，市三甲医院约（30000-50000元）,否,0.00025%,70%,30天,https://tag.120ask.com/jibing/xefjgqs/
内科,心血管内科,小儿大动脉炎,儿科,高血压、无脉症、弱脉、血管杂音、纳差、肌肉萎缩、脑缺血、晕厥、心力衰竭、不明原因发热、眩晕、种植性结节,婴幼儿,药物治疗、手术治疗,根据不同医院，收费标准不一致，市三甲医院约（10000-30000元）,否,0.001%-0.002%,60%-75%,8-12周,https://tag.120ask.com/jibing/xeddmy/
内科,心血管内科,小儿低心排出量综合征,心血管内科,心率增快、血压下降、四肢发冷、发绀、脉压缩小、低血压、代谢性酸中毒、紫绀、少尿,儿童,药物治疗,根据不同医院，收费标准不一致，市三甲医院约（3000 —— 8000元）,否,0.001%,60%,1-3个月,https://tag.120ask.com/jibing/xedxpclzhz/
内科,心血管内科,小儿肥厚型心肌病,心血管内科,胸痛伴胸闷、心悸、心源性晕厥、呼吸困难、呼吸衰竭、心动过速、心室肥大、呼吸异常、紫绀、心尖搏动弥散,婴幼儿,药物治疗、手术治疗,根据不同医院，收费标准不一致，市三甲医院约（5000-10000元）,否,0.0001%-0.0002%,,终身治疗,https://tag.120ask.com/jibing/xefhxxjb/
内科,心血管内科,小儿迪格奥尔格综合征,儿科,反复感染、抽搐、低钙血症、左心流出道畸形、腹泻、轻度精神发育迟滞、体型异常、耳围凹陷、肺动脉闭锁、唇腭裂、眼距宽阔、步态不稳,儿童,手术治疗,根据不同医院，收费标准不一致，市三甲医院约（10000-50000元）,否,0.0001%-0.0003%,40-50%(手术治疗为主),1-3个月,https://tag.120ask.com/jibing/xedgaegzhz/
内科,心血管内科,限制型心脏病,心血管内科,颈静脉怒张、腿脚浮肿、腹胀、呼吸困难、阵发性夜间呼吸困难、肝肿大、腹水、胸部沉重感、心前区重压感、心脏扩大、咳嗽、咳痰,所有人群,药物、手术治疗,根据不同医院，收费标准不一致，市三甲医院约（10000 —— 50000元）,否,0.008%,70%,2-4月,https://tag.120ask.com/jibing/xzxxzb/
内科,心血管内科,小儿肺动脉高压,呼吸内科,婴儿喂养困难、生长缓慢、呼吸困难、易疲乏、心律失常、晕厥、呼吸异常、呼吸衰竭、呼吸急促、心前区隐痛、肝肿大、紫绀,婴幼儿,药物治疗,根据不同医院，收费标准不一致，市三甲医院约（5000-10000元）,否,0.1%--0.3%(多继发于呼吸道感染者),80%,4-8周,https://tag.120ask.com/jibing/xefdmgy/
内科,心血管内科,小儿动脉导管未闭,心血管外科,动脉导管未闭、三凹征、肝脏肿大、心脏杂音、呼吸窘迫综合症、手足多汗、新生儿心力衰竭、连续机器样杂音、收缩期杂音 、婴儿喂养困难、心脏肥大、肢端发绀,婴幼儿,药物治疗,根据不同医院，收费标准不一致，市三甲医院约（5000-10000元）,否,0.34%,74%,21天,https://tag.120ask.com/jibing/xedmdgwb/
内科,心血管内科,小儿白塞病,儿科,口腔溃疡、反复生殖器溃疡、角膜炎、黏膜损害、会阴溃疡、外阴溃疡、食欲下降、眼痛、疲劳、口、眼、生殖器损害、关节疼痛、颅内高压,婴幼儿,药物治疗,根据不同医院，收费标准不一致，市三甲医院约（500-1000元）,否,0.001%,35%,10-21天,https://tag.120ask.com/jibing/xebsb/
内科,心血管内科,小儿感染性心内膜炎,心血管内科,发烧、胸痛、咯血、头痛、偏瘫、心脏杂音、脓胸,婴幼儿,药物治疗、手术治疗,根据不同医院，收费标准不一致，市三甲医院约（5000-10000元）,否,0.002%,40%,3个月,https://tag.120ask.com/jibing/xegrxxnmy/
内科,心血管内科,小儿窦性心动过缓,心血管内科,精神萎靡、胸闷、抽搐、心律失常、心率过缓、晕厥、心动过缓、窦房传导阻滞,婴幼儿,药物治疗,根据不同医院，收费标准不一致，市三甲医院约（3000-5000元）,否,0.05%,95%,1-3月,https://tag.120ask.com/jibing/xexxdgh/
内科,心血管内科,小儿豹皮综合征,儿科,黑痣 、眼距宽阔、脊柱侧弯、斜视、脊柱后突、眼球震颤、心电图异常、斑疹、性腺发育不良、癫痫和癫痫样发作、骨囊肿、神经性耳聋,婴幼儿,对本病征目前尚无特殊治疗,根据不同医院，收费标准不一致，市三甲医院约（1000-3000元）,否,本病罕见，发病约为0.0001%--0.0002%,,3-5年，大部分需要终身治疗,https://tag.120ask.com/jibing/xebpzhz/
内科,心血管内科,小儿窦性心动过速,心血管内科,心悸、烦躁不安、拒食、运动耐力降低、心音微弱、心跳过速、心慌气短,婴幼儿,药物治疗,根据不同医院，收费标准不一致，市三甲医院约（500-1000元）,否,0.00352%,95%,3-6月,https://tag.120ask.com/jibing/xexxdgs/
内科,心血管内科,小儿病毒性心肌炎,儿内科,乏力、气短、心悸胸闷、面色苍白、意识丧失、发绀、抽搐、呼吸困难,儿童,药物治疗,根据不同医院，收费标准不一致，市三甲医院约（3000 —— 5000元）,是,本病多见于有轮状病毒腹泻史的小儿，发病率约为0.5%-1%,95%,4-8周,https://tag.120ask.com/jibing/xebdxxjy/
内科,心血管内科,小儿过敏症,儿内科,声音嘶哑、腹痛、低血压、恶心与呕吐、咳嗽、水肿、腹泻、瘙痒、焦虑、头晕、皮疹,儿童人群,药物治疗,根据不同医院，收费标准不一致，市三甲医院约（1000 —— 2000元）,否,0.12%,80%,1-3个月,https://tag.120ask.com/jibing/xegmz/
内科,心血管内科,小儿窦性心律失常,儿科,窦性心律失常一般不伴临床症状,婴幼儿人群,对症治疗,根据不同医院，收费标准不一致，市三甲医院约（500-1000元）,否,0.004%-0.007%,75%,1-3个月,https://tag.120ask.com/jibing/xexxlsc/
内科,心血管内科,小儿结核性心包炎,心血管内科,眼部感染、角膜混浊、疱疹、结膜充血、淋巴结结核、眼睑痉挛、鼻黏膜溃疡、小眼球、视力障碍、畏光及流泪、发烧、心包缩窄,婴幼儿,药物治疗、手术治疗,根据不同医院，收费标准不一致，市三甲医院约（3000-5000元）,是,婴幼儿患病概率0.0031%,,治疗周期270天,https://tag.120ask.com/jibing/xejhxxby/
内科,心血管内科,小儿脊髓前动脉综合征,心血管内科,神经根刺激、瘫痪、截瘫、排尿困难及尿潴留、感觉障碍、出汗异常、排便障碍,婴幼儿,病因治疗,根据不同医院，收费标准不一致，市三甲医院约（1000-5000元）,否,0.00012%,75%,30天,https://tag.120ask.com/jibing/xejsqdmzhz/
内科,心血管内科,小儿多源性房性心动过速,心血管内科,心跳过速、心律失常、心脏扩大、心力衰竭、烦躁不安、面色苍白、休克、心音异常、心悸、心慌气短,婴幼儿,药物治疗,根据不同医院，收费标准不一致，市三甲医院约（1000-5000元）,否,发病率约为0.0035%,70-80%,2-4周,https://tag.120ask.com/jibing/xedyxfxxdgs/
内科,心血管内科,小儿结节性多动脉炎,儿科,发烧、乏力、消瘦、腹痛、管型尿、肾功能衰竭、便血、脂肪泻、体重减轻、急腹症、黄疸、关节痛,婴幼儿,药物治疗,根据不同医院，收费标准不一致，市三甲医院约（1000-5000元）,否,0.0005%,95%,1-3月,https://tag.120ask.com/jibing/xejjxddmy/
内科,心血管内科,小儿尖端扭转型室性心动过速,心血管内科、儿内科,心律失常、面色灰暗、发绀、小儿哭闹不安、精神萎靡、心音异常、抽搐、晕厥、心脏杂音、心动过缓、心脏骤停,婴幼儿,异丙肾上腺素、阿托品、氯化钾、硫酸镁、利多卡因,根据不同医院，收费标准不一致，市三甲医院约（1000-5000元）,否,发病率约为0.002%--0.007%，多发生在心肌炎或者心肌病的患儿,60-80%,2-8周,https://tag.120ask.com/jibing/xejdnzxsxxdgs/
内科,心血管内科,小儿颈椎融合综合征,骨科,头颈部活动受限、痉挛性斜颈、后发际低、脊柱侧弯、颈部酸痛、肌肉萎缩、体型异常、短颈、斜视,婴幼儿,手术治疗,根据不同医院，收费标准不一致，市三甲医院约（5000-10000元）,否,0.00001%,20%,1--3个月,https://tag.120ask.com/jibing/xejzrhzhz/
内科,心血管内科,小儿软骨外胚层发育不全综合征,骨科,牙齿异常、指甲异常、毛发异常、软骨发育不良与骨骼畸形、心脏畸形、并指（趾）畸形、多指（趾）畸形、体型异常、初生婴儿即出现侏儒状态,婴幼儿,对症治疗,根据不同医院，收费标准不一致，市三甲医院约（10000-50000元）,否,0.0002%-0.0003%,,终身间歇性对症治疗,https://tag.120ask.com/jibing/xergwpcfybqzhz/
内科,心血管内科,小儿限制型心肌病,儿内科、心血管内科,颈静脉怒张、肝肿大、腹水、下肢水肿、咳嗽、咯血、呼吸困难、胸痛、脾肿大、心尖搏动弥散、紫绀、电生理异常,婴幼儿,对症治疗,根据不同医院，收费标准不一致，市三甲医院约（5000-10000元）,否,婴幼儿患病概率0.004%,,需要终身治疗,https://tag.120ask.com/jibing/xexzxxjb/
内科,心血管内科,小儿抗磷脂综合征,儿科,单侧下肢水肿、疼痛、累及多器官表现症状不同,儿童,药物治疗,根据不同医院，收费标准不一致，市三甲医院约（50000--100000元）,否,0.0025%,75%,1-3个月,https://tag.120ask.com/jibing/xeklzzhz/
内科,心血管内科,小儿室间隔缺损,心胸外科,心脏杂音、收缩期杂音 、疲劳、呼吸衰竭、心脏震颤、左心室肥厚、肺血增多、心律失常、呼吸异常、反复上呼吸道感染、发绀、肺积水,婴幼儿,药物治疗、手术治疗,根据不同医院，收费标准不一致，市三甲医院约（10000-50000元）,否,0.013%,40%,14天,https://tag.120ask.com/jibing/xesjgqs/
内科,心血管内科,小儿心房颤动,心血管内科,心悸、气急、胸闷、心音异常、慢性房颤、脉搏脱漏、休克、头晕、心律失常、晕厥、心音微弱、心力衰竭,婴幼儿,药物治疗、手术治疗,根据不同医院，收费标准不一致，市三甲医院约（5000-10000元）,否,0.01%,60--80%,1--3个月,https://tag.120ask.com/jibing/xexfcd/
内科,心血管内科,小儿克山病,心血管内科,心脏扩大、头痛、胸痛、出汗异常、恶心、呕吐、腹痛、眩晕,一般以农民子女及生育期妇女多见,药物治疗,根据不同医院，收费标准不一致，市三甲医院约（5000 —— 10000元）,否,0.02%,30%,1-3个月,https://tag.120ask.com/jibing/xeksb/
内科,心血管内科,小儿心房扑动,心血管内科,头晕、心悸、乏力、抽搐、晕厥、心音微弱、呼吸衰竭、心力衰竭、休克、交替脉、心脏杂音、昏迷,婴幼儿,药物治疗,根据不同医院，收费标准不一致，市三甲医院约（1000-5000元）,否,发病率约为0.005%，多见于心肌炎患儿,60%-70%,6-8周,https://tag.120ask.com/jibing/xexfpd/
内科,心血管内科,小儿扩张型心肌病,心血管内科,心力衰竭、心律失常、乏力、纳差、心动过速、呼吸困难、腹痛、少尿、电生理异常、水肿、呼吸异常、易昏厥,婴幼儿,药物治疗,根据不同医院，收费标准不一致，市三甲医院约（5000-10000元）,否,婴幼儿患病概率0.064%,,需要终身治疗,https://tag.120ask.com/jibing/xekzxxjb/
内科,心血管内科,小儿手-心畸形综合征,心血管内科,心脏畸形、心悸、心律失常、气短、乏力、心力衰竭,儿童人群,药物治疗,根据不同医院，收费标准不一致，市三甲医院约（10000-50000元）,否,0.05%,70%,3-6月,https://tag.120ask.com/jibing/xesxjxzhz/
内科,心血管内科,小儿马方综合征,心血管内科,蜘蛛指、肌张力降低、扁平足、高腭弓、脊柱裂、痴呆、游走肾、体型异常、腕征、视力障碍、胸廓异常、脊柱后突,发病率女多于男，无种族差异，多见于儿童,药物治疗、手术治疗,根据不同医院，收费标准不一致，市三甲医院约（1000-5000元）,否,0.05%,70%,2-4月,https://tag.120ask.com/jibing/xemfzhz/
内科,心血管内科,小儿特发性室性心动过速,心血管内科,心悸、胸闷、头晕、心慌气短、晕厥、呼吸衰竭、心脏杂音、胸痛、心力衰竭、舒张期奔马律、心前区隐痛、休克,婴幼儿,药物治疗,根据不同医院，收费标准不一致，市三甲医院约（3000 —— 8000元）,否,0.0005%,80%,2-4月,https://tag.120ask.com/jibing/xetfxsxxdgs/
内科,心血管内科,小儿烹调综合征,儿内科,头痛 流泪 眼眶疼痛 面部麻木 肩胛带“模拟瘫痪” 冷汗 心悸,儿童,中医药物治疗、西医药物治疗,根据不同医院，收费标准不一致，市三甲医院约（5000 —— 8000元）,否,0.001%-0.002%,65%,3-6个月,https://tag.120ask.com/jibing/xepdzhz/
内科,心血管内科,小儿心力衰竭,儿内科,呼吸急促、心动过速、心脏扩大、烦躁不安、嗜睡、乏力、呼吸困难、食欲下降、心室肥大、微循环障碍、营养不良、发绀,婴幼儿,药物治疗,根据不同医院，收费标准不一致，市三甲医院约（5000-10000元）,否,0.001%,10%,1-7天,https://tag.120ask.com/jibing/xexlsj/
内科,心血管内科,小儿完全性肺静脉异位连接,心血管内科,紫绀、生长缓慢、呼吸急促、劳力性呼吸困难、食欲异常、心脏杂音、呼吸异常、啰音、呼吸窘迫综合症、胸痛、全身持续性水肿、心绞痛,婴幼儿,药物治疗,根据不同医院，收费标准不一致，市三甲医院约1000-3000元,否,0.0001-0.0003%,65%,2--6个月,https://tag.120ask.com/jibing/xewqxfjmywlj/
内科,心血管内科,小儿皮肤黏膜淋巴结综合征,儿科,小儿发热、结膜充血、舌乳头增生、双足红肿热痛、皮肤弥漫潮红、发热伴有皮疹、颈部淋巴结肿大 、烦躁不安、发热伴有腹痛、腹泻、恶心、呕吐、口唇皲裂、口唇出血、头痛,婴幼儿,药物治疗,根据不同医院，收费标准不一致，市三甲医院约（1000-5000元）,否,0.0001%,85%,10-30天,https://tag.120ask.com/jibing/xepfmlbjzhz/
内科,心血管内科,小儿细胞外胆固醇沉着综合征,内分泌科,斑疹、丘疹、结节、多形红斑样皮疹、肝脾肿大、肝肿大、脱皮、脾肿大、色素异常,婴幼儿,药物治疗,根据不同医院，收费标准不一致，市三甲医院约（1000-5000元）,否,0.002%,40%,2个月,https://tag.120ask.com/jibing/xexbwdgcczzhz/
内科,心血管内科,小儿期前收缩,儿内科,心悸、心前区隐痛、心音异常、心跳很乱、头晕、心律失常、呼吸异常、眩晕、晕厥、昏迷、心脏杂音,婴幼儿,药物治疗,根据不同医院，收费标准不一致，市三甲医院约（500-1000元）,否,0.0001%,50--70%,3--8周,https://tag.120ask.com/jibing/xeqqss/
内科,心血管内科,小儿心面综合征,儿科,嘴角降肌发育不良、面部畸形、一侧颜面肥大,所有人群,手术治疗,根据不同医院，收费标准不一致，市三甲医院约2000-5000元,否,0.04%-0.08%,40%(外科手术治疗为主),1-3个月,https://tag.120ask.com/jibing/xexmzhz/
内科,心血管内科,小儿下腔静脉阻塞综合征,血管外科,肝肿大、腹水、下肢浅静脉曲张、心悸、气急、肝功能异常、黄疸、肾病综合征、湿疹、瘙痒、脾肿大、血尿,婴幼儿,病因治疗、对症治疗,根据不同医院，收费标准不一致，市三甲医院约（5000-10000元）,否,婴幼儿发病率约为0.001%-0.002%,,2-3个月,https://tag.120ask.com/jibing/xexqjmzszhz/
内科,心血管内科,小儿血管-骨肥大综合征,骨外科,单侧先天性青光眼、眼球内陷、结膜毛细血管扩张、虹膜缺损、肢体肥大、内脏肥大、并指(趾)、脊柱裂、皮肤色素沉着,儿童人群,对症治疗,根据不同医院，收费标准不一致，市三甲医院约10000--50000,否,0.001%,50%,2个月,https://tag.120ask.com/jibing/xexggfdzhz/
内科,心血管内科,小儿洋地黄中毒,心血管内科,恶心与呕吐、心律失常、昏迷、嗜睡、黄视、瞳孔固定、腹痛、幻觉,儿童人群,药物治疗,根据不同医院，收费标准不一致，市三甲医院约5000--10000,否,0.001%,85%,10天,https://tag.120ask.com/jibing/xeydhzd/
内科,心血管内科,小儿先天性主动脉瓣狭窄,儿内科,猝死、呼吸困难、疲劳、收缩期杂音、收缩期震颤、心力衰竭 心前区隐痛,儿童,手术治疗,根据不同医院，收费标准不一致，市三甲医院约（50000 —— 150000元,否,婴幼儿患病概率0.49%,,手术治疗周期14天,https://tag.120ask.com/jibing/xextxzdmbxz/
内科,心血管内科,小儿血管角质瘤综合征,儿科,紫癜、角膜混浊、烧灼性疼痛、阵发性腹痛、出汗减少、抽搐、心律失常、偏瘫、腹泻、肾功能衰竭、高热、瘫痪,儿童（该病多为男性发病，女性是病态基因携带者）,药物治疗,根据不同医院，收费标准不一致，市三甲医院约（5000 —— 20000元）,否,0.003%-0.005%,45%-65%,3-6个月,https://tag.120ask.com/jibing/xexgjzlzhz/
内科,心血管内科,心包内恶性畸胎瘤,心血管内科,心律失常、心绞痛、心动过速、心包积液、胸痛、胸部刺痛、心前区不适感,所有人群,手术治疗,根据不同医院，收费标准不一致，市三甲医院约（30000 —— 80000元）,否,0.001%,30%,3个月,https://tag.120ask.com/jibing/xbnexjtl/
内科,心血管内科,小儿预激综合征,心血管内科,心动过速、面色苍白、精神萎靡、食欲不振、心音异常、血流迟缓、心律失常、心脏增大、心音微弱、猝死,儿童,药物治疗,根据不同医院，收费标准不一致，市三甲医院约（1000 —— 5000元）,否,0.0001%,3%,1-10天,https://tag.120ask.com/jibing/xeyjzhz/
内科,心血管内科,心房内传导阻滞,心血管内科,胸闷、窦性停搏、头晕、晕厥,所有人群,药物治疗,根据不同医院，收费标准不一致，市三甲医院约5000--10000,否,发病率约为0.002%-0.003%,80%,1-3个月,https://tag.120ask.com/jibing/xfncdzz/
内科,心血管内科,心包囊肿,心血管内科,心悸、咳嗽、气短,所有人群,药物治疗,根据不同医院，收费标准不一致，市三甲医院约（3000 —— 8000元）,否,0.001%,80%,10-30天,https://tag.120ask.com/jibing/xbnz/
内科,心血管内科,小儿阵发性室上性心动过速,心血管内科,心率增快、拒食、面色苍白、心悸、新生儿气促、心跳过速、QRS波宽大畸形、呼吸异常、发绀、呼吸衰竭、周身出汗、小儿哭闹不安,儿童,药物治疗,根据不同医院，收费标准不一致，市三甲医院约（1000 —— 5000元）,否,0.02%,85%,4-8%,https://tag.120ask.com/jibing/xezfxssxxdgs/
内科,心血管内科,心房内折返性心动过速,心血管内科,心悸、胸闷、心动过速,所有人群,药物治疗,根据不同医院，收费标准不一致，市三甲医院约（3000 —— 8000元）,否,0.001%-0.002%(可由本病直接导致预激综合征),90%(射频消融治疗),3-6个月,https://tag.120ask.com/jibing/xfnzfxxdgs/
内科,心血管内科,心包囊肿与心包憩室,心血管内科,胸痛、胸闷、气短、心悸、纵隔囊肿、心力衰竭、上肢及面部血管曲张、水肿及青紫,所有群体,手术治疗,根据不同医院，收费标准不一致，市三甲医院约（5000-10000元）,否,0.001%,70%,10-30天,https://tag.120ask.com/jibing/xbnzyxbs/
内科,心血管内科,小儿阵发性室性心动过速,儿科,心跳过速、烦躁不安、心悸、胸闷、头晕、舒张期奔马律、呼吸衰竭、心律失常、呼吸异常、舒张晚期奔马律、逆向型房室折返性心动过速、心力衰竭,婴幼儿,药物治疗,根据不同医院，收费标准不一致，市三甲医院约（1000-5000元）,否,0.01%,70%,1-3个月,https://tag.120ask.com/jibing/xezfxsxxdgs/
内科,心血管内科,心包切开术后综合征,心血管内科,术后发热、乏力、胸痛、心包积液、发烧,所有群体,对症治疗,根据不同医院，收费标准不一致，市三甲医院约（5000-10000元）,否,0.005%,60%,1个月,https://tag.120ask.com/jibing/xbqkshzhz/
内科,心血管内科,小儿致心律失常性右室心肌病,心内科,心悸、胸闷、黑蒙、晕厥,儿童人群,药物治疗,根据不同医院，收费标准不一致，市三甲医院约5000--12000,否,0.0003%,70%,1-3个月,https://tag.120ask.com/jibing/xezxlscxysxjb/
内科,心血管内科,心房扑动与心房颤动,心内科,心律失常、心慌气短、心音异常,高血压患者、老年人、冠心病患者,中医药物治疗,根据不同医院，收费标准不一致，市三甲医院约（5000-20000元）,否,0.1%,75%,2-4周,https://tag.120ask.com/jibing/xfpdyxfcd/
内科,心血管内科,心包胸腺瘤,心血管内科,心包积液、心包填塞、颈静脉怒张、下肢水肿、心率增快、心排血量减少、重症肌无力、心音遥远、休克、肝肿大、心音异常,所有群体,手术治疗,根据不同医院，收费标准不一致，市三甲医院约（5000-10000元）,否,0.05%,80%,3-5月,https://tag.120ask.com/jibing/xbxxl/
内科,心血管内科,小儿自律性房性心动过速,心血管内科,烦躁不安、新生儿气促、多汗症、心悸、心脏杂音、逆向型房室折返性心动过速、舒张晚期奔马律、心慌气短、心力衰竭、舒张期奔马律、呼吸衰竭、心律失常,婴幼儿,药物治疗,根据不同医院，收费标准不一致，市三甲医院约（5000-10000元）,否,0.005%,85%,1-3周,https://tag.120ask.com/jibing/xezlxfxxdgs/
内科,心血管内科,心房心肌梗死,心血管内科,血栓性赘生物、心律失常、微血栓形成、心慌气短、心肌梗死,所有群体,药物治疗,根据不同医院，收费标准不一致，市三甲医院约（5000-10000元）,否,0.54%,,需要终身间歇性对症治疗,https://tag.120ask.com/jibing/xfxjgs/
内科,心血管内科,心包肿瘤,心胸外科、肿瘤科,有胸部疼痛、发热、干咳和气急、,成年人,手术治疗、药物治疗,根据不同医院，收费标准不一致，市三甲医院约（10000 —— 50000元）,否,0.0002%,60%,2-4月,https://tag.120ask.com/jibing/xinbaozhongliu/
内科,心血管内科,哮喘持续状态,呼吸内科,呼吸急促、心动过速、哮鸣音、意识障碍、血压下降、三凹征、出汗多、张口呼吸,哮喘患者,药物治疗,根据不同医院，收费标准不一致，市三甲医院约（5000 —— 8000元),否,继发与哮喘之上，占哮喘发病率的4%-7%,60%-70%,1-3个月,https://tag.120ask.com/jibing/xccxzt/
内科,心血管内科,心功能障碍,心血管内科,心慌及心前区不适、心动过速、夜间呼吸困难,中老年人,药物治疗,根据不同医院，收费标准不一致，市三甲医院约（3000 —— 8000元）,否,0.004%,75%,2-4个月,https://tag.120ask.com/jibing/xingongnengzhangai/
内科,心血管内科,心包转移瘤,心胸外科,呼吸困难、心脏增大、颈静脉怒张、奇脉、低血压、胸腔积液、咳嗽、胸痛,原有肿瘤患者,手术、放射治疗,根据不同医院，收费标准不一致，市三甲医院约（10000 —— 50000元）,否,0.002%,60%,2个月,https://tag.120ask.com/jibing/xbzyl/
内科,心血管内科,心动过速性心肌病,心血管内科,心律失常、心悸、休克、心动过速、晕厥、心脏扩大、胸闷、慢性房颤,所有群体,药物治疗,暂无,否,0.05%,75%,30天,https://tag.120ask.com/jibing/xdgsxxjb/
内科,心血管内科,心包间皮瘤,心血管内科、心胸外科,胸骨后疼痛、端坐呼吸、呼吸困难、颈静脉怒张、下肢水肿、乏力、心包积液、肝肿大、发烧、心脏僵硬、胸痛,多见于30～50岁，男女发病数之比为2∶1,手术治疗,根据不同医院，收费标准不一致，市三甲医院约（50000 —— 100000元）,否,0.002%,60%,2-4周,https://tag.120ask.com/jibing/xbjpl/
内科,心血管内科,心肌梗塞并发二尖瓣关闭不全,心血管内科,血压下降、休克、心力衰竭、收缩期杂音,所有人群,药物治疗,根据不同医院，收费标准不一致，市三甲医院约（3000 —— 8000元）,否,0.001%,70%,10-15天,https://tag.120ask.com/jibing/xjgsbfejbgbbq/
内科,心血管内科,心-耳综合征,心血管内科,耳聋、短程的晕厥发作、胸闷、心悸、嗅觉或躯体感觉异常、眩晕、苍白、出汗、发绀、全身抽搐、大小便失禁、恶心、呕吐、头痛、全身不适,所有人群,药物、手术治疗,根据不同医院，收费标准不一致，市三甲医院约（10000 —— 50000元）,否,发病率约为0.0005%-0.0008%，中老年多见,,1-3个月,https://tag.120ask.com/jibing/xezhz/
内科,心血管内科,心肌梗塞并发心室间隔穿破,心血管内科,心脏结构异常、室间隔缺损、心率过缓、心力衰竭、左胸痛、右心室流出道、心脏破裂、心前区隐痛、突发性疼痛、左心室肥厚、心绞痛、呼吸异常,所有人群,药物治疗、手术治疗,根据不同医院，收费标准不一致，市三甲医院约（5000 —— 20000元）,否,0.04%,80%,4周,https://tag.120ask.com/jibing/xjgsbfxsjgcp/
内科,心血管内科,心肌梗死后心包炎,心血管内科,心前区隐痛、胸膜摩擦音、心包积液、胸痛、发烧、心包压塞,所有群体,药物治疗、手术治疗,根据不同医院，收费标准不一致，市三甲医院约（5000-10000元）,否,0.01%,60%,3个月,https://tag.120ask.com/jibing/xjgshxby/
内科,心血管内科,心肌梗塞并发左心室室壁瘤,心血管内科、心胸外科,心绞痛、心力衰竭、脉压差低、心悸、左心衰竭、心率过缓、心律失常、反向搏动、心音异常、猝死,所有人群,药物治疗、手术治疗,根据不同医院，收费标准不一致，市三甲医院约（30000 —— 50000元）,否,0.05%,60%,3-5月,https://tag.120ask.com/jibing/xjgsbfzxssbl/
内科,心血管内科,心肌桥,心血管内科,心绞痛、胸痛、心律失常、猝死、心肌梗死,所有人群,药物治疗、手术治疗,据不同医院，收费标准不一致，市三甲医院约3000-5000元,否,0.004%,50%,1-3个月,https://tag.120ask.com/jibing/xinjiqiao/
内科,心血管内科,心室肌致密化不全,心血管内科,心律失常、左心衰竭、微血栓形成、眼球震颤、体循环淤血、克汀病面容、顽固性心功能不全,所有人群,药物治疗,根据不同医院，收费标准不一致，市三甲医院约（1000 —— 5000元）,否,0.0004%,75%,2-4月,https://tag.120ask.com/jibing/xsjzmhbq/
内科,心血管内科,心源性休克,急诊科、心血管内科,烦躁不安、面色苍白、血压下降、恐惧、皮肤苍白、发绀、心率增快、表情淡漠、反应迟钝、意识模糊、无力、脉搏细速,所有群体,药物治疗,根据不同医院，收费标准不一致，市三甲医院约（5000-10000元）,否,7%～10%(急性心肌梗死患者心源性休克发病率在7%～10%),30%,1个月,https://tag.120ask.com/jibing/xyxxk/
内科,心血管内科,心尖肥厚型心肌病,心血管内科,胸痛、胸闷、心悸、头晕、乏力、心音异常、收缩期杂音 、心尖搏动弥散、猝死,所有群体,药物治疗,根据不同医院，收费标准不一致，市三甲医院约（5000-10000元）,否,0.012%,10%,30天,https://tag.120ask.com/jibing/xjfhxxjb/
内科,心血管内科,心源性哮喘,呼吸内科,夜间憋醒、被迫端坐呼吸、频频咳嗽、气促、发绀、大汗淋漓、手足厥冷、咳出粉红色泡沫性痰、心悸胸闷,心脏病患者,药物治疗、支持疗法,根据不同医院，收费标准不一致，市三甲医院约（20000 —— 50000元）,否,老人年患者中发病率约0.2%--0.3%,60%,1-2年,https://tag.120ask.com/jibing/xyxxc/
内科,心血管内科,心脏横纹肌瘤,心血管内科,心脏杂音、心脏增大、心律失常、发绀、指甲很短、猝死、心包积液、水肿,所有群体,手术治疗,根据不同医院，收费标准不一致，市三甲医院约（10000-50000元）,否,0.0006%,85%,3-6个月,https://tag.120ask.com/jibing/xzhwjl/
内科,心血管内科,心室静止,心血管内科,心悸、心绞痛、心源性晕厥、心脏骤停、心脏性猝死,所有人群,药物治疗,根据不同医院，收费标准不一致，市三甲医院约1000-3000元,否,50岁以上中老年人群中本病的发生率约为0.001%-0.002%,40%,1-3周,https://tag.120ask.com/jibing/xsjz/
内科,心血管内科,心脏内粘液瘤,心血管外科,心悸、气短、呼吸困难、眩晕、晕厥、咳痰、咯血、发热、贫血,所有人群,手术治疗、西药治疗,根据不同医院，收费标准不一致，市三甲医院约（80000--120000元）,否,0.002%,60%,4-6月,https://tag.120ask.com/jibing/xznzyl/
内科,心血管内科,心厥,心血管内科,呼吸困难、抽搐、眩晕、头晕、易昏厥、心脏骤停、心脏性猝死、意识丧失,所有人群,药物治疗,根据不同医院，收费标准不一致，市三甲医院约（4000 —— 8000元）,否,0.5%,85%,1-3月,https://tag.120ask.com/jibing/xin/
内科,心血管内科,心室内传导阻滞,心血管内科,心音异常、QRS时限延长,所有群体,病因治疗,根据不同医院，收费标准不一致，市三甲医院约（1000-5000元）,否,50岁以上中老年人群中本病发病率约为0.005%-0.01%,75%,1-3个月,https://tag.120ask.com/jibing/xsncdzz/
内科,心血管内科,心脏黏液瘤,心胸外科,发烧、贫血、关节疼痛、食欲不振、体重减轻、乏力、恶病质、进食困难、咯血,成人最常见的原发性良性心脏肿瘤,手术治疗,根据不同医院，收费标准不一致，市三甲医院约（50000 —— 100000元）,否,0.05%,80%,2-4月,https://tag.120ask.com/jibing/xzyl/
内科,心血管内科,心室扑动和心室颤动,心血管内科,抽搐、意识障碍、昏迷、面色青紫、脑缺血、瞳孔异常、面色苍白、室颤阈值降低、右心室流出道、心脏骤停、室颤、Q-T间期延长,所有群体,病因治疗、对症治疗,根据不同医院，收费标准不一致，市三甲医院约（5000-10000元）,否,0.005%，高血压老年人发病率可达2%,60%,1-2周,https://tag.120ask.com/jibing/xspdhxscd/
内科,心血管内科,心脏乳头样弹性纤维瘤,心血管内科,心力衰竭、不明原因发热、心绞痛、偏瘫、一过性脑缺血、心肌梗死,所有人群,手术治疗,根据不同医院，收费标准不一致，市三甲医院约（50000 ——100000元）,否,0.001%,50%,10-15天,https://tag.120ask.com/jibing/xzrtydxxwl/
内科,心血管内科,心内膜弹性纤维增生症,心血管内科,心力衰竭、呼吸困难、面色苍白、口唇发绀、肝肿大、呼吸异常、心律失常、紫绀、啰音、发烧、恶心与呕吐、脾肿大,儿童,药物治疗,根据不同医院，收费标准不一致，市三甲医院约（10000-50000元）,否,0.001%,75%,30天,https://tag.120ask.com/jibing/xnmdxxwzsz/
内科,心血管内科,心血虚,中医科,面色苍白、心悸胸闷、耳鸣耳聋、心烦易惊、失眠、健忘、眩晕、唇舌色淡,所有人群,药物治疗,根据不同医院，收费标准不一致，市三甲医院约（2000 —— 5000元）,否,0.001%,85%,10天,https://tag.120ask.com/jibing/xinxuexu/
内科,心血管内科,胸痹,中医科,疼痛、胸闷、胸部隐痛、压榨样绞痛、心悸、气短、面色苍白、冷汗,所有群体,药物治疗、,根据不同医院，收费标准不一致，市三甲医院约（500-1000元）,否,0.05%--0.09%(多见于50岁以上人群),75-85%,6-8周,https://tag.120ask.com/jibing/xiongbi/
内科,心血管内科,心气虚,中医科,面色苍白、倦怠肢冷、头昏、耳鸣、心慌、气短、乏力、畏寒、自汗,所有人群,药物治疗,根据不同医院，收费标准不一致，市三甲医院约（1000 —— 3000元）,否,0.001%,98%,15-30天,https://tag.120ask.com/jibing/xinqixu/
内科,心血管内科,心阳虚,中医科、心内科,畏寒、四肢发冷、面色灰暗、胸闷胸痛、大汗昏晕、心悸、弱脉、口唇青紫、呼吸微弱、神志模糊、昏迷,老年人,药物治疗、支持疗法,根据不同医院，收费标准不一致，市三甲医院约（5000 —— 10000元）,否,0.001%,50-60%,20-30天,https://tag.120ask.com/jibing/xinyangxu/
内科,心血管内科,心脏神经症,心血管内科,心悸、胸痛、气短、乏力、呼吸困难、失眠、多梦、头痛头晕、易激动、全身乏力、注意力涣散、记忆力下降、自觉心跳、胸闷气急、心前区不适及疼痛,"大多为青壮年,20-40岁多见,更年期妇女更多见",药物、心理治疗,根据不同医院，收费标准不一致，市三甲医院约（1000 —— 5000元）,否,0.0006%,60%,1-3个月,https://tag.120ask.com/jibing/xzsjz/
内科,心血管内科,心脏脂肪瘤,心胸外科,气短、心律失常、发热,本病无性别差异，可发生在0～77岁的任何年龄,手术治疗,根据不同医院，收费标准不一致，市三甲医院约（30000 —— 80000元）,否,0.0004%,30%,14--21天,https://tag.120ask.com/jibing/xzzfl/
内科,心血管内科,心原性肝硬化,肝病科,黄疸、全身乏力、纳差、恶心呕吐、呕血、蜘蛛痣、腹水、颈静脉怒张、腹壁静脉怒张、脾大、心悸胸闷,肝病患者,药物治疗、支持疗法,根据不同医院，收费标准不一致，市三甲医院约（3000 —— 8000元）,否,0.0004%,,终身间歇性对症治疗,https://tag.120ask.com/jibing/xyxgyh/
内科,心血管内科,心脏骤停与心肺脑复苏,急诊科,心脏骤停、眩晕、晕厥、意识丧失、抽搐、发绀,所有人群,药物治疗、手术治疗、心肺脑复苏,根据不同医院，收费标准不一致，市三甲医院约50000-80000元,否,多见于溺水以及原有心脏疾病的患者0.005%-0.008%,40-60%,1-3个月,https://tag.120ask.com/jibing/xzztyxfnfs/
内科,心血管内科,新生儿心肌炎,新生儿科,小儿发热、乏力、拒食、房室传导阻滞、奔马律心音、胸痛伴胸闷、心悸、惊厥、呕吐、少尿、肝肿大、腹泻,新生儿,药物治疗,根据不同医院，收费标准不一致，市三甲医院约（3000 —— 8000元）,否,0.08%-0.1%,60%,30天,https://tag.120ask.com/jibing/xsexjy/
内科,心血管内科,心脏转移性恶性黑色素瘤,心血管内科,呼吸困难、心动过速、心源性水肿、淤血性心衰、心绞痛、心律失常、心包积液,所有人群,周围支持疗法、放疗,根据不同医院，收费标准不一致，市三甲医院约（10000-50000元）,否,0.003%,30%,2-4月,https://tag.120ask.com/jibing/xzzyxexhssl/
内科,心血管内科,血痹,中医科、皮肤科,毛发脱落、汗闭现象、皮肤肥厚、皮肤硬化、皮肤变薄、发亮,中老年人,中医药物治疗,根据不同医院，收费标准不一致，市三甲医院约（800 —— 1200元）,否,0.001%,30%,30天,https://tag.120ask.com/jibing/xuebi/
内科,心血管内科,新生儿心律失常,心血管内科,心律失常、呕吐、眩晕、疲劳、奔马律心音、心脏杂音、头昏、心悸伴乏力、面色苍白、心动过缓、拒食、嗜睡、贫血,新生儿,药物治疗,根据不同医院，收费标准不一致，市三甲医院约（1000 —— 5000元）,否,0.03%,20%,1-7天,https://tag.120ask.com/jibing/xsexlsc/
内科,心血管内科,血疸,中医科,贫血貌、黄疸,新生儿,溶血性贫血、溶血性黄疸,根据不同医院，收费标准不一致，市三甲医院约（3000 —— 8000元）,否,10%-20%(上述为婴幼儿发病比例),95%,1-2岁,https://tag.120ask.com/jibing/xue/
内科,心血管内科,夜间哮喘,呼吸内科,夜间或凌晨喘息、哮鸣音、呼吸气促、胸闷、咳嗽、发绀、鼻痒、喷嚏、流清涕,儿童、青少年,药物治疗、支持疗法,根据不同医院，收费标准不一致，市三甲医院约（3000 —— 5000元）,否,0.005%,40%,1-4个月,https://tag.120ask.com/jibing/yjxc/
内科,心血管内科,血管神经性水肿,心血管内科、神经内科,周身不适、寒战、发热水肿、皮下组织水肿、突发、无痛的局部水肿,可见于任何年龄，但以青年居多,药物治疗,根据不同医院，收费标准不一致，市三甲医院约（3000 —— 8000元）,否,0.13%,90%,7-10天,https://tag.120ask.com/jibing/xgsjxsz/
内科,心血管内科,胸降主动脉动脉瘤,血管外科,胸痛、呼吸困难、咯血、声音嘶哑,所有人群,手术治疗、药物治疗,根据不同医院，收费标准不一致，市三甲医院约50000--80000,否,0.002%,40%,2-4个月,https://tag.120ask.com/jibing/xjzdmdml/
内科,心血管内科,休克型肺炎,呼吸内科,肺部感染、休克、咳嗽、咳痰、面色苍白、冷汗淋漓、周身不适、血压下降、手足厥冷、脉搏细速、口唇发绀、发绀,所有群体,药物治疗,根据不同医院，收费标准不一致，市三甲医院约（5000-10000元）,否,0.001%,30%,7-14天,https://tag.120ask.com/jibing/xkxfy/
内科,心血管内科,一度房室传导阻滞,心血管内科,心音异常,所有群体,病因治疗、对症治疗,根据不同医院，收费标准不一致，市三甲医院约（50-100元）,否,0.003%,80%,2-4月,https://tag.120ask.com/jibing/ydfscdzz/
内科,心血管内科,乙状窦血栓性静脉炎,血管外科,畏寒、寒战、高热、耳后疼痛、枕部疼痛、颈部疼痛,所有人群,药物治疗,根据不同医院，收费标准不一致，市三甲医院约（1000-5000元）,否,0.012%,60%,10-30天,https://tag.120ask.com/jibing/yzxsxjmy/
内科,心血管内科,血管运动性鼻炎,耳鼻喉科,鼻溢液、阵发性鼻塞、打喷嚏、流清涕、息肉、间歇性鼻阻塞、鼻内发痒、嗅觉障碍、头昏、粘膜充血、鼻粘膜苍白水肿,所有群体,药物治疗,根据不同医院，收费标准不一致，市三甲医院约（500-1000元）,否,人群患病概率12%,,治疗周期15天,https://tag.120ask.com/jibing/xgydxby/
内科,心血管内科,胸主动脉夹层动脉瘤,心胸外科,截瘫、休克、腹痛、恶心与呕吐、胸痛、剧烈疼痛、背痛、放射性疼痛、持续性疼痛、皮肤苍白、出汗异常、紫绀,所有群体,手术治疗,根据不同医院，收费标准不一致，市三甲医院约（5000-10000元）,否,0.0005%,3-5%,1-3个月,https://tag.120ask.com/jibing/xzdmjcdml/
内科,心血管内科,鹦鹉热衣原体肺炎,呼吸内科,发烧、头痛、寒战、咯血、身痛、小儿发热、脾肿大、呼吸衰竭、咳血痰、心音异常、肝肿大、肺源性呼吸困难,所有群体,药物治疗,根据不同医院，收费标准不一致，市三甲医院约（1000-5000元）,否,0.003%,60%,2-4个月,https://tag.120ask.com/jibing/ryytfy/
内科,心血管内科,血劳,中医科,寒战、高热、贫血、肝脾肿大,成年人,中医药物治疗、西医药物治疗,根据不同医院，收费标准不一致，市三甲医院约（500 —— 1000元）,否,0.0005%,80%,30天,https://tag.120ask.com/jibing/xuelao/
内科,心血管内科,支气管中心性肉芽肿病,呼吸内科,发烧、咳嗽、胸痛、黏液脓性痰、乏力、肉芽肿、血管炎、嗜酸性粒细胞增多、炎性细胞浸润、气短,所有群体,药物治疗,根据不同医院，收费标准不一致，市三甲医院约（1000-5000元）,否,0.002%,40%,3个月,https://tag.120ask.com/jibing/zqgzxxryzb/
内科,心血管内科,血栓闭塞性脉管炎,心血管内科,肢端凉、小腿酸痛、间歇性跛行、静息痛、小腿肌肉萎缩、皮肤干燥、足背及胫后动脉搏动减弱、紫绀、溃疡、血栓肌化、血流迟缓、足趾发凉怕冷，呈苍白色或紫红色,中老年人,药物治疗、手术治疗,根据不同医院，收费标准不一致，市三甲医院约（5000-10000元）,否,0.03%，多见于吸烟者,70%,2-4周,https://tag.120ask.com/jibing/xsbsxmgy/
内科,心血管内科,右室心肌梗死,心血管内科,颈静脉怒张、肝肿大、心律失常、心脏性猝死、心源性胸痛、心源性晕厥、休克、右心功能不全、低血压、左心室腔容量增大、心慌气短,所有群体,对症治疗,根据不同医院，收费标准不一致，市三甲医院约（5000-10000元）,否,0.003%,60%,4周,https://tag.120ask.com/jibing/ysxjgs/
内科,心血管内科,药物性呼吸衰竭,呼吸内科,呼吸困难、昏迷、呼吸异常、烦躁不安、呼吸性碱中毒、呼吸速率减慢且规则、心脏功能突然失代偿、肺癌胸水、劳力性呼吸困难、气息异常、代谢性酸中毒、叹息样呼吸,所有群体,对症治疗,根据不同医院，收费标准不一致，市三甲医院约（5000-10000元）,否,0.001%,70%,10--21天,https://tag.120ask.com/jibing/ywxhxsj/
内科,心血管内科,脂肪栓塞综合征,急诊科,呼吸衰竭、昏迷、暴发性痛、持续性发热、嗜睡、乏力、抽搐、呼吸不规则、呼吸困难、皮肤出血点,外伤、骨折后常见,饮食、药物治疗,根据不同医院，收费标准不一致，市三甲医院约（3000 —— 8000元）,否,0.002%,60%,1-3个月,https://tag.120ask.com/jibing/zfsszhz/
内科,心血管内科,右束支传导阻滞,心血管内科,右束支传导阻滞本身不产生明显的血流动力学异常故临床上常无症状,所有群体,药物治疗、手术治疗,根据不同医院，收费标准不一致，市三甲医院约（500-1000元）,否,0.003%-0.005%(50岁以上中老年人群发病率约为0.4%-0.5%),70%,1-3个月,https://tag.120ask.com/jibing/yszcdzz/
内科,心血管内科,盐敏感性高血压,心血管内科,血压波动大、高血压,盐摄入量大者,药物治疗,根据不同医院，收费标准不一致，市三甲医院约（3000 —— 8000元）,否,0.02%,80%,2--6个月,https://tag.120ask.com/jibing/ymgxgxy/
内科,心血管内科,右心房与下腔静脉平滑肌瘤,心胸外科,月经量多、盆腔肿块、心慌气短、肝肿大、动静脉短路现象、右心功能不全、核分裂象增多、局部静脉压痛、腹痛、少尿、腹水、心悸,所有群体,手术治疗,根据不同医院，收费标准不一致，市三甲医院约（5000-10000元）,否,0.001%-0.003%,70%,1-2个月,https://tag.120ask.com/jibing/yxfyxqjmphjl/
内科,心血管内科,阵发性室性心动过速,心血管内科,心悸、心慌、胸闷、气短、心慌气短、猝死、无法数清每分钟脉搏次数、舒张期奔马律、头或颈部发胀及跳动感、心力衰竭、QRS波宽大畸形、呼吸异常,所有群体,药物治疗、手术治疗,根据不同医院，收费标准不一致，市三甲医院约（5000-10000元）,否,人群患病概率13%,,治疗周期终身用药,https://tag.120ask.com/jibing/zfxsxxdgs/
内科,心血管内科,原发性高血压,心血管内科,高血压、头痛、头胀、头晕、呕吐、心悸、眩晕、眼底异常、蛋白尿、肾功能衰竭、恶心、厌食,所有群体,药物治疗,根据不同医院，收费标准不一致，市三甲医院约（3000-5000元）,否,原发性高血压跟遗传有关，患病人群一般在10%左右，50岁以上患者在15%左右。,,治疗周期比较长，需要长期服药。,https://tag.120ask.com/jibing/yfxgxy/
内科,心血管内科,主动脉瓣膜部狭窄,心胸外科,心力衰竭、心脏杂音、低血压、紫绀、心肌肥厚、左心衰竭、呼吸急促、喂食困难、气急、皮肤苍白、收缩期杂音 、乏力,所有群体,手术治疗,根据不同医院，收费标准不一致，市三甲医院约（10000-30000元）,否,发病率约为0.004%-0.006%，多见于风湿热患者,,1-3个月,https://tag.120ask.com/jibing/zdmbmbxz/
内科,心血管内科,原发性下肢静脉瓣膜关闭不全,骨外科,小腿下部色素沉着、脱屑、湿疹、下肢肿胀和乏力、小腿发胀、下肢久立时出现膨胀性剧烈疼痛、下肢皮肤营养性改变、下肢浅静脉曲张,所有群体,手术治疗,根据不同医院，收费标准不一致，市三甲医院约（5000-10000元）,否,长期站立工作如交警、教师职业人群发病率约为0.004%--0.007%,,3-6个月,https://tag.120ask.com/jibing/yfxxzjmbmgbbq/
内科,心血管内科,肢端肥大症性心肌病,心血管内科,头痛、腰酸背痛、糖尿、心律失常、生长激素分泌过多、疲乏、腰背酸痛、唇厚舌大、精神萎靡、精神变态、视力障碍、嗜睡,所有群体,药物治疗,根据不同医院，收费标准不一致，市三甲医院约（5000-10000元）,否,0.002%-0.003%,"40%,多以对症治疗为主",终身间歇性治疗,https://tag.120ask.com/jibing/zdfdzxxjb/
内科,心血管内科,原发性心脏淋巴瘤,心胸外科,心源性胸痛、心律失常、上肢及面部血管曲张、水肿及青紫,所有人群,化学治疗、药物治疗,根据不同医院，收费标准不一致，市三甲医院约（10000-50000元）,否,0.005%,50%,1-3周,https://tag.120ask.com/jibing/yfxxzlbl/
内科,心血管内科,主动脉瓣狭窄合并关闭不全,心胸外科,收缩期震颤、心前区隆起、心悸、肺血增多、促脉、心瓣膜病变、呼吸异常、起搏频率增高、股动脉枪击音、紫绀、升主动脉根部环状缩窄、主动脉窦破裂,所有群体,药物治疗、手术治疗,根据不同医院，收费标准不一致，市三甲医院约（10000-50000元）,否,0.005%,70%,3-5月,https://tag.120ask.com/jibing/zdmbxzhbgbbq/
内科,心血管内科,纵隔疝,心胸外科,纵隔病变、气胸、呼吸困难、紫绀,所有群体,药物治疗,根据不同医院，收费标准不一致，市三甲医院约（10000-30000元）,否,0.001%,60%,10-30天,https://tag.120ask.com/jibing/zongge/
内科,心血管内科,原发性心脏肿瘤,心胸外科,咯血、心律失常、肺含水量增加、恶心与呕吐、休克、心悸、昏迷、心力衰竭、晕厥、胸闷、气急、颈静脉充盈,所有群体,药物治疗,根据不同医院，收费标准不一致，市三甲医院约（5000-10000元）,否,0.001%,40%,1-3个月,https://tag.120ask.com/jibing/yfxxzzl/
内科,心血管内科,致心律失常性右室心肌病,心血管内科,心悸、乏力、劳力性呼吸困难、下肢水肿,中老年人,药物治疗,根据不同医院，收费标准不一致，市三甲医院约（3000 —— 10000元）,否,0.01%,30%,10-30天,https://tag.120ask.com/jibing/zhixlscxysxjb/
内科,心血管内科,原发性直立性低血压,心血管内科,出汗异常、低血压、眼球震颤、腱反射亢进、发音障碍、锥体束病损、感觉障碍、智能减退、直立性低血压晕厥、夜尿增多、脑缺血、脑缺氧,所有群体,药物治疗,根据不同医院，收费标准不一致，市三甲医院约（500-1000元）,否,发病率约为0.002%-0.007%,65%,1-3个月,https://tag.120ask.com/jibing/yfxzlxdxy/
内科,心血管内科,中暑衰竭,急诊科,高热、头晕、神志模糊、心慌、休克、昏迷、抽搐、恶心与呕吐、脱水,所有人群,药物治疗、支持疗法（冷水湿敷）,根据不同医院，收费标准不一致，市三甲医院约（3000 —— 5000元）,否,0.005%--0.01%,60--80%,15--30天,https://tag.120ask.com/jibing/zssj/
内科,心血管内科,主-肺动脉隔缺损,心胸外科,肺动脉瓣区可听到喷射音、肺动脉狭窄、心悸、促脉、呼吸异常、紫绀、肺动脉杂音、猝死、咳嗽、气急、乏力、水冲脉,所有群体,手术治疗,根据不同医院，收费标准不一致，市三甲医院约（10000-50000元）,否,0.01%,40%,3个月,https://tag.120ask.com/jibing/zfdmgqs/
内科,心血管内科,肿瘤性心包炎,心血管内科,呼吸困难、胸痛、肝肿大、咳嗽、心前区隆起、心脏僵硬、收缩期和舒张期杂音、心包积液体征、血性渗液、心率过缓、心包膜发炎、呼吸异常,所有群体,手术治疗,根据不同医院，收费标准不一致，市三甲医院约（5000-10000元）,否,0.0012%,75%,1-2个月,https://tag.120ask.com/jibing/zlxxby/
内科,心血管内科,早期复极综合征,心血管内科,心悸、头晕、疲劳、心前区隐痛、胸痛,所有人群,药物治疗,根据不同医院，收费标准不一致，市三甲医院约（3000 —— 8000元）,否,0.0001%,75%,10-30天,https://tag.120ask.com/jibing/zqfjzhz/
内科,心血管内科,椎动脉创伤性栓塞,心血管内科,眩晕、共济失调、吞咽困难、面部麻木、眼球运动障碍、四肢瘫痪、面神经瘫痪、感觉障碍,所有群体,对症治疗,根据不同医院，收费标准不一致，市三甲医院约（1000-5000元）,否,0.0001%,70%,10天,https://tag.120ask.com/jibing/zdmcsxss/
内科,心血管内科,周围动脉栓塞,心血管内科,下肢放射痛、感觉障碍、疲乏、肢体疼痛、肢体发凉、肢体或躯干麻木、感觉过敏、运动功能障碍、无力、足背动脉搏动消失、足背及胫后动脉搏动减弱、腘动脉搏动减弱或消失,所有群体,药物治疗、手术治疗,根据不同医院，收费标准不一致，市三甲医院约（5000-10000元）,否,0.01%,60%,1-2个月,https://tag.120ask.com/jibing/zwdmss/
内科,心血管内科,真菌性心包炎,心血管内科,心包膜发炎、呼吸困难、心前区隐痛、心脏扩大、胸腔积液、隐球菌感染  、心率过缓、心包积液体征、心脏压塞征象、淋巴结肿大、胸部大片斑块、缩窄性心包炎,所有群体,药物治疗,根据不同医院，收费标准不一致，市三甲医院约（5000-10000元）,否,本病多见于HIV患者以及自身体质极度低下患者，发病率约为0.004%-0.006%,45%-75%,3-6个月,https://tag.120ask.com/jibing/zjxxby/
内科,心血管内科,自发性血胸,心胸外科,血性胸水、头痛、血胸、呼吸异常、心律失常、咳嗽、眩晕、气胸、心包积液、突肤挺胸、心悸、脉搏快而弱,所有群体,药物治疗、手术治疗,根据不同医院，收费标准不一致，市三甲医院约（1000-5000元）,否,0.001%,10%,2-4周,https://tag.120ask.com/jibing/zfxxx/
内科,心血管内科,主动脉瓣闭锁不全,心血管内科,心悸、心前区隐痛、呼吸困难、端坐呼吸、心脏杂音、心力衰竭、点头征、胸痛、猝死、心脏增大,所有群体,药物治疗、手术治疗,根据不同医院，收费标准不一致，市三甲医院约（50000-100000元）,否,0.004%-0.005%,65%(外科手术治疗),1-3个月,https://tag.120ask.com/jibing/zdmbbsbq/
内科,心血管内科,自律性房性心动过速,心血管内科,胸闷、心悸、头晕、休克、低血压、心动过速,所有群体,药物治疗,根据不同医院，收费标准不一致，市三甲医院约（1000-5000元）,否,本病发病率约为0.003%--0.005%,70-80%,6-12周,https://tag.120ask.com/jibing/zlxfxxdgs/
内科,心血管内科,足穿通性损害,疼痛科,溃疡、汗闭现象,多见于30～50岁之间的男性,药物治疗,根据不同医院，收费标准不一致，市三甲医院约（500-1000元）,否,发病率约为0.005%-0.007%,75%,4-8周,https://tag.120ask.com/jibing/zctxsh/
内科,心血管内科,左后分支传导阻滞,心血管内科,晕厥、抽搐、不完全性房内阻滞、房内传导阻滞,所有群体,病因治疗,根据不同医院，收费标准不一致，市三甲医院约（1000-5000元）,否,0.001%,10%,14天,https://tag.120ask.com/jibing/zhfzcdzz/
内科,心血管内科,左前分支传导阻滞,心血管内科,本身无明显的临床症状与体征,男、女发病比约为4∶1，男性较多见。发病年龄为15～88岁，男性发病年龄平均为61.41岁，女性为59.83岁。,病因治疗,根据不同医院，收费标准不一致，市三甲医院约（1000-5000元）,否,0.003%,70%,10-30天,https://tag.120ask.com/jibing/zqfzcdzz/
内科,心血管内科,左束支传导阻滞,心血管内科,一般无明显症状与体征,所有群体,病因治疗,根据不同医院，收费标准不一致，市三甲医院约（1000-5000元）,否,0.001%,78%,10-30天,https://tag.120ask.com/jibing/zszcdzz/
内科,心血管内科,左束支中隔支传导阻滞,心血管内科,本身不产生明显血流动力学障碍故临床上常无症状,所有群体,病因治疗,根据不同医院，收费标准不一致，市三甲医院约（1000-5000元）,否,0.0021%,90%,3-6月,https://tag.120ask.com/jibing/zszzgzcdzz/
内科,心血管内科,左心发育不良,心胸外科,紫绀、气急、呼吸困难、呼吸急促、休克、低氧血症,婴幼儿,药物治疗、手术治疗,根据不同医院，收费标准不一致，市三甲医院约（3000 —— 8000元）,否,0.01%--0.02%,50%(手术治疗),3-5个月,https://tag.120ask.com/jibing/zxfybl/
内科,心血管内科,左心房心律,心内科,心悸 、头晕 、低血压、 出汗异常、 胸闷 、晕厥,所有人群,药物治疗,根据不同医院，收费标准不一致，市三甲医院约（5000-10000元）,否,0.1%-0.3%,50%,50天,https://tag.120ask.com/jibing/zxfxl/
内科,心血管内科,左心室恶性施万瘤,心胸外科、肿瘤科,心力衰竭、晕厥、心律失常、左心室肥厚、心悸、休克、气急,所有群体,手术治疗,根据不同医院，收费标准不一致，市三甲医院约（5000-10000元）,否,0.0003%,78%,1-2个月,https://tag.120ask.com/jibing/zxsexswl/
内科,心血管内科,老年人原发性恶性高血压引起的,心血管内科,大量蛋白尿、眼睑和或下肢浮肿、心界扩大、高血压,多发生在40～50岁以上的人群,药物治疗,根据不同医院，收费标准不一致，市三甲医院约（3000 —— 8000元）,否,0.0005%,40%,3个月,https://tag.120ask.com/jibing/lnryfxexgxyyqdexxdms/
内科,心血管内科,高血压病伴发的精神障碍,精神心理科,有高血压病史出现头部不适、情绪易激惹 、兴奋不安或抑郁、少数患者可出现幻觉和妄想,高血压患者,西药治疗、中药治疗,根据不同医院，收费标准不一致，市三甲医院约（10000 —— 50000元）,否,0.003%,40%,30天,https://tag.120ask.com/jibing/gxybbfdjsza/
内科,心血管内科,心血管疾病伴发的精神障碍,心血管内科,焦虑、抑郁、易激动、脑衰弱综合征、幻听、意识障碍、气短、易激惹、紧张、恐惧、被害妄想、恶心,所有人群,药物治疗,根据不同医院，收费标准不一致，市三甲医院约（3000 —— 8000元）,否,0.005%,40%,3个月,https://tag.120ask.com/jibing/xxgjbbfdjsza/
内科,心血管内科,高原肺水肿,呼吸内科,胸闷、心悸、呼吸困难、吐泡沫痰、疲乏、恶心与呕吐、干咳、指甲床发绀、口唇发绀、低热、面色苍白、皮肤湿冷,所有人群,药物治疗,根据不同医院，收费标准不一致，市三甲医院约10000--30000,否,0.0035%,70%,4-6周,https://tag.120ask.com/jibing/gyfsz/
内科,心血管内科,双主动脉弓,血管外科,主动脉弓右位、大动脉错位、呼吸窘迫综合症、反复上呼吸道感染、吞咽困难,所有人群,手术治疗,根据不同医院，收费标准不一致，市三甲医院约（20000 —— 60000元）,否,0.0005%--0.0008%,60-80%(外科手术治疗),3个月,https://tag.120ask.com/jibing/szdmg/
内科,心血管内科,蝉联现象,心血管内科,心悸、气紧、呼吸困难,有冠心病、高血压者,手术治疗,根据不同医院，收费标准不一致，市三甲医院约（20000 —— 30000元）,否,0.001%-0.002%,,>120天(终身间歇性治疗),https://tag.120ask.com/jibing/clxx/
内科,心血管内科,风湿性心脏瓣膜病,心内科,心慌、气促、胸闷、反复咳嗽、头晕、咯血、晕厥、心前区痛、浮肿,风湿性病史患者,手术治疗、西药治疗、中药治疗,根据不同医院，收费标准不一致，市三甲医院约5000--8000元,否,0.024%,65%,1-2个月,https://tag.120ask.com/jibing/fsxxzbmb/
内科,心血管内科,心脏瓣膜病,心内科,瓣膜增厚 、心瓣膜病变、 老年性震颤、 第三心音奔马律、 心悸 、心力衰竭,所有人群,药物治疗、手术治疗,根据不同医院，收费标准不一致，市三甲医院约（30000 —— 50000元）,否,0.012%,75%,30天,https://tag.120ask.com/jibing/xzbmb/
内科,心血管内科,慢性心衰,心血管内科,劳力性呼吸困难、端坐呼吸、夜间阵发性呼吸困难、乏力、疲倦、头昏、心慌,原有基础疾病患者,药物治疗、生活调理,根据不同医院，收费标准不一致，市三甲医院约10000--20000元,否,0.006%,60%,2周--2月,https://tag.120ask.com/jibing/mxxs/
内科,心血管内科,turner综合征,儿科,身材矮小、智力低下、性腺不发育、骨骼畸形,女性婴儿,药物治疗,根据不同医院，收费标准不一致，市三甲医院约（50000-100000元）,否,0.04%,50%,15年,https://tag.120ask.com/jibing/turnerzgz/
内科,心血管内科,主动脉假性动脉瘤,心胸外科,胸痛、血压下降,50岁以上的肥胖及吸烟人群,手术治疗、药物治疗,根据不同医院，收费标准不一致，市三甲医院约1-4万元,否,0.003%-0.005%,35-65%,1-3个月,https://tag.120ask.com/jibing/zdmjxdml/
内科,心血管内科,主动脉硬化,心血管内科,高血压、心悸、气促、呼吸困难,50岁以上的老年人群，喜事,药物治疗,根据不同医院，收费标准不一致，市三甲医院约4000-6000元,否,60岁以上老年人群发病率可达10%,70%-80%,4-8周,https://tag.120ask.com/jibing/zdmyh/
内科,心血管内科,主动脉缩窄,心血管内科,胸闷、心悸、气促、呼吸困难,60岁以上老年人群多见,手术治疗、药物治疗,根据不同医院，收费标准不一致，市三甲医院约20000-30000,否,0.5%-2.5%，随着年龄的增加，本病发生率也增加,40%，本病多以控制症状治疗为主,1-2年,https://tag.120ask.com/jibing/zdmsz/
内科,心血管内科,主肺动脉间隔缺损,心胸外科,口唇青紫、呼吸困难、胸闷气促、咳嗽,母体孕期接触放射线者所生的子女多发,手术治疗、药物治疗,根据不同医院，收费标准不一致，市三甲医院约3-5万元,否,0.01%-0.05%,60%,1-2年,https://tag.120ask.com/jibing/zfdmqs/
内科,心血管内科,二尖瓣脱垂综合症,心血管内科、心胸外科,胸闷、胸痛、呼吸困难、咯血、面色发绀,50岁以上老年人,药物治疗、手术治疗,根据不同医院，收费标准不一致，市三甲医院约2-5万元,否,0.5%-1.5%,40%,1-3月,https://tag.120ask.com/jibing/ejbzhz/
内科,心血管内科,低丙球蛋白血症,血液科,免疫功能低下、容易感冒、发热,免疫功能低下的人群,药物治疗,根据不同医院，收费标准不一致，市三甲医院约50000-60000元,否,0.002%-0.003%,75%,4-8周,https://tag.120ask.com/jibing/dbqdbxz/
内科,心血管内科,先天性心包缺损,外科,胸痛、头晕、出汗、气短,青少年,手术治疗、药物治疗,根据不同医院，收费标准不一致，市三甲医院约（20000 — 30000元）,否,0.1%,98%,15天,https://tag.120ask.com/jibing/xtxxbqs/
内科,心血管内科,冠状动脉造影,外科的心外科,胸痛、心律失常、发作时心率增快、血压升高表情焦虑、皮肤冷、出汗,40岁以后的老年人,药物治疗、手术治疗、物理治疗、放疗、化疗,根据不同医院，收费标准不一致，市三甲医院约2000-8000,否,5%,98%,60天,https://tag.120ask.com/jibing/gzdmzy/
内科,心血管内科,动脉疾病,心血管内科,胸闷、胸痛、呼吸困难,50岁以上老年人群,药物治疗,根据不同医院，收费标准不一致，市三甲医院约2000-5000元,否,5.5%,70%,1-3月,https://tag.120ask.com/jibing/dmb/
内科,心血管内科,动静脉畸形,外科,消化道出血、进行性神经功能障碍、抽搐,所有人群,立体定向放射治疗、保守治疗、手术治疗,根据不同医院，收费标准不一致，市三甲医院约（30000 —— 50000元）,否,0.001%,65%,30-90天,https://tag.120ask.com/jibing/djmjx/
内科,心血管内科,劳累性心绞痛,心内科,心前区疼痛、表情焦虑、皮肤苍白、出汗,40岁以上中老年人,药物治疗,根据不同医院，收费标准不一致，市三甲医院约1000--3000元,否,0.3%,86%,7-10天,https://tag.120ask.com/jibing/llxxjt/
内科,心血管内科,原发性心脏恶性肿瘤,肿瘤科、心胸外科,呼吸困难、胸痛、新前去异常波动,免疫功能低下者好发,药物治疗、手术治疗,根据不同医院，收费标准不一致，市三甲医院约2-5万元,否,0.005%-0.01%,55%-65%,1-3月,https://tag.120ask.com/jibing/yfxxzexzl/
内科,心血管内科,右位心,心胸外科,一般无症状,先天性发育异常者多见,无特殊治疗,根据不同医院，收费标准不一致，市三甲医院检查费约1000-2000元,否,0.003%-0.005%,70%,1-4周,https://tag.120ask.com/jibing/ywx/
内科,心血管内科,右室双出口,心胸外科,胸闷、心慌、呼吸困难、咳嗽,先天性心脏病家族史者好发,药物治疗、手术治疗,根据不同医院，收费标准不一致，市三甲医院约30000-50000元,否,0.002%-0.005%,40%,1-2月,https://tag.120ask.com/jibing/yssck/
内科,心血管内科,围产期心肌病,妇产科,心脏扩大、进行性加重的劳力性呼吸困难、紫绀、下肢水肿,孕产妇,药物治疗,5000-10000元,否,0.023%,10%,30天,https://tag.120ask.com/jibing/wcxjb/
内科,心血管内科,复杂性先天性心脏病,心血管内科,胸闷、心悸、心慌、气促、呼吸困难,60岁以上老年人,药物治疗,根据不同医院，收费标准不一致，市三甲医院约10000-30000元,否,0.1%-1%,60%,1-3个月,https://tag.120ask.com/jibing/fzxtxzb/
内科,心血管内科,完全性心内膜垫缺损,内科,紫绀、呼吸困难、反复上呼吸道感染、喂养困难、体重不增、多汗,婴幼儿,手术治疗,根据不同医院，收费标准不一致，市三甲医院约（5000 —— 10000元）,否,0.0001%,10%,20天,https://tag.120ask.com/jibing/wqxxnmdqs/
内科,心血管内科,家族性肺动脉高压,内科,呼吸困难、乏力、咯血,老年人,药物治疗,根据不同医院，收费标准不一致，市三甲医院约（10000——20000元）,否,0.1%,80%,30天,https://tag.120ask.com/jibing/jzxfdmgy/
内科,心血管内科,寄生虫性心肌炎,感染科,胸闷、气促、呼吸困难、心悸,长期进食野生食物者多见,药物治疗,根据不同医院，收费标准不一致，市三甲医院约2000-4500元,否,0.5%-0.6%,75%,1-2月,https://tag.120ask.com/jibing/jscxxjy/
内科,心血管内科,左室双出口,心血管内科,心慌、气促、呼吸困难,高血压、心脏病人群多见,药物治疗、手术治疗,根据不同医院，收费标准不一致，市三甲医院约4000-6000元,否,0.5%-2%,45%,8-12周,https://tag.120ask.com/jibing/zssck/
内科,心血管内科,延迟性心因性反应,心血管内科,心悸、心慌、胸闷、气促、呼吸困难,缺乏体育运动的年轻人,药物治疗,根据不同医院，收费标准不一致，市三甲医院约3000-5000元,否,0.5%-1%,75%,1-2年,https://tag.120ask.com/jibing/ycxxyfy/
内科,心血管内科,心室停搏,心内科或急诊科,意识丧失、心音消失、晕厥、胸痛,60岁以上老年人,电除颤治疗、药物治疗,10000-20000元,否,60岁以上人群发病率约为3%,55%,1-2年,https://tag.120ask.com/jibing/xstb/
内科,心血管内科,心源性猝死,急诊科、心血管内科,胸痛、咯血、呼吸困难、晕厥、黑朦,60岁以上有心脏疾病的老年人,电除颤治疗,根据不同医院，收费标准不一致，市三甲医院约5000-20000元,否,60岁以上原有高血压疾病的患者发病率约为5%,,1-2个月,https://tag.120ask.com/jibing/xyxcs/
内科,心血管内科,心肌致密化不全,心血管内科,胸闷、心前区疼痛、咯血、呼吸困难,体质低下的人群好发,药物治疗,根据不同医院，收费标准不一致，市三甲医院约1-2万元,否,2%,65%-80%,1-2月,https://tag.120ask.com/jibing/xjzmhbq/
内科,心血管内科,心脏异位,心胸外科,胸闷、气促、部分患者不影响正常功能无任何症状,近亲结婚所生子女,手术治疗、药物治疗,根据不同医院，收费标准不一致，市三甲医院约2-3万元,否,0.005%-0.006%,75%-90%,1-3个月,https://tag.120ask.com/jibing/xzyw/
内科,心血管内科,心脏瓣膜性疾病,心血管内科,全身水肿、心慌、端坐呼吸、气促、呼吸困难,60岁以上老年人群,药物治疗,根据不同医院，收费标准不一致，市三甲医院约6000-10000元,否,1%-3%,75%,1-4周,https://tag.120ask.com/jibing/xzbmxjb/
内科,心血管内科,急性心因性反应,急诊科、心内科,胸闷、心悸、气促、心慌,60岁以上老年人群,药物治疗,根据不同医院，收费标准不一致，市三甲医院约2000-5000元,否,0.5%-1.0%,80%-90%,4-8周,https://tag.120ask.com/jibing/jxxyxfy/
内科,心血管内科,房内阻滞,心血管内科,心悸、胸闷、气促、呼吸困难,高血压、心血管疾病者好发,药物治疗,根据不同医院，收费标准不一致，市三甲医院约2000-3000元,否,0.06%-0.1%,70%,1-3月,https://tag.120ask.com/jibing/fnzz/
内科,心血管内科,房颤,心血管内科,心慌、胸闷、气促、心悸不适,50岁以上老年人,药物治疗,根据不同医院，收费标准不一致，市三甲医院2000-5000元,否,0.5%-1%,75%,1-2月,https://tag.120ask.com/jibing/fc/
内科,心血管内科,扩张性心肌病,心内科,气短、乏力、呼吸困难,50岁以上中老年人,药物治疗,2000-5000元,否,0.1%,1%,10-15天,https://tag.120ask.com/jibing/kuozxxjb/
内科,心血管内科,持续性房颤,心内科,心悸、眩晕、心前区不适,60岁以上老年人,药物治疗,根据不同医院，收费标准不一致，市三甲医院约（2000 —— 5000元）,否,0.1%,60%,2-4周,https://tag.120ask.com/jibing/cxxfc/
内科,心血管内科,无症状性心肌缺血,心血管内科,心悸、胸闷,重体力活动者多见,药物治疗,根据不同医院，收费标准不一致，市三甲医院约5000-8000元,否,0.5%-1.0%,75%,8-12周,https://tag.120ask.com/jibing/wuzzxxjqx/
内科,心血管内科,无顶冠状静脉窦综合征,心外科,轻度发绀、活动后心悸、胸闷、气短,成年人,手术治疗、药物治疗,根据不同医院，收费标准不一致，市三甲医院约（5000—— 10000元）,否,0.001%,20%,30天,https://tag.120ask.com/jibing/wdgzjmzhz/
内科,心血管内科,永久性房颤,心血管内科,心悸、胸闷、呼吸困难,60岁以上心血管疾病的老年人,药物治疗,根据不同医院，收费标准不一致，市三甲医院约5000-20000元,否,0.5%-2.0%,,终身间歇性治疗,https://tag.120ask.com/jibing/yjxfc/
内科,心血管内科,法洛氏五联症,心胸外科,面唇青紫、口唇发绀、呼吸困难,近亲结婚家族史所生子女多见,药物治疗、手术治疗,根据不同医院，收费标准不一致，市三甲医院约5-8万元,否,0.05%-0.1%,45%,1-3个月,https://tag.120ask.com/jibing/flswlz/
内科,心血管内科,混合性心绞痛,心内科,心前区疼痛、心悸、气短、紫绀,中老年人,药物治疗,500-2000元,否,0.3%,80%,7-10天,https://tag.120ask.com/jibing/hhxxjt/
内科,心血管内科,特发性肺动脉高压,呼吸内科,口唇青紫、呼吸困难、端坐呼吸、喘息,有家族遗传史者好发,药物治疗,根据不同医院，收费标准不一致，市三甲医院约50000-10000元,否,0.003%-0.005%,,终身治疗,https://tag.120ask.com/jibing/tfxfdmgy/
内科,心血管内科,甘油三酯高,内分泌科,烦躁、怕热、多汗、心悸、打鼾,喜食油腻者好发,药物治疗,根据不同医院，收费标准不一致，市三甲医院约2000-5000元,否,10%,75%,1-3年,https://tag.120ask.com/jibing/gyszg/
内科,心血管内科,生长激素缺乏,矮身材科、内分泌科,身材矮小、消瘦、性发育落后,缺乏运动的青少年,药物治疗,根据不同医院，收费标准不一致，市三甲医院约4-5万元,否,0.5%-1%,60%,1-3年,https://tag.120ask.com/jibing/szjsqf/
内科,心血管内科,病窦,心血管内科,心率减慢、心律不齐,40岁以上的高血压患者多见,药物治疗,根据不同医院，收费标准不一致，市三甲医院约3000-6000元,否,0.5%-2.5%,40%,1-3年,https://tag.120ask.com/jibing/bd/
内科,心血管内科,稳定性心绞痛,心内科,心前区疼痛、乏力、气短,45岁以上人群,药物治疗、介入治疗,根据不同医院，收费标准不一致，市三甲医院约（2000 ——10000元）,否,5-8%,30-50%,30--90天,https://tag.120ask.com/jibing/wdxxjtg/
内科,心血管内科,紫绀型先天性心脏病,心外科,皮肤、黏膜紫绀、活动后加剧、乏力、手指、足趾呈鼓槌样改变,婴幼儿,手术治疗、药物治疗,根据不同医院，收费标准不一致，市三甲医院约（10000 —— 30000元）,否,0.001%,60%,30天,https://tag.120ask.com/jibing/zgxxtxxzb/
内科,心血管内科,老年抑郁症,精神科,心境低落、思维迟缓、活动减少、睡眠障碍、食欲减退、体重下降、性欲减退、便秘,老年人,药物治疗、心理治疗,1000-3000元,否,0.01%,20%,30天,https://tag.120ask.com/jibing/lnyyzheng/
内科,心血管内科,自发性心绞痛,心内科,大汗、疼痛、恐惧,中老年人群,药物治疗,根据不同医院，收费标准不一致，市三甲医院约（3000 —— 5000元),否,2%,99%,10天,https://tag.120ask.com/jibing/zfxxjt/
内科,心血管内科,阵发性房颤,心血管内科,心慌、胸闷、心悸,60岁以上的中老年人群,药物治疗,根据不同医院，收费标准不一致，市三甲医院约5000-10000元,否,0.35%-0.5%,50%,1-2月,https://tag.120ask.com/jibing/zfxfc/
内科,心血管内科,陈旧性心肌梗死,心内科,心绞痛、胸闷、心悸、气促,中老年人群,介入治疗、药物治疗,根据不同医院，收费标准不一致，市三甲医院约（1000 —— 5000元）,否,0.01%,30%,15天,https://tag.120ask.com/jibing/cjxxjgs/
内科,心血管内科,非紫绀型先天性心脏病,心胸外科,胸闷、面唇青紫、心力衰竭,近亲结婚的人群患者多见,手术治疗、药物治疗,根据不同医院，收费标准不一致，市三甲医院约3-5万元,否,0.05-1.0%,65%,1-3月,https://tag.120ask.com/jibing/fzgxxtxxzb/
内科,心血管内科,顽固性心力衰竭,心内科,胸闷、心悸、呼吸困难、气促,心脏病患者多见,药物治疗,根据不同医院，收费标准不一致，市三甲医院约5000-8000元,否,0.35%-1%,65%,8-12周,https://tag.120ask.com/jibing/wgxxlsj/
内科,心血管内科,马凡氏综合征,骨科,双下肢不等长、双上肢不等长、行动困难,具有本病家族史患者多见,手术治疗、药物治疗,根据不同医院，收费标准不一致，市三甲医院约4000-15000元,否,0.003%-0.006%,45%,终身间歇性治疗,https://tag.120ask.com/jibing/mfszh/
内科,心血管内科,心动过缓,心内科,头晕、一过性眼黑、乏力、心悸、胸闷、气短、有时心前区有冲击感,健康的成人，尤其是运动员、老年人,药物治疗,根据不同医院，收费标准不一致，市三甲医院约（500--2000元）,否,20岁以上患病概率5%,,国内最认可的有效治疗手段的该病治疗周期3周,https://tag.120ask.com/jibing/xdgh/
内科,心血管内科,肺动脉闭锁,胸外科,心悸、气短、紫绀,婴幼儿,手术治疗、药物治疗,10000--30000元,否,0.0001%,30%,15天,https://tag.120ask.com/jibing/fdmbs/
内科,心血管内科,急性冠脉综合征,心血管内科,胸痛、气促、呼吸困难,高血压、关性病者多见,药物治疗,根据不同医院，收费标准不一致，市三甲医院约4000-6000元,否,0.5%-1.5%,60%,1-3年,https://tag.120ask.com/jibing/jxgmzhz/
内科,心血管内科,急性肺水肿,内科,胸闷、恐惧、咳嗽、呼吸困难,有心脏病史的人群,一般疗法、药物疗法、手术疗法,根据不同医院，收费标准不一致，市三甲医院约5000-10000元,否,心脏病史的人群的患病率2%,70%,20天,https://tag.120ask.com/jibing/jxfsz/
内科,心血管内科,高血压性心脏病,内科,头疼、胸闷、视物模糊、头重脚轻,既往患有高血压的患者,一般疗法、饮食疗法、运动疗法、药物疗法,根据不同医院，收费标准不一致，市三甲医院约3000-10000元,否,既往患有高血压的病人的患病比率40%,60%,60天,https://tag.120ask.com/jibing/gxyxxzb/
内科,心血管内科,隐匿型冠状动脉粥样硬化性心脏,心内科,突然出现胸痛、胸闷、面色苍白、出汗、心律失常、昏厥,中老年人,药物治疗、手术治疗,根据不同医院，收费标准不一致，市三甲医院约（3000—— 8000元）,否,0.01%,30%,15天,https://tag.120ask.com/jibing/ynxgzdmzyyhxxzb/
内科,心血管内科,心内膜垫缺损,心血管外科,呼吸功能衰竭、 呼吸急促、 房间隔缺损、 反复上呼吸道感染,婴幼儿,手术治疗、药物治疗,根据不同医院，收费标准不一致，市三甲医院约（10000 —— 20000元）,否,0.1%,98%,1年,https://tag.120ask.com/jibing/xnmdqs/
内科,心血管内科,老年人高血压,内科,头痛、头晕、头胀、恶心、呕吐、耳鸣、眼花、健忘、注意力不集中,60岁以上老年人,药物治疗,根据不同医院，收费标准不一致，市三甲医院约（500 —— 1000元）,否,12.4%,,10天,https://tag.120ask.com/jibing/lnrgxy/
内科,心血管内科,老年人心肌梗死,内科,烦躁不安、出汗、恐惧、心绞痛、恶心、呕吐,老年人,一般疗法、药物疗法、物理疗法,根据不同医院，收费标准不一致，市三甲医院约2000-10000元,否,老年人的患病率5%,70%,10天,https://tag.120ask.com/jibing/lnrxjgs/
内科,心血管内科,A-V综合征,五官科,V内斜、A内斜、V外斜和A外斜,任何年龄,一般疗法、药物疗法、手术疗法,根据不同医院，收费标准不一致，市三甲医院约3000-10000元,否,0.09%,20%,80天,https://tag.120ask.com/jibing/avzhz/
内科,心血管内科,老年人心力衰竭,心内科,乏力、易疲劳、活动后轻度胸闷、呼吸困难,65岁以上老年人,药物治疗,根据不同医院，收费标准不一致，市三甲医院约（3000 ——10000元）,否,2-5%,30%,3-6个月,https://tag.120ask.com/jibing/lnrxlsj/
内科,心血管内科,高血压眼病,五官科,视物模糊、视力减退、视野减少,患有高血压病史的患者,一般疗法、药物疗法、手术疗法、饮食疗法,根据不同医院，收费标准不一致，市三甲医院约200-1000元,否,高血压患者的发病率20%,99%,30天,https://tag.120ask.com/jibing/gxyyb/
内科,心血管内科,内分泌性高血压,内科,头晕、恶心、眼花、耳鸣,老年人,药物治疗,根据不同的医院，收费标准不一致，市三甲医院约（8000-25000元）,否,0.5%,95%,120天,https://tag.120ask.com/jibing/nfmxgxy/
内科,心血管内科,老年人风湿性心脏病,心内科,疲乏、咳嗽、呼吸困难、心悸,60岁以上老年人,药物治疗、手术治疗,根据不同医院，收费标准不一致，市三甲医院约（2000 —— 10000元,否,5%,40%,21天,https://tag.120ask.com/jibing/lnrfsxxzb/
内科,心血管内科,颈动脉盗血综合征,内科,反复发作的颈内动脉系统TIA、如病变侧过性黑朦、对侧可逆性轻偏瘫、肢麻、失语、颈内动脉搏动减弱或消失、并可闻及血管杂音,中老年人,手术治疗、药物治疗,根据不同医院，收费标准不一致，市三甲医院约（3000 —— 20000元）,否,0.01%,30%,30天,https://tag.120ask.com/jibing/jdmdxzhz/
内科,心血管内科,室性心律失常,心内科,心悸、心绞痛、晕厥,65岁以上老年人,药物治疗,根据不同医院，收费标准不一致，市三甲医院约（3000 ——7000元）,否,,,,https://tag.120ask.com/jibing/sxxlsc/
内科,心血管内科,老年高血压,内科,收缩压升高、舒张压降低、脉压差增大、头晕、头痛、容易发生心脑血管疾病,老年人,药物治疗,根据不同医院，收费标准不一致，市三甲医院约（500 —— 1000元）,否,老年人群高血压患病率高达49%,,10天,https://tag.120ask.com/jibing/lngxy/
内科,神经内科,肺性脑病,呼吸内科、神经内科,头痛、头昏、记忆力障碍、意识障碍、嗜睡、昏睡、颅内压增高、肌阵挛、言语增多、幻觉、昏迷,所有人群,药物治疗,根据不同医院，收费标准不一致，市三甲医院约（3000 —— 8000元）,否,0.012%,70%,10-30天,https://tag.120ask.com/jibing/fxnb/
内科,神经内科,神经炎,神经内科,疼痛、刺痛、植物神经功能障碍、感觉障碍、感觉过敏、压痛、发绀、肌张力降低、腱反射异常,所有人群,药物治疗,根据不同医院，收费标准不一致，市三甲医院约（3000 —— 5000元）,否,0.03%-0.05%,70%,1-3个月,https://tag.120ask.com/jibing/shenjingyan/
内科,神经内科,重症肌无力,神经内科,疲劳、吞咽困难、呼吸困难,20岁-30岁女性、50岁-60岁男性,西医药物治疗、中医药物治疗,根据不同医院，收费标准不一致，市三甲医院约（8000 —— 20000元,否,0.005%--0.01%,20--30%,2--6个月,https://tag.120ask.com/jibing/zzjwl/
内科,神经内科,神经衰弱,神经内科,失眠健忘、头晕乏力、少气懒言,中青年女性尤其是20岁--40岁年龄，另外更年期妇女也较多见,药物治疗、情绪疗法,根据不同医院，收费标准不一致，市三甲医院约（1000 —— 3000元）,否,80%(在某些特定人群特定年龄段中该病的发病率( 50岁以上患病概率80%）),20%(一般在正规综合三甲医院的典型病例治愈率（治愈率20%）),120天,https://tag.120ask.com/jibing/sjsr/
内科,神经内科,周期性麻痹,神经内科,四肢无力，下肢重，上肢轻，近端重，远端轻。四肢肌张力低，腱反射减弱或消失；可伴口渴、心慌、肢体酸痛、肿胀、针刺样或蚁走感；极严重者可有呼吸肌麻痹，呼吸困难以及心律失常等。,青壮年,西医药物治疗,根据不同医院，收费标准不一致，市三甲医院约（5000-10000元）,否,甲状腺功能亢进症患者发病率约为0.04%-0.09%,60-70%,4-8周,https://tag.120ask.com/jibing/zqxmb/
内科,神经内科,蛛网膜下腔出血,颅脑外科,头痛并喷射性呕吐、意识障碍、精神障碍、面色苍白、冷汗、颈部伸屈肌群痉挛、运动障碍,所有人群,手术治疗、药物治疗,根据不同医院，收费标准不一致，市三甲医院约30000--50000元,否,占急性脑血管病的6%～10%,70%,2-4周,https://tag.120ask.com/jibing/zwmxqcx/
内科,神经内科,病毒性脑炎,神经内科,发烧、头痛、恶心与呕吐、腹痛、颈项强直、腹泻、嗜睡、喉咙痛、乏力,所有人群,药物治疗,根据不同医院，收费标准不一致，市三甲医院约30000--70000元,否,人群患病概率0.0052%,,治疗周期10天,https://tag.120ask.com/jibing/bdxny/
内科,神经内科,痴呆,神经内科,记忆力障碍、精神障碍、语言障碍或失语、失认,老年群体,药物治疗、非药物治疗,根据不同医院，收费标准不一致，市三甲医院约（3000-5000元）,否,0.003%，老年人可达0.8%,30%,终身间歇性治疗,https://tag.120ask.com/jibing/chidai/
内科,神经内科,多系统萎缩,神经内科,小脑性共济失调、皮质功能减退、共济失调、植物神经功能障碍,所有群体,药物治疗,根据不同医院，收费标准不一致，市三甲医院约（10000-30000元）,否,0.003%,65%,1-3个月,https://tag.120ask.com/jibing/dxtws/
内科,神经内科,癫痫,神经内科,口吐白沫、抽搐、惊厥、意识丧失,老年人群,药物治疗,根据不同医院，收费标准不一致，市三甲医院约（3000 —— 8000元）,否,0.004%,,>120天(需要终身治疗),https://tag.120ask.com/jibing/dianxianbing/
内科,神经内科,耳源性脑脓肿,耳鼻喉科,囊肿、眩晕、头痛、颅内压增高、畏寒、发热伴寒战、头痛并呕吐、嗜睡、抑郁,所有群体,药物治疗、手术治疗,根据不同医院，收费标准不一致，市三甲医院约（5000-10000元）,否,0.001%,70%,10-30天,https://tag.120ask.com/jibing/eyxnnz/
内科,神经内科,海绵窦血栓,神经内科,昏迷、头痛、水肿、恶心与呕吐、视力障碍、全身感染中毒症状、眼球突出、耳后乳突水肿、视网膜静脉纡曲怒张、视网膜水肿、视网膜出血、视乳头水肿,所有群体,药物治疗,根据不同医院，收费标准不一致，市三甲医院约（5000-10000元）,否,0.005%,60%,2个月,https://tag.120ask.com/jibing/hmxs/
内科,神经内科,脑梗死,神经内科,步态不稳、大小便失禁、定位体征、动脉粥样硬化、动眼神经麻痹、豆纹动脉闭塞、恶心、复视,中老年人群,药物治疗,根据不同医院，收费标准不一致，市三甲医院约（3000—— 10000元）,否,0.1%,60%,1-2年,https://tag.120ask.com/jibing/naogengsi/
内科,神经内科,面神经炎,神经内科,早上起床突然发现面颊动作不灵或歪斜、表情迟钝、口角下垂、鼻唇沟变浅、面肌及颈肌紧张、口角肌肉的抽搐、一侧颜面肥大、感觉障碍、口眼歪斜、耳内疼痛,所有人群,药物治疗、针灸治疗,根据不同医院，收费标准不一致，市三甲医院约（1000 —— 3000元）,否,0.06%,90%,10-14天,https://tag.120ask.com/jibing/msjy/
内科,神经内科,结核性脑膜炎,神经内科、感染科,惊厥、发烧、头痛、无力、烦躁不安、食欲减退、便秘、瘫痪、排尿困难及尿潴留、血压下降、脉搏细速、呕吐,无特殊发病群体,药物治疗,根据不同医院，收费标准不一致，市三甲医院约（500-1000元）,是,0.0028%,30%,1-3个月,https://tag.120ask.com/jibing/jhxnmy/
内科,神经内科,结节性硬化症,神经内科,癫痫和癫痫样发作、丘疹、叶状脱色斑、智能障碍、结节性硬化、咖啡斑、婴儿痉挛症、瘫痪、共济失调、颅内高压、脑积水、小眼球,无特殊发病群体,药物治疗、手术治疗,根据不同医院，收费标准不一致，市三甲医院约（10000-30000元）,否,0.005%,55%,1-3月,https://tag.120ask.com/jibing/jjxyhz/
内科,神经内科,脑寄生虫病,神经外科,头痛头晕、恶心呕吐、发热、肢体不协调,嗜食生肉类及海鲜者、肠道寄生虫患者,药物治疗、手术治疗,根据不同医院，收费标准不一致，市三甲医院约（30000 —— 50000元）,否,云南有吃剁生习惯的人群中发病率约1-2%,60-70%,3-6个月,https://tag.120ask.com/jibing/njscb/
内科,神经内科,颈椎病,脊柱外科,头痛头晕、颈项疼痛、恶心呕吐,所有人群尤其是长期伏案工作的人群,药物治疗、理疗、手术治疗、中医针灸治疗,根据不同医院，收费标准不一致，市三甲医院约（2000 —— 8000元）,否,0.4%,50%,3-6个月,https://tag.120ask.com/jibing/jzb/
内科,神经内科,脑脓肿,神经外科,发烧、畏寒、头痛、恶心与呕吐、乏力、颅内压增高、嗜睡、肌肉酸痛、视盘水肿、感觉障碍、眼球震颤、共济失调,所有群体,药物治疗、手术治疗,青霉素、氯霉素、庆大霉素、甘露醇、甘油溶液，利尿药物如呋塞米(速尿)、依他尼酸(利尿酸钠)、地塞米松,否,0.06%,85%,3-5月,https://tag.120ask.com/jibing/naonongzhong/
内科,神经内科,三叉神经痛,神经内科,面部疼痛、出血、麻木,所有人群,药物疗法、三叉神经电凝术,根据不同医院，收费标准不一致，市三甲医院约（2000 —— 5000元）,否,0.001%,95%,30天,https://tag.120ask.com/jibing/scsjt/
内科,神经内科,帕金森病,神经内科,震颤、 精神障碍 、震颤性肌强直、运动徐缓、 运动功能障碍 、静止性震颤,老年人群,药物治疗,根据不同医院，收费标准不一致，市三甲医院约（3000 —— 5000元）,否,0.002%,0.1%,1个月,https://tag.120ask.com/jibing/pjsb/
内科,神经内科,神游症,中医科、精神科,梦游、被害妄想、抑郁,精神抑郁者多见,手术治疗、药物治疗,根据不同医院，收费标准不一致，市三甲医院约1-3万元,否,0.5%-1%,70%,1-3月,https://tag.120ask.com/jibing/syz/
内科,神经内科,瘫痪,神经内科,单瘫、感觉障碍、括约肌功能障碍、肌束震颤、肌张力降低、脊髓休克、腱反射亢进、截瘫,所有人群,中医药物治疗、西医药物治疗,根据不同医院，收费标准不一致，市三甲医院约（10000-50000元）,否,0.26%,30%,30天,https://tag.120ask.com/jibing/tanhuan/
内科,神经内科,脑瘫,神经内科,眼球震颤、全身骨骼肌肉 痉挛、两侧手足徐动,10岁以下儿童,西医治疗、中医治疗,根据不同医院，收费标准不一致，市三甲医院约（10000 —— 30000元）,否,0.012%,10%,3-6个月,https://tag.120ask.com/jibing/naotan/
内科,神经内科,脑萎缩,神经内科,乏力、易跌倒、头晕,所有人群,药物治疗,根据不同医院，收费标准不一致，市三甲医院约（3000 —— 5000元）,否,0.01%-0.03%(60岁以上老年人发病率约为0.1%-0.3%),40%-60%,1年,https://tag.120ask.com/jibing/naoweisuo/
内科,神经内科,脑溢血,心血管外科,运动、语言障碍、呕吐、意识障碍、头疼、头晕,老年人,药物疗法、手术疗法,根据不同医院，收费标准不一致，市三甲医院约8000-12000元,否,50岁以上老年人的2%,80%,30天,https://tag.120ask.com/jibing/nyx/
内科,神经内科,脑中风后遗症,康复科、内科,偏瘫、肢体麻木、偏盲、失语或者交叉性瘫痪、交叉性感觉障碍、眼球震颤、语言障碍、记忆力下降、口眼歪斜、吞咽困难、头晕头痛,中老年人,药物治疗、康复训练,根据不同医院，收费标准不一致，市三甲医院约3000-5000元,否,0.03%,40%,30天,https://tag.120ask.com/jibing/nzfhyz/
内科,神经内科,婴儿痉挛症,神经内科,肌阵挛、点头征、智力发育迟缓、阵挛强直型,婴幼儿人群,药物治疗、手术治疗,根据不同医院，收费标准不一致，市三甲医院约（5000—— 8000元）,否,5%,98%,2周,https://tag.120ask.com/jibing/yejlz/
内科,神经内科,真菌性脑膜炎,内科,低热、头痛、呕吐、情绪淡漠、肌肉反射性痉挛,任何年龄,一般疗法、药物疗法、物理疗法,根据不同医院，收费标准不一致，市三甲医院约1000-5000元,否,0.3%,87%,20天,https://tag.120ask.com/jibing/zjxnmy/
内科,神经内科,心脏神经官能症,心内科、精神科,自觉心悸、心前区痛、呼吸憋闷、易激动、多汗、颤抖、头晕、失眠,青年、壮年人群,药物治疗、中医治疗,根据不同医院，收费标准不一致，市三甲医院约（3000--8000元）,否,0.1%,80%,1-3个月,https://tag.120ask.com/jibing/xzsjgnz/
内科,神经内科,视神经萎缩,眼科,视力障碍、视野缩小、视野向心性缩小、视功能的减退,所有人群,药物、激光、手术治疗、中医理疗,根据不同医院，收费标准不一致，市三甲医院约（10000 —— 30000元）,否,0.0002%,40%,2-4个月,https://tag.120ask.com/jibing/ssjws/
内科,神经内科,酒精中毒,急诊科,恶心、呕吐、头晕、谵语、躁动、严重者昏迷、大小便失禁呼吸抑制,嗜饮酒者,药物治疗,根据不同医院，收费标准不一致，市三甲医院约（3000 —— 8000元）,否,0.006%,78%,3-7天,https://tag.120ask.com/jibing/jjzd/
内科,神经内科,飞蚊症,眼科,黑影遮住视野、视力下降、视野缺损,40岁以上的中老年人,药物治疗、物理治疗、手术治疗,根据不同医院，收费标准不一致，市三甲医院约（1000—— 3000元）,否,0.001%(在某些特定人群),20%,120天,https://tag.120ask.com/jibing/fwz/
内科,神经内科,视神经炎,神经内科、眼科,视力障碍、视野向心性缩小、自发性球内出血、瞳孔异常、角膜混浊、眼球压痛,所有人群,药物治疗,根据不同医院，收费标准不一致，市三甲医院约（4000 —— 8000元）,否,0.05-0.1%,80%,1-2个月,https://tag.120ask.com/jibing/ssjy/
内科,神经内科,舌咽神经损伤,神经内科,味觉减退、咽部肌肉运动障碍、咽反射消失、舌运动受限、味觉障碍、呛咳、声音嘶哑,所有群体,药物治疗,根据不同医院，收费标准不一致，市三甲医院约（500-1000元）,否,0.003%--0.007%,20-40%主要以营养神经等对症治疗为主,3-6个月,https://tag.120ask.com/jibing/sysjss/
内科,神经内科,神经性耳聋,耳鼻喉科,听力下降、听力消失、发热、头痛、烦躁不安、腹胀、腰酸、乏力,所有人群,药物治疗,根据不同医院，收费标准不一致，市三甲医院约（30000 —— 50000元）,否,0.12%,70%,7-14天,https://tag.120ask.com/jibing/sjxel/
内科,神经内科,神经性耳鸣,耳鼻喉科,耳鸣、头晕、高血压、低血压、精神紧张、贫血、,中老年人,药物治疗,根据不同医院，收费标准不一致，市三甲医院约（4000 —— 8000元）,否,0.2%,80%,2-4月,https://tag.120ask.com/jibing/sjxem/
内科,神经内科,肝性脑病,消化内科,意识障碍、昏迷、嗜睡、意识模糊、昏睡、谵妄、血压下降、大小便失禁、反应迟钝,肝病患者,药物治疗、手术治疗,根据不同医院，收费标准不一致，市三甲医院约（50000-80000元）,否,0.00009%,70%,1-3个月,https://tag.120ask.com/jibing/gxnb/
内科,神经内科,晕动病,神经内科,上腹不适、面色苍白、出冷汗、恶心呕吐、体位性眩晕、晕车、晕机、晕轮效应、精神萎靡、四肢无力、旋转性眩晕,所有人群,药物、物理治疗,根据不同医院，收费标准不一致，市三甲医院约（500 —— 1000元）,否,0.9%,80%,10-30天,https://tag.120ask.com/jibing/yundongbing/
内科,神经内科,一氧化碳中毒,急诊科,头痛 、 无力 、 眩晕 、口唇呈樱桃 红色可有恶心 、 呕吐 、 意识模糊 、虚脱或昏迷 伴有高热 、四肢肌张力增强和阵发性或强直性痉挛,使用煤火或可能接触一氧化碳的人群,吸氧、西药,根据病情及就诊医院不同，收费标准不一致，市三甲医院约（2000 —— 10000）,否,5%,60%,1-3天,https://tag.120ask.com/jibing/yyhtzd/
内科,神经内科,枕神经痛,疼痛科,后脑部或后枕部刀割样疼痛、麻木、电击样刺痛,青壮年、伏案工作、脑力劳动者,药物治疗、中医治疗、神经阻滞疗法,根据不同医院，收费标准不一致，市三甲医院约（50 —— 1000元）,否,0.001%,70%,7-14天,https://tag.120ask.com/jibing/zsjt/
内科,神经内科,臂丛神经痛,神经内科、疼痛科,臂丛神经受累、肩带肌、上肢和胸背部诸肌的肌无力和肌萎缩、肩胛带和上肢疼痛、肌肉萎缩、感觉障碍、腱反射异常,所有人群,中医理疗、药物治疗,根据不同医院，收费标准不一致，市三甲医院约（3000 —— 8000元）,否,0.2%,85%,2-4月,https://tag.120ask.com/jibing/bcsjt/
内科,神经内科,股外侧皮神经病,神经内科,大腿前外侧疼痛、麻木、酸胀、乏力、蚁行感,重体力劳动者、运动员,药物治疗、中医治疗、微创治疗、神经阻滞治疗,根据不同医院，收费标准不一致，市三甲医院约（500 —— 2000元）,否,0.012%,70%,7-14天,https://tag.120ask.com/jibing/gwcpsjb/
内科,神经内科,股神经痛,神经科,股神经在大腿前侧部位、会出现大腿前侧的放射性、过电样疼痛、刀割样疼痛、麻木,青壮年、老年人,针灸治疗、理疗、药物治疗、手术治疗、穴位注射,根据不同医院，收费标准不一致，市三甲医院约（2000-5000元）,否,0.002%,60%,3-6个月,https://tag.120ask.com/jibing/gsjt/
内科,神经内科,神经性呕吐,消化内科,神经性呕吐、营养不良,所有群体,药物治疗,根据不同医院，收费标准不一致，市三甲医院约（100-500元）,否,0.02%,70%,5--10天,https://tag.120ask.com/jibing/sjxot/
内科,神经内科,末梢神经炎,神经内科,植物神经功能障碍、感觉障碍、运动功能障碍、压痛、腓肠肌压痛、肌张力减低、腱反射消失、肢体发凉、皮肤苍白、肢端接连出现苍白、发组和潮红反应、手指麻痛、多发性神经炎,所有群体,药物治疗,根据不同医院，收费标准不一致，市三甲医院约（500-1000元）,否,0.005%,90%,3-6月,https://tag.120ask.com/jibing/mssjy/
内科,神经内科,急性脊髓炎,神经内科,运动功能障碍、感觉障碍、吞咽困难、构音障碍、休克性神经受累、脊髓性间歇破行、大小便潴留、胸部紧迫或束带感、空洞形成、腰酸、脊髓受压、瘫痪,可见于任何年龄，但以青壮年居多，在10～19岁和30～39岁有两个发病高峰,本病无特效治疗，主要包括减轻脊髓损害、防治并发症及促进功能恢复。,根据不同医院，收费标准不一致，市三甲医院约（2000050000元）,否,0.001%,70%,1-3个月,https://tag.120ask.com/jibing/jxjsy/
内科,神经内科,脊髓压迫症,神经外科,剧痛、乏力、上颈髓区病变、神经痛、脊髓压迫、脊髓受压、颈肩痛、下肢淋巴水肿、排尿困难及尿潴留、大小便失禁,肿瘤患者,手术治疗、药物治疗,根据不同医院，收费标准不一致，市三甲医院约（3000 —— 8000元）,否,0.025%，多见于脊柱外伤者,60%,1-3个月,https://tag.120ask.com/jibing/jsypz/
内科,神经内科,脊髓空洞症,脊柱外科,痛觉减退或消失、温觉减退或消失、节段性分离性感觉障碍 、遇冷后排汗增多、肌张力降低、感觉障碍,31～50岁人群,手术治疗,根据不同医院，收费标准不一致，市三甲医院约（50000-100000元）,否,0.008%,60%,3-6月,https://tag.120ask.com/jibing/jskdz/
内科,神经内科,脊髓亚急性联合变性,神经内科,下肢无力、步态不稳、行走踩棉花感、手指末端持续对称性刺痛麻木、感觉性共济失调、瘫痪、感觉障碍、倦怠肢冷、腹泻、舌炎、蹒跚步态、手足麻木,所有群体,药物治疗,根据不同医院，收费标准不一致，市三甲医院约（5000-10000元）,否,0.025%,70%,2个月,https://tag.120ask.com/jibing/jsyjxlhbx/
内科,神经内科,运动神经元病,神经内科,肌张力过高、手肌肉萎缩、腱反射亢进、吞咽困难、言语紊乱、饮水呛咳、感觉障碍,男性人群,药物治疗,根据不同医院，收费标准不一致，市三甲医院约（3000 —— 5000元）,否,发病率约为0.005%-0.008%,60%-70%,1-3个月,https://tag.120ask.com/jibing/ydsjyb/
内科,神经内科,短暂性脑缺血发作,神经内科,意识模糊、癫痫和癫痫样发作、眩晕、晕厥、猝倒、复视、平衡功能障碍、肢体或躯干麻木、单瘫、偏瘫、同向偏盲、神经失用,中老年人,药物治疗,根据不同医院，收费标准不一致，市三甲医院约（5000-10000元）,否,高血压病患者发病率约0.1%-0.2%,60%,终身治疗,https://tag.120ask.com/jibing/dzxnqxfz/
内科,神经内科,病毒性脑膜炎,神经内科,发热、头痛、恶心、呕吐、腹痛、腹泻、喉痛、全身无力、颈部强直、脑膜刺激征,婴幼儿、儿童及成人均可患病,药物治疗,根据不同医院，收费标准不一致，市三甲医院约（1000-5000元）,否,0.035%，婴幼儿多见,,1-2个月,https://tag.120ask.com/jibing/bdxnmy/
内科,神经内科,亚急性硬化性全脑炎,神经内科,智能减退、视力障碍、昏迷、肌阵挛、角弓反张、眼球浮动现象,所有人群,药物治疗,根据不同医院，收费标准不一致，市三甲医院约（10000-50000元）,否,0.005%,65%,1-3个月,https://tag.120ask.com/jibing/yjxyhxqny/
内科,神经内科,朊蛋白病,神经内科,共济失调、痴呆、失眠、截瘫、肌阵挛、抽风、记忆力障碍、瘫痪,所有人群,药物治疗,根据不同医院，收费标准不一致，市三甲医院约（20000--50000元）,否,0.0001%,40%,14--30天,https://tag.120ask.com/jibing/dbb/
内科,神经内科,中枢神经系统结核瘤,传染科或神经外科,头痛、发热、盗汗、恶心、呕吐、消瘦、贫血,所有人群,一般治疗、药物治疗、手术治疗,根据不同医院，收费标准不一致，市三甲医院约（2000——30000元）,是,结核患者发病率约5-10/10000,40%,2-5年,https://tag.120ask.com/jibing/zssjxtjhl/
内科,神经内科,神经梅毒,感染科,头痛、恶心与呕吐、颈部疼痛、步态不稳、瞳孔异常,所有人群,药物治疗,根据不同医院，收费标准不一致，市三甲医院约10000--40000,否,0.0005%，多性伴侣者感染率约为5%-15%,80%,3-6月,https://tag.120ask.com/jibing/sjmd/
内科,神经内科,多发性硬化,神经内科,四肢无力、四肢麻木、肢体疼痛、视物模糊、平衡功能障碍、复视、膀胱功能障碍、尿急、痉挛性截瘫步态、尿失禁、耳聋、耳鸣,所有群体,药物治疗,根据不同医院，收费标准不一致，市三甲医院约（5000-10000元）,否,发病发病率约为0.0001%-0.0002%,45%,2-3年,https://tag.120ask.com/jibing/dfxyh/
内科,神经内科,视神经脊髓炎,神经内科,截瘫、瘫痪、感觉障碍、疼痛,无特殊发病群体,药物治疗,根据不同医院，收费标准不一致，市三甲医院约（50000-80000元）,否,0.0003%,75%,14--30天,https://tag.120ask.com/jibing/ssjjsy/
内科,神经内科,脑桥中央髓鞘溶解症,神经内科,肝功能衰竭、肾功能衰竭、脱水、细菌感染、瘫痪、脑干病变、脱髓、感觉障碍、听力减退、神经伤,所有人群,药物治疗、支持疗法,根据不同医院，收费标准不一致，市三甲医院约（3000 —— 5000元,否,0.001%--0.008%,20--40%,3--10周,https://tag.120ask.com/jibing/nqzysqrjz/
内科,神经内科,小舞蹈病,风湿科,易激动、注意力不集中、步态不稳、异常粗大的舞蹈样动作、肌张力降低、肌性肌无力、情绪不宁、易跌倒、呼吸不规则、构音障碍、吞咽障碍、紧张,多见于5～15岁的儿童,普鲁卡因青霉素、红霉素、四环素、阿司匹林、地西泮、硝西泮、丁苯那嗪,根据不同医院，收费标准不一致，市三甲医院约（1000-5000元）,否,0.01%,80%,30天,https://tag.120ask.com/jibing/xwdb/
内科,神经内科,肝豆状核变性,神经内科,先天性铜代谢障碍、角膜外缘有棕绿色色素环、锥体外系损害、震颤、肾小管重吸收障碍、肾性糖尿、氨基酸尿症、精神障碍、无力、肝区痛、肝豆状核变性、腱反射亢进,无特殊发病群体,药物治疗,根据不同医院，收费标准不一致，市三甲医院约（5000-20000元）,否,0.0002%,20%,1-3个月,https://tag.120ask.com/jibing/gdzhbx/
内科,神经内科,肌张力障碍,神经内科,四肢、躯干甚至全身不随意的扭转运动和姿势异常,儿童,西药治疗、针灸治疗,根据不同医院，收费标准不一致，市三甲医院约（20000 —— 50000元）,否,0.12%,60%,30天,https://tag.120ask.com/jibing/jzlza/
内科,神经内科,特发性震颤,神经内科,震颤、步态异常、静止性震颤、生理性震颤、意向性震颤、头部震颤、舌头震颤、书写痉挛,无特殊发病群体,药物治疗,根据不同医院，收费标准不一致，市三甲医院约（5000-10000元）,否,0.002%-0.005%,55%-65%,4-6个月,https://tag.120ask.com/jibing/tfxzc/
内科,神经内科,抽动秽语综合征,神经内科,面部肌肉痉挛、咽喉痉挛、行为紊乱而奇特、易激惹、肌阵挛、不自主运动、注意力缺乏多动症、注意力不集中、坐立不安、强迫行为、儿童抽动症、挖鼻孔,发病年龄2～18岁，多在4～12岁起病,药物治疗,根据不同医院，收费标准不一致，市三甲医院约（500-1000元）,否,0.002%,40%,3个月,https://tag.120ask.com/jibing/cdhyzhz/
内科,神经内科,迟发性运动障碍,神经内科,不自主运动、眼睑痉挛、咽部肌肉运动障碍、恶心与呕吐、吞咽困难、瘫痪、运动功能障碍,老年群体,药物治疗,根据不同医院，收费标准不一致，市三甲医院约（5000-10000元）,否,长期服用抗精神病药物发病率20%,40%,1-3个月,https://tag.120ask.com/jibing/cfxydza/
内科,神经内科,阿尔茨海默病,神经内科,近记忆障碍明显、近事遗忘、认知障碍、语言功能障碍、失认及失用、计算力障碍、精神障碍,老年人,药物治疗、物理治疗,根据不同医院，收费标准不一致，市三甲医院约（3000-5000元）,否,60岁以上老年人可达0.1%--0.5%,10%以下,1--6个月,https://tag.120ask.com/jibing/aechmb/
内科,神经内科,路易体痴呆,神经内科,进行性痴呆、精神障碍、运动功能障碍、锥体外系损害、认知功能障碍,所有人群,药物治疗,根据不同医院，收费标准不一致，市三甲医院约（3000 —— 5000元）,否,0.0023%,10%,1--6个月,https://tag.120ask.com/jibing/lytcd/
内科,神经内科,颅底凹陷症,神经外科,颈短、头痛、眩晕、声音嘶哑、舌肌萎缩、听力下降、角膜反射迟钝、四肢无力、感觉障碍、呼吸困难、眼球震颤、小脑性共济失调,好发于青少年以10～30岁最多见,手术治疗,根据不同医院，收费标准不一致，市三甲医院约（6000 —— 8000元,否,0.0001%-0.0003%,70%,1-3个月,https://tag.120ask.com/jibing/ldaxz/
内科,神经内科,遗传性共济失调,神经内科,共济失调、小脑性共济失调、步态异常、易跌倒、意向性震颤、发音障碍、深感觉障碍、弓形足、摇摆步态、膝腱反射消失、构音障碍、下肢振动觉和位置觉受损,多于成年发病（大于30岁）,药物治疗,根据不同医院，收费标准不一致，市三甲医院约（3000 —— 5000元）,否,0.0004%,65%,1--3个月,https://tag.120ask.com/jibing/ycxgjsd/
内科,神经内科,脊髓小脑性共济失调,神经内科,共济失调、小脑性共济失调、意向性震颤、眼球震颤、痴呆、局限性肌张力障碍、腱反射亢进、痉挛性偏瘫步态,所有人群,手术治疗、康复训练,根据不同医院，收费标准不一致，市三甲医院约（50000 —— 80000元）,否,发病率约为0.001%-0.002%，酗酒者多见,65%,1-3年,https://tag.120ask.com/jibing/jsxnxgjsd/
内科,神经内科,脑面血管瘤病,神经内科,面部血管痣、癫痫发作、智能障碍、注意力减退、记忆力下降、语言障碍、行为改变、智能低下,所有人群,药物治疗、手术治疗,根据不同医院，收费标准不一致，市三甲医院约10000--30000元,否,0.0001%,60%,3--8周,https://tag.120ask.com/jibing/nmxglb/
内科,神经内科,肌无力综合征,神经内科,四肢近端及躯干无力、口干、阳痿,中老年人群（多于50-70岁发病，男女之比5:1）,药物治疗,根据不同医院，收费标准不一致，市三甲医院约（3000 —— 8000元）,否,本病患病人数一般少见，一般在0.02%--0.03%左右,,周期一般在30天左右。晚期一般终身服药，,https://tag.120ask.com/jibing/jwlzhz/
内科,神经内科,周期性瘫痪,神经内科,麻痹、出汗异常、浑身酸痛、瘫痪、步态异常、肌肉萎缩、低钾血症、肌性肌无力、高钾血症,无特殊发病群体,药物治疗,根据不同医院，收费标准不一致，市三甲医院约（5000-10000元）,否,0.0003%,60%,10-30天,https://tag.120ask.com/jibing/zqxth/
内科,神经内科,先天性肌强直,神经内科,斜视、易激动、肩带肌、肌无力、肌萎缩、腓肠肌强直收缩疼痛、吞咽困难、容易激动,多数患者在婴儿期发病,药物治疗,根据不同医院，收费标准不一致，市三甲医院约（10000 —— 30000元）,否,0.0001%,10%,1--6个月,https://tag.120ask.com/jibing/xtxjqz/
内科,神经内科,红斑肢痛症,神经内科,双足红肿热痛、失眠、喜凉怕热、肤温升高、疼痛、指(趾)甲增厚、肌肉萎缩、肢端溃疡,青年女性居多,药物治疗,根据不同医院，收费标准不一致，市三甲医院约（20000--50000元）,否,0.001%,70%,2-4个月,https://tag.120ask.com/jibing/hbztz/
内科,神经内科,斜颈,骨科,体型异常,头颈部肌肉有过外伤的人群,中医疗法、手术治疗、药物治疗,根据不同医院，收费标准不一致，市三甲医院约（3000 —— 5000元）,否,0.0025%,50%,2-4个月,https://tag.120ask.com/jibing/xiejing/
内科,神经内科,氰化物中毒,急诊科,头晕、头痛、乏力、胸闷、心悸、恶心、呕吐、呼吸困难、呼出气中带有杏仁味、血压升高、心律失常、意识障碍、皮肤粘膜呈鲜红色,接触或吸入氰化物者,西药治疗,根据不同医院，收费标准不一致，市三甲医院约（2000 —— 10000元）,否,0.0001%-0.0005%,40%,2-3个月,https://tag.120ask.com/jibing/qhwzd/
内科,神经内科,植物神经紊乱,神经内科,情绪起伏大、烦躁不安、焦虑、爱生气、易紧张、恐惧、害怕、敏感、多疑,中青年女性,药物治疗,根据不同医院，收费标准不一致，市三甲医院约（1000-5000元）,否,1.2%,70%,10天,https://tag.120ask.com/jibing/zwsjwl/
内科,神经内科,烟雾病,脑外科,头昏、头痛、脑缺血、一过性脑缺血、瘫痪、精神障碍、智力减低、痴呆、脑室出血、丘脑出血、颅内出血、恶心与呕吐,无特殊发病群体,手术治疗,根据不同医院，收费标准不一致，市三甲医院约（20000-50000元）,否,0.0001%-0.0003%,80%,3-5个月,https://tag.120ask.com/jibing/yanwubing/
内科,神经内科,脑中风,神经内科,晕厥、肢体瘫痪、口角歪斜、面部歪斜,高血压、高血脂、高血糖人群多见,药物治疗,根据不同医院，收费标准不一致，市三甲医院约3000-6000元,否,1.5%-5.5%,80%,1-2月,https://tag.120ask.com/jibing/nzf/
内科,神经内科,脊髓损伤,脊柱外科,运动功能障碍、 膀胱功能障碍 、脊髓休克、 屈性截瘫、 脊髓半切综合征、 眩晕,所有人群,物理疗法、手术疗法、药物治疗,根据不同医院，收费标准不一致，市三甲医院约（3000 —— 5000元）,否,外伤患者中，本病的发生率约为0.001%,60%，具体根据脊髓是否损伤来定,6-12周,https://tag.120ask.com/jibing/jsss/
内科,神经内科,坐骨神经痛,疼痛科,背部酸痛、腰部僵直感、臀部闪电疼痛、踝反射减低或消失,孕妇、中老年人,药物疗法、物理治疗,根据不同医院，收费标准不一致，市三甲医院约（100-500元）,否,0.01%,60%,1个月,https://tag.120ask.com/jibing/zgsjt/
内科,神经内科,月经周期性精神病,精神科,月经前2周突然发病、轻度意识障碍、幻觉、妄想与语言紊乱、情感高涨或低落、在月经来潮或经净时迅速缓解,20-40岁女性,药物治疗,根据不同医院，收费标准不一致，市三甲医院约（500 —— 800元）,否,0.01%,87%,10天,https://tag.120ask.com/jibing/yjzqxjsb/
内科,神经内科,焦虑症,精神心理科,焦虑、紧张不安、恐惧、心慌、气短,35岁以前的女性,药物治疗、心理疗法,根据不同医院，收费标准不一致，市三甲医院约（500-1000元）,否,0.02%,70%,1个月,https://tag.120ask.com/jibing/jiaolvzheng/
内科,神经内科,睡眠-觉醒节律障碍,神经内科,白天嗜睡夜间失眠,所有人群,药物治疗,根据不同医院，收费标准不一致，市三甲医院约（500 —— 1000元）,否,0.05%,70%,2-4周,https://tag.120ask.com/jibing/smjxjlza/
内科,神经内科,躁狂症,精神心理科,情绪高涨、易激惹、心境高涨、思维奔逸、躁狂、精神运动性兴奋、幻听、言语增多、易激惹、技术狂躁症、秋季狂躁症、燥狂相、言语凌乱,所有人群,药物治疗,根据不同医院，收费标准不一致，市三甲医院约（3000-5000元）,否,0.05--0.08%,65%,1--3个月,https://tag.120ask.com/jibing/zaokuangzheng/
内科,神经内科,神经官能症,神经内科,失眠、健忘、多梦、烦躁易怒,20岁——30岁女性人群,药物治疗,根据不同医院，收费标准不一致，市三甲医院约（300 —— 500元）,否,0.1%-0.5%,85%,1-2年,https://tag.120ask.com/jibing/sjgnz/
内科,神经内科,新生儿巨细胞病毒感染,新生儿科,黄疸、肝脾肿大、紫癜、小头畸形、体重过轻、早产、脉络膜视网膜炎、脑积水、脑组织钙化、低钙惊厥、小头畸形、皮肤瘀斑、脑积水、脑组织钙化,新生儿,药物治疗,根据不同医院，收费标准不一致，市三甲医院约（5000-10000元）,否,0.05%-0.09%,95%,4-8周,https://tag.120ask.com/jibing/xsejxbbdgr/
内科,神经内科,儿童口吃,儿科,说话不流利、自卑、胆小,儿童,药物治疗、矫正训练,根据不同医院，收费标准不一致，市三甲医院约（500—— 1000元）,否,1%--2%,70%,3个月,https://tag.120ask.com/jibing/etkc/
内科,神经内科,儿童学习能力障碍,精神心理科,理解能力特差、记忆能力差、计算能力差,学龄儿童,在学校或家庭开展矫治训练①手眼协调训练 　　②视觉分析训练　　③结构化训练④感觉统合训练,根据不同医院，收费标准不一致，市三甲医院约（5000 —— 10000元）,否,特定人群0.01%,75%,1-3年,https://tag.120ask.com/jibing/etxxnlza/
内科,神经内科,智力低下,神经内科,黄疸、甲状腺功能低下、 惊厥、 流产、 颅内出血、 瘫痪、 糖尿、 羊水过多,生发育时期婴幼儿,药物治疗、康复治疗,根据不同医院，收费标准不一致，市三甲医院约（5000-10000元）,否,在特定人群中发生率0.001%,,1-3年,https://tag.120ask.com/jibing/zldx/
内科,神经内科,小儿脑瘫,神经内科,眼球震颤、双侧手足徐动、全身骨骼肌痉挛、肌张力降低,儿童人群,物理治疗、心理治疗、药物治疗,根据不同医院，收费标准不一致，市三甲医院约（30000 —— 50000元）,否,0.0025%,40%,1-6个月,https://tag.120ask.com/jibing/xent/
内科,神经内科,早衰症,中医科,乏力、胸闷、呼吸困难、焦虑,生活作息时间不节律者多见,药物治疗,根据不同医院，收费标准不一致，市三甲医院约4000-5000元,否,0.1%-0.5%,60%,8-12周,https://tag.120ask.com/jibing/zsz/
内科,神经内科,氨基酸代谢病,营养科,智能减退、步态不稳、复视、腹水、肝功能衰竭、共济失调、构音障碍、幻觉,近亲结婚的后代较为常见,饮食疗法、药物治疗,根据不同医院，收费标准不一致，市三甲医院约（5000 —— 10000元）,否,0.001%,,终身间歇性治疗,https://tag.120ask.com/jibing/ajsdxb/
内科,神经内科,肺炎球菌脑膜炎,神经内科,头痛、恶 心、呕吐,所有人群,药物治疗、手术治疗,根据不同医院，收费标准不一致，市三甲医院约（5000 —— 10000元）,否,0.006%,,治疗周期14天,https://tag.120ask.com/jibing/fyqjnmy/
内科,神经内科,上睑下垂,眼科,上睑下垂、剥夺性弱视 、霍纳综合征,所有人群,药物治疗,根据不同医院，收费标准不一致，市三甲医院约（3000 —— 5000元,否,发病率约0.001%，有家族史者发病率可达0.3%,60%,6个月,https://tag.120ask.com/jibing/sxc/
内科,神经内科,有机磷农药中毒,急诊科,恶心、呕吐、流涎、腹痛、腹泻,农民,洗胃、胆碱能神经抑制剂、胆碱酯酶复活剂,根据不同医院，收费标准不一致，市三甲医院约（3000 —— 50000元）,否,0.00325%,70%,1-3天,https://tag.120ask.com/jibing/yjlnyzd/
内科,神经内科,猫抓病,感染科,斑丘疹 、红斑结节、脓疱、淋巴结肿大、肝肿大、脾肿大、脑膜炎、疱疹、低热、头痛、乏力、厌食,儿童,药物治疗,根据不同医院，收费标准不一致，市三甲医院约（3000 —— 8000元）,是,0.0003%-0.0005%,65%-75%,1-3年,https://tag.120ask.com/jibing/maozhuabing/
内科,神经内科,老年痴呆,神经内科,记忆力障碍、判断力和定向力障碍、个性和人格改变、 行为障碍,老年人群,药物治疗、生活调理、康复理疗,根据不同医院，收费标准不一致，市三甲医院约5000--10000,否,0.02%--0.08%,,终身间歇性对症治疗,https://tag.120ask.com/jibing/laonianchidai/
内科,神经内科,美尼尔氏综合症,神经内科,突然发作剧烈头疼头晕、动则加剧、视物旋转、耳鸣耳聋、恶心呕吐、面色苍白、耳内闷胀感、听力下降,所以人群,药物治疗,根据不同医院，收费标准不一致，市三甲医院约（5000 —— 8000元）,否,0.001%,95%,10-15天,https://tag.120ask.com/jibing/mneszhz/
内科,神经内科,脑淤血,神经内科,头痛、晕厥、视物模糊、视力下降,脑血管堵塞者比较多见,药物治疗,根据不同医院，收费标准不一致，市三甲医院约4000-10000元,否,0.5%-1.0%,60%,1-3个月,https://tag.120ask.com/jibing/nyux/
内科,神经内科,脑血管堵塞,神经内科,头痛头晕、恶心呕吐、言语不清、肢体乏力或活动障碍、伸舌不居中、昏迷,高血压、老年患者,药物治疗、针灸治疗,根据不同医院，收费标准不一致，市三甲医院约（6000 —— 10000元,否,0.005%,70%,1-2个月,https://tag.120ask.com/jibing/nxgds/
内科,神经内科,脑血管硬化,神经内科,头痛、头晕、眩晕、耳鸣、手颤、手肢麻木、睡眠不佳、记忆力减退,老年人群,药物治疗、饮食生活调理,根据不同医院，收费标准不一致，市三甲医院约6000--10000,否,0.5%,70%,1-3个月,https://tag.120ask.com/jibing/nxgyh/
内科,神经内科,头痛,神经内科,头部疼痛、情绪低落、恶心呕吐,所有人群,药物疗法,根据不同医院，收费标准不一致，市三甲医院约（3000 —— 5000元）,否,0.02%,90%,7天,https://tag.120ask.com/jibing/toutong/
内科,神经内科,头晕,神经内科,头晕头痛、伴或不伴视物旋转、耳鸣耳聋、恶心呕吐、言语不清,所有人群,药物治疗,根据不同医院，收费标准不一致，市三甲医院约（3000 —— 8000元）,否,0.32%,90%,7-10天,https://tag.120ask.com/jibing/touyun/
内科,神经内科,失眠,精神科,频繁性惊醒 、黑眼圈、 不良睡眠、难入睡或易惊醒、 睡眠时间倒错,中青年女性多发,药物治疗、心理治疗,根据不同医院，收费标准不一致，市三甲医院约（1000 —— 3000元）,否,2%-5%(有过失眠经历的人几乎覆盖整个人群),80%,>30天,https://tag.120ask.com/jibing/shimian/
内科,神经内科,脑供血不足,神经内科,烦躁不安 、面部一侧出汗另一侧却无汗、 植物神经功能障碍 、头昏,50岁以上中老年人,药物治疗、饮食疗法,根据不同医院，收费标准不一致，市三甲医院约（1000 —— 3000元）,否,1%,60--80%,14--21天,https://tag.120ask.com/jibing/ngxbz/
内科,神经内科,脑炎,神经内科,发热、头痛、身痛、恶心、呕吐、乏力、意识障碍、谵妄躁动、颅神经麻痹、肢体瘫痪、不自主运动、尿便障碍、惊厥,所有人群,药物治疗,根据不同医院，收费标准不一致，市三甲医院约（1000—— 5000元）,是,本病在特定群中发病比例在0.05%左右,,周期一般在2-4月,https://tag.120ask.com/jibing/naoyan/
内科,神经内科,肌病,神经内科,肌病步态、围产期心肌病变,所有群体,药物治疗(无特殊治疗方法),根据不同医院，收费标准不一致，市三甲医院约（10000-50000元）,否,0.01%,70%,2-4个月,https://tag.120ask.com/jibing/jibing/
内科,神经内科,偏头痛,神经内科,发作性中重度、搏动样头痛,女性（25-40岁多发）,药物治疗、物理疗法,根据不同医院，收费标准不一致，市三甲医院约（30--50）,否,0.8%--1%,70--90%,10--21天,https://tag.120ask.com/jibing/piantoutong/
内科,神经内科,脑血管病,神经外科,头晕、头痛、失明、偏盲,路脑外伤者、老年人、高血压患者,中医药物治疗,根据不同医院，收费标准不一致，市三甲医院约（8000-100000）,否,0.010%(老年人发病率高),50%,>120天(一些脑血管疾病无法治愈),https://tag.120ask.com/jibing/nxgb/
内科,神经内科,格林巴利综合征,神经内科,运动功能障碍、四肢瘫痪、四肢麻木、肢体障碍、感觉障碍,所有人群,药物治疗,根据不同医院，收费标准不一致，市三甲医院约（6000--10000元）,是,0.001%,70%,10-30天,https://tag.120ask.com/jibing/glblzhz/
内科,神经内科,中枢神经系统脱髓鞘疾病,神经内科,肢体瘫痪、视力障碍、眼球震颤和眼肌麻痹,青少年,药物治疗,根据不同医院，收费标准不一致，市三甲医院约（20000 —— 50000元）,否,发病率约0.2%--0.4%,40-60%，容易反复,1-2年,https://tag.120ask.com/jibing/zssjxttsqjb/
内科,神经内科,周围神经病损,骨科,感觉障碍、瘫痪、肌张力减低、发绀、多汗症、头痛、身痛、感觉过敏,所有人群,药物治疗,根据不同医院，收费标准不一致，市三甲医院约（3000 —— 5000元）,否,0.0025%,65%,1-3月,https://tag.120ask.com/jibing/zwsjbs/
内科,神经内科,锥体外系疾病,神经内科,不自主运动、肌强直、运动缓慢,老年人,中医药物治疗、西医药物治疗,根据不同医院，收费标准不一致，市三甲医院约（20000 —— 50000元）,否,0.001%,30%,1-3个月,https://tag.120ask.com/jibing/ztwxjb/
内科,神经内科,面肌痉挛,神经内科,面部肌肉痉挛、 烦躁不安、 口角歪斜、无法说话、 眼睑痉挛 、一侧颜面肥大,40岁以上成年人,中医针灸治疗、西医药物治疗,根据不同医院，收费标准不一致，市三甲医院约（1000 —— 3000元）,否,发病率约为0.05%--0.08%,70%,3-6个月,https://tag.120ask.com/jibing/mjjl/
内科,神经内科,遗传代谢病,神经内科,异常气味、肌张力高、不自主抽动、头晕,所有人群,药物治疗,根据不同医院，收费标准不一致，市三甲医院约（5000 —— 10000元）,否,0.003%,40%,3个月,https://tag.120ask.com/jibing/ycdxb/
内科,神经内科,痉挛性斜颈,骨科,痉挛性斜颈、头颈部活动受限、头部偏向一侧做扭转运动、不自主运动、颈背部肌肉痉挛、局限性肌张力障碍、肌肉肥大、颈椎变形、肌阵挛、阵挛、肌肉萎缩、震颤,头颈部外伤的人发病率高,手术治疗、药物治疗,根据不同医院，收费标准不一致，市三甲医院约（3000 —— 5000元）,否,0.003%,60%,5--10天,https://tag.120ask.com/jibing/jlxxj/
内科,神经内科,抽动症,神经内科,摇头转颈 、躯体或颜面某一局部的连续性抽动 、行走后小腿肌肉痉挛,儿童人群,药物治疗,根据不同医院，收费标准不一致，市三甲医院约（5000 —— 8000元）,否,0.2%,85%,1-3个月,https://tag.120ask.com/jibing/choudongzheng/
内科,神经内科,共济失调,神经内科,行走不稳、步态蹒跚、动作不灵活、剪刀步伐、呈“Z”形前进偏斜,先天遗传、脑病患者,手术治疗,根据不同医院，收费标准不一致，市三甲医院约（8000-15000元）,否,发病率约为0.003%-0.005%，多见于酗酒人群,70%,3-6个月,https://tag.120ask.com/jibing/gjsd/
内科,神经内科,偏瘫,神经内科,肢体运动障碍、偏瘫步态、意识障碍、肌张力显著增高,中老年人群,药物治疗、物理治疗,根据不同医院，收费标准不一致，市三甲医院约（30000-50000元）,否,0.001%,70-80%,120天,https://tag.120ask.com/jibing/piantan/
内科,神经内科,线粒体脑肌病,神经内科,四肢无力、呼吸困难、头痛并呕吐、偏盲、吞咽困难、肌性肌无力、混合型酸碱平衡紊乱、肌肉萎缩、超量饮酒后两下肢突然出现痉挛和疼痛,所有人群,运动疗法、药物治疗、饮食疗法,根据不同医院，收费标准不一致，市三甲医院约（3000 —— 5000元）,否,0.002%,65%,1-3年,https://tag.120ask.com/jibing/xltnjb/
内科,神经内科,脑发育不良,神经内科,智力低下、运动功能障碍、视力障碍,先天遗传、小儿脑部疾病患者,中医药物治疗,根据不同医院，收费标准不一致，市三甲医院约（4000-10000元）,否,0.0012%,,1-3个月,https://tag.120ask.com/jibing/nfybl/
内科,神经内科,不安腿综合症,神经内科,夜间睡眠时，双下肢出现极度的不适感，迫使患者不停地移动下肢或下地行走，导致患者严重的睡眠障碍,中老年人，女性多于男性,药物治疗,根据不同医院，收费标准不一致，市三甲医院约（5000 —— 8000元）,否,0.0015%,50%,7-21天,https://tag.120ask.com/jibing/batzhz/
内科,神经内科,植物人,神经内科,昏迷、丧失意识活动,严重神经系统损伤患者,西医药物治疗,根据不同医院，收费标准不一致，市三甲医院约（100000-150000元）,否,由于脑外伤后所致并发症，发生率约0.0006%--0.0007%,10%,5-20年,https://tag.120ask.com/jibing/zhiwuren/
内科,神经内科,腓骨肌萎缩症,神经内科,肌肉萎缩、肌性肌无力、腱反射异常、感觉障碍、青少年脊柱侧凸、少儿脊柱侧凸、足畸形、脊柱侧弯、跨阈步态、手套或短袜子式浅、深感觉障碍、营养障碍、弓形足,所有人群,药物治疗、对症支持治疗,根据不同医院，收费标准不一致，市三甲医院约（5000 —— 8000元,否,0.05%,85%,2-4月,https://tag.120ask.com/jibing/gjwsz/
内科,神经内科,智力障碍,精神心理科、神经内科,智力低下、神志不清、生活不能自理,脑血管疾病患者、脑水肿患者、脑萎缩患者,中医药物治疗,根据不同医院，收费标准不一致，市三甲医院约（800-2000元）,否,0.02%(本病一般属于先天疾病，发病率在0.02%左右。),,>120天(本病一般需要长期服用药物治疗。),https://tag.120ask.com/jibing/zlza/
内科,神经内科,失语症,神经内科,听理解障碍、言语表达障碍,脑卒中，脑外伤、脑肿瘤、脑部炎症患者,中医药物治疗,根据不同医院，收费标准不一致，市三甲医院约（8000-12000元）,否,0.001%,40%,3-6个月,https://tag.120ask.com/jibing/shiyuzheng/
内科,神经内科,发作性睡病,精神病科,发作性睡眠、猝倒、入睡幻觉、睡瘫症、发作性嗜睡和食欲亢进、跌倒发作、病理性REM睡眠,所有人群,药物治疗,根据不同医院，收费标准不一致，市三甲医院约（5000 —— 8000元）,否,0.003%,50%,1-2个月,https://tag.120ask.com/jibing/fzxsb/
内科,神经内科,脊髓小脑变性症,神经内科,共济失调、构音障碍、步态不稳、吞咽困难、呛咳、乏力,一般起病于30到50岁之间,复健治疗、药物治疗,根据不同医院，收费标准不一致，市三甲医院约（10000 —— 30000元）,否,0.005%,60%,2-4月,https://tag.120ask.com/jibing/jsxnbxz/
内科,神经内科,隐球菌脑膜炎,神经内科、感染科,畏寒、发热、头痛、头昏、咽痛、鼻塞、喷嚏、恶心、纳呆、全身不适、斜视、怕光、眼球震颤,所有人群,药物治疗,根据不同医院，收费标准不一致，市三甲医院约（1000—— 5000元）,否,养鸽子的人群中发病率约0.3%,40-60%,3-6个月,https://tag.120ask.com/jibing/yqjnmy/
内科,神经内科,闭锁综合征,神经内科,四肢全瘫、不能讲话、有眼球水平运动障碍、双侧面瘫,所以人群,手术治疗、药物治疗,根据不同医院，收费标准不一致，市三甲医院约（30000—— 50000元）,否,0.005%,85%,3-6月,https://tag.120ask.com/jibing/bszhz/
内科,神经内科,失用症,神经内科,失用性综合征,老年人群,功能锻炼,根据不同医院，收费标准不一致，市三甲医院约（3000 —— 5000元）,否,0.002%,65%,3-6个月,https://tag.120ask.com/jibing/shiyongzheng/
内科,神经内科,失认症,神经内科、精神心理科,视觉失认、空间感知障碍、面容失认、幻觉、颜色失认症、物品失认症、听觉失认症、环境音失认、失音乐症、纯词聋、触觉失认症、体像障碍,老年人群,功能锻炼、针对性治疗,根据不同医院，收费标准不一致，市三甲医院约（3000 —— 5000元）,否,0.005%,20%,3-6个月,https://tag.120ask.com/jibing/shirenzheng/
内科,神经内科,神经源性体位性低血压,神经内科,直立体位时出现头晕、眩晕、晕厥、视物模糊、全身发力、发音模糊及共济失调、卧位时血压正常,中老年人,西药治疗,根据不同医院，收费标准不一致，市三甲医院约（5000 —— 10000元）,否,0.001%,60%,1个月,https://tag.120ask.com/jibing/sjyxtwxdxy/
内科,神经内科,桡神经麻痹,神经内科,运动功能障碍、感觉障碍、腕下垂、瘫痪、肘关节不能屈曲,无特殊发病群体,物理治疗、药物治疗、手术治疗,根据不同医院，收费标准不一致，市三甲医院约（1000-5000元）,否,0.002%--0.005%,30-40%,120天,https://tag.120ask.com/jibing/sjmb/
内科,神经内科,意志缺乏症,精神心理科,不言不动、面部表情淡漠、嗜睡、,中青年,心理治疗、中药、西药治疗,根据不同医院，收费标准不一致，市三甲医院约（1000 —— 1000元）,否,0.005%,30%,1-2个月,https://tag.120ask.com/jibing/yzqfz/
内科,神经内科,巨脑回畸形,神经内科,脑功能不全、智力减低,婴幼儿人群,以保守治疗为主，加强日常的锻炼,根据不同医院，收费标准不一致，市三甲医院约（50000 —— 100000元）,否,0.0001%,10%,1--3个月,https://tag.120ask.com/jibing/jnhjx/
内科,神经内科,佩梅病,神经内科,眼球震颤、肌张力低下、共济失调、进行性运动功能障碍,先天遗传患者,生活护理、对症治疗,根据不同医院，收费标准不一致，市三甲医院约（8000--15000元）,否,0.0002%,30%,3个月,https://tag.120ask.com/jibing/peimeibing/
内科,神经内科,小脑萎缩,神经内科,运动障碍、走路无力,老年人、颅脑外伤者、中风患者,中医药物治疗,根据不同医院。收费标准不一致、市三甲医院约（4000-30000元）,否,2-5%(老年人发病率较高，约2-5%),60%,1-3年,https://tag.120ask.com/jibing/xnws/
内科,神经内科,Friedreich型共济失调,神经内科,步态蹒跚、左右摇晃、易于跌倒、膝腱反射和踝反射消失,通常4－15岁起病，偶见婴儿和50岁以后起病者，男女均可受累,支持疗法、功能训练、矫形手术,根据不同医院，收费标准不一致，市三甲医院约（50000 —— 100000元）,否,0.001%,60%,1--3个月,https://tag.120ask.com/jibing/friedreichxgjsd/
内科,神经内科,脑动脉硬化,神经内科,头晕、头痛、烦躁、心悸、失眠,老年人群,药物治疗、生活调理、饮食治疗,根据不同医院，收费标准不一致，市三甲医院约1000--3000,否,在45岁高发人群中为0.058%，每年新发病人>150万,,需长期用药，一般20天能减轻症状,https://tag.120ask.com/jibing/ndmyh/
内科,神经内科,Pick病和额颞痴呆,神经内科,行为异常、失语、认知障碍,30-90岁、60岁为高峰,西医药物治疗,根据不同医院，收费标准不一致，市三甲医院约（10000-15000元）,否,0.002%,30%,3个月,https://tag.120ask.com/jibing/pickbhecd/
内科,神经内科,椎-基底动脉盗血综合征,神经内科,眩晕、眼花、走路不稳,多发男性,手术治疗,根据不同医院，收费标准不一致，市三甲医院约（10000-20000元）,否,男性患者中发病率为0.02%-0.04%,40-50%,1-2年,https://tag.120ask.com/jibing/zjddmdxzhz/
内科,神经内科,正中神经麻痹,神经外科,握力和前臂旋前肌力减弱或丧失、手指的感觉障碍、麻木和疼痛,中年女性,西药治疗，针灸治疗,根据不同医院，收费标准不一致，市三甲医院约（500 —— 1000元）,否,0.001%,30%,10天,https://tag.120ask.com/jibing/zzsjmb/
内科,神经内科,原发性侧索硬化,神经内科,四肢肌张力增强、下肢肌肉瘫痪、下肢或周身软瘫,多见于31-60岁男性,"一般治疗：
1.加强营养，给予高蛋白质高维生素饮食。
2.使用足支架，保持适当的活动。",根据不同医院，收费标准不一致，市三甲医院约（5000 —— 10000元）,否,0.0001%--0.0002%,,>120天(终身间断治疗),https://tag.120ask.com/jibing/yfxcsyh/
内科,神经内科,强直性肌营养不良症,神经内科,肌肉僵硬、肌电图出现特征性连续高频电位放电现象,青春期人群、男多于女,西医药物治疗,根据不同医院，收费标准不一致，市三甲医院约（10000-20000元）,否,0.001%,30%,1-3个月,https://tag.120ask.com/jibing/qzxjyyblz/
内科,神经内科,脑源性晕厥,神经内科,头疼、头晕、四肢低温、昏厥,长期熬夜者以及脑部肿瘤等患者,中医药物治疗,根据不同医院，收费标准不一致，市三甲医院约（10000-50000元）,否,50岁以上老年人的发病率约0.5%--1%,60%,1-2年,https://tag.120ask.com/jibing/nyxy/
内科,神经内科,脊髓缺血性疾病,神经内科,间歇性跛行、下肢无力、腱反射亢进、括约肌功能障碍、截瘫,所有人群,药物治疗,根据不同医院，收费标准不一致，市三甲医院约20000--60000元,否,0.001%,40%,10-30天,https://tag.120ask.com/jibing/jsqxxjb/
内科,神经内科,脊髓梗死,神经外科,间歇性跛行、背痛、截瘫、感觉障碍、感觉性共济失调、瘫痪、肌张力减低、肌肉萎缩,所有人群,手术治疗、药物治疗,根据不同医院，收费标准不一致，市三甲医院约（50000--90000元）,否,0.002%,40%,2-4个月,https://tag.120ask.com/jibing/jsgs/
内科,神经内科,脊髓出血性疾病,神经外科,背痛、截瘫、括约肌功能障碍、颈背痛、脑膜刺激征,60－70岁男性,手术治疗,根据不同医院，收费标准不一致，市三甲医院约（20000-30000元）,否,0.001%,30%,1-3个月,https://tag.120ask.com/jibing/jscxxjb/
内科,神经内科,肌萎缩性侧索硬化,神经内科,感觉障碍、构音不清、呼吸困难、肌肉萎缩、腱反射亢进、麻痹、呛咳、强笑,所有人群,透穴按摩、针灸推拿、循经药浴,根据不同医院，收费标准不一致，市三甲医院约（5000 —— 10000元）,否,0.001%,50%,2个月,https://tag.120ask.com/jibing/jwsxcsyh/
内科,神经内科,肌强直性肌病,免疫科,面容消瘦、额纹平坦、眼睑下垂、颧骨隆起、唇厚、口微张,青少年，男性多于女性,药物治疗、手术治疗,根据不同医院，收费标准不一致，市三甲医院约（2000—— 6000元）,否,发病率约0.1%--0.2%,60%,8-12周,https://tag.120ask.com/jibing/jqzxjb/
内科,神经内科,亨延顿病,神经内科,不自主的上肢和头部的舞蹈样动作、肌张力降低、易激惹、抑郁、进行性痴呆,遗传病发患者,药物治疗,根据不同医院，收费标准不一致，市三甲医院约10000--50000元,否,60岁以上人群中本病的发病率约为0.004%,40%，多以控制症状为主,终身治疗,https://tag.120ask.com/jibing/hydb/
内科,神经内科,反射性晕厥,神经内科,头昏、心慌、眼前发黑、恶心、出冷汗、随即意识丧失，面色苍白，全身松软，脉搏细弱，血压下降，一般数秒钟后意识迅速恢复，醒后可有乏力感,青年体弱女性,中药治疗、西药治疗,根据不同医院，收费标准不一致，市三甲医院约（500—— 1000元）,否,发病率约为0.004%-0.006%,60%-80%,3-6个月,https://tag.120ask.com/jibing/fsxy/
内科,神经内科,腓总神经损害,骨科,足和足趾不能背屈、步态异常、跨阈步态、感觉障碍、瘫痪,所有人群,手术治疗,根据不同医院，收费标准不一致，市三甲医院约（3000 —— 5000元）,否,0.005%,60%,2-4周,https://tag.120ask.com/jibing/zsjsh/
内科,神经内科,尺神经麻痹,神经内科,手指分开、合并动作受限制，小指动作丧失。,儿童,手法固定、手术治疗、药物治疗,根据不同医院，收费标准不一致，市三甲医院约（500 —— 5000元）,否,0.01%,60%,1-3个月,https://tag.120ask.com/jibing/csjmb/
内科,神经内科,脑型血吸虫病,神经内科、感染科,抽搐、意识障碍、感染性发热、瘫痪、脑膜刺激征、神经痛、头痛、癫痫和癫痫样发作、感觉障碍、淋巴结肿大、面肌抽搐、共济失调,无特殊发病群体,药物治疗、手术治疗,根据不同医院，收费标准不一致，市三甲医院约（5000-10000元）,否,0.003%,60%,30天,https://tag.120ask.com/jibing/nxxxcb/
内科,神经内科,脑型肺吸虫病,呼吸内科、感染科,腹痛、腹泻、咳嗽、咳铁锈色痰、胸痛、头痛、颅内压增高、癫痫和癫痫样发作,无特殊发病群体,药物治疗、手术治疗,根据不同医院，收费标准不一致，市三甲医院约（5000-10000元）,是,0.0001%-0.0002%,70%,>30天,https://tag.120ask.com/jibing/nxfxcb/
内科,神经内科,脑动脉盗血综合征,神经内科,发作性头晕、视物旋转、复视、共济失调、构音障碍、吞咽困难、晕厥,所有人群,手术治疗,根据不同医院，收费标准不一致，市三甲医院约（20000—— 50000元）,否,0.001%,60%,10-30天,https://tag.120ask.com/jibing/ndmdxzhz/
内科,神经内科,进行性肌营养不良症,神经内科,声音变低、食管扩张、脱发、睾丸萎缩、乳房肥大、卵巢功能障碍、心律失常、房室传导阻滞、多疑、精神障碍、晶状体混浊、白内障,无特殊发病群体,药物治疗,根据不同医院，收费标准不一致，市三甲医院约（5000-10000元）,否,0.05%,60%,1-3年,https://tag.120ask.com/jibing/jxxjyyblz/
内科,神经内科,进行性脊肌萎缩症,神经内科,肌肉萎缩、肌束震颤、手肌肉萎缩、肩胛带肌肉萎缩、肌张力减低、延髓性麻痹,所有人群,药物治疗,根据不同医院，收费标准不一致，市三甲医院约（3000 —— 5000元）,否,0.004%,75%,3个月,https://tag.120ask.com/jibing/jxxjjwsz/
内科,神经内科,进行性延髓麻痹,神经内科,吞咽困难、构音不清、延髓性麻痹、饮水呛咳、肌肉萎缩、肌性肌无力、面肌无力、呛咳、声音嘶哑、咽反射消失,无特殊发病群体,因目前病因尚未明确，尚无有效的措施能阻止本病的进展,根据不同医院，收费标准不一致，市三甲医院约（50000-80000元）,否,0.0002%,15%,终身间歇性治疗,https://tag.120ask.com/jibing/jxxysmb/
内科,神经内科,肋间神经痛,心胸外科,胸部肋间、腹部呈带状疼痛,有胸腔病变或带状疱疹者,药物、理疗、针灸、推拿,根据不同医院，收费标准不一致，市三甲医院约（3000 —— 5000元）,否,0.035%,85%,2-4周,https://tag.120ask.com/jibing/ljsjt/
内科,神经内科,颅内静脉窦血栓,神经内科,不规则发热寒战、全身酸痛、萎靡乏力、消瘦、头痛、呕吐、抽搐、意识障碍、吞咽困难、饮水呛咳、构音不清,所有人群,药物治疗,根据不同医院，收费标准不一致，市三甲医院约20000--50000元,否,0.001%-0.002%,45%-65%,1-2年,https://tag.120ask.com/jibing/lnjmxs/
内科,神经内科,POEMS综合征,神经内科,感觉障碍、肌肉萎缩、腱反射异常、色素异常、腹部肿块、肝肿大、视盘水肿、淋巴结肿大、溢乳、闭经、胸腔积液、腹水,所有人群,手术治疗,根据不同医院，收费标准不一致，市三甲医院约（3000 —— 5000元,否,0.0025%,40%,2-3个月,https://tag.120ask.com/jibing/poemszhz/
内科,神经内科,包涵体肌炎,心血管内科,肌无力、肌萎缩、腱反射敏感性降低,50岁以上男性多见,药物治疗,根据不同医院，收费标准不一致，市三甲医院约（3000 —— 8000元）,否,0.003%,40%,3个月,https://tag.120ask.com/jibing/bhtjy/
内科,神经内科,脊髓血管畸形,脊柱外科,颈项强直、大小便失禁、血管畸形、颅外头痛、神经痛、脊柱侧弯、牵涉痛、瘫痪、感觉障碍,青年和中年人多见,手术、放射、药物治疗,根据不同医院，收费标准不一致，市三甲医院约（50000 —— 100000元）,否,0.0012%,85%,14--30天,https://tag.120ask.com/jibing/jsxgjx/
内科,神经内科,硬脑膜外脓肿,神经外科,头痛、高热、畏寒、周身不适、发烧、寒战、谵妄、脑膜刺激症状、颅内压增高、水肿、癫痫和癫痫样发作、偏瘫,所有群体,手术治疗,根据不同医院，收费标准不一致，市三甲医院约（5000-10000元）,否,人群患病概率0.003%,,治疗周期21天,https://tag.120ask.com/jibing/ynmwnz/
内科,神经内科,惊厥,神经内科,抽搐、翻白眼、口吐白沫、紫绀,既往有癫痫病史、发烧的病人多见,急救、药物治疗,根据不同医院，收费标准不一致，市三甲医院约（5000 —— 10000元）,否,0.1%,80%,7天,https://tag.120ask.com/jibing/jingjue/
内科,神经内科,化脓性脑膜炎,神经外科）,脑膜刺激征、头痛、瞳孔异常、听力减退、呼吸不规则、吞咽困难、畏寒、感染性发热、周身不适、咳嗽、流鼻涕、咽痛,婴幼儿、60岁以上老年人,药物治疗,根据不同医院，收费标准不一致，市三甲医院约（5000-10000元）,否,0.003%,70%,1-3个月,https://tag.120ask.com/jibing/hnxnmy/
内科,神经内科,股神经损伤,骨科,伸膝障碍、股前内侧及小腿内侧感觉丧失、不能屈膝、瘫痪,以枪击伤、刀刺伤、医源性损伤等多见,药物、手术治疗,根据不同医院，收费标准不一致，市三甲医院约（5000 —— 10000元）,否,0.05%,60%,3个月,https://tag.120ask.com/jibing/gsjss/
内科,神经内科,梨状肌综合征,骨科,腹股沟疼痛、身痛、神经痛、干性坐骨神经痛,所有群体,药物治疗、牵引疗法,根据不同医院，收费标准不一致，市三甲医院约（300-500元）,否,0.025%,90%,7-30天,https://tag.120ask.com/jibing/lzjzhz/
内科,神经内科,腕管综合征,骨伤科,手掌面桡侧、拇指、食指、中指和环指桡侧麻、痛并放射到肘、肩部、感觉减弱,腕关节劳力相关工作人群,西药治疗、手术治疗,根据不同医院，收费标准不一致，市三甲医院约3000--8000元,否,0.05%,90%,2-3月,https://tag.120ask.com/jibing/wgzhz/
内科,神经内科,眼球震颤,眼科,眼球震颤、不自主运动,所有人群,药物、手术治疗,根据不同医院，收费标准不一致，市三甲医院约（6000 —— 10000元）,否,0.002%,55%-65%,12周,https://tag.120ask.com/jibing/yqzc/
内科,神经内科,舌咽神经痛,神经内科,软腭疼痛、咽痛、外耳道疼痛、耳内疼痛、舌痛、咳嗽、唾液分泌增多,３５-５０岁人群,药物、射频电凝术、手术治疗,根据不同医院，收费标准不一致，市三甲医院约（10000 —— 30000元）,否,0.05%,85%,3-6周,https://tag.120ask.com/jibing/sysjt/
内科,神经内科,睡眠障碍,神经内科,失眠、入睡困难、夜惊、睡眠过度、不良睡眠卫生、夜间磨牙、幻觉、梦行症、睡眠麻痹、睡眠呼吸暂停、入睡障碍性失眠、猝倒,所有人群,心理、行为、物理、药物治疗,根据不同医院，收费标准不一致，市三甲医院约（3000 —— 5000元）,否,10%,80%,10天,https://tag.120ask.com/jibing/smza/
内科,神经内科,神经型食物中毒,神经内科、急诊科,头痛、恶心与呕吐、复视、眩晕、瞳孔异常、全身皮肤及粘膜呈现不同程度青紫色、眼痛、排便频率异常、瘫痪、吞咽困难、咽痛、肩胛带“模拟瘫痪”,所有人群,药物治疗,根据不同医院，收费标准不一致，市三甲医院约2000-4000元,否,0.01%,60%,2-4周,https://tag.120ask.com/jibing/sjxswzd/
内科,神经内科,晕厥,神经内科,面色苍白、出冷汗、上腹不适、血压下降、神昏气促、恶心、晕厥、易昏厥、跌倒发作、疲乏、头晕、耳鸣,所有人群,药物、中医治疗,根据不同医院，收费标准不一致，市三甲医院约（2000 —— 5000元）,否,0.085%,90%,1-3周,https://tag.120ask.com/jibing/yun/
内科,神经内科,播散性嗜酸粒细胞增多性胶原病,呼吸内科,咳嗽、心力衰竭、便秘、失眠、淋巴结肿大、腹泻、恶心与呕吐、肝脾肿大、嗜酸性粒细胞增多、乏力、食欲不振、弛张热,所有人群,药物治疗,根据不同医院，收费标准不一致，市三甲医院约2000-4000元,否,0.0001%,75%,10-30天,https://tag.120ask.com/jibing/bsxsslxbzdxjyb/
内科,神经内科,斑疹伤寒立克次体肺炎,传染科,寒战、头痛、肌肉酸痛、高热、反应迟钝、谵妄、双手震颤、恶心与呕吐、腹痛、咳嗽、干咳、胸闷,所有人群,药物治疗,根据不同医院，收费标准不一致，市三甲医院约（3000 —— 8000元）,否,0.055%,80%,1-3月,https://tag.120ask.com/jibing/bzshlkctfy/
内科,神经内科,阿片类药物中毒,急诊科,头痛头晕、恶心呕吐、食欲不振、昏迷、呼吸抑制、惊厥、瞳孔缩小、呼吸困难、消瘦、便秘,过量服用阿片类受体患者,手术治疗（洗胃）、药物治疗、支持疗法,根据不同医院，收费标准不一致，市三甲医院约（3000 —— 8000元）,否,0.002%,75%,1-7天,https://tag.120ask.com/jibing/aplywzd/
内科,神经内科,颚口线虫病,消化内科、感染科,食欲不振、恶心与呕吐、上腹部疼痛、匐行疹、头痛、腹痛、水肿、疼痛、剧痛、脓肿 、隐痛、胀痛,所有人群,药物治疗,根据不同医院，收费标准不一致，市三甲医院约（3000 —— 8000元）,否,发病率约为0.002%-0.007%,65%,1-2个月,https://tag.120ask.com/jibing/kxcb/
内科,神经内科,肺泡通气低下综合征,呼吸内科,神志淡漠、头痛、疲劳、嗜睡、气息异常、代谢性酸中毒、意识朦胧状态 、恶心与呕吐、黏膜损害、肺泡炎症、高通气、呼吸异常,所有人群,药物治疗,根据不同医院，收费标准不一致，市三甲医院约1000-3000元,否,0.05%,85%,1-3月,https://tag.120ask.com/jibing/fptqdxzhz/
内科,神经内科,肺隐球菌病,呼吸内科、传染科,发烧、咳嗽、咳痰、咯血、胸痛、低热,所有群体,药物治疗,根据不同医院，收费标准不一致，市三甲医院约（5000-10000元）,是,人群患病概率0.074%,,治疗周期7天,https://tag.120ask.com/jibing/fyqjb/
内科,神经内科,放射病,神经内科,食欲减退、腹泻、共济失调、定向力障碍、全身衰竭、恶心、呕吐、肢体震颤、乏力、头晕、休克、疲乏,所有人群,药物治疗,根据不同医院，收费标准不一致，市三甲医院约2000-4000元,否,0.00325%,,治疗周期约4-6周,https://tag.120ask.com/jibing/fangshebing/
内科,神经内科,急性呼吸衰竭,急诊科、呼吸内科,呼吸困难、发绀、烦躁不安、头晕、昏迷、黄疸、上消化道出血、血尿、水肿、心律失常,所有人群,药物治疗,根据不同医院，收费标准不一致，市三甲医院约（10000 —— 50000元）,否,0.025%，多见于有呼吸道疾病患者,80%,1-2个月,https://tag.120ask.com/jibing/jxhxsj/
内科,神经内科,发作性嗜睡强食综合征,神经内科、精神病科,发作性嗜睡和食欲亢进、易激惹、昏睡、多肥胖、进食量极大,常见青年男性,药物、心理治疗,根据不同医院，收费标准不一致，市三甲医院约（3000 —— 8000元）,否,0.001%-0.002%,70%,8-12周,https://tag.120ask.com/jibing/fzxssqszhz/
内科,神经内科,柯萨奇病毒感染,呼吸内科,发热、吞咽困难、咽痛、丘疹、斑丘疹、疱疹、恶心与呕吐、流鼻涕、咳嗽、周身不适,儿童人群,药物治疗,根据不同医院，收费标准不一致，市三甲医院约（2000 ——5000元）,是,0.025%,85%,1-3周,https://tag.120ask.com/jibing/ksqbdgr/
内科,神经内科,福尔马林中毒,急诊科,口及咽部烧灼感、流涎、吞咽困难、大便呈褐色、肠穿孔、口腔糜烂、胃糜烂、头晕、蹒跚步态、昏迷、呼吸困难,所有人群,手术治疗（催吐、洗胃、导泻）药物治疗、支持疗法,根据不同医院，收费标准不一致，市三甲医院约（3000 —— 5000元）,否,患病率约为0.002%,,正规治疗周期20天,https://tag.120ask.com/jibing/femlzd/
内科,神经内科,老年久病卧床,呼吸内科、神经内科,痛阈降低、肌肉萎缩、肌肉挛缩、腰背痛、肾结石、水肿、心绞痛、便秘、心率增快、营养不良、食欲减退、多尿,所有人群,药物治疗、支持疗法,根据不同医院，收费标准不一致，市三甲医院约2000-5000元,否,通常见于瘫痪老人，发生率约为0.02%--0.04%,,需要终身强化护理,https://tag.120ask.com/jibing/lnjbwc/
内科,神经内科,老年性昏迷,神经内科,意识障碍、缄默症、昏迷、觉醒状态丧失、对光反应消失,老年人,药物治疗,根据不同医院，收费标准不一致，市三甲医院约（5000 —— 10000元）,否,0.005%,50%,2-4周,https://tag.120ask.com/jibing/lnxhm/
内科,神经内科,淋巴瘤样肉芽肿,呼吸内科、肿瘤科,周身不适、乏力、关节疼痛、咳嗽、腹痛、感觉障碍、消瘦、耳聋、体重减轻,本病可发生于任何年龄、以20～60岁最多见、男性略多于女性,药物治疗、放射治疗,根据不同医院，收费标准不一致，市三甲医院约（5000 —— 10000元）,否,0.002%,40%,3个月,https://tag.120ask.com/jibing/lblyryz/
内科,神经内科,流感嗜血杆菌感染,呼吸内科,痉挛性咳嗽、脑膜炎、咽痛、发烧、头痛、嗜睡、昏迷、惊厥、颈强直,所有人群,药物治疗,根据不同医院，收费标准不一致，市三甲医院约1000-3000元,否,人群患病概率67%,,治疗周期7天,https://tag.120ask.com/jibing/lgsxgjgr/
内科,神经内科,农药中毒性肾病,急诊科、肾内科,呼吸气为蒜臭味、抽搐、大小便失禁、口吐白沫、眩晕、乏力、腹痛,所有人群,洗胃、药物治疗,根据不同医院，收费标准不一致，市三甲医院约（5000 —— 10000元）,否,0.002%,40%,1-3个月,https://tag.120ask.com/jibing/nyzdxsb/
内科,神经内科,脑动脉硬化症,心脑血管内科,头痛、视物昏花、耳鸣、听力减退、肢体麻木，或困乏无力、烦躁、语无伦次、睡眠障碍等、记忆力减退,吸烟、饮酒中老年人,药物治疗,根据不同医院，收费标准不一致，市三甲医院约（30000 —— 50000元）,否,特定人群0.04%,70%,3-6周,https://tag.120ask.com/jibing/ndmyhz/
内科,神经内科,Pancoast综合征,心胸外科、肿瘤科,肩痛、眼球内陷、瞳孔异常、腋窝痛,所有人群,药物治疗、姑息性手术治疗,根据不同医院，收费标准不一致，市三甲医院约（3000 —— 8000元）,否,0.0001%,20%,3个月,https://tag.120ask.com/jibing/pancoastzhz/
内科,神经内科,诺卡菌病,呼吸内科,皮下结节、脓肿 、溃疡、肺部感染、发烧、休克、昏迷、脑膜刺激征、抽筋、呕吐、腹痛、身痛,中年以后为多见。男性约为女性的2倍。,药物治疗,根据不同医院，收费标准不一致，市三甲医院约（3000 —— 8000元）,否,发病率约为0.003%-0.005%,65%,1-3个月,https://tag.120ask.com/jibing/nkjb/
内科,神经内科,天冬氨酰葡萄糖胺尿症,内分泌科,反复上呼吸道感染、腹泻、智力发育迟缓、异常矮小、言语紊乱、肝肿大、咳嗽、面颊明显内陷、脾肿大、体型异常、鼻梁平塌、短颈,所有人群,药物治疗,根据不同医院，收费标准不一致，市三甲医院约（3000 —— 8000元）,否,0.005%,75%,3-6月,https://tag.120ask.com/jibing/tdapttanz/
内科,神经内科,羰基镍中毒,急诊科,粉红色泡沫痰、气急、干咳、胸闷、眩晕、咳嗽、胸痛、头痛、腹痛、恶心与呕吐,所有群体,药物治疗,根据不同医院，收费标准不一致，市三甲医院约（1000-5000元）,否,0.0001%,75%,2--10周,https://tag.120ask.com/jibing/jnzd/
内科,神经内科,沃纳综合征,心血管内科,皮肤老化、体型异常、鸟嘴样尖鼻、全身毛发呈灰白色、骨质疏松、肌肉萎缩、腱反射消失、皮肤硬化、消瘦、糖尿、视力障碍、眉毛变白,儿童（多见于有血缘婚姻的子代，尤以堂兄妹间结婚者的子代居多）,药物治疗,根据不同医院，收费标准不一致，市三甲医院约（3000 —— 8000元）,否,0.0003%,60%,100>,https://tag.120ask.com/jibing/wnzhz/
内科,神经内科,弹性假黄瘤,心血管内科,高血压、视网膜出血、视力障碍、关节松弛、结节、丘疹、皮损皮黄到橙色、心力衰竭、猝死、心肌梗死、上消化道出血、皮肤弹性差,所有群体,对症治疗,根据不同医院，收费标准不一致，市三甲医院约（1000-5000元）,否,0.0001%,75%,1-2个月,https://tag.120ask.com/jibing/dxjhl/
内科,神经内科,小儿共济失调毛细血管扩张Ⅰ型,神经内科,共济失调、眼球震颤、意向性震颤、色素脱失、皮肤萎缩、色素沉着,先天遗传患者,药物治疗,根据不同医院，收费标准不一致，市三甲医院约10000--50000元,否,0.01%,40%,3个月,https://tag.120ask.com/jibing/xegjsdmxxgkzxzhz/
内科,神经内科,小儿共济失调毛细血管扩张综合,儿内科,共济失调、智力发育迟缓,儿童,药物治疗,根据不同医院，收费标准不一致，市三甲医院约（3000 —— 8000元）,否,0.002%,40%,3-6个月,https://tag.120ask.com/jibing/xegjsdmxxgkzzhz/
内科,神经内科,小儿肺炎链球菌脑膜炎,神经内科,发烧、头痛、呕吐、颅内高压、败血症、脑膜炎、脑脓肿、脑积水、颅内压增高、乳突炎、小儿发热、昏迷,婴幼儿,药物治疗,根据不同医院，收费标准不一致，市三甲医院约（5000-10000元）,否,婴幼儿患病概率0.003%,,治疗周期21天,https://tag.120ask.com/jibing/xefylqjnmy/
内科,神经内科,小儿结节性多动脉炎,儿科,发烧、乏力、消瘦、腹痛、管型尿、肾功能衰竭、便血、脂肪泻、体重减轻、急腹症、黄疸、关节痛,婴幼儿,药物治疗,根据不同医院，收费标准不一致，市三甲医院约（1000-5000元）,否,0.0005%,95%,1-3月,https://tag.120ask.com/jibing/xejjxddmy/
内科,神经内科,小儿软骨外胚层发育不全综合征,骨科,牙齿异常、指甲异常、毛发异常、软骨发育不良与骨骼畸形、心脏畸形、并指（趾）畸形、多指（趾）畸形、体型异常、初生婴儿即出现侏儒状态,婴幼儿,对症治疗,根据不同医院，收费标准不一致，市三甲医院约（10000-50000元）,否,0.0002%-0.0003%,,终身间歇性对症治疗,https://tag.120ask.com/jibing/xergwpcfybqzhz/
内科,神经内科,麻黄碱中毒,急诊科,头痛、眩晕、耳鸣、烦躁不安、震颤、焦虑、失眠、心悸、心动过速、视物模糊、高血压,过量服用麻黄碱药物患者,手术治疗（洗胃、催吐、导泻）、药物治疗、支持疗法,根据不同医院，收费标准不一致，市三甲医院约（5000 —— 8000元）,否,0.04%,83%,15天,https://tag.120ask.com/jibing/mhjzd/
内科,神经内科,马桑果中毒,急诊科,恶心与呕吐、腹痛、头晕、乏力、流涎、出汗异常、休克、昏迷、瞳孔异常、头痛、紫绀,所有群体,药物治疗,根据不同医院，收费标准不一致，市三甲医院约（5000-10000元）,否,0.002%,40%,2-4周,https://tag.120ask.com/jibing/msgzd/
内科,神经内科,小儿血管角质瘤综合征,儿科,紫癜、角膜混浊、烧灼性疼痛、阵发性腹痛、出汗减少、抽搐、心律失常、偏瘫、腹泻、肾功能衰竭、高热、瘫痪,儿童（该病多为男性发病，女性是病态基因携带者）,药物治疗,根据不同医院，收费标准不一致，市三甲医院约（5000 —— 20000元）,否,0.003%-0.005%,45%-65%,3-6个月,https://tag.120ask.com/jibing/xexgjzlzhz/
内科,神经内科,尼曼－匹克氏病,神经内科,贫血、营养不良、食欲不振、震颤、惊厥、痴呆、眼肌瘫痪 、呕吐、婴儿喂养困难,先天婴幼儿,药物治疗、中药治疗、手术治疗,根据不同医院，收费标准不一致，市三甲医院约10000--50000,否,0.00001%,80%,1--6个月,https://tag.120ask.com/jibing/nmpksb/
内科,神经内科,小儿重症肌无力,神经内科,眼睑下垂、眼球不能随意动、面肌无力、眼肌麻痹、复视、吸吮反射消失、腱反射消失、呼吸困难、紫绀、面具脸、发音障碍、斜视,新生儿、儿童多见,药物、中医治疗,根据不同医院，收费标准不一致，市三甲医院约（10000 —— 50000元）,否,发病率约为0.001%--0.003%,40-70%,3-5年,https://tag.120ask.com/jibing/xezzjwl/
内科,神经内科,岩藻糖苷贮积症,内分泌科,反复上呼吸道感染、肌张力减低、出汗异常、异常矮小、智力发育迟缓、儿童精神运动发育异常、抽风、脊柱和四肢畸形,先天患儿,对症治疗,根据不同医院，收费标准不一致，市三甲医院约10000--30000,否,发病率约为0.0002%--0.0005%,,终身治疗,https://tag.120ask.com/jibing/yztzjz/
内科,神经内科,血管神经性水肿,心血管内科、神经内科,周身不适、寒战、发热水肿、皮下组织水肿、突发、无痛的局部水肿,可见于任何年龄，但以青年居多,药物治疗,根据不同医院，收费标准不一致，市三甲医院约（3000 —— 8000元）,否,0.13%,90%,7-10天,https://tag.120ask.com/jibing/xgsjxsz/
内科,神经内科,致肠细胞病变人孤儿病毒感染,呼吸内科,发烧、胸痛、心包炎、流感样症状、水肿、斑疹、丘疹、恶心与呕吐、脓疱、腹痛、胸骨压痛、疱疹,所有群体,对症治疗,根据不同医院，收费标准不一致，市三甲医院约（1000-5000元）,否,0.00001%,70%,10-30天,https://tag.120ask.com/jibing/zcxbbbrgebdgr/
内科,神经内科,肾上腺素中毒,肾内科,恶心与呕吐、面色苍白、心动过速、肌肉纤维震颤、惊厥、步态不稳、高热寒战、出汗异常、心脏震颤、休克、瞳孔异常、头痛,所有群体,药物治疗,根据不同医院，收费标准不一致，市三甲医院约（3000-5000元）,否,0.0013%,70%,1-7天,https://tag.120ask.com/jibing/ssxszd/
内科,神经内科,阻塞性睡眠呼吸暂停综合征,呼吸内科,打鼾、睡眠呼吸暂停、多尿、嗜睡、猜疑、易于产生病理嫉妒信念、惊恐发作、疲劳、颈部粗、颈短、外貌苍老、口唇发绀,所有群体,药物治疗、手术治疗,根据不同医院，收费标准不一致，市三甲医院约（5000-10000元）,否,0.4%-0.6%,40%-70%(控制体重后可使70%治愈),8周,https://tag.120ask.com/jibing/zsxsmhxztzhz/
内科,神经内科,吞咽困难,消化内科,咽部、胸骨后有团块样堵塞感,口咽疾病患者、食管疾病患者,手术治疗,根据不同医院，收费标准不一致，市三甲医院约（4000-8000元）,否,0.001%,30%,1-2个月,https://tag.120ask.com/jibing/tykn/
内科,神经内科,Austin型幼儿脑硫脂病,神经内科,眼球震颤、共济失调、烦躁不安、肌张力减低、步态异常、反应迟钝、语言发育迟缓、抽风,幼儿,药物治疗,根据不同医院，收费标准不一致，市三甲医院约（5000 —— 20000元）,否,0.006%,70%,2-3月,https://tag.120ask.com/jibing/austinxyenlzb/
内科,神经内科,包涵体肌炎与遗传性包涵体肌病,神经内科,下肢无力、肌肉萎缩、吞咽困难、肌性肌无力、对称性肌无力、面肌无力、四肢无力、腱反射消失、瘫痪、食管蠕动差扩张及梨状窝钡剂滞留,所有人群,药物治疗,根据不同医院，收费标准不一致，市三甲医院约（5000 —— 10000元）,否,约占炎症性肌病的15%～28%,70%,3个月,https://tag.120ask.com/jibing/bhtjyyycxbhtjb/
内科,神经内科,CreutzfeldtJakob病,神经内科,记忆减退、头痛、眩晕和共济失调,多数于50～60岁发病，女性较多,中医药物治疗、西医药物治疗,根据不同医院，收费标准不一致，市三甲医院约（5000 —— 20000元）,否,0.001%,40%,1-3个月,https://tag.120ask.com/jibing/creutzfeldtjakobb/
内科,神经内科,苯丙胺中毒,急诊科,焦虑、谵妄、心动过速、早搏、腹胀、腹泻、呕吐、幻听、消瘦,所有人群,药物治疗,根据不同医院，收费标准不一致，市三甲医院约6000--12000,否,0.0004%,50%,2--8周,https://tag.120ask.com/jibing/bbazd/
内科,神经内科,阿尔茨海默病性痴呆,神经内科,记忆障碍、失语、失用、失认、视空间技能损害、执行功能障碍,老年人群,西药治疗,根据不同医院，收费标准不一致，市三甲医院约（5000 —— 10000元）,否,老年人患病概率0.7%,,需要终身治疗,https://tag.120ask.com/jibing/aechmbxcd/
内科,神经内科,苍白球黑质红核色素变性,神经内科,瘫痪、局限性肌张力障碍、舞蹈样手足徐动、智力减低、眼睑痉挛、吞咽困难、口齿不清、震颤、易跌倒,儿童和青少年,对症治疗,根据不同医院，收费标准不一致，市三甲医院约10000--60000,否,0.001%,45%,1-3个月,https://tag.120ask.com/jibing/cbqhzhhssbx/
内科,神经内科,产后精神病,精神科,猜疑 产后抑郁 高热 幻觉 焦虑 精神运动性兴奋 精神障碍 沮丧,产后妇女,中医药物治疗、西医药物治疗,根据不同医院，收费标准不一致，市三甲医院约（5000 —— 10000元）,否,0.002%--0.004%,50%,3-6月,https://tag.120ask.com/jibing/chjsb/
内科,神经内科,宾斯旺格病,神经内科,智能障碍、语言障碍、双下肢无力伴双手震颤,所有人群,药物治疗,根据不同医院，收费标准不一致，市三甲医院约（1000 —— 5000元）,否,0.00001%,10%,1-3个月,https://tag.120ask.com/jibing/bswgb/
内科,神经内科,阿片中毒,急诊科,头痛、头晕、幻觉、恶心与呕吐、消瘦、食欲不振、冷汗、失眠、虚脱、眩晕、便秘、昏迷,所有人群,洗胃、灌肠、药物治疗,根据不同医院，收费标准不一致，市三甲医院约5000--10000,否,0.0002%-0.0005%(鸦片、海洛因、k粉吸食者患病率约为5-10%，与过度服用有关),70%-80%,1-3个月,https://tag.120ask.com/jibing/apzd/
内科,神经内科,产后抑郁症,心理科、产科,情绪低落、食欲不振、乳汁不足,平时有癔症、抑郁症的产妇多见,心理疏导、药物治疗,根据不同医院，收费标准不一致，市三甲医院约1000---2000元,否,0.004%,70-80%,1-3个月,https://tag.120ask.com/jibing/chyyz/
内科,神经内科,癌性神经肌病,肿瘤科,四肢远端麻木、疼痛或异样感觉、重症肌无力、脊髓性肌萎缩、小脑性共济失调、四肢无力、手套或短袜子式浅、深感觉障碍、肌性肌无力,所有人群,药物治疗,根据不同医院，收费标准不一致，市三甲医院约（10000-50000元）,否,0.0001%,10%,1-2个月,https://tag.120ask.com/jibing/axsjjb/
内科,神经内科,颤证,中医科,头部震颤、双手震颤、畏寒,中、老年，素体肝肾阴亏的人,支持疗法,根据不同医院，收费标准不一致，市三甲医院约（1000-5000元）,否,0.05%,85%,2-6月,https://tag.120ask.com/jibing/chanzheng/
内科,神经内科,艾滋病神经系统损害,性病科,进行性认知功能减退、注意力不集中、记忆力减退、高热、精神症状、阵发性意识障碍,性活跃人群男同性恋尤为多见,中药、西药治疗,根据不同医院，收费标准不一致，市三甲医院约（50000 —— 100000元）,是,0.001%,,30天,https://tag.120ask.com/jibing/azbsjxtsh/
内科,神经内科,肠道革兰阴性杆菌脑膜炎,神经内科,头痛、呕吐、发热,所有人群,药物治疗、手术治疗,根据不同医院，收费标准不一致，市三甲医院约（10000 —— 30000元）,否,0.5%,99%,2-4周,https://tag.120ask.com/jibing/cdglyxgjnmy/
内科,神经内科,搏动性眼球突出症,眼科,眼球浮动现象、眼球上翻并固定、眼外转移、眼痛、视力障碍、眼球不能随意动、缩瞳、眼睑下垂及眼球内陷、眼球突出,所有,手术治疗,根据不同医院，收费标准不一致，市三甲医院约（5000-10000元）,否,0.0001%,30%,14--21天,https://tag.120ask.com/jibing/bdxyqtcz/
内科,神经内科,安眠药中毒,急诊科,昏睡不醒、肌肉痉挛、血压下降、呼吸变浅变慢、心跳缓慢、脉搏细弱、深昏迷、反射消失,所有人群,手术治疗（洗胃、催吐、导泻）、药物治疗,根据不同医院，收费标准不一致，市三甲医院约（3000 —— 5000元）,否,80%,20%,120天,https://tag.120ask.com/jibing/amyzd/
内科,神经内科,常染色体隐性遗传性脑动脉病及,神经外科,脱发、腰痛、步行障碍及一侧下肢无力、或以性格改变、记忆障碍,多见于20～40岁人群,药物治疗,根据不同医院，收费标准不一致，市三甲医院约（3000 —— 8000元）,否,0.002%,40%,3个月,https://tag.120ask.com/jibing/crstyxycxndmbjdmyhbp/
内科,神经内科,不随意运动,神经内科,痴呆、 持续的肌肉收缩、 抽搐、 断续的肌收缩、 肝豆状核变性、 功能性震颤、 肌纤维颤搐、 肌阵挛,所有人群,药物治疗,根据不同医院，收费标准不一致，市三甲医院约(1000-5000元),否,发病率约为0.0002%--0.0004%,55-75%,6-12个月,https://tag.120ask.com/jibing/bsyyd/
内科,神经内科,痴呆综合征,神经内科,头晕、头痛、近事遗忘现象、健忘性失语、记忆力障碍、记忆力消失、认知功能障碍、人格改变,青少年,药物治疗、心理治疗,根据不同医院，收费标准不一致，市三甲医院约（1600—— 4000元）,否,0.04%,35%,720天,https://tag.120ask.com/jibing/cdzhz/
内科,神经内科,CM1神经节苷脂贮积症,神经内科,鼻梁平塌、眼距宽阔、短颈、面部多毛、前额及颧骨突出、齿龈肥厚、伸舌样痴呆、眼底黄斑部的樱桃红斑点、肝脾肿大、毛细血管扩张症、反应迟钝、智力减低,"该病多见于婴幼儿及少年,也有成人",对症治疗,根据不同医院，收费标准不一致，市三甲医院约（3000 —— 8000元）,否,0.00035%,60%,15-30天,https://tag.120ask.com/jibing/cm1sjjzzjz/
内科,神经内科,持续性植物状态,神经内科,昏迷、意识丧失、认知功能障碍、毫无情感反应、认知神经功能丧失,所有人群,药物治疗,根据不同医院，收费标准不一致，市三甲医院约（10000-50000元）,否,0.0001%,10%,30天,https://tag.120ask.com/jibing/cxxzwzt/
内科,神经内科,带状疱疹性角膜炎,眼科,全身不适、发热、寒战、角膜溃疡、视物模糊、流泪,青壮年,冷冻疗法、局部治疗,根据不同医院，收费标准不一致，市三甲医院约（5000 —— 20000元）,否,0.5%,86%,21天,https://tag.120ask.com/jibing/dzzxjmy/
内科,神经内科,抽搐与惊厥,神经内科,肌肉痉挛、昏厥、抽风,受惊吓者、高烧不退的小孩、营养不良人群,中医药物治疗,根据不同医院、收费标准不一致、市三甲医院约（400-4000元）,否,0.2--0.5%,87%,3~10天,https://tag.120ask.com/jibing/ccyj/
内科,神经内科,电击伤所致脊髓病,神经内科,意识障碍、乏力、感觉障碍、心慌、心律失常、瘫痪、脊髓横贯损害,所有群体,病因治疗、对症治疗,根据不同医院，收费标准不一致，市三甲医院约（10000-50000元）,否,0.0001%,75%,1-2个月,https://tag.120ask.com/jibing/djsszjsb/
内科,神经内科,单纯疱疹性脑炎,神经内科,头晕、头痛、发烧、身痛、定向力障碍、昏迷、疱疹、幻觉、颈项强直、意识障碍、嗜睡、昏睡,所有群体,昏迷、病情严重者可发生脑疝,根据不同医院，收费标准不一致，市三甲医院约（5000-10000元）,否,0.001%,60%,1-3个月,https://tag.120ask.com/jibing/dczxny/
内科,神经内科,单发脑梗死性痴呆,神经内科,偏瘫、锥体束病损、感觉障碍、认知功能障碍、大小便失禁、嗜睡、行为及情绪异常、痴呆、健忘、失读、视觉失认、脑水肿,所有人群（中老年多发）,药物治疗,根据不同医院，收费标准不一致，市三甲医院约（3000 —— 8000元）,否,0.001%,70%,3-6个月,https://tag.120ask.com/jibing/dfngsxcd/
内科,神经内科,出血性脑梗死,心脑血管科,头痛、头晕、恶心呕吐、肢体瘫痪、意识障碍、瞳孔改变、消化道出血、高热,心脏病、三高中老年患者,药物治疗、手术治疗,根据不同医院，收费标准不一致，市三甲医院约（10000 —— 50000元）,否,0.03%,50%,1-2个月,https://tag.120ask.com/jibing/cxxngs/
内科,神经内科,淀粉样变性周围神经病,神经内科,感觉障碍、腱反射消失、腕管综合征、肌肉萎缩、下肢神经性疼痛、身痛、周围神经损害、溃疡、营养不良、蛋白尿、腹泻,所有人群,药物治疗,根据不同医院，收费标准不一致，市三甲医院约（5000 —— 10000元）,否,发病率约为0.005%-0.007%,,终身间歇性治疗,https://tag.120ask.com/jibing/dfybxzwsjb/
内科,神经内科,单克隆丙种球蛋白病伴周围神经,神经内科,感觉障碍、平衡功能障碍、步态不稳、疼痛、下肢无力、肢体震颤、共济失调,所有人群,药物治疗,根据不同医院，收费标准不一致，市三甲医院约（2000-5000元）,否,0.002%,70%,1-2个月,https://tag.120ask.com/jibing/dklbzqdbbbzwsjb/
内科,神经内科,创伤后应激障碍,神经内科,噩梦、心理麻木、闪回、情感麻痹、焦虑、应激功能减退,创伤患者人群,心理治疗、药物治疗,根据不同医院，收费标准不一致，市三甲医院约（5000-10000元）,否,0.002%-0.006%,65%-75%,3-6个月,https://tag.120ask.com/jibing/cshyjza/
内科,神经内科,东方马型脑炎,神经内科,急性起病、突然出现寒战、高热、烈头痛、恶心、呕吐,接触马群者,支持疗法,根据不同医院，收费标准不一致，市三甲医院约（10000-15000元）,否,发病率低，约0.001%,30-40%,1年,https://tag.120ask.com/jibing/dfmxny/
内科,神经内科,单神经病与神经丛神经病,神经内科,臂丛神经受累、 麻痹、 疼痛、肌肉萎缩、肋间神经痛、水泡、溃疡、感觉障碍、下肢肌肉瘫痪、刺痛,所有人群,中医药物治疗、西医药物治疗,根据不同医院，收费标准不一致，市三甲医院约（1000 —— 5000元）,否,0.002%-0.003%,80%,8-12周,https://tag.120ask.com/jibing/dsjbysjcsjb/
内科,神经内科,蝎子螫伤,急诊科,头晕、头痛、嗜睡、流涎、畏光、流泪、恶心呕吐、口与舌肌强直、大汗淋漓、呼吸急促、血压升高、脉搏细弱和肌肉痉挛,所有人群均可发生,药物治疗,根据不同医院，收费标准不一致，市三甲医院约（300 —— 800元）,否,1%,90%,1个月,https://tag.120ask.com/jibing/xzzs/
内科,神经内科,纯植物神经功能衰竭,神经内科,吞咽、咳嗽、不能呼吸窘迫,所有人群,药物治疗,根据不同医院，收费标准不一致，市三甲医院约（1000 —— 3000元）,否,0.0003%,30%,3--8周,https://tag.120ask.com/jibing/czwsjgnsj/
内科,神经内科,动眼、滑车及外展神经疾病,神经内科,眼球不能随意动、瞳孔异常、眼球偏斜、视力障碍、上睑下垂、对光反应消失、视物模糊,所有人群,药物治疗,根据不同医院，收费标准不一致，市三甲医院约1500-4000元,否,0.001%,60%,1-3个月,https://tag.120ask.com/jibing/dyhcjwzsjjb/
内科,神经内科,颠茄碱类植物药物中毒,急诊科,烦渴多饮、咽喉干燥充血、瞳孔异常、幻觉、谵妄、排尿困难及尿潴留、发烧、少尿、呼吸异常、指甲上起小细粒,所有人群,洗胃灌肠、药物治疗,根据不同医院，收费标准不一致，市三甲医院约5000--10000,否,0.002%,60%,1-3天,https://tag.120ask.com/jibing/dqjlzwywzd/
内科,神经内科,丛集性头痛,神经内科,眼部胀痛、流泪、流鼻涕、结膜充血、呕吐,多见于中年男性,药物治疗、针灸治疗,根据不同医院，收费标准不一致，市三甲医院约3000--8000,否,0.002%-0.003%,,终身间歇性对症治疗,https://tag.120ask.com/jibing/cjxtt/
内科,神经内科,短暂性大脑缺血性发作,神经内科,单瘫、偏瘫、感觉障碍、视力障碍、眩晕、运动性失语、吞咽困难、声音嘶哑、听力下降、四肢无力、健忘、意识障碍,中老年人群,药物治疗,根据不同医院，收费标准不一致，市三甲医院约30000--80000,否,0.006%,70%,10-30天,https://tag.120ask.com/jibing/dzxdnqxxfz/
内科,神经内科,癫病,神经内科,突然意识丧失、继之先强直后阵挛性痉挛、常伴尖叫、面色青紫、尿失禁、舌咬伤、口吐白沫或血沫、瞳孔散大、持续数十秒或数分钟后痉挛发作自然停止、进入昏睡状态、醒后有短时间的头昏、烦躁、疲乏、对发作过程不能回忆,所有人群均可发病，以儿童多见,药物治疗,根据不同医院，收费标准不一致，市三甲医院约（3000 —— 10000元）,否,0.2%,30%,30天,https://tag.120ask.com/jibing/dianbing/
内科,神经内科,大便失禁,神经内科,干便、稀便及排气不能控制,老年人、局部外伤患者,西医药物治疗,根据不同医院，收费标准不一致，市三甲医院约（5000-8000元）,否,0.05%,30%,4-5个月,https://tag.120ask.com/jibing/dbsj/
内科,神经内科,多巴反应性肌张力障碍,神经内科,局限性肌张力障碍、怪异步态、关节僵直、马蹄内翻足,儿童或青少年的遗传性疾病,药物治疗,根据不同医院，收费标准不一致，市三甲医院约10000--30000,否,发病率约为0.0003%-0.0005%,,终身间歇性治疗,https://tag.120ask.com/jibing/dbfyxjzlza/
内科,神经内科,癫痫持续状态,神经内科,意识障碍、全身强直和抽搐、阵挛性发作、尿失禁、昏迷,所有人群,药物治疗,根据不同医院，收费标准不一致，市三甲医院约10000--30000元,否,癫痫患者中本病发病率约为3%-8%,,终身间歇性治疗,https://tag.120ask.com/jibing/cxzt/
内科,神经内科,代偿性多汗症,内分泌科,上半身热刺激性多汗、面颈部味觉性多汗、下半身无汗或少汗、夜间盗汗、多汗症、上半身代偿性多汗症,所有群体,药物治疗,根据不同医院，收费标准不一致，市三甲医院约（100-500元）,否,0.006%-0.008%,75%,8-12周,https://tag.120ask.com/jibing/dcxdhz/
内科,神经内科,多发脑梗死性痴呆,神经内科,中枢性面舌瘫、偏瘫、偏身感觉障碍、肌张力增高、锥体束征、假性延髓麻痹、感觉过度和尿便失禁、近记忆力和计算力减退、表情淡漠、焦虑、少语、抑郁或欣快,老年人,药物治疗,根据不同医院，收费标准不一致，市三甲医院约（3000 —— 10000元）,否,0.0003%,15%-35%,30天,https://tag.120ask.com/jibing/duofngsxcd/
内科,神经内科,癫痫发作与癫痫综合征,神经内科,全身强直阵挛发作、复杂部分性发作、失神发作、头痛、人格改变,癫痫患者或原基础疾病继发,药物治疗,根据不同医院，收费标准不一致，市三甲医院约10000--50000,否,0.03%,60%,1-6个月,https://tag.120ask.com/jibing/fzyzhz/
内科,神经内科,多发性神经炎,神经内科,斑丘疹、斑疹、腹痛、骨痛、肌痛、脑膜炎、头痛、眩晕,所有人群,药物治疗,根据不同医院，收费标准不一致，市三甲医院约（3000 —— 5000元）,否,0.002%,40%,1个月,https://tag.120ask.com/jibing/dfxsjy/
内科,神经内科,多发性末梢神经炎,神经内科,手或脚感觉疼痛、麻木、端皮肤发凉、苍白,有重金属（砷、汞、铅）接触史、糖尿病的患者,西药治疗,根据不同医院，收费标准不一致，市三甲医院约（2000 —— 5000元）,否,0.0004%,90%,1-3月,https://tag.120ask.com/jibing/dfxmssjy/
内科,神经内科,颞叶癫痫,神经内科,烦躁不安、攻击行为、恐惧、意识朦胧状态 、幻听、自动症、记忆力障碍,所有人群,药物治疗,根据不同医院，收费标准不一致，市三甲医院约（3000 —— 8000元）,否,0.001%-0.003%,70%,3-5年,https://tag.120ask.com/jibing/y/
内科,神经内科,反射性交感神经营养不良综合征,神经内科,皮肤变薄、发亮、毛发异常、色素异常、指甲异常、四肢远端麻木、疼痛或异样感觉、压痛、软组织肿胀,所有人群,理疗、药物治疗,根据不同医院，收费标准不一致，市三甲医院约10000--50000,否,0.004%,30%,>100天,https://tag.120ask.com/jibing/fsxjgsjyyblzhz/
内科,神经内科,多灶性运动神经病,神经内科,以周围神经分布的慢性进行性肌无力、肌萎缩、症状左右不对称、以肢体远端受累为主、没有或有很轻的感觉症状,均可发病,西药治疗,根据不同医院，收费标准不一致，市三甲医院约（10000 —— 30000元）,否,0.05%,75%,1-3月,https://tag.120ask.com/jibing/dzxydsjb/
内科,神经内科,溴氯菊酯中毒,急诊科,烧灼感、恶心、呕吐、腹痛、红斑、丘疹、头痛、头昏、乏力、食欲不振、肌肉跳动、严重中毒者流涎、视力模糊、肌肉纤维震颤、昏迷、抽搐、昏迷,所有人群,药物治疗、碱性液体清洗,根据不同医院，收费标准不一致，市三甲医院约（5000-10000元）,否,0.035%,80%,7--14天,https://tag.120ask.com/jibing/ljzd/
内科,神经内科,反射性躯体神经病,神经内科,肢体肿胀、瘫痪、肌肉萎缩、躯体主诉增多、幻味、吸吮反射阳性、立毛反射亢进、神经失用、踝阵挛、四肢肌张力增强、立毛反射减弱、咽反射亢进,所有群体,病因治疗、对症治疗,根据不同医院，收费标准不一致，市三甲医院约（1000-5000元）,否,0.0003%,30%,1-3年,https://tag.120ask.com/jibing/fsxqtsjb/
内科,神经内科,额颞痴呆,神经内科,痴呆、健忘、言语紊乱、日常生活能力减退和行为异常、人格改变、视觉失认、记忆力障碍、智能减退、大小便失禁、缄默症,中老年,药物治疗,根据不同医院，收费标准不一致，市三甲医院约（1000-5000元）,否,0.0001%,70%,3-6个月,https://tag.120ask.com/jibing/ecd/
内科,神经内科,小儿蓝尿布综合征,小儿内科,便秘、反复感染、钙化、高钙血症、面色苍白、尿磷、肾钙化、肾结石,婴幼儿,对症治疗、药物治疗,根据不同医院，收费标准不一致，市三甲医院约（1000—— 3000元）,否,0.002%,40%,2-4个月,https://tag.120ask.com/jibing/xelnbzhz/
内科,神经内科,分水岭区脑梗死,神经内科,意识障碍、运动性失语、偏盲、感觉障碍、基底节出血、恶心与呕吐、脑功能不全、昏迷、对光反应消失、瘫痪、中枢性发热、谵妄,所有群体,病因治疗、对症治疗,根据不同医院，收费标准不一致，市三甲医院约（5000-10000元）,否,0.004%,60%,3个月,https://tag.120ask.com/jibing/fslqngs/
内科,神经内科,额叶癫痫,神经内科,意识丧失、惊厥、思维紊乱、凝视征、继发性癫痫、自动症、额叶癫痫的前额极区发作、额叶癫痫的运动皮质发作、额叶癫痫的眶额区发作、额叶癫痫的“击剑姿势”、额叶癫痫岛盖发作、额叶癫痫的扣带回发作,所有群体,手术治疗,根据不同医院，收费标准不一致，市三甲医院约（5000-10000元）,否,0.0020%,30%,6-24个月,https://tag.120ask.com/jibing/ey/
内科,神经内科,吩噻嗪类抗精神病药物中毒,急诊科,锥体外系损害、痉挛性斜颈、吞咽困难、牙关紧闭、震颤、麻痹、低血压、体温调节紊乱、剥脱性皮炎、粒细胞减少、心动过速、高热,所有群体,药物治疗,根据不同医院，收费标准不一致，市三甲医院约（1000-5000元）,是,0.05%(本病多见于长期服用吩噻嗪抗精神病药物的患者，发病率占服药总人数的0.05%),60%-75%,4-8周,https://tag.120ask.com/jibing/flkjsbywzd/
内科,神经内科,放射性脊髓病,神经内科,手足麻木、蚁走感、四肢无力、感觉障碍、肌肉萎缩、腱反射消失、截瘫、脊髓病变,所有群体,药物治疗、对症治疗,根据不同医院，收费标准不一致，市三甲医院约（1000-5000元）,否,少见，发病率约2-4/10000,50-60%,4-6年,https://tag.120ask.com/jibing/fsxjsb/
内科,神经内科,风寒头痛,中医科、神经内科,头痛、舌苔薄白、浮脉、畏寒,所有人群,中医药物治疗,根据不同医院，收费标准不一致，市三甲医院约（500 —— 2000元）,否,0.5%,85%,10-15天,https://tag.120ask.com/jibing/fhtt/
内科,神经内科,放射性周围神经病,神经内科,放射后的臂丛神经和腰骶丛损伤,所有群体,手术治疗,根据不同医院，收费标准不一致，市三甲医院约（5000-10000元）,否,0.001%,30%,7-14天,https://tag.120ask.com/jibing/fsxzwsjb/
内科,神经内科,风热头痛,中医科,头痛、头昏、口渴喜饮、鼻塞流鼻涕、咽痛、便秘、目赤、尿赤,所有人群,药物治疗,根据不同医院，收费标准不一致，市三甲医院约（500 —— 2000元）,否,0.03%,98%,7-10天,https://tag.120ask.com/jibing/frtt/
内科,神经内科,非洲锥虫病,感染科,发烧、局部淋巴结肿大、消瘦、锥虫性“下疳”、头痛、昏迷、脑膜刺激征、瘫痪、乏力、皮肤瘙痒、关节痛、嗜睡,所有群体,药物治疗,根据不同医院，收费标准不一致，市三甲医院约（1000-5000元）,是,发病率约为0.001%--0.002%,75%,1-3个月,https://tag.120ask.com/jibing/fzzcb/
内科,神经内科,风湿性舞蹈病,神经内科,挤眉、弄眼、撅嘴、吐舌、扮鬼脸、上肢各关节交替伸屈、内收、下肢步态颠簸、精神紧张时加重、睡眠时消失,见于5-15岁儿童和青少年,西药治疗,根据不同医院，收费标准不一致，市三甲医院约（10000 —— 50000元）,否,0.0008%,75%,3年,https://tag.120ask.com/jibing/fsxwdb/
内科,神经内科,复发性无菌性脑膜炎,神经内科,脑膜刺激征、恶心与呕吐、头痛、肌痛、呼吸不规则、昏迷、感染性发热,所有群体,药物治疗,根据不同医院，收费标准不一致，市三甲医院约（5000-10000元）,否,0.0035%,78%,7-14天,https://tag.120ask.com/jibing/ffxwjxnmy/
内科,神经内科,副神经损伤,神经内科,胸锁乳突肌及斜方肌瘫痪并有萎缩、肌肉萎缩、痉挛性斜颈、下垂肩、肩痛、延髓性麻痹,所有群体,手术治疗,根据不同医院，收费标准不一致，市三甲医院约（5000-10000元）,否,0.3%--0.5%,50--70%,2--4周,https://tag.120ask.com/jibing/fsjss/
内科,神经内科,副肿瘤性脊髓病,神经内科,下肢无力、截瘫、大小便失禁、感觉障碍、脊髓受压、瘫痪,所有群体,病因治疗、对症治疗,根据不同医院，收费标准不一致，市三甲医院约（1000-5000元）,否,0.001%,40--60%,1--3个月,https://tag.120ask.com/jibing/fzlxjsb/
内科,神经内科,股外侧皮神经炎,皮肤科,股前外侧麻木、蚁行感、出汗减少、浅感觉减退或缺失、痛觉与温度觉减退而压觉存在、刺痛、感觉障碍,中年男性为多见,中医理疗、药物、物理治疗,根据不同医院，收费标准不一致，市三甲医院约（3000 —— 8000元）,否,0.012%,60%,10天,https://tag.120ask.com/jibing/gwcpsjy/
内科,神经内科,肝火眩晕,中医科,眩晕头痛、视物旋转、口干口苦、目赤面红、耳鸣、抽搐、脾气暴躁,所有人群,药物治疗,根据不同医院，收费标准不一致，市三甲医院约（2000 —— 5000元）,否,0.12%,90%,7-10天,https://tag.120ask.com/jibing/ghxy/
内科,神经内科,昏迷,神经内科,意识清晰度极度降低、对外界刺激无反应,心血管疾病、中毒及电击、中暑、缺氧、高原病,中医药物治疗,根据不同医院，收费标准不一致，市三甲医院约（20000-40000元）,否,0.01%,80%,1-7天,https://tag.120ask.com/jibing/hunmi/
内科,神经内科,获得性免疫缺陷综合征的神经系,神经内科、感染科,痛性感觉异常、阵发性意识障碍、肌张力增高，腱反射亢进，感觉障碍,艾滋病患者,药物治疗,根据不同医院，收费标准不一致，市三甲医院约（50000 —— 100000元）,是,0.0005%,15%,1-4年,https://tag.120ask.com/jibing/hdxmyqxzhzdsjxtbx/
内科,神经内科,格林－巴利综合征,神经内科,对称性两腿无力、肢体远端感觉异常如烧灼、麻木、刺痛和不适感、皮肤潮红、发作性面部发红、出汗增多、心动过速、手足肿胀及营养障碍,各年龄组均可发病，以儿童和青壮年多见,药物治疗,根据不同医院，收费标准不一致，市三甲医院约（5000 —— 10000元）,否,发病率约为0.0001%--0.0003%,50-70%，有自限性,3-6个月,https://tag.120ask.com/jibing/gelblzhz/
内科,神经内科,肌营养不良症,神经内科,肌力不足、乏力、消瘦,饮食习惯不好、吸毒、有寄生虫的患者多见,补充营养、对因治疗,根据不同医院，收费标准不一致，市三甲医院约（2000 —— 5000元）,否,0.002%,60%,1-3个月,https://tag.120ask.com/jibing/jyyblz/
内科,神经内科,颌面部神经纤维瘤,肿瘤外科,结节、面部畸形、色素斑,所有人群,中医药物治疗、西医药物治疗、手术治疗,根据不同医院，收费标准不一致，市三甲医院约（10000——20000元）,否,0.05%--0.08%,70%,1-2年,https://tag.120ask.com/jibing/mbsjxwl/
内科,神经内科,格斯特曼综合征,神经内科、感染科,小脑性共济失调、精神障碍、腱反射异常、肌肉痉挛、四肢远端麻木、疼痛或异样感觉、肌肉萎缩、耳聋、智能障碍、神经痛、痴呆、感觉障碍、步态异常,发病年龄为15～79 岁,药物治疗,根据不同医院，收费标准不一致，市三甲医院约（3000 —— 8000元）,是,0.0001%,20%,3个月,https://tag.120ask.com/jibing/gstmzhz/
内科,神经内科,肌张力障碍综合征,神经内科,痉挛性斜颈痉、挛性发音困难、睑痉挛、头颈部肌张力障碍、广泛性肌张力障碍、偏侧性肌张力障碍等,所有人群,病原治疗、药物治疗,根据不同医院，收费标准不一致，市三甲医院约（2000——10000元）,否,0.002%,70%,10-30天,https://tag.120ask.com/jibing/jzlzazhz/
内科,神经内科,亨廷顿病,神经内科,痴呆、烦躁不安、共济失调、精神障碍、异常粗大的舞蹈样动作、抑郁、易激惹,本病通常30~40岁发病,药物治疗,根据不同医院，收费标准不一致，市三甲医院约（500 —— 2000元）,否,0.001%,10--20%,1--6个月,https://tag.120ask.com/jibing/htdb/
内科,神经内科,膈肌麻痹,神经内科,嗳气、发绀、腹痛、腹胀、呼吸困难、呼吸衰竭、排痰无力、吞咽困难,中老年人,病因治疗、手术治疗,根据不同医院，收费标准不一致，市三甲医院约（2000 —— 3000元）,否,0.001%,60%,2-4周,https://tag.120ask.com/jibing/jmb/
内科,神经内科,肌阵挛性小脑协调障碍,神经内科,肌阵挛、 小脑性共济失调、 眼球震颤,儿童及成人,支持治疗,根据不同医院，收费标准不一致，市三甲医院约（5000-10000元）,否,0.0001%,60%,1-3个月,https://tag.120ask.com/jibing/jzlxxnxdza/
内科,神经内科,红斑性肢痛症,皮肤病科,足趾、足底、手指和手掌发红、动脉搏动增强,20～40岁青壮年、男性多于女性,西医药物治疗,根据不同医院，收费标准不一致，市三甲医院约（5000-8000元）,否,0.0008%,95%,1-3月,https://tag.120ask.com/jibing/hbxztz/
内科,神经内科,工业毒物中毒性周围神经病,急诊科,手足麻木、肢体疼痛、肌肉萎缩、腱反射异常、下肢的感觉，肌力，神经异常、下肢肌肉瘫痪、色素沉着、腹痛、共济失调、听力障碍、感觉障碍、脱发,所有群体,病因治疗,根据不同医院，收费标准不一致，市三甲医院约（5000-10000元）,否,0.01%,70%,3-6个月,https://tag.120ask.com/jibing/gydwzdxzwsjb/
内科,神经内科,基底核钙化症,神经内科,双侧手足徐动、震颤、痴呆、四肢抽搐、精神障碍、智能减退、记忆力下降,中老年人群,药物治疗、对症治疗,根据不同医院，收费标准不一致，市三甲医院约5000--10000,否,0.005%,80%,3-6月,https://tag.120ask.com/jibing/jdhghz/
内科,神经内科,急性横贯性脊髓炎,神经内科,脊髓休克、感觉障碍、尿失禁、大小便潴留、皮肤干燥、呼吸困难、饮水呛咳、脑膜刺激征、四肢瘫痪,所有群体,药物治疗,根据不同医院，收费标准不一致，市三甲医院约（5000-10000元）,否,发病率约为0.001%--0.007%,75-85%,3-6个月,https://tag.120ask.com/jibing/jxhgxjsy/
内科,神经内科,钩端螺旋体病神经系统表现,感染科,发烧、 淋巴结肿大、 呕吐,所有人群,药物治疗,根据不同医院，收费标准不一致，市三甲医院约（5000-10000元）,是,0.002%,60%,3个月,https://tag.120ask.com/jibing/gdlxtbsjxtbx/
内科,神经内科,喉上神经损伤,神经内科,讲话频率小，不能发高音、声音异常、环甲肌失去收缩或牵引感,所有群体,对症治疗,根据不同医院，收费标准不一致，市三甲医院约（1000-5000元）,否,0.05%,85%,1-3月,https://tag.120ask.com/jibing/hssjss/
内科,神经内科,急性化脓性脊髓炎,神经内科,畏寒、截瘫、括约肌功能障碍、感觉障碍、脑功能不全、瘫痪、遗尿、空洞形成、胸部紧迫或束带感、休克性神经受累、脊髓性间歇破行,所有群体,药物治疗、手术治疗,根据不同医院，收费标准不一致，市三甲医院约（1000-5000元）,否,0.003%-0.007%,85%,4-8周,https://tag.120ask.com/jibing/jxhnxjsy/
内科,神经内科,急性化脓性脑膜炎,神经内科,呕吐、头痛、意识障碍、前囟饱满、脑膜刺激征、颈项强直、颅内感染、剧烈头痛、抽搐、高热、易激惹、嗜睡,所有群体,药物治疗,根据不同医院，收费标准不一致，市三甲医院约（1000-5000元）,否,本病属于感染性疾病，发病率在特定人群也是比较高的疾病，1%--2%,,本病治疗的周期一般在30天时间,https://tag.120ask.com/jibing/jxhnxnmy/
内科,神经内科,急性坏死出血性脑脊髓炎,神经内科,头痛、高热、颈强直、四肢瘫痪、Moro反应迟钝、癫痫和癫痫样发作、瘫痪、桥脑出血、反复出血、胸部紧迫或束带感、脑功能不全、脊髓的浸润,所有群体,对症治疗,根据不同医院，收费标准不一致，市三甲医院约（10000-50000元）,否,0.005%,70%,3-6周,https://tag.120ask.com/jibing/jxhscxxnjsy/
内科,神经内科,忽略症,神经内科,偏侧不注意、垂直性忽略症、感觉障碍、偏侧空间忽略症、偏盲、运动性忽略症,多见于脑血管病变者,康复治疗、病因治疗,根据不同医院，收费标准不一致，市三甲医院约（400—— 3000元）,否,0.001%,10%,1-2个月,https://tag.120ask.com/jibing/huluezheng/
内科,神经内科,脊髓内出血,神经外科,截瘫、四肢瘫痪、肌张力减低、腱反射消失、呼吸衰竭、排尿困难及尿潴留、脊髓压迫、脊髓出血、牵涉痛、内出血、脊髓受压、瘫痪,所有群体,药物治疗,根据不同医院，收费标准不一致，市三甲医院约（5000-10000元）,否,50岁以上中老年人群中发病率约为0.001%-0.005%,50%,1-3个月,https://tag.120ask.com/jibing/jsncx/
内科,神经内科,脊髓内脓肿,神经内科,排尿困难及尿潴留、肌肉萎缩、感觉障碍、肌性肌无力、下肢的感觉，肌力，神经异常、脊髓受压,所有群体,手术治疗,根据不同医院，收费标准不一致，市三甲医院约（5000-10000元）,否,0.0001%,60%,7-14天,https://tag.120ask.com/jibing/jsnnz/
内科,神经内科,急性全自主神经失调症,神经内科,瞳孔异常、泪液、唾液及汗液分泌减少或消失、恶心与呕吐、尿潴留,多发病于青年人或儿童,对症治疗、药物治疗,根据不同医院，收费标准不一致，市三甲医院约10000--30000,否,发病率约为0.004%-0.007%,85%,2-4周,https://tag.120ask.com/jibing/jxqzzsjsdz/
内科,神经内科,脊髓前动脉综合征,神经内科,四肢瘫痪、大小便失禁、截瘫、肌肉萎缩、感觉障碍、瘫痪、温觉丧失,所有群体,病因治疗、对症治疗,根据不同医院，收费标准不一致，市三甲医院约（5000-10000元）,否,发病率约为0.001%-0.002%,,3-6个月,https://tag.120ask.com/jibing/jsqdmzhz/
内科,神经内科,急性中毒性脑炎,急诊科,注意力不集中、烦躁不安、高热、昏迷、惊厥、精神障碍、颅神经麻痹、脑膜刺激征,多见于2～10岁儿童、婴儿期少见,一般治疗、对症治疗、药物治疗,根据不同医院，收费标准不一致，市三甲医院约（5000——20000元）,否,0.001%,10%,10天,https://tag.120ask.com/jibing/jxzdxny/
内科,神经内科,脊髓缺血,神经内科,间歇性跛行、下肢无力、截瘫,原基础疾病或手术治疗后继发,药物治疗,根据不同医院，收费标准不一致，市三甲医院约5000--10000,否,0.001%,75%,1-3月,https://tag.120ask.com/jibing/jsqx/
内科,神经内科,脊髓蛛网膜炎,神经内科,麻痹、感觉障碍、下肢痉挛性瘫痪、肌肉萎缩,所有人群,药物治疗、手术治疗,根据不同医院，收费标准不一致，市三甲医院约30000--50000元,否,0.003%,80%,2-3个月,https://tag.120ask.com/jibing/jszwmy/
内科,神经内科,脊膜膨出与脊膜脊髓膨出,脊柱外科,瘫痪、大小便失禁、脊柱侧弯、脑积水、足内翻、肌肉萎缩、足外翻、无力,所有群体,均应采取手术治疗,根据不同医院，收费标准不一致，市三甲医院约（10000-50000元）,否,0.0002%,35%,1个月,https://tag.120ask.com/jibing/jmpcyjmjspc/
内科,神经内科,脊髓神经鞘瘤,神经外科,头痛、脊髓受压、发烧、淋巴结肿大、不自主运动、癫痫和癫痫样发作、胸腰椎损伤、脊髓横贯损害、感觉障碍、上颈髓区病变、神经痛、步态异常,所有群体,手术治疗,根据不同医院，收费标准不一致，市三甲医院约（20000-50000元）,否,发病率约为0.004%-0.005%,,4-6个月,https://tag.120ask.com/jibing/jssjql/
内科,神经内科,脊柱脊髓伤,神经内科,颈肩痛、腱反射亢进、腰背痛、脊柱和四肢畸形、运动传导束受累、脊柱裂、脊柱生理弯曲消失、感觉障碍、牵涉痛、脊髓前角病变、颈髓硬膜外病变、上行性皮肤麻木,所有群体,病因治疗、对症治疗,根据不同医院，收费标准不一致，市三甲医院约（10000-30000元）,否,0.001%,1%,1-3个月,https://tag.120ask.com/jibing/jzjss/
内科,神经内科,脊神经根炎,疼痛科,颈部神经根炎引起上肢疼痛、麻木、乏力、肌肉萎缩、胸部神经根炎引起肋间神经痛、腰部神经根炎引起下肢疼痛麻木,青壮年、中老年人,神经阻滞、物理治疗、药物治疗、中医治疗,根据不同医院，收费标准不一致，市三甲医院约（1000 —— 5000元）,否,0.0001%,30--50%,3--6周,https://tag.120ask.com/jibing/jsjgy/
内科,神经内科,脊髓栓系综合征,脊柱外科,腰骶部皮肤出现小的凹陷、皮肤窦道、局部多毛或皮毛窦、腰部中线部位血管瘤、不对称臀裂等、遗尿、尿频、尿急、尿失禁和尿潴留、后背痛、并向单侧或双侧下肢放射,各年龄组均可发病,手术治疗,根据不同医院，收费标准不一致，市三甲医院约（10000 —— 50000元）,否,发病率约为0.001%-0.002%,,3-6个月,https://tag.120ask.com/jibing/jisuishuanxizonghezh/
内科,神经内科,继发性粘连性蛛网膜炎,神经内科,感觉障碍、运动功能障碍、腱反射异常、肌肉萎缩、放射性疼痛、瘫痪、肌性肌无力、蛛网膜增厚、蛛网膜腔内囊肿、蛛网膜粘连,所有人群,药物治疗,根据不同医院，收费标准不一致，市三甲医院约（5000 —— 10000元）,否,发病率约为0.004%-0.008%,65%,1-3个月,https://tag.120ask.com/jibing/jfxzlxzwmy/
内科,神经内科,脊髓分裂症,脊柱外科,下肢感觉、运动障碍及疼痛、严重者出现下肢瘫痪和大小便功能障碍,多见于婴幼儿和少年，偶见于成年人，发病率很低,手术治疗,根据不同医院，收费标准不一致，市三甲医院约（10000 —— 50000元）,否,0.001%,10%,1-2个月,https://tag.120ask.com/jibing/jisuifenliezheng/
内科,神经内科,加利福尼亚脑炎,神经内科,呼吸衰竭、昏迷、惊厥、头痛、胃肠道症状、咽痛、发热、视神经盘水肿,所有人群,支持治疗、对症治疗,根据不同医院，收费标准不一致，市三甲医院约（6000 —— 10000元）,是,0.005%,60%,3-6月,https://tag.120ask.com/jibing/jlfnyny/
内科,神经内科,脊髓性肌萎缩,神经内科,脊髓性肌萎缩、吞咽困难、肌性肌无力、腱反射异常、吸吮不利、腱反射消失、舌肌萎缩、肌肉萎缩,所有人群,药物治疗,根据不同医院，收费标准不一致，市三甲医院约（10000-50000元）,否,发病率约为0.006%--0.007%,40-60%,8-12周,https://tag.120ask.com/jibing/jsxjws/
内科,神经内科,僵人综合征,神经内科,腹部、躯干、肌肉阵阵酸痛、紧束感、全身肌张力障碍、抽搐、发作性四肢肌肉僵直、情绪激动、恐惧,所有人群,药物治疗、支持疗法,根据不同医院，收费标准不一致，市三甲医院约（3000 —— 5000元）,否,0.0003%,10%,1-3个,https://tag.120ask.com/jibing/jrzhz/
内科,神经内科,脊髓梅毒,传染科,感觉障碍、闪电样痛、咽部和喉部危象、尿失禁,所有人群,药物治疗,根据不同医院，收费标准不一致，市三甲医院约10000--30000,是,0.0003%,80%,2-4月,https://tag.120ask.com/jibing/jsmd/
内科,神经内科,脊髓血管病,神经内科,间歇性跛行和下肢远端发作性无力、疼痛,男性多见,药物治疗、手术治疗,根据不同医院，收费标准不一致，市三甲医院约（5000 —— 10000元）,否,0.01%,40--60%,3--10周,https://tag.120ask.com/jibing/jsxgb/
内科,神经内科,结核性脊髓炎,神经内科、感染科,病变水平以下的肢体瘫痪、感觉障碍、大小便功能障碍,结合病史患者,西医药物治疗,根据不同医院，收费标准不一致，市三甲医院约（10000-15000元）,否,0.05%,85%,2-4月,https://tag.120ask.com/jibing/jhxjsy/
内科,神经内科,交感神经链综合征,神经内科,持续性疼痛、出汗减少、感觉障碍、立毛反射减弱、立毛反射亢进、麻痹、毛发脱落、深感觉障碍,中老年人群,药物治疗、封闭疗法,根据不同医院，收费标准不一致，市三甲医院约（500—— 2000元）,否,中老年人群中本病发病率约为0.04%-0.05%,65%,3-6个月,https://tag.120ask.com/jibing/jgsjlzhz/
内科,神经内科,结节性硬化病,神经内科、脑外科,丘疹、癫痫和癫痫样发作、精神障碍、智力减低,所有群体,病因治疗、对症治疗,根据不同医院，收费标准不一致，市三甲医院约（1000-5000元）,否,0.001%,40%,3个月,https://tag.120ask.com/jibing/jjxyhb/
内科,神经内科,进行性脊髓性肌萎缩症,神经内科,双手活动软弱无力、“猿手”畸形、肌肉萎缩、手内肌萎缩、肌张力减低、肌束震颤、舌肌萎缩,所有群体,对症治疗,根据不同医院，收费标准不一致，市三甲医院约（1000-5000元）,否,0.0035%,70%,1-3个月,https://tag.120ask.com/jibing/jxxjsxjwsz/
内科,神经内科,痉病,中医科,角弓反张、牙关紧闭、抽搐,小儿,中医药物治疗、西医药物治疗,根据不同医院，收费标准不一致，市三甲医院约（500 —— 5000元）,否,0.01%,50%,3-6个月,https://tag.120ask.com/jibing/jingbing/
内科,神经内科,戒酒综合征,神经内科,酒精性震颤、恶心与呕吐、面色潮红、厌食、戒断性痫性发作、嗜酒性幻觉性精神错乱、震颤、谵妄、抽搐、意识障碍、结膜充血、心动过速,所有群体,对症治疗,根据不同医院，收费标准不一致，市三甲医院约（1000-5000元）,否,0.0035%,60%,10天,https://tag.120ask.com/jibing/jjzhz/
内科,神经内科,进行性面偏侧萎缩症,神经内科,皮肤萎缩和色素沉着、脱发、毛细血管扩张症、出汗异常、一侧颜面肥大、面部叩击征、瞳孔异常、肌性肌无力、颜面发红紫色、脏器变小、偏身萎缩、无法引出moro反应,所有群体,对症治疗,根据不同医院，收费标准不一致，市三甲医院约（500-1000元）,否,0.00052%,60%,3个月,https://tag.120ask.com/jibing/jxxmpcwsz/
内科,神经内科,酒精性脑萎缩,神经内科,焦虑、失眠、头痛、乏力、肌肉萎缩、反应迟钝、癫痫和癫痫样发作、脑沟变宽、酒精性震颤、震颤谵妄、记忆力障碍、人格改变,所有群体,病因治疗、对症治疗,根据不同医院，收费标准不一致，市三甲医院约（1000-5000元）,否,0.0012%,75%,1-3个月,https://tag.120ask.com/jibing/jjxnws/
内科,神经内科,金黄色葡萄球菌脑膜炎,神经内科,全身感染中毒症状、畏寒、剧烈头痛、颈强直、感染性发热、荨麻疹样皮疹、瘫痪、脑脓肿、脑膜刺激征、恶心与呕吐、头痛,所有群体,药物治疗,根据不同医院，收费标准不一致，市三甲医院约（5000-10000元）,否,0.002%,70%,1个月,https://tag.120ask.com/jibing/jhsptqjnmy/
内科,神经内科,酒精性弱视,眼科,视力障碍、读小字和辨色困难、对红绿颜色分辨不清、大量饮酒后突然视力减退、维生素B族缺乏、球后视神经炎、营养不良、营养障碍、视物模糊,所有群体,病因治疗、对症治疗,根据不同医院，收费标准不一致，市三甲医院约（500-1000元）,否,0.001%,40%,3个月,https://tag.120ask.com/jibing/jjxrs/
内科,神经内科,筋瘤,疼痛科,下肢疼痛、酸胀不适、乏力、筋脉蚯蚓状凸起、团块、溃疡、皮肤瘙痒、颜色黑褐,长期站立工作者、怀孕妇女,手术治疗、中药治疗,根据不同医院，收费标准不一致，市三甲医院约（1000 —— 5000元）,否,0.3%,70%,4-8周,https://tag.120ask.com/jibing/jinliu/
内科,神经内科,进行性脂肪营养不良,神经内科、营养科,上半身正常下半身肥胖型、上半身消瘦下半身肥胖型、单纯性上半身消瘦型、上半身肥胖型、下半身消瘦型、全身消瘦型、半身肥胖型,5～10岁女性,药物治疗、支持疗法,根据不同医院，收费标准不一致，市三甲医院约（5000 —— 8000元）,否,发病率约为0.0001%--0.0002%,,大部分需要终身治疗,https://tag.120ask.com/jibing/jxxzfyybl/
内科,神经内科,紧张性头痛,神经内科,颈部僵硬、头沉、紧张、头痛,成年女性,中医药物治疗、西医药物治疗,根据不同医院，收费标准不一致，市三甲医院约（1000 —— 5000元）,否,0.001%,98%,15天,https://tag.120ask.com/jibing/jzxtt/
内科,神经内科,惊风,急诊科,抽搐、高热、惊厥,1—5岁的小儿多见,急救、药物治疗,根据不同医院，收费标准不一致，市三甲医院约（3000 ——8000 元）,否,0.003%,90%,1-3天,https://tag.120ask.com/jibing/jingfeng/
内科,神经内科,酒精中毒性肌病,神经内科,超量饮酒后两下肢突然出现痉挛和疼痛、下肢无力、对称性肌无力、下肢水肿、嗜酒性幻觉性精神错乱、酒后四肢酸痛、震颤谵妄、呼吸气为酒味、嗜酒、肌肉萎缩、皮肤温度升高、肌性肌无力,所有群体,对症治疗,根据不同医院，收费标准不一致，市三甲医院约（500-1000元）,否,0.0001%,40%,3个月,https://tag.120ask.com/jibing/jjzdxjb/
内科,神经内科,进行性肥厚性间质性神经炎,神经内科,下肢无力、肌肉萎缩、位置觉、震动觉减退、无力、延髓性麻痹、多发性神经炎、腭舌咽呼吸肌呈对称性弛缓性轻瘫、感觉障碍、膝腱反射消失,所有群体,药物治疗,根据不同医院，收费标准不一致，市三甲医院约（500-1000元）,否,发病率约为0.001%--0.002%,30-50%，以控制症状治疗为主,1-2年,https://tag.120ask.com/jibing/jxxfhxjzxsjy/
内科,神经内科,精神发育迟缓,神经内科,智力发育迟缓、学习困难、轻度精神发育迟滞、中度精神发育迟滞、重度精神发育迟滞、智力减低,所有群体,病因治疗、对症治疗,根据不同医院，收费标准不一致，市三甲医院约（1000-5000元）,否,0.001%,35%,1-3个月,https://tag.120ask.com/jibing/jsfych/
内科,神经内科,酒精中毒性神经疾病,神经内科,运动变得缓慢而且不准确、唐突,所有人群,药物治疗,根据不同医院，收费标准不一致，市三甲医院约（1000 —— 3000元）,否,长期饮酒患者中可达10%,,3年,https://tag.120ask.com/jibing/jjzdxsjjb/
内科,神经内科,进行性核上性麻痹,神经内科,疲劳、嗜睡、易跌倒、看不到脚尖步行困难、眼球不能随意动、假性延髓性麻痹、痴呆、步态不稳、凝视麻痹、眼肌麻痹、构音不清、吞咽困难,所有群体,药物治疗,根据不同医院，收费标准不一致，市三甲医院约（5000-10000元）,否,发病率约为0.003%-0.005%,,终身间歇性对症治疗,https://tag.120ask.com/jibing/jxxhsxmb/
内科,神经内科,酒中毒性痴呆,神经内科,情感淡漠、斜视、失眠、日常生活能力减退和行为异常、烦躁不安、焦虑、小脑性共济失调、认知功能障碍、判断力和定向力障碍、定向力障碍、记忆力障碍、感觉障碍,所有群体,脑缺血、缺氧、脑外伤、慢性肝病,根据不同医院，收费标准不一致，市三甲医院约（1000-5000元）,否,0.01%,40%,3个月,https://tag.120ask.com/jibing/jzdxcd/
内科,神经内科,颈椎椎管狭窄症,脊柱外科,颈部酸痛不适，下肢乏力，踩棉花感、上肢麻木疼痛、无力、持物不稳、四肢感觉分离,老年人,手术治疗、药物治疗、康复治疗、中医治疗,根据不同医院，收费标准不一致，市三甲医院约（10000 —— 30000元）,否,人群患病概率0.076%,,手术治疗周期14天,https://tag.120ask.com/jibing/jzzgxzz/
内科,神经内科,绝经与阿尔茨海默病综合征,神经内科,记忆力、抽象思维、定向力等的障碍、同时伴有社会活动能力的减退,65岁以上老年人,药物治疗,根据不同医院，收费标准不一致，市三甲医院约（10000 —— 50000元）,否,8%,10%,1-6个月,https://tag.120ask.com/jibing/jjyaechmbzhz/
内科,神经内科,酒中毒性小脑变性,神经内科,小脑体征、步态不稳、共济失调、意向性震颤、嗜酒、步态异常、呼吸气为酒味、判断力和定向力障碍、小脑畸形、嗜酒性幻觉性精神错乱、醉汉步态,所有群体,病因治疗、对症治疗,根据不同医院，收费标准不一致，市三甲医院约（1000-5000元）,否,酗酒者发病率约为0.5%-0.8%,60%,3-5年,https://tag.120ask.com/jibing/jzdxxnbx/
内科,神经内科,库鲁病,神经内科、感染科,肢体震颤、蹒跚步态、步态不稳、共济失调、休克、晕厥、眼球震颤、不自主运动、肌肉萎缩、消瘦、斜视、腱反射亢进,所有人群,药物治疗,根据不同医院，收费标准不一致，市三甲医院约10000-30000元,是,本病罕见，发病率约为0.0001%--0.0003%,,大部分需要终身用药,https://tag.120ask.com/jibing/kulubing/
内科,神经内科,神经棘红细胞增多症,神经内科,进食困难、步态不稳、智能减退、癫痫和癫痫样发作、脉涩或结、定位体征、全身各脏器血流缓慢、瘫痪、肌性肌无力、红细胞增多、肤色赤红,见于青春期或成年早期，发病年龄8～62岁,药物治疗,根据不同医院，收费标准不一致，市三甲医院约（5000 —— 15000元）,否,0.001%,50%,3个月,https://tag.120ask.com/jibing/sjjhxbzdz/
内科,神经内科,酒中毒性周围神经病,神经内科,感觉障碍、下肢无力、瘫痪、腕下垂、肌肉萎缩、肌肉压痛、腱反射消失、头晕、失眠、多梦、心慌,所有人群,药物治疗,根据不同医院，收费标准不一致，市三甲医院约1000--5000,否,25%,60%,1-2年,https://tag.120ask.com/jibing/jzdxzwsjb/
内科,神经内科,眶上神经痛,神经内科,眼眶疼痛、神经痛、前额针刺样痛或烧灼感、额区感觉减退、额部疼痛、前额头痛、头痛、中度痛、始于眼部，扩张开来的面头痛、耳顶线以下至发际处痛觉过敏或减退,所有群体,病因治疗、对症治疗 暂无,根据不同医院，收费标准不一致，市三甲医院约（100-500元）,否,0.01%,70%,1个月,https://tag.120ask.com/jibing/kssjt/
内科,神经内科,萎缩侧索硬化,神经内科,肌肉萎缩、无力、腱反射异常、吞咽困难、感觉障碍、言语紊乱,所有群体,药物治疗,根据不同医院，收费标准不一致，市三甲医院约（5000-10000元）,否,0.0025%,65%,1-3个月,https://tag.120ask.com/jibing/wscsyh/
内科,神经内科,绝经期关节炎,内分泌科,潮红潮热、月经失调、畏寒、头晕、贫血、食欲减退、记忆力消失、失眠、水肿、月经周期改变、瘙痒、疼痛,绝经期女性,药物治疗、生活调理,根据不同医院，收费标准不一致，市三甲医院约10000--50000,否,女性发病率约为3%-5%,70%,8-12周,https://tag.120ask.com/jibing/jjqgjy/
内科,神经内科,橄榄体脑桥小脑萎缩,神经内科,乏力、易跌倒、头晕、构音障碍、脑干损害体征、下肢无力、小脑性共济失调、共济失调、步态不稳、饮水呛咳、意向性震颤、眼球震颤,所有群体,对症治疗,根据不同医院，收费标准不一致，市三甲医院约（1000-5000元）,否,0.003%,40%,3个月,https://tag.120ask.com/jibing/tnqxnws/
内科,神经内科,开放性脑外伤,神经外科,意识障碍、生命体征改变、颅内压增高、脑膜刺激症状,所有群体,手术治疗,根据不同医院，收费标准不一致，市三甲医院约（5000-10000元）,否,0.0003%,70%,3-6月,https://tag.120ask.com/jibing/kfxnws/
内科,神经内科,老年人脊髓亚急性联合变性,神经内科,乏力、腹泻、贫血、无力、恶心与呕吐、感觉障碍、瘫痪、昏迷,老年人群,药物治疗,根据不同医院，收费标准不一致，市三甲医院约5000--10000,否,60岁以上老年人发病率约为0.0001%--0.0004%,30-40%,3-5年,https://tag.120ask.com/jibing/lnrjsyjxlhbx/
内科,神经内科,拉福拉病,神经内科,抽搐、共济失调、幻觉、肌阵挛、卧床不起、易激惹、意识丧失、进行性认知功能衰退,好发于儿童晚期和青春期,药物治疗,根据不同医院，收费标准不一致，市三甲医院约（1000 —— 3000元）,否,0.02%,70%,2-4月,https://tag.120ask.com/jibing/lflb/
内科,神经内科,考后综合症,精神心理科,抑郁、暴饮暴食、失眠、考试焦虑、焦虑性适应障碍、胃肠道症状、免疫力下降,学生,药物治疗、心理辅导,根据不同医院，收费标准不一致，市三甲医院约（1000 —— 5000元）,否,0.05%,,治疗周期30天,https://tag.120ask.com/jibing/khzhz/
内科,神经内科,老年人糖尿病周围神经病,内分泌科、神经内科,呈对称性疼痛和感觉异常、下肢症状较上肢多见、感觉异常有麻木、蚁走、虫爬、发热、触电样感觉、往往从远端脚趾上行可达膝上、患者有穿袜子与戴手套样感觉,老年糖尿病患者,中药治疗、西药治疗,根据不同医院，收费标准不一致，市三甲医院约（5000—— 10000元）,否,糖尿病患者并发本病的几率约为30-50%，属于远期并发症,30-50%，多以控制为主,终身治疗,https://tag.120ask.com/jibing/lnrtnbzwsjb/
内科,神经内科,赖利-戴综合征,心血管内科,便秘 步态不稳 抽搐 猝死 低血压 发绀 腹泻 高血压,幼儿,中医药物治疗、西医药物治疗,根据不同医院，收费标准不一致，市三甲医院约（5000 —— 20000元）,否,0.0001%,10%,10-30天,https://tag.120ask.com/jibing/lldzhz/
内科,神经内科,老年人夏伊-德雷格综合征,神经内科,便秘、低血压、反应迟钝、腹痛、腹泻、共济失调、肌肉萎缩、肌束震颤,中老年人,中医药物治疗、西医药物治疗,根据不同医院，收费标准不一致，市三甲医院约根据不同医院，收费标准不一致，市三甲医院约（1000-5000元）,否,0.002%,50%,3个月,https://tag.120ask.com/jibing/lnrxydlgzhz/
内科,神经内科,赖氏综合征,神经内科,出生时小头、出血倾向、定位体征、定向力障碍、烦躁不安、腹泻、肝功能异常、肝脏肿大,所有人群,支持疗法、药物治疗,根据不同医院，收费标准不一致，市三甲医院约（1000 —— 5000元）,否,0.0004%-0.001%,25%-35%(对症治疗为主),3-6个月,https://tag.120ask.com/jibing/lszhz/
内科,神经内科,克拉伯病,儿内科,智力障碍、肺部感染、跌伤,婴幼儿多见,药物治疗,根据不同医院，收费标准不一致，市三甲医院约（10000 —— 30000元）,否,0.001%,30%,3个月,https://tag.120ask.com/jibing/klbb/
内科,神经内科,老年人运动神经元病,神经内科,肌肉萎缩、肌无力、声音嘶哑、无力、饮水呛咳、流涎、表情淡漠、吞咽困难、瘫痪,老年人群,对症治疗、支持治疗、康复治疗、中药治疗,根据不同医院，收费标准不一致，市三甲医院约10000--30000,否,0.005%,60%,一个月,https://tag.120ask.com/jibing/lnrydsjyb/
内科,神经内科,兰伯特-伊顿综合征,神经内科,斑秃、便秘、低血压、对称性肌无力、恶性贫血、复视、构音障碍、括约肌功能障碍,多于50～70 岁，男性较多,支持疗法,根据不同医院，收费标准不一致，市三甲医院约（10000 —— 20000元）,否,0.001%,30%,3个月,https://tag.120ask.com/jibing/lbtydzhz/
内科,神经内科,克罗伊茨费尔特-雅各布病,神经内科,乏力、疲劳、失眠、注意力不集中、精神涣散、烦躁、头疼头晕、肢体乏力、行走不稳、认知障碍、记忆力丧失、痴呆、定向障碍,所有人群,药物治疗,根据不同医院，收费标准不一致，市三甲医院约（5000--12000元）,否,0.001%,30%,3个月,https://tag.120ask.com/jibing/klycfetygbb/
内科,神经内科,老年性耳聋,五官科,听力减退、耳聋、耳鸣、神经性耳聋、嗜睡、听力下降、眩晕,老年人群,药物治疗、助听器、耳蜗植入器、听觉和言语训练,根据不同医院，收费标准不一致，市三甲医院约（2000—— 5000元）,否,0.004%--0.007%(上述为60岁以上老年人发病率),20-30%(多位神经性耳聋，根治机会较小),1-3年,https://tag.120ask.com/jibing/lnxel/
内科,神经内科,克-雅氏病性痴呆,神经内科,神经衰弱综合征、记忆力障碍、四肢无力、步态不稳、注意力不集中、关节强直、进行性肌麻痹、震颤、易激惹、头痛、头晕、乏力,发病年龄多在40～65岁,病因治疗、对症治疗,根据不同医院，收费标准不一致，市三甲医院约（10000-50000元）,否,0.005%,30%,3-6月,https://tag.120ask.com/jibing/kysbxcd/
内科,神经内科,客忤,中医儿科,口吐青黄白沫，面色变异，喘急腹痛，反侧不安,小儿,中医药物治疗、西医药物治疗,根据不同医院，收费标准不一致，市三甲医院约（500 —— 1000元）,否,1%,100%,7-14天,https://tag.120ask.com/jibing/ke/
内科,神经内科,老年性舞蹈病,神经内科,舞蹈病样动作、舞蹈样手足徐动、舞蹈样不自主运动、异常粗大的舞蹈样动作、舞蹈样步态,所有群体,病因治疗,根据不同医院，收费标准不一致，市三甲医院约（5000-10000元）,否,0.001%,10%,1-3个月,https://tag.120ask.com/jibing/lnxwdb/
内科,神经内科,老年人脊髓压迫症,脊柱外科,瘫痪、肌性肌无力、轻瘫、腱反射异常、大小便失禁,所有群体,手术治疗、对症治疗,根据不同医院，收费标准不一致，市三甲医院约（5000-10000元）,否,0.001%,60%,3个月,https://tag.120ask.com/jibing/lnrjsypz/
内科,神经内科,老年眩晕,神经内科,自觉身体旋转、失去平衡、身体晃动、步态不稳、恶心呕吐、心慌、虚汗、跌倒,老年人,药物治疗、中医治疗、介入治疗,根据不同医院，收费标准不一致，市三甲医院约（2000 —— 10000元）,否,0.058%,65%,4-8周,https://tag.120ask.com/jibing/lnxy/
内科,神经内科,雷诺综合征,神经内科,肢端接连出现苍白、发组和潮红反应、多疑、手足厥寒、运动功能障碍、多汗症、胀痛、容易激动、营养障碍、皮肤弹性差、紫绀、感觉障碍,青年人群,药物治疗,根据不同医院，收费标准不一致，市三甲医院约1000--3000,否,"50%(长期从事振动性作业(如汽钻、电锯)的工人中间,雷诺综合征的发病率可高达50%)",60%,1-3个月,https://tag.120ask.com/jibing/lnzhz/
内科,神经内科,流行性甲型脑炎,神经内科、感染科,嗜睡、头晕、乏力、全身肌张力障碍、眩晕、肌肉纤维震颤、意识改变状态、伤寒面容、唾液分泌增多、眼球不能随意动、知觉消失、吞咽困难,所有群体,病因治疗、对症治疗,根据不同医院，收费标准不一致，市三甲医院约（10000-50000元）,是,0.008%,,治疗周期14天,https://tag.120ask.com/jibing/lxxjxny/
内科,神经内科,类固醇肌病,内分泌科,肌痛常见、类固醇减量、后肌痛消失,所有人群,药物治疗,根据不同医院，收费标准不一致，市三甲医院约（10000 —— 20000元）,否,0.0012%,30%,1-2个月,https://tag.120ask.com/jibing/lgcjb/
内科,神经内科,雷头风,中医科,恶心、腹泻、肝功能异常、关节挛缩、黄疸、剧痛、溃疡、黏膜损害,所有人群,中医药物治疗,根据不同医院，收费标准不一致，市三甲医院约（200 —— 600元）,否,0.001%,70%,7-14天,https://tag.120ask.com/jibing/leitoufeng/
内科,神经内科,利斯特菌脑膜炎,神经内科,发烧、头痛、眩晕、恶心与呕吐、呼吸不规则、休克、前囟饱满、昏迷、脑膜刺激征、脑脓肿、婴幼儿抽风,多见于婴幼儿、老年人及免疫功能缺陷的成人患者,药物治疗,根据不同医院，收费标准不一致，市三甲医院约（3000 —— 8000元）,否,0.005%,60%,2-4个月,https://tag.120ask.com/jibing/lstjnmy/
内科,神经内科,颅骨裂和有关畸形,神经外科,脑膜刺激征、骨缝分开、斜头畸形、眩晕、短头畸形、颅底畸形、头痛、巨大颅骨缺损、颅骨增生、发育性畸形、头颅骨病变、颅缝裂开,所有群体,手术治疗,根据不同医院，收费标准不一致，市三甲医院约（5000-10000元）,否,发病率极低，约0.0025%,,5-10年，需行多次手术,https://tag.120ask.com/jibing/lglhygjx/
内科,神经内科,麻痹性臂丛神经炎,神经外科,肩胛带肌疼痛、无力、肌萎缩,成年人,针灸、理疗、药物治疗,根据不同医院，收费标准不一致，市三甲医院约（5000-10000元）,否,发病率誉为0.05%--0.08%,40-50%，以对症治疗为主,1-3年,https://tag.120ask.com/jibing/mbxbcsjy/
内科,神经内科,良性颅内高压症,神经内科,头痛、视野缩小、视力障碍、复视,所有人群,药物治疗,根据不同医院，收费标准不一致，市三甲医院约1000--5000,否,0.025%,70%,2个月,https://tag.120ask.com/jibing/lxlngyz/
内科,神经内科,颅骨纤维异常增生症,神经外科,头面部外形的改变和颅骨局部的非对称性突起、隆起骨质较软、呈硬橡皮状内含砂粒样骨化小岛,青少年或成年,手术治疗,根据不同医院，收费标准不一致，市三甲医院约（5000 —— 10000元）,否,0.025%,60%,3个月,https://tag.120ask.com/jibing/lgxwyczsz/
内科,神经内科,麻痹性痴呆,神经内科,被害妄想 、病理性赘述、步态不稳、痴呆、抽搐、大小便潴留 烦躁不安、鼻唇沟变浅,所有人群,药物治疗,根据不同医院，收费标准不一致，市三甲医院约（2000——10000元）,否,0.003%,40%,1-3个月,https://tag.120ask.com/jibing/mbxcd/
内科,神经内科,颅内低压综合征,神经外科,头痛、眩晕、恶心与呕吐、耳鸣、晕厥、剧烈头痛、头昏、畏光、厌食、失眠、意识障碍,所有人群,药物治疗,根据不同医院，收费标准不一致，市三甲医院约6000--12000,否,0.001%,30%,7天,https://tag.120ask.com/jibing/lndyzhz/
内科,神经内科,麻风性周围神经病,神经内科、感染科,感觉障碍、下肢皮肤营养性改变、肢体发凉、肌肉萎缩、步态异常、足穿孔、发作性傻笑、瘫痪、职业神经症、足和足趾不能背屈、肢体或躯干麻木,所有群体,病因治疗、对症治疗,根据不同医院，收费标准不一致，市三甲医院约（5000-10000元）,是,发病罕见，发病率约0.001%,10-20%,3-5年,https://tag.120ask.com/jibing/mfxzwsjb/
内科,神经内科,淋巴细胞脉络丛脑膜炎,神经内科,高热、头痛、浑身酸痛、背痛、发烧、腹泻、咳嗽、恶心与呕吐、呼吸不规则、腹痛、寒战,所有人群,对症治疗、药物治疗,根据不同医院，收费标准不一致，市三甲医院约5000--12000,否,本病罕见，发病率约为0.005%,40%-50%,6-12个月,https://tag.120ask.com/jibing/lbxbmlcnmy/
内科,神经内科,颅内高压综合征,神经外科,剧烈的头痛、喷射状呕吐,40岁以上中年男人多见,保守治疗、手术治疗,根据不同医院，收费标准不一致，市三甲医院约（10000-50000元）,否,0.0003%,30%,2-3周,https://tag.120ask.com/jibing/lngyzhz/
内科,神经内科,淋巴细胞性脉络丛脑膜炎,神经内科,流感样症状、头痛、呕吐、肌肉酸痛、恶心与呕吐、身痛、发烧、肌无力、呼吸不规则,所有人群,药物治疗,根据不同医院，收费标准不一致，市三甲医院约10000--50000,否,0.0001%,6%,10-30天,https://tag.120ask.com/jibing/lbxbxmlcnmy/
内科,神经内科,颅内静脉窦闭塞性颅高压,神经内科,眼球突出、鼓膜发红耳后红肿、头痛、呕吐、谵妄、抽搐、斜视、偏瘫,所有人群,药物治疗、手术治疗,根据不同医院，收费标准不一致，市三甲医院约10000--50000,否,0.0001%,20%,30天,https://tag.120ask.com/jibing/lnjmbsxlgy/
内科,神经内科,颅内静脉血栓形成,神经内科,高热寒战、乏力、精神萎靡、肌肉酸痛、瘫痪、共济失调、局部静脉压痛、高凝状态,所有人群,药物治疗,根据不同医院，收费标准不一致，市三甲医院约10000--50000,否,0.0007%,70%,1-2个月,https://tag.120ask.com/jibing/lnjmxsxc/
内科,神经内科,脉络丛乳头状瘤,眼科,头痛、恶心、呕吐、癫痫发作、视物模糊、意识改变,好发于儿童,手术治疗,根据不同医院，收费标准不一致，市三甲医院约（50000 —— 100000元）,否,0.005%,50%,1-3个月,https://tag.120ask.com/jibing/mlcrtzl/
内科,神经内科,流感嗜血杆菌脑膜炎,神经内科,头痛、恶心、呕吐、发烧,所有人群,手术治疗、药物治疗,根据不同医院，收费标准不一致，市三甲医院约（5000 —— 10000元）,否,0.003%,60%,3个月,https://tag.120ask.com/jibing/lgsxgjnmy/
内科,神经内科,颅狭症,神经外科,鼻旁窦发育不良、长头畸形、短头畸形、恶心、反复上呼吸道感染、金鱼眼、面部畸形、前囟闭合延迟,婴幼儿,手术治疗,根据不同医院，收费标准不一致，市三甲医院约（60000 —— 150000元）,否,0.005%,70%,1-3个月,https://tag.120ask.com/jibing/luxiazheng/
内科,神经内科,慢惊风,神经内科、中医科,面色苍白、嗜睡、无神、抽搐无力、时作时止、或两手颤动、筋惕肉瞤,呕吐、腹泻、急惊风、解颅、佝偻病等病症史患者,药物治疗,根据不同医院，收费标准不一致，市三甲医院约（5000 —— 8000元）,否,0.1%,80%,1-3天,https://tag.120ask.com/jibing/manjingfeng/
内科,神经内科,流行性出血性结膜炎,眼科,耳前淋巴结肿大 角膜糜烂 角膜炎 流泪 头痛 眶周水肿 结膜充血,所有人群,对症治疗、抗病毒和预防感染治疗,根据不同医院，收费标准不一致，市三甲医院约（2000——1000元）,是,人群患病概率2.1%,,治疗周期14天,https://tag.120ask.com/jibing/lxxcxxjmy/
内科,神经内科,Machado-Joseph病,神经内科,步态异常、构音障碍、眼球震颤、眼球不能随意动、感觉障碍、肌肉萎缩、瘫痪,发病年龄较早，20～30岁发病,病因治疗、对症治疗,根据不同医院，收费标准不一致，市三甲医院约（50000-100000元）,否,发病率约为0.006%-0.01%,,终身间歇性治疗,https://tag.120ask.com/jibing/machadojosephb/
内科,神经内科,慢性进行性舞蹈病,神经内科,精神障碍、烦躁不安、异常粗大的舞蹈样动作、小脑性共济失调、进行性痴呆,所有群体,病因治疗、对症治疗,根据不同医院，收费标准不一致，市三甲医院约（5000-10000元）,否,0.01%,74%,1-3个月,https://tag.120ask.com/jibing/mxjxxwdb/
内科,神经内科,毛细血管扩张性共济失调综合征,神经内科,步态不稳、意向性震颤、腱反射消失、深感觉障碍、共济失调、肢体运动不协调、红赤面、发作性不自主运动、鼻子红血丝、脑干病变、颜面充血呈樱桃红色、平衡功能障碍,所有群体,手术治疗,根据不同医院，收费标准不一致，市三甲医院约（500-1000元）,否,0.001%,30%,1-2个月,https://tag.120ask.com/jibing/mxxgkzxgjsdzhz/
内科,神经内科,慢性疲劳综合症,中医科,疲劳、食欲减退、精神萎靡、易激惹、情绪起伏大、反应迟钝、注意力不集中、皮肤粗糙、皮肤干燥多屑、毛发脱落、体重增加、消化不良,所有群体,病因治疗、对症治疗,根据不同医院，收费标准不一致，市三甲医院约（500-1000元）,否,多见于夜间工作人群，发病率约为0.01%-0.05%,75%,1-2年,https://tag.120ask.com/jibing/mxplzhz/
内科,神经内科,瞀瘛,神经内科、中医科,目眩、眼花或心烦闷乱、神识昏糊、四肢抽搐,成年人多见,药物治疗,根据不同医院，收费标准不一致，市三甲医院约（3000 —— 8000元）,否,0.0001%,85%,7-10天,https://tag.120ask.com/jibing/maochi/
内科,神经内科,内分泌性肌病,神经内科、内分泌科,肩带肌、上肢和胸背部诸肌的肌无力和肌萎缩、肌肉萎缩、突眼症、手内肌萎缩、眼肌麻痹、斜视、复视、两眼上视障碍、眼睑痉挛、肌痛、构音障碍、眼球震颤,所有群体,病因治疗、对症治疗,根据不同医院，收费标准不一致，市三甲医院约（10000-50000元）,否,0.015%,75%,3-6月,https://tag.120ask.com/jibing/nfmxjb/
内科,神经内科,迷走神经损伤,神经内科,咽反射消失、呛咳、声音嘶哑、吞咽障碍、发音障碍、假性延髓性麻痹,所有群体,病因治疗、对症治疗,根据不同医院，收费标准不一致，市三甲医院约（5000-10000元）,否,0.003%,60%,10-30天,https://tag.120ask.com/jibing/mzsjss/
内科,神经内科,难治性癫痫,神经内科,智力发育迟缓、癫痫和癫痫样发作、婴儿睡觉出汗、心悸、腹痛、恐惧、焦虑,所有群体,药物治疗、手术治疗,根据不同医院，收费标准不一致，市三甲医院约（5000-10000元）,否,0.005%,40%,3个月,https://tag.120ask.com/jibing/nzx/
内科,神经内科,脑外伤后综合征,神经内科,健忘、性格改变、幻觉、妄想、抑郁、头痛、癫痫、肢体功能障碍、言语障碍,所有人群,康复治疗、心理治疗、药物治疗、中医疗法,根据不同医院，收费标准不一致，市三甲医院约（5000 —— 15000元）,否,0.002%,30%,1-6个月,https://tag.120ask.com/jibing/nwshzhz/
内科,神经内科,面部偏侧萎缩,神经内科,神经痛、血运障碍、肌肉萎缩,所有群体,病因治疗、对症治疗,根据不同医院，收费标准不一致，市三甲医院约（500-1000元）,否,0.003%,60%,1-2个月,https://tag.120ask.com/jibing/mbpcws/
内科,神经内科,面肌抽搐,神经内科,面部阵发性、快速、不规律的抽搐、疼痛、口角歪斜、言语不清,所有人群,药物治疗、手术治疗,根据不同医院，收费标准不一致，市三甲医院约（3000 —— 5000元）,否,0.001%--0.006%,40%,2-4周,https://tag.120ask.com/jibing/mjcc/
内科,神经内科,脑肺吸虫病,神经内科,头晕、头痛、视力障碍、偏瘫、腹泻、发烧、腹痛、癫痫和癫痫样发作、皮下结节、咳嗽、痰中带血、咳铁锈色痰,所有群体,药物治疗,根据不同医院，收费标准不一致，市三甲医院约（500-1000元）,否,0.003%,50%,3个月,https://tag.120ask.com/jibing/nfxcb/
内科,神经内科,脑性瘫痪综合征,神经内科,运动异常、肢体瘫痪、肌张力异常、反射异常、共济失调,婴幼儿、儿童,康复理疗、药物治疗、生活调理,根据不同医院，收费标准不一致，市三甲医院约5000--10000元,否,婴幼儿患病概率0.0023%,,治疗周期：终身,https://tag.120ask.com/jibing/nxthzhz/
内科,神经内科,面肌瘫痪,神经内科,一侧面部麻木、口眼歪斜、鼻唇沟变浅、耳鸣、眼睑不能闭合、不能撅嘴、嘴角漏气,所有人群,药物治疗、中医疗法、手术治疗,根据不同医院，收费标准不一致，市三甲医院约（1000 —— 5000元）,否,0.37%,91.2%,21天,https://tag.120ask.com/jibing/mjth/
内科,神经内科,脑棘球蚴病,神经内科,头痛、癫痫和癫痫样发作、恶心与呕吐、眩晕、囊肿、视盘水肿、偏瘫、感觉障碍、颅内压增高、虚脱,所有群体,手术治疗,根据不同医院，收费标准不一致，市三甲医院约（5000-10000元）,否,0.03%,50--70%,2--6个月,https://tag.120ask.com/jibing/njqb/
内科,神经内科,脑真菌性肉芽肿,神经内科,脑膜刺激征、头痛、恶心与呕吐、低热、高热、脑膜刺激症状、颈项强直、颅内压增高,所有群体,手术治疗,根据不同医院，收费标准不一致，市三甲医院约（5000-10000元）,否,0.003%-0.007%,85%,1-3个月,https://tag.120ask.com/jibing/nzjxryz/
内科,神经内科,面神经瘤,肿瘤科,耳聋、耳鸣、面神经瘫痪,成人较多,手术治疗,根据不同医院，收费标准不一致，市三甲医院约（2000—— 5000元）,否,0.005%,40%,2-4周,https://tag.120ask.com/jibing/msjl/
内科,神经内科,脑膜炎球菌性脑膜炎,神经内科,寒战、高热、头痛、呕吐、前囟饱满、脑膜刺激征、脑脓肿、发烧、斑疹、呼吸不规则、恶心与呕吐、颈项强直,所有群体,药物治疗,根据不同医院，收费标准不一致，市三甲医院约（5000-10000元）,否,0.069%,93%,14天,https://tag.120ask.com/jibing/nmyqjxnmy/
内科,神经内科,脑猪囊尾蚴病,神经外科、感染科,癫痫和癫痫样发作、高颅压综合征、脑膜刺激征、精神障碍、头痛、痴呆、感染性发热,所有群体,药物治疗、手术治疗,根据不同医院，收费标准不一致，市三甲医院约（500-1000元）,是,0.0001%,30%,1--3个月,https://tag.120ask.com/jibing/nznwb/
内科,神经内科,脑蛛网膜炎,脑外科,头痛、视力障碍、脑积水、颈项强直、眼球震颤、面肌抽搐、恶心呕吐、肢体麻木,所有人群,药物治疗、手术治疗,根据不同医院，收费标准不一致，市三甲医院约（5000 ——10000元）,否,0.0001%,65%,3--10周,https://tag.120ask.com/jibing/nzwmy/
内科,神经内科,面瘫,神经内科、针灸科,口角下垂、鼻唇沟变浅、口角向健侧偏歪,所有群体,药物治疗、针灸治疗,根据不同医院，收费标准不一致，市三甲医院约（1000-3000元）,否,0.002%,20%,14-30天,https://tag.120ask.com/jibing/miantan/
内科,神经内科,颞下颌关节紊乱综合征,神经内科,颌骨关节痛、颞部疼痛、张口困难、张嘴颌骨响,青壮年,封闭疗法、药物治疗,根据不同医院，收费标准不一致，市三甲医院约8000--15000,否,0.001%,80%,10-30天,https://tag.120ask.com/jibing/xgjwlzhz/
内科,神经内科,胼胝体进行性变性,神经内科,焦虑、情感淡漠、严重情绪障碍、痴呆、昏迷、幻觉、瘫痪,所有群体,病因治疗、对症治疗,根据不同医院，收费标准不一致，市三甲医院约（1000-5000元）,否,发病率约为0.005%-0.007%,,终身间歇性治疗,https://tag.120ask.com/jibing/tjxxbx/
内科,神经内科,扭转痉挛,普外科,颈部、四肢、躯干甚至是全身的剧烈、不自主的扭转，手足的过伸或过曲，通常以身体的长轴为中心。其扭转动作往往十分缓慢，间歇重复出现。,学龄儿童和青少年,药物治疗，手术治疗,根据不同医院，收费标准是不一样的市三级甲等医院约（5000-20000）,否,0.5%,85%,1-2周,https://tag.120ask.com/jibing/nzjl/
内科,神经内科,前庭神经炎,神经内科,眩晕、恶心、呕吐、平衡功能障碍、眼球震颤、前庭神经受损、多发性神经炎、听力减退,多罹患于20～60岁成人,药物治疗,根据不同医院，收费标准不一致，市三甲医院约（3000 —— 8000元）,否,0.005%,60%,2-4周,https://tag.120ask.com/jibing/qtsjy/
内科,神经内科,前庭神经元炎,神经内科,眩晕、眼球震颤、恶心、呕吐,青年、成年人较多见,药物治疗、预防治疗,根据不同医院，收费标准不一致，市三甲医院约5000--10000,否,发病率约为0.006%,,1-3个月,https://tag.120ask.com/jibing/qtsjyy/
内科,神经内科,腔隙性脑梗死,神经内科,痴呆、定位体征、动脉粥样硬化、豆纹动脉闭塞、耳鸣、复视、感觉障碍、高血压,伴有高血压的老年人多见,病因治疗、康复治疗、药物治疗,根据不同医院，收费标准不一致，市三甲医院约（50000 —— 100000元）,否,0.05%,,需要终身治疗,https://tag.120ask.com/jibing/qxxngs/
内科,神经内科,帕金森病性痴呆,神经内科,震颤性肌强直运动徐缓、静止性震颤、刺痛、腱反射亢进、动作减少、言语缓慢、情绪低沉、自杀企图常,帕金森病患者,药物治疗,根据不同医院，收费标准不一致，市三甲医院约（10000 —— 30000元）,否,20%(发病率在老年患者中20%),80%(一般有效缓解在80%维持不在发展),2-4年,https://tag.120ask.com/jibing/pjsbxcd/
内科,神经内科,热带痉挛性轻截瘫,神经内科,下肢无力、 腱反射亢进、 括约肌功能障碍,所有人群,支持疗法,根据不同医院，收费标准不一致，市三甲医院约（10000 ——50000元）,否,0.002%,25%,1-3个月,https://tag.120ask.com/jibing/rdjlxqjt/
内科,神经内科,青年上肢远端肌萎缩,神经内科,无力、硬化、寒冷麻痹,青年男性,药物治疗、理疗、按摩,根据不同医院，收费标准不一致，市三甲医院约（6000 —— 10000元）,否,发病率约为0.004%-0.009%,,6-12个月,https://tag.120ask.com/jibing/qnszydjws/
内科,神经内科,皮层性多汗症,皮肤科,掌跖多汗症、情绪性多汗症、.腋窝多汗症,成年人,中医药物治疗,根据不同医院，收费标准不一致，市三甲医院约（5000-8000元）,否,0.004%-0.007%,40%-60%,3-6个月,https://tag.120ask.com/jibing/pcxdhz/
内科,神经内科,人类T淋巴细胞病毒感染,感染科,发烧、贫血、黏膜损害、肝肿大、腹部肿块、胸骨压痛,所有人群,药物治疗,根据不同医院，收费标准不一致，市三甲医院约10000--50000,是,0.001%,70%,30天,https://tag.120ask.com/jibing/rltlbxbbdgr/
内科,神经内科,皮肤神经瘤,皮肤科,结节、丘疹、神经纤维过度生长、皮肤触痛,本病常发生于手指多余指截肢部位或通常在第三跖骨间隙的跖部,手术治疗,根据不同医院，收费标准不一致，市三甲医院约（6000 —— 10000元）,否,0.005%,90%,2-4月,https://tag.120ask.com/jibing/pfsjl/
内科,神经内科,妊娠合并癫痫,神经内科,暴怒、颤抖、抽搐、大小便失禁、发绀、喉部痉挛、昏睡、惊厥,产妇,药物治疗,根据不同医院，收费标准不一致，市三甲医院约（500 —— 1000元）,否,0.002%,70%,1-3个月,https://tag.120ask.com/jibing/rshb/
内科,神经内科,躯体感觉障碍,神经内科,放射性疼痛、感觉过度、感觉障碍、脊髓半切综合征、脊髓压迫、节段性分离性感觉障碍、深感觉障碍、瘫痪,所有人群,对症治疗,根据不同医院，收费标准不一致，市三甲医院约（10000 ——20000元）,否,0.015%,60%,3-5个月,https://tag.120ask.com/jibing/qtgjza/
内科,神经内科,皮克病,神经内科,暴怒、痴呆、肌阵挛、记忆力障碍、缄默症、焦虑、强握反射、情感淡漠,多为中老年发病，发病年龄30～90岁，60岁为高峰，多在70岁前发病，女性较多，40%的患者有家族史，其余为散发,药物治疗、对症治疗,根据不同医院，收费标准不一致，市三甲医院约（8000 —— 10000元）,否,0.005%,40%,3-6月,https://tag.120ask.com/jibing/pikebing/
内科,神经内科,妊娠合并偏头痛,神经内科,面色苍白、眼前冒火花或眼前闪光、眼眶疼痛、幻觉、眼前冒金花、轻瘫、搏动性头痛、昏迷、恶心与呕吐,孕妇,药物治疗,根据不同医院，收费标准不一致，市三甲医院约（500 —— 2000元）,否,妊娠妇女中发病率约5%,95%，分娩后头疼即可缓解,3-6月,https://tag.120ask.com/jibing/rshbptt/
内科,神经内科,全面性发作,神经内科,肌阵挛、意识丧失、意识障碍、角弓反张、足内翻、震颤、舌咬伤、心率增快、光反射消失、牙关紧闭、尿失禁、意识模糊,所有人群,药物治疗,根据不同医院，收费标准不一致，市三甲医院约2000-5000元,否,0.01%,70%，多以控制症状为主,2--6周,https://tag.120ask.com/jibing/qmxfz/
内科,神经内科,皮克病性痴呆,神经内科,智能障碍、易激惹、暴力冲动行为、注意力集不中、运动性失语、言语功能的部分丧失、抑郁、痴呆面容、认识能力缺失、呆滞,老年人群,药物治疗、生活护理,根据不同医院，收费标准不一致，市三甲医院约10000--50000,否,0.001%,20%,3个月,https://tag.120ask.com/jibing/pkbxcd/
内科,神经内科,妊娠合并重症肌无力,神经内科,上睑下垂、复视、四肢无力、面肌无力、肌无力危象、眼外肌运动无力、呼吸功能衰竭、构音障碍、呛咳、呼吸困难、斜视、构音不清,孕妇,药物治疗,根据不同医院，收费标准不一致，市三甲医院约（5000-10000元）,否,0.05%,70%,2-6月,https://tag.120ask.com/jibing/rshbzzjwl/
内科,神经内科,全植物神经功能不全,神经内科,周围神经活检示有髓纤维减少、轴索结构紊乱、无髓纤维萎缩,所有人群,药物治疗,根据不同医院，收费标准不一致，市三甲医院约（1000 ——5000元）,否,多见于白领层，发病率约5%,70%,1-2年,https://tag.120ask.com/jibing/qzwsjgnbq/
内科,神经内科,妊娠舞蹈病,神经内科,挤眉、弄眼、蹙额、呶嘴及伸舌、肢各关节时而屈曲时而伸直时而扭转或不停地耸肩、下肢有不随意动作走路摇摆、易跌倒进而不能站立,17～23岁的初产妇,终止妊娠,根据不同医院，收费标准不一致，市三甲医院约（3000-5000元）,否,0.005%,,2-4月,https://tag.120ask.com/jibing/rswdb/
内科,神经内科,缺血性视神经病变,神经内科,视物模糊、视野缩小、视野缺损、暴盲、单眼突然出现一过性黑蒙、头痛、视野向心性缩小,中老年人群,药物治疗,根据不同医院，收费标准不一致，市三甲医院约10000--30000,否,0.005%,80%,2-4月,https://tag.120ask.com/jibing/qxxssjbb/
内科,神经内科,唇舌水肿及面瘫综合征,神经内科,味觉减退、听觉过敏、疼痛、瘫痪、面神经瘫痪,所有群体,对症治疗,根据不同医院，收费标准不一致，市三甲医院约（1000-5000元）,否,0.0013%,90%,7-21天,https://tag.120ask.com/jibing/csszjmtzhz/
内科,神经内科,神经白塞病,神经内科,头痛、发烧、颈强直、恶心与呕吐、脑膜刺激征、瘫痪、口、眼、生殖器损害、定位体征、会阴溃疡,所有群体,药物治疗,根据不同医院，收费标准不一致，市三甲医院约（5000-10000元）,否,0.002%-0.005%,74%,1-3个月,https://tag.120ask.com/jibing/sjbsb/
内科,神经内科,三痹,中医科,疼痛游走不定的关节疼痛,久处湿地的成年人,中医药物治疗,根据不同医院，收费标准不一致，市三甲医院约（500—— 1000元）,否,0.01%,85%,10-30天,https://tag.120ask.com/jibing/sanbi/
内科,神经内科,Shy-Drager综合征,神经内科,头昏 头晕 眼花 晕厥 便秘 步态不稳 低血压 腹泻,中年男性,中医药物治疗、西医药物治疗,根据不同医院，收费标准不一致，市三甲医院约（5000 —— 10000元）,否,0.001%,60%,2--8周,https://tag.120ask.com/jibing/shydragerzhz/
内科,神经内科,神经节苷脂沉积病,神经内科,角膜混浊、关节挛缩、抽搐、肌张力降低、体型异常、视力障碍、吞咽困难,遗传患者,对症治疗,根据不同医院，收费标准不一致，市三甲医院约1000--5000,否,0.0001%,75%,1-2个月,https://tag.120ask.com/jibing/sjjzcjb/
内科,神经内科,三叉神经营养性损害,神经内科,鼻翼部结痂性损害、新月状无痛性溃疡、鼻黏膜干燥,多见于三叉神经手术后患者,药物治疗、病因治疗,根据不同医院，收费标准不一致，市三甲医院约1000--5000,否,0.005%,80%,3-6周,https://tag.120ask.com/jibing/scsjyyxsh/
内科,神经内科,神经莱姆病,神经内科,头痛、恶心与呕吐、发烧、痴呆、共济失调、丘疹,所有人群,药物治疗,根据不同医院，收费标准不一致，市三甲医院约10000--50000,否,0.002%,40%,3个月,https://tag.120ask.com/jibing/sjlmb/
内科,神经内科,神经系统遗传病,神经内科,智能发育不全、痴呆行为异常语言障碍痫性发作、眼球震颤,先天遗传,手术治疗,根据不同医院，收费标准不一致，市三甲医院约（10000-50000元）,否,发病率约为0.0005%--0.0008%,,1-3年,https://tag.120ask.com/jibing/sjxtycb/
内科,神经内科,三环类抗忧郁药中毒,急诊科,发烧、癫痫和癫痫样发作、呼吸抑制、心律失常、瞳孔异常、心脏震颤、心悸、昏迷、眩晕、恶心与呕吐、口干、头痛,所有群体,药物治疗,根据不同医院，收费标准不一致，市三甲医院约（1000-5000元）,否,0.001%,60%,14--21天,https://tag.120ask.com/jibing/shlkyyyzd/
内科,神经内科,散发性脑炎伴发的精神障碍,神经内科,头痛、恶心与呕吐、意识模糊、意识障碍、意识朦胧状态 、多汗、不自主运动、抽搐、唾液分泌增多,所有人群,药物治疗,根据不同医院，收费标准不一致，市三甲医院约10000--50000,否,发病率约为0.007%-0.008%,55%-65%,3-6个月,https://tag.120ask.com/jibing/sfxnybfdjsza/
内科,神经内科,神经鞘瘤,神经内科,结节、斑疹、丘疹、感觉障碍、运动功能障碍、压痛、面肌抽搐、声音嘶哑,所有群体,病因治疗、对症治疗,根据不同医院，收费标准不一致，市三甲医院约（1000-5000元）,否,0.001%,60%,2-3周,https://tag.120ask.com/jibing/sjql/
内科,神经内科,神经性肌强直,神经内科,肌肉颤动,所有群体,药物治疗,根据不同医院，收费标准不一致，市三甲医院约（1000-5000元）,否,0.003%,40%,3个月,https://tag.120ask.com/jibing/sjxjqz/
内科,神经内科,上矢状窦血栓性静脉炎,神经内科,寒战、盗汗 、头痛、呕吐、偏瘫、失语、发烧、昏迷、恶心与呕吐,所有人群,药物治疗,根据不同医院，收费标准不一致，市三甲医院约10000--50000,否,0.002%,65%,2-4月,https://tag.120ask.com/jibing/sszxsxjmy/
内科,神经内科,神经元蜡样脂褐质沉积症,神经内科,痴呆、单眼失明、共济失调、情感淡漠、幻觉、腱反射异常、肌张力降低,儿童人群,对症治疗,根据不同医院，收费标准不一致，市三甲医院约10000--50000,否,0.013%,40%,1-3个月,https://tag.120ask.com/jibing/sjylyzhzcjz/
内科,神经内科,少枝胶质细胞瘤及间变少枝胶质,神经外科,痴呆、感觉障碍、精神障碍、局灶症状、颅内压增高、偏瘫、生长缓慢、视力障碍,中年前后人群较多,手术治疗,根据不同医院，收费标准不一致，市三甲医院约（50000 —— 100000元),否,0.0005%,60%,2-4月,https://tag.120ask.com/jibing/szjzxbljjbszjzxbl/
内科,神经内科,神经肽性肢端感觉异常,神经内科,皮肤瘙痒、刺痛,所有群体,药物治疗,根据不同医院，收费标准不一致，市三甲医院约（500-1000元）,否,本病少见，发病率约0.002%,,1-3个月,https://tag.120ask.com/jibing/sjxzdgjyc/
内科,神经内科,神经源性角膜炎,眼科,角膜知觉减少、角膜溃疡、角膜炎、不断眨眼、与脉搏相一致的眼球跳动、瞳孔异常、睫状充血、视力障碍,所有人群,药物治疗,根据不同医院，收费标准不一致，市三甲医院约（3000 —— 8000元）,否,0.005%,60%,3个月,https://tag.120ask.com/jibing/sjyxjmy/
内科,神经内科,舌下神经损伤,神经内科,延髓性麻痹、吞咽困难、舌肌萎缩、假性延髓性麻痹、构音障碍、声音嘶哑、构音不清、偏瘫、吞咽障碍、呛咳,所有群体,病因治疗、对症治疗,根据不同医院，收费标准不一致，市三甲医院约（1000-5000元）,否,0.002%,60%,3个月,https://tag.120ask.com/jibing/sxsjss/
内科,神经内科,神经系统的放射性损伤,神经内科,嗜睡、局灶症状、痴呆、脊髓横贯损害、瘫痪、感觉障碍、动脉粥样硬化,所有群体,病因治疗、对症治疗,根据不同医院，收费标准不一致，市三甲医院约（1000-5000元）,否,0.002%,40%,1-3个月,https://tag.120ask.com/jibing/sjxtdfsxss/
内科,神经内科,神经症,精神心理科,惊恐发作、焦虑、抑郁、强迫症、睡眠障碍、脾气变坏、头摇、严重情绪障碍、无能力感、头痛、躁狂与昏睡交替、易激惹,所有人群,药物治疗,根据不同医院，收费标准不一致，市三甲医院约（3000 —— 8000元）,否,0.03%,90%,1-3个月,https://tag.120ask.com/jibing/shenjingzheng/
内科,神经内科,神经系统结节病,神经内科,痴呆、 肌痛 、结节、 截瘫、紧张 、颅内出血、 脑积水、 脑膜炎、头痛、意识障碍、癫痫、周围性面瘫、听力障碍、视力障碍、腰痛、腿痛、无力、感觉减退、缺失、截瘫、大小便障碍、肌肉无力、肌萎缩、肌痛、肌肉结节,所有人群,药物治疗,根据不同医院，收费标准不一致，市三甲医院约(5000--10000元),否,0.002%--0.005%,70%,3-6周,https://tag.120ask.com/jibing/sjxtjjb/
内科,神经内科,神思间病,精神心理科,精神分裂症、狂躁抑郁性精神病、更年期精神病、偏执性精神病及各种器质性病变伴发的精神病,所有人群均可发病,药物治疗、心理治疗,根据不同医院，收费标准不一致，市三甲医院约（3000 —— 5000元）,否,0.01%,20%,1--6个月,https://tag.120ask.com/jibing/shensijianbing/
内科,神经内科,神经系统先天性疾病,神经内科,脑积水、软骨发育不良与骨骼畸形、脑穿通畸形、结节性硬化、感觉障碍、瘫痪、定位体征、脊柱和四肢畸形、神志不清、踝阵挛,所有群体,病因治疗、对症治疗,根据不同医院，收费标准不一致，市三甲医院约（1000-5000元）,否,0.003%,60%,2-4月,https://tag.120ask.com/jibing/sjxtxtxjb/
内科,神经内科,圣路易斯型脑炎,神经内科,头痛、咽痛、肌痛、低热、下垂肩、呼吸不规则、发烧、身痛、唾液分泌增多、意识改变状态、肌肉纤维震颤、脑炎样改变,所有人群,药物治疗,根据不同医院，收费标准不一致，市三甲医院约（3000 —— 8000元）,是,0.005%,65%,1-3月,https://tag.120ask.com/jibing/slysxny/
内科,神经内科,宿醉,急诊科,头痛 、喝酒后胃疼、 胃灼热、 恶心,男性,食疗、药物治疗,根据不同医院，收费标准不一致，市三甲医院约(500--1000元),否,60-70%(上述为酗酒男性人群中本病发生率),85%,1-2个月,https://tag.120ask.com/jibing/suzui/
内科,神经内科,士的宁中毒,急诊科,烦躁不安、吞咽困难、瞳孔异常、震颤、抽搐、惊厥、角弓反张、苦笑面容、窒息、发绀、意识丧失,所有人群,洗胃导泻、药物治疗,根据不同医院，收费标准不一致，市三甲医院约5000--10000,否,0.001%,50%,1-2周,https://tag.120ask.com/jibing/sdnzd/
内科,神经内科,髓性多汗症,神经内科,局限性出汗、出汗部位常伴有血管扩张、耳颞综合征、鼓索综合征、鳄泪综合征、味觉出汗、进食或吞咽后出现面颈、躯干和上肢的出汗反应。,好发于年轻人,药物治疗、手术治疗、中医治疗,根据不同医院，收费标准不一致，市三甲医院约(10000--20000元),否,0.0002%,8%,2-4月,https://tag.120ask.com/jibing/sxdhz/
内科,神经内科,特发性面神经瘫痪,神经内科,眼睑闭合不全、面神经瘫痪、鼓腮和吹口哨漏气、面肌无力、外耳道疼痛、眼睑外翻、鼻唇沟变浅、口角下垂、眼角膜反射消失、听觉过敏、耳后疼痛、疱疹,所有群体,对症治疗,根据不同医院，收费标准不一致，市三甲医院约（500-1000元）,否,0.003%,50%,3个月,https://tag.120ask.com/jibing/tfxmsjth/
内科,神经内科,灼痛,疼痛科,灼热之感、喜冷恶热,成年人,中医药物治疗、西医药物治疗,根据不同医院，收费标准不一致，市三甲医院约（500 —— 1000元）,否,0.05%,50%,2-4周,https://tag.120ask.com/jibing/zhuotong/
内科,神经内科,视束病变,眼科,视力视野改变、眼底改变、瞳孔异常、眼球运动障碍、视力障碍,所有群体,病因治疗、对症治疗,根据不同医院，收费标准不一致，市三甲医院约（1000-5000元）,否,0.01%,10%,1-2g个月,https://tag.120ask.com/jibing/ssbb/
内科,神经内科,听力障碍,耳鼻喉科,耳鸣、耳聋、听力下降,中老年患者最常见,中医药物治疗、西医药物治疗,根据不同医院，收费标准不一致，市三甲医院约（500 —— 1000元）,否,0.002%,60%,1-3个月,https://tag.120ask.com/jibing/tlza/
内科,神经内科,室管膜肿瘤,脑外科、肿瘤科,恶心、呕吐、头痛、步态不稳、眩晕、昏迷、听力减退、眼球震颤、视盘水肿、腱反射异常、嗜睡,多见于儿童及青年，发病高峰年龄为5～15岁,药物、手术治疗,根据不同医院，收费标准不一致，市三甲医院约（50000 —— 100000元）,否,0.002%-0.003%,75%-85%(外科手术治疗),6-12个月,https://tag.120ask.com/jibing/sgmzl/
内科,神经内科,铜绿色假单胞菌脑膜炎,神经内科,发热、休克、急性呼吸窘迫综合征,好发于青少年，以儿童多见,抗感染治疗、手术治疗、中医药治疗,根据不同医院，收费标准不一致，市三甲医院约（5000 —— 10000元）,是,0.001%,30%,1-3个月,https://tag.120ask.com/jibing/tlsjdbjnmy/
内科,神经内科,糖尿病所致脊髓病,内分泌科、脊柱外科,肌肉萎缩、截瘫、瘫痪、多食、股神经损害、多饮、尿比重增高、感觉障碍、,中老年,药物治疗,根据不同医院，收费标准不一致，市三甲医院约（10000 —— 50000元）,否,0.0015%,45%,1-2个月,https://tag.120ask.com/jibing/tnbszjsb/
内科,神经内科,手足徐动症,神经内科,不自主运动、构音障碍、吞咽障碍、单侧及假性手足徐动、舞蹈样手足徐动、新生儿手足徐动、手足不规则舞动、肌张力降低、局限性肌张力障碍、肌张力过高、肌阵挛、智力发育迟缓,老年人群,药物治疗,根据不同医院，收费标准不一致，市三甲医院约（3000 —— 5000元）,否,老年人中发病率约0.01—0.03%,20-30%，大部分以控制症状治疗为主。,大部分需要终身用药。,https://tag.120ask.com/jibing/szxdz/
内科,神经内科,痛性肥胖病,神经内科,痴呆、剧痛、衰弱、停经、抑郁,病年龄多为30～50岁、即育龄妇女,对症治疗、药物治疗,根据不同医院，收费标准不一致，市三甲医院约（2000 —— 8000元）,否,0.003%-0.004%,60%,6-12个月,https://tag.120ask.com/jibing/txfpb/
内科,神经内科,糖尿病性神经病,内分泌科,多饮、多食、多尿、消瘦、疲乏、胃肠功能紊乱、腹泻、膀胱障碍、阳痿萎、体位性低血压,中老年,西药,根据不同医院，收费标准不一致，市三甲医院约（10000 —— 50000元）,否,0.5%,20%,1-3个月,https://tag.120ask.com/jibing/tnbxsjb/
内科,神经内科,书写痉挛,神经内科,长期用手写字或精细工作史、手指不灵活、不协调、手部肌肉痉挛、颤动、无法持笔写字,教师、编辑、作家、书画家、誊抄员、绘图员、打字员、电报员、弹琴者,药物治疗、心理治疗、物理治疗,根据不同医院，收费标准不一致，市三甲医院约（500 —— 1000元）,否,0.0013%,60%,30天,https://tag.120ask.com/jibing/sxjl/
内科,神经内科,头-面血管瘤综合征,血管外科,癫痫发作、血管痣、偏瘫、偏身萎缩、青光眼和突眼、视力减退,所有,理疗、药物治疗,根据不同医院，收费标准不一致，市三甲医院约10000--50000,否,0.005%,65%,3个月,https://tag.120ask.com/jibing/tmxglzhz/
内科,神经内科,糖尿病性周围神经病,神经内科,浅感觉减退或缺失、步态不稳、易跌倒、钝痛、刺痛、恶心与呕吐、腹泻、便秘、排尿困难及尿潴留、溃疡,糖尿病患者,药物治疗、中药治疗,根据不同医院，收费标准不一致，市三甲医院约10000--50000,否,0.6%,75%,4-8周,https://tag.120ask.com/jibing/tnbxzwsjb/
内科,神经内科,特发性癫痫综合征,神经内科,肌阵挛发作可伴呼吸暂停、吞咽困难,先天遗传、脑外伤人群,西医药物治疗,根据不同医院，收费标准不一致，市三甲医院约（8000-10000元）,否,0.001%,30%,30天,https://tag.120ask.com/jibing/tfxzhz/
内科,神经内科,韦尼克脑病,精神心理科,意识障碍、情感淡漠、迟钝、谵妄、眼肌瘫痪和凝视、眼球震颤及平衡紊乱,青壮年,中医药物治疗、西医药物治疗,根据不同医院，收费标准不一致，市三甲医院约（5000 —— 20000元）,否,0.001-0.003%,30--50%,1--6个月,https://tag.120ask.com/jibing/wnknb/
内科,神经内科,投掷运动,神经内科,投掷动作(颤搐)、不自主的强烈、挥动性舞蹈样运动,所有人群,药物治疗、手术治疗,根据不同医院，收费标准不一致，市三甲医院约(5000--10000元),否,0.01%,70%,1-3个月,https://tag.120ask.com/jibing/tzyd/
内科,神经内科,西方马型脑炎,神经内科,精神障碍、人格改变、瘫痪,所有人群,支持治疗、对症治疗,根据不同医院，收费标准不一致，市三甲医院约（50000 —— 80000元）,否,0.05%,75%,1年,https://tag.120ask.com/jibing/xfmxny/
内科,神经内科,维生素A缺乏神经病,营养科,皮肤干燥、眼结膜干燥严重者角膜干燥(干眼病),所有人群,药物治疗,根据不同医院，收费标准不一致，市三甲医院约（1000 —— 3000元）,否,在儿童中发病率约为1‰,,国内认可的有效的治疗手段的治疗周期是150天左右,https://tag.120ask.com/jibing/wssaqfsjb/
内科,神经内科,外阴恶性神经鞘瘤,肿瘤科,外阴肿胀、外阴溃疡、外阴痛,所有人群,药物治疗,根据不同医院，收费标准不一致，市三甲医院约（5000 —— 20000元）,否,0.02%--0.03%,60%,一般1-2年,https://tag.120ask.com/jibing/wyexsjql/
内科,神经内科,西尼罗河热,传染科,斑丘疹、充血、恶心、腹股沟淋巴结肿大、腹痛、腹泻、高热、寒战,在非洲、南欧、中东、中亚和西亚、大洋洲等地呈地方性流行,对症治疗、药物治疗、脱水剂治疗,根据不同医院，收费标准不一致，市三甲医院约（3000 —— 10000元）,是,0.007%,65%,2个月,https://tag.120ask.com/jibing/xnlhr/
内科,神经内科,维生素E缺乏神经病,神经内科,感觉障碍、心律失常、认知功能障碍、眼肌麻痹、眼球震颤、肌性肌无力、贫血、步态异常,所有人群,药物治疗、营养治疗,根据不同医院，收费标准不一致，市三甲医院约2000--6000,否,0.002%,50%,1-2个月,https://tag.120ask.com/jibing/wsseqfsjb/
内科,神经内科,希尔德病,脑科,精神障碍、头痛、头昏、疲乏无力,所有人群,药物治疗,根据不同医院，收费标准不一致，市三甲医院约（1000 —— 5000元）,否,无相关资料,,无相关资料,https://tag.120ask.com/jibing/xedb/
内科,神经内科,委内瑞拉马脑炎,感染科、神经内科,发烧、头痛、肌痛、恶心与呕吐、昏迷、瘫痪、感觉障碍、呼吸不规则、脑炎样改变、肌肉纤维震颤、意识改变状态、唾液分泌增多,所有人群,药物治疗,根据不同医院，收费标准不一致，市三甲医院约（5000 —— 10000元）,是,0.006%,40%,1个月,https://tag.120ask.com/jibing/wnrlmny/
内科,神经内科,系统性红斑狼疮所致脊髓病,神经内科、风湿免疫科,截瘫、面部蝶形红斑、关节疼痛、反复高热、肤温升高、日光过敏,系统性红斑狼疮患者,病因治疗、药物治疗,根据不同医院，收费标准不一致，市三甲医院约10000--30000,否,0.0052%,60%,3-6月,https://tag.120ask.com/jibing/xtxhblcszjsb/
内科,神经内科,项痹,中医科,眩晕  颈椎痛  颈强直,成年人,中医药物治疗,根据不同医院，收费标准不一致，市三甲医院约（500—— 1000元）,否,0.42%,30%,10天,https://tag.120ask.com/jibing/xiangbi/
内科,神经内科,痿病,中医科,筋脉弛缓、肢体肌肉软弱无力、不能随意活动、甚至肌肉萎缩或瘫痪,所有人群均可发病,药物治疗、针灸,根据不同医院，收费标准不一致，市三甲医院约（3000 —— 8000元）,否,0.1%,50%,1-3个月,https://tag.120ask.com/jibing/wbing/
内科,神经内科,系统性血管炎所致神经损害,神经内科、血管外科,偏瘫、偏盲、颈项强直、共济失调、头痛、瘫痪、肌性肌无力、舞蹈病样动作、精神障碍、情感淡漠、嗜睡、痴呆,所有人群,药物治疗,根据不同医院，收费标准不一致，市三甲医院约1000-3000元,否,0.002%,40%,3个月,https://tag.120ask.com/jibing/xtxxgyszsjsh/
内科,神经内科,小儿鞍上生殖细胞瘤,肿瘤科,尿崩、视力障碍、视野缺损、颅内压增高、高颅压综合征、消瘦、生长缓慢、同向偏盲、视野向心性缩小,儿童,药物治疗,根据不同医院，收费标准不一致，市三甲医院约（10000-50000元）,否,本病罕见，约为0.0001%--0.0002%,,3-6个月,https://tag.120ask.com/jibing/xeasszxbl/
内科,神经内科,位置性眩晕,神经内科,出冷汗、恶心、眩晕、体位性眩晕、旋转性眩晕、剧烈眩晕站立不稳、,所有人群,药物治疗、手术治疗,根据不同医院，收费标准不一致，市三甲医院约（500——1000元）,否,50岁以上的中老年人群多见，发病率约5%,40-60%，以药物控制症状为主,1-2年,https://tag.120ask.com/jibing/wzxxy/
内科,神经内科,下丘脑多汗症,神经内科,盗汗、上半身代偿性多汗、发作性局限性出汗,所有人群,药物治疗、病因治疗、心理治疗、中药治疗,根据不同医院，收费标准不一致，市三甲医院约5000--12000,否,0.005%-0.008%,,终身间歇性治疗,https://tag.120ask.com/jibing/xqndhz/
内科,神经内科,小儿播散性脂肪肉芽肿综合征,儿内科,关节肿胀关节疼痛、腱反射消失、皮下结节、肉芽肿、吞咽困难、肝脏肿大、新生儿喉喘鸣,婴幼儿,药物治疗、化疗,根据不同医院，收费标准不一致，市三甲医院约（2000——10000元）,否,0.002%,45%,1-2个月,https://tag.120ask.com/jibing/xebsxzfryzzhz/
内科,神经内科,纹状体黑质变性,神经内科,运动功能障碍、构音障碍、吞咽困难、步态异常、肌肉纤维震颤、足部震颤、不自主运动、共济失调、川字纹,所有人群,药物治疗 、支持疗法、对症疗法,根据不同医院，收费标准不一致，市三甲医院约（5000-10000元）,否,0.0035%,75%,1-3个月,https://tag.120ask.com/jibing/wzthzbx/
内科,神经内科,夏伊-德雷格综合征,神经内科,头晕、括约肌功能障碍、出汗异常、共济失调、头痛、瘫痪、眩晕、晕厥、感觉障碍,所有群体,药物治疗,根据不同医院，收费标准不一致，市三甲医院约（500-1000元）,否,少见，发病率约0.001%--0.005%,40%,1-3年,https://tag.120ask.com/jibing/xydlgzhz/
内科,神经内科,小儿常染色体显性小脑性共济失,神经内科,指鼻不准、眼球震颤、 共济失调,青春期少年和成人,中医药物治疗、西医药物治疗,根据不同医院，收费标准不一致，市三甲医院约（5000-10000元）,否,0.00025%,,终身间歇性对症治疗,https://tag.120ask.com/jibing/xecrstxxxnxgjsd/
内科,神经内科,先天性副肌强直症,神经内科,肌痛、睁眼困难、无力,所有群体,药物治疗,根据不同医院，收费标准不一致，市三甲医院约（1000-5000元）,否,0.003%-0.005%,65%-75%,3-6个月,https://tag.120ask.com/jibing/xtxfjqzz/
内科,神经内科,小儿常染色体隐性小脑性共济失,神经内科、儿内科,共济失调、 步态不稳 、肢体不自主震颤、指鼻不准、眼球不能随意动,儿童,中医药物治疗、西医药物治疗,根据不同医院，收费标准不一致，市三甲医院约（10000 —— 20000元）,否,0.002%,40%,3个月,https://tag.120ask.com/jibing/xecrstyxxnxgjsd/
内科,神经内科,无汗症,皮肤科、神经内科,周身不适、疲劳、皮肤干燥、皮肤粗糙、干热无汗、绝汗、汗闭现象,所有群体,药物治疗,根据不同医院，收费标准不一致，市三甲医院约（500-1000元）,否,0.0001%,75%,3-5月,https://tag.120ask.com/jibing/wuhanzheng/
内科,神经内科,小儿脆性X染色体,儿内科,智力低下、特殊面容、运动障碍、行为怪异、高腭弓、构音障碍、焦虑、学习困难,儿童,免疫接种、外科治疗、心理治疗、药物治疗,根据不同医院，收费标准不一致，市三甲医院约（8000 —— 20000元）,否,0.0052%,75%,1-2个月,https://tag.120ask.com/jibing/xecxxrst/
内科,神经内科,无症状性脑梗死,神经科,头痛、头晕、肢体麻木、记忆力下降、睡眠障碍、忧郁症,中老年人,一般治疗、药物治疗,根据不同医院，收费标准不一致，市三甲医院约（3000——10000元）,否,0.005%,80%,1-3个月,https://tag.120ask.com/jibing/wzzxngs/
内科,神经内科,线粒体病,神经内科,易疲乏、肌肉酸痛、肌肉压痛、眼睑下垂、复视、耳聋、智能减退、偏瘫、偏盲,遗传患者,药物治疗、生活护理,根据不同医院，收费标准不一致，市三甲医院约8000--12000,否,0.001%,40%,1-3个月,https://tag.120ask.com/jibing/xltb/
内科,神经内科,小儿发作性舞蹈手足徐动症,神经内科,四肢、躯体不自主地抽搐、扭动、站立不稳和古怪姿势、发作时无意识丧失、发作间歇期完全正常,儿童,西药治疗,根据不同医院，收费标准不一致，市三甲医院约（5000—— 10000元）,否,0.004%-0.005%,75%,1-3年,https://tag.120ask.com/jibing/xefzxwdszxdz/
内科,神经内科,小儿癫痫发作诱发失语综合征,神经内科,癫痫和癫痫样发作、运动性失语、认知功能障碍、言语紊乱、儿童联想和情感障碍,婴幼儿,病因治疗、对症治疗,根据不同医院，收费标准不一致，市三甲医院约（1000-5000元）,否,0.001%,35%,1--6个月,https://tag.120ask.com/jibing/xefzyfsyzhz/
内科,神经内科,小儿家族性自主神经失调综合征,神经内科,生长缓慢、 智能障碍、 感觉障碍,犹太人,中医药物治疗、西医药物治疗,根据不同医院，收费标准不一致，市三甲医院约（5000-10000元）,否,家庭成员患有本病这，发病率约5%--8%,,终身治疗,https://tag.120ask.com/jibing/xejzxzzsjsdzhz/
内科,神经内科,小儿腓骨肌萎缩症,神经内科,下肢无力、肌肉萎缩、步态异常、四肢发冷、发绀、下肢的感觉，肌力，神经异常,发病在儿童期或青春期，约有2/3病例在10岁前发生,病因治疗、对症治疗,根据不同医院，收费标准不一致，市三甲医院约（1000-5000元）,否,0.0003%—0.0005%,30-50%(以康复训练为主),3-5年,https://tag.120ask.com/jibing/xegjwsz/
内科,神经内科,小儿发作性睡病,神经内科,嗜睡发作、猝倒症、睡眠瘫痪,儿童,西医药物治疗,根据不同医院，收费标准不一致，市三甲医院约（8000-10000元）,否,0.2%--0.5%(上述为婴幼儿发病率约),90%,1-2年,https://tag.120ask.com/jibing/xefzxsb/
内科,神经内科,小儿结核性脑膜炎,神经内科、感染科,低热、乏力、食欲不振、盗汗 、易哭、易激惹、咳嗽、咳痰、呕吐、惊厥,儿童人群,药物治疗,根据不同医院，收费标准不一致，市三甲医院约10000--50000,是,0.002%,60%,3个月,https://tag.120ask.com/jibing/xejhxnmy/
内科,神经内科,小儿颅咽管瘤,耳鼻喉科、肿瘤科,视力障碍、颅内压增高、头痛、呕吐、视盘水肿、继发性视神经萎缩、嗜睡、脂肪代谢障碍、恶病质、偏盲、视野向心性缩小、视野缺损,儿童,药物治疗、手术治疗,根据不同医院，收费标准不一致，市三甲医院约（10000 —— 50000元）,否,颅咽管瘤约占颅内肿瘤的4%,40%,3个月,https://tag.120ask.com/jibing/xelygl/
内科,神经内科,小儿格林巴利综合症,神经内科,四肢远端麻木、疼痛或异样感觉、四肢近端肌肉和呼吸麻痹、感觉障碍、腱反射消失,儿童,药物治疗、中药治疗、针灸治疗,根据不同医院，收费标准不一致，市三甲医院约(5000——20000元）,否,0.005%,80%,2-4月,https://tag.120ask.com/jibing/xeglblzhz/
内科,神经内科,小儿结节性硬化综合征,儿内科,结节、惊厥、癫痫和癫痫样发作、智能障碍、血管畸形、颅内高压、丘疹、痴呆、脑积水,婴幼儿,药物治疗、手术治疗,根据不同医院，收费标准不一致，市三甲医院约（5000-10000元）,否,0.002%,60%,3个月,https://tag.120ask.com/jibing/xejjxyhzhz/
内科,神经内科,小儿曼氏迭宫绦虫病和曼氏裂头,消化内科、感染科,腹痛 、恶心与呕吐 、畏光及流泪,所有人群,手术治疗、中医药物治疗、西医药物治疗,根据不同医院，收费标准不一致，市三甲医院约（5000 —— 10000元）,是,0.0025%,75%,1-3月,https://tag.120ask.com/jibing/xemsdgtcbhmsltb/
内科,神经内科,小儿巨脑畸形综合征,神经外科,长头巨脑、眼距宽阔、重度精神发育迟滞、共济失调、极重度精神发育迟滞、抽搐、痴呆、大脑发育障碍、斜眼抑制、中度精神发育迟滞、轻度精神发育迟滞、尖头并指,婴幼儿,对症治疗,根据不同医院，收费标准不一致，市三甲医院约（1000-5000元）,否,0.003%—0.006%,30%,2-6月,https://tag.120ask.com/jibing/xejnjxzhz/
内科,神经内科,小儿迷路水肿-耳性眩晕综合征,神经内科,耳聋、耳鸣、眩晕、听力减退、恶心与呕吐、面色苍白、周身出汗,儿童人群,药物治疗,根据不同医院，收费标准不一致，市三甲医院约（5000--10000元）,否,0.05%,85%,2-4月,https://tag.120ask.com/jibing/xemlszexxyzhz/
内科,神经内科,小儿狂犬病,传染病科,恐水、恐声、怕风、恐惧不安、咽肌痉挛、进行性瘫痪,小儿,中医药物治疗、西医药物治疗,根据不同医院，收费标准不一致，市三甲医院约（50000 —— 100000元）,是,0.0012%,,7-10天,https://tag.120ask.com/jibing/xekqb/
内科,神经内科,小儿脑白质海绵状变性综合征,神经内科,呕吐、惊厥、瘫痪、婴儿喂养困难、角弓反张、视神经萎缩、嗜睡、吞咽困难、视力障碍、肌肉萎缩、骨缝分开、智力减低,婴幼儿,对症治疗,根据不同医院，收费标准不一致，市三甲医院约（1000-5000元）,否,0.0005%,65%,3-6月,https://tag.120ask.com/jibing/xenbzhmzbxzhz/
内科,神经内科,小儿肌阵挛性癫痫,神经内科,跌倒发作、肌张力降低、肌阵挛、流涎、人格改变、遗尿、意识丧失、意识障碍,儿童、高峰发病年龄为3～5岁,药物治疗,根据不同医院，收费标准不一致，市三甲医院约（2000——5000元）,否,0.0025%,75%,10-14天,https://tag.120ask.com/jibing/xejzlx/
内科,神经内科,小儿脑积水,神经外科,前囟饱满斜视智力发育迟缓、骨缝分开、凝视麻痹、眼球震颤、下肢呈剪刀步态易激惹表情淡漠、脊柱侧弯,新生儿及婴儿,药物治疗、手术治疗,根据不同医院，收费标准不一致，市三甲医院约（10000—— 20000元）,否,0.3-0.5%,70%,1-3月,https://tag.120ask.com/jibing/xenjs/
内科,神经内科,小儿急性播散性脑脊髓炎,神经内科,惊厥、 精神障碍、 头晕、头痛、眩晕、晕厥、脑膜刺激征、感觉障碍、发烧、空洞形成,儿童,中医药物治疗、西医药物治疗,根据不同医院，收费标准不一致，市三甲医院约（5000 —— 10000元）,是,"0.0002%--0.0008%(少见病，年发病率为0.0002%--0.0008%,80%的患者发生在10岁以下的儿童,成人可发生，但罕见。70-93%的患者发病数周前有感染或疫苗接种史。)",57%--94%,6个月,https://tag.120ask.com/jibing/xejxbsxnjsy/
内科,神经内科,小儿利斯特菌病,小儿内科,败血症 、背痛 抽搐、 腹泻 、共济失调、 呼吸困难 、昏迷、 免疫缺陷,新生儿或胎儿,消炎治疗,根据不同医院，收费标准不一致，市三甲医院约(20000---30000元),否,0.005%,70%,1-3个月,https://tag.120ask.com/jibing/xelstjb/
内科,神经内科,小儿脊髓损伤,神经外科,肌张力降低、 急性尿潴留、 皮肤苍白,儿童,手术治疗、中医药物治疗、西医药物治疗,根据不同医院，收费标准不一致，市三甲医院约（10000 —— 30000元）,否,0.04%-0.08%,75%,3-6个月,https://tag.120ask.com/jibing/xejsss/
内科,神经内科,小儿良性先天性肌弛缓综合征,儿科,颈软不能抬头、肌性肌无力、腱反射消失、肌张力降低、无力,婴幼儿,病因治疗、对症治疗,根据不同医院，收费标准不一致，市三甲医院约（1000 —— 5000元）,否,婴幼儿发病率约为0.002%-0.008%,65%-80%,1-3年,https://tag.120ask.com/jibing/xelxxtxjchzhz/
内科,神经内科,小儿脑性瘫痪,神经内科,抽搐、烦躁不安、反应迟钝、疲乏、呛咳、体重增加、无力、斜视,婴幼儿,手术治疗、针灸治疗、药物治疗、康复治疗,根据不同医院，收费标准不一致，市三甲医院约（10000-50000元）,否,0.002%,30%,3个月,https://tag.120ask.com/jibing/xenxth/
内科,神经内科,小儿脊髓性肌萎缩,神经内科,进行性、对称性、肢体近端为主的广泛性弛缓性麻痹与肌萎缩,儿童,中药治疗、西药治疗,根据不同医院，收费标准不一致，市三甲医院约（10000-50000元）,否,0.0021%,85%,1--6个月,https://tag.120ask.com/jibing/xejsxjws/
内科,神经内科,小儿颅内肿瘤,肿瘤科,易激惹、嗜睡、表情淡漠、意识障碍、反复发作性头痛、复视、腹痛、继发性视神经萎缩,儿童,手术治疗、放射治疗、化学治疗,根据不同医院，收费标准不一致，市三甲医院约（30000 —— 50000元）,否,0.01%,30%,14天,https://tag.120ask.com/jibing/xelnzl/
内科,神经内科,小儿偏头痛,神经内科,抽搐、恶心、耳鸣、复视、腹痛、共济失调、构音障碍、幻觉,儿童,药物治疗,根据不同医院，收费标准不一致，市三甲医院约（400—— 800元）,否,0.02%,90%,2-4月,https://tag.120ask.com/jibing/xeptt/
内科,神经内科,小儿色素失调症,皮肤科,丘疹、疱疹、水疱或大疱损害、色素沉着、四肢瘫痪、眼球震颤、斜视、腱反射亢进、萌牙延迟、视网膜出血、痉挛性的肌张力增高、截瘫,免疫功能低下的儿童,免疫调节治疗,根据不同医院，收费标准不一致，市三甲医院约20000-30000元,否,免疫功能低下者发病率约为3%,30%-40%,1-2个月,https://tag.120ask.com/jibing/xesssdz/
内科,神经内科,小儿热性惊厥,儿内科,抽搐、惊厥、麻痹、意识丧失、阵挛、阵发性或强直性惊厥,婴幼儿人群,药物治疗,根据不同医院，收费标准不一致，市三甲医院约（200 —— 500元）,否,婴幼儿人群患病概率5%,,治疗周期7天,https://tag.120ask.com/jibing/xerxj/
内科,神经内科,小儿神经白塞综合征,神经内科,头痛、发烧、恶心与呕吐、感觉障碍、瘫痪、共济失调、水肿、斑疹、溃疡、昏迷、呕吐、眼球震颤,婴幼儿,药物治疗,根据不同医院，收费标准不一致，市三甲医院约（10000-50000元）,否,发病率约为0.001%--0.002%,30-60%,大部分需要终身治疗,https://tag.120ask.com/jibing/xesjbszhz/
内科,神经内科,小儿血管网状细胞瘤,儿内科、血管外科,颅内压增高、强迫性头位、头痛、头晕、偏盲、呕吐、视盘水肿、视力障碍、颈强直、共济失调、复视、脑神经麻痹,婴幼儿,手术治疗,根据不同医院，收费标准不一致，市三甲医院约（5000-10000元）,否,0.004%--0.01%,50%,3个月,https://tag.120ask.com/jibing/xexgwzxbl/
内科,神经内科,小儿神经母细胞瘤,神经外科,眶周青紫、咳嗽、腹痛、发烧、腹部肿块、身痛、眼球突出、消瘦、腹围增大、贫血、气促,婴幼儿,手术、化疗、放疗,根据不同医院，收费标准不一致，市三甲医院约（10000-50000元）,否,发病率约0.3%--0.7%,,1-2月,https://tag.120ask.com/jibing/xesjmxbl/
内科,神经内科,小儿遗传性痉挛性截瘫,神经外科,感觉障碍、弓形足、共济失调、腱反射亢进、截瘫、视神经萎缩、瘫痪、无力,多见于儿童或青春期、男性较女性多见,手术治疗,根据不同医院，收费标准不一致，市三甲医院约（3000 —— 9000元）,否,0.005%,40%,3个月,https://tag.120ask.com/jibing/xeycxjlxjt/
内科,神经内科,小儿神经皮肤综合征,神经内科,面部血管纤维瘤、癫痫发作、智能减退,小儿,对症治疗,根据不同医院，收费标准不一致，市三甲医院约（1000_5000元）,否,6岁一下儿童发病率约为0.04%-0.07%,35%-45%，以对症治疗为主,3-6个月,https://tag.120ask.com/jibing/xesjpfzhz/
内科,神经内科,小儿异染性脑白质营养不良,儿内科,步态异常、抽搐、反应迟钝、共济失调、继发感染、去大脑强直、视神经萎缩、斜视,儿童,骨髓移植,根据不同医院，收费标准不一致，市三甲医院约（5000-10000元）,否,0.001%,40%,1-3个月,https://tag.120ask.com/jibing/xeyrxnbzyybl/
内科,神经内科,小儿嗜铬细胞瘤,神经内科,不明原因发热、免疫力降低、体重下降,所有人群,药物治疗,根据不同医院，收费标准不一致，市三甲医院约（10000-50000元）,否,0.0035%,75%,1--3月,https://tag.120ask.com/jibing/xesgxbl/
内科,神经内科,心脏直视手术所致神经疾病,心胸外科,昏迷、谵妄、偏瘫、感觉障碍、拇、食、中三指有放射痛、指甲很短、术后发热、癫痫和癫痫样发作、不能向尺侧屈腕及屈环小指远侧指关节、定位体征、神经痛、手术创伤,所有群体,病因治疗、对症治疗,根据不同医院，收费标准不一致，市三甲医院约（1000-5000元）,否,0.006%,60%,3-6月,https://tag.120ask.com/jibing/xzzsssszsjjb/
内科,神经内科,小儿阅读障碍,神经内科,失读、认知功能障碍,儿童自身免疫病者较正常人群多,对症治疗、药物治疗,根据不同医院，收费标准不一致，市三甲医院约（2000 —— 5000元）,否,0.05%,65%,1-2年,https://tag.120ask.com/jibing/xeydza/
内科,神经内科,小儿嗜血性流行性感冒杆菌脑膜,呼吸内科,起病急、高热头痛呕吐、食欲不振、精神萎靡、起病时神志清楚、病情进展可发现嗜睡、谵妄、甚至惊厥、昏迷,婴幼儿,西药治疗、中药治疗,根据不同医院，收费标准不一致，市三甲医院约（10000 —— 5000元）,是,0.34%(上述为婴幼儿患病概率),89.3%,14天,https://tag.120ask.com/jibing/xesxxlxxgmgjnmy/
内科,神经内科,新生儿反应低下,新生儿科,吸吮反射消失、反应迟钝、烦躁不安、休克、脱水、无力、呼吸衰竭、精神萎靡,新生儿,药物治疗、对症治疗,根据不同医院，收费标准不一致，市三甲医院约（3000—— 5000元）,否,0.01%,60%,1-7天,https://tag.120ask.com/jibing/xsefydx/
内科,神经内科,小儿无菌性脑膜炎综合征,神经内科,厌食、恶心与呕吐、头痛、咽痛、肌痛、腹痛、发热,儿童人群,对症治疗、药物治疗,根据不同医院，收费标准不一致，市三甲医院约10000--50000,否,0.02%,85%,3-6周,https://tag.120ask.com/jibing/xewjxnmyzhz/
内科,神经内科,新生儿化脓性脑膜炎,神经内科,发热、精神萎靡、不哭、拒乳、意识障碍、肌张力低下、中枢性呼吸衰竭、肌张力改变、原始反射异常、惊厥,新生儿,药物治疗，高压氧,根据不同医院，收费标准不一致，市三甲医院约（30000 —— 50000元）,否,0.05%,95%,1-3个月,https://tag.120ask.com/jibing/xsehnxnmy/
内科,神经内科,小儿椎管内肿瘤,肿瘤科、脊柱外科,神经痛、感觉障碍、大小便失禁、蚁走感、感觉迟钝、肌张力减低、肌肉萎缩、肛门松弛、下肢无力、步态不稳、脑膜炎、脊柱侧弯,婴幼儿,手术治疗,根据不同医院，收费标准不一致，市三甲医院约（10000-50000元）,否,儿童发病率约为0.0002%-0.0003%,,1-2个月,https://tag.120ask.com/jibing/xezgnzl/
内科,神经内科,小儿下丘脑错构瘤,神经外科,痴笑、跌倒发作、发作性傻笑、性早熟、癫痫的单纯部分性发作、智力减低、癫痫的全身强直阵挛发作,儿童,手术治疗、药物治疗,根据不同医院，收费标准不一致，市三甲医院约（10000-50000元）,否,0.003%,75%,1-3个月,https://tag.120ask.com/jibing/xexqncgl/
内科,神经内科,新生儿惊厥,新生儿科,呼吸暂停、眼球偏斜、眼睑抽动、口唇颤动、吸吮吞咽、瞳孔散大,新生儿,中医药物治疗、西医药物治疗,根据不同医院，收费标准不一致，市三甲医院约（5000 —— 30000元）,否,80%,99%,3-6月,https://tag.120ask.com/jibing/xsej/
内科,神经内科,小儿柞蚕蛹性脑病综合征,儿内科,烦躁不安、共济失调、麻痹、面色潮红、尿失禁、头晕、血尿、意识障碍,本病征首先有食用柞蚕蛹史，一次食入1个即可发病,药物治疗、对症治疗,根据不同医院，收费标准不一致，市三甲医院约（1000 —— 5000元）,否,0.0002%,75%,1--3个月,https://tag.120ask.com/jibing/xezcyxnbzhz/
内科,神经内科,小儿先天性面肌双瘫综合征,神经内科,面神经瘫痪、婴儿喂养困难、吮乳困难、眼球不能随意动、下睑外翻、语言发育迟缓,新生儿,支持疗法,根据不同医院，收费标准不一致，市三甲医院约（10000 —— 30000元）,否,0.002%,20%,3个月,https://tag.120ask.com/jibing/xextxmjstzhz/
内科,神经内科,小儿新变异型克罗伊茨费尔特-,神经内科,抑郁、 共济失调 、不自主运动,儿童,支持治疗,根据不同医院，收费标准不一致，市三甲医院约（10000 —— 50000元）,否,0.0001%,10%,1-2个月,https://tag.120ask.com/jibing/xexbyxklycfetygbb/
内科,神经内科,新型隐球菌性脑膜炎,神经内科,头痛、恶心与呕吐、低热、精神萎靡、周身不适、偏瘫、抽搐、呼吸不规则,所有群体,药物治疗,根据不同医院，收费标准不一致，市三甲医院约（5000-10000元）,否,0.003%,75%,1-3个月,https://tag.120ask.com/jibing/xxyqjxnmy/
内科,神经内科,血卟啉病性周围神经病,神经内科,腹痛、 恶心与呕吐、 便秘、腹泻、瘫痪、职业神经症、色素异常、感觉障碍、发作性傻笑,所有人群,中医药物治疗、西医药物治疗,根据不同医院，收费标准不一致，市三甲医院约（5000 —— 10000元）,否,0.0001%,30%,15-30天,https://tag.120ask.com/jibing/xbxzwsjb/
内科,神经内科,胸椎黄韧带骨化症,骨外科,背痛、感觉障碍、括约肌功能障碍、韧带骨化、下肢放射痛、行走踩棉花感、下肢无力,大多在中年以后发病、本病多见于亚洲人,手术治疗、药物治疗,根据不同医院，收费标准不一致，市三甲医院约（1000-5000元）,否,0.05%,80%,2-4月,https://tag.120ask.com/jibing/xzhrdghz/
内科,神经内科,血管性帕金森综合征,神经内科,运动功能障碍、痴呆、震颤、面具脸、步态异常,老年人群,药物治疗,根据不同医院，收费标准不一致，市三甲医院约5000--8000,否,0.0325%,60%,1-3个月,https://tag.120ask.com/jibing/xgxpjszhz/
内科,神经内科,血管炎性周围神经病,神经内科,感觉障碍、肌肉萎缩、肌性肌无力、感觉性共济失调、幻味、风湿性血管炎、眼肌麻痹、血管搏动或波形的改变、发作性傻笑、指端出现Osler结节、下肢神经性疼痛、血管过敏性炎症,所有群体,药物治疗,根据不同医院，收费标准不一致，市三甲医院约（5000-10000元）,否,发病率约为0.04%-0.08%,40%，多以对症治疗为主,3-6个月,https://tag.120ask.com/jibing/xgyxzwsjb/
内科,神经内科,延髓性麻痹,神经内科,构音障碍、进食困难、感觉障碍吞咽困难、呛咳、无力、吸气困难,中老年人,支持治疗、对症治疗,根据不同医院，收费标准不一致，市三甲医院约（8000 —— 20000元）,否,0.00235%,73%,1-3个月,https://tag.120ask.com/jibing/ysxmb/
内科,神经内科,嗅觉障碍,耳鼻喉科,嗅觉倒错、嗅觉过敏、嗅觉丧失,所有人群,对因治疗,根据不同医院，收费标准不一致，市三甲医院约（500 —— 1000元）,否,0.01%,60%,7-10天,https://tag.120ask.com/jibing/xjza/
内科,神经内科,压迫性视神经病变,眼科,眼痛、视力常呈雾状模糊感、黑蒙、偏盲、球后视神经炎、视神经萎缩、视野缺损,有眶内或颅内肿瘤者,手术治疗,根据不同医院，收费标准不一致，市三甲医院约（3000 —— 10000元）,否,0.002%,60%,2-4周,https://tag.120ask.com/jibing/ypxssjbb/
内科,神经内科,言语和语言发育障碍,神经内科,语言发育迟缓、焦虑、抽搐、注意力不集中、耳聋、口吃,婴幼儿人群,病因治疗、对症治疗,根据不同医院，收费标准不一致，市三甲医院约（1000-5000元）,否,0.1%,50%,一年,https://tag.120ask.com/jibing/yyhyyfyza/
内科,神经内科,亚急性坏死性脊髓炎,脊柱外科,双下肢远端肌萎缩、早期呈痉挛性截瘫、晚期呈弛缓性截瘫、腱反射早期亢进、晚期消失,50岁以上的男性,手术治疗、中药治疗、西药治疗,根据不同医院，收费标准不一致，市三甲医院约（10000 —— 50000元）,否,发病率约为0.001%-0.005%,,1-3个月,https://tag.120ask.com/jibing/yjxhsxjsy/
内科,神经内科,言语障碍,精神心理科,构音异常 即说话不清晰、例如把“耳朵”说成“耳郭”、“草莓”说成“考莓”、“头发太长”说成“头发盖扛”,儿童（2---10岁）,心理治疗,根据不同医院，收费标准不一致，市三甲医院约（5000-10000元）,否,0.03%,75%,3--6个月,https://tag.120ask.com/jibing/yyza/
内科,神经内科,亚急性联合变性,神经内科,乏力、腱反射亢进、感觉性共济失调、恶性贫血、瘫痪、感觉障碍、下肢无力、浅感觉减退或缺失、腓肠肌压痛、猜疑、躁狂、嗜睡,所有人群,药物治疗,根据不同医院，收费标准不一致，市三甲医院约2000-6000元,否,0.003%-0.007%,70%,3-6个月,https://tag.120ask.com/jibing/yjxlhbx/
内科,神经内科,遗传性多发脑梗死性痴呆,神经内科,进行性痴呆 、偏头痛 、认知功能障碍、谵妄、步态异常、判断力和定向力障瘫痪,中年人,中医药物治疗、西医药物治疗,根据不同医院，收费标准不一致，市三甲医院约（5000 —— 20000元）,否,0.001%,5%,1-3个月,https://tag.120ask.com/jibing/ycxdfngsxcd/
内科,神经内科,遗传性感觉神经病,神经内科,低血压、反复感染、高热、共济失调、腱反射消失、角膜溃疡、跨阈步态、瞳孔固定,本病为常染色体显性遗传10～20岁起病,针灸、理疗、对症治疗,根据不同医院，收费标准不一致，市三甲医院约（500 —— 1000元）,否,0.0006%-0.0008%,,对症治疗为主，无法彻底根治,https://tag.120ask.com/jibing/ycxgjsjb/
内科,神经内科,眼睑痉挛-口下颏部肌张力障碍,眼科,焦虑、畏光、眼干、眼睑痉挛、抑郁、牙关紧闭、牙的咀嚼磨损、强迫性人格,中老年人,药物治疗、电生理治疗,根据不同医院，收费标准不一致，市三甲医院约（5000 —— 20000元）,否,0.001%,60%,3个月,https://tag.120ask.com/jibing/yjlkxbjzlza/
内科,神经内科,咽部神经鞘膜瘤,神经内科、耳鼻喉科,咽部异物感、吞咽障碍、呼吸困难、疼痛、听力下降,所有群体,　以手术切除为主,根据不同医院，收费标准不一致，市三甲医院约（5000-10000元）,否,0.001%,50%,7-30天,https://tag.120ask.com/jibing/ybsjqml/
内科,神经内科,眼球运动障碍,五官科,斜视、复视、眼脸酸胀感、视野缺损,任何年龄,一般疗法、药物疗法、手术疗法,根据不同医院，收费标准不一致，市三甲医院约2000-10000元,否,0.88%,34%,60天,https://tag.120ask.com/jibing/yqydza/
内科,神经内科,咽肌麻痹,神经内科、耳鼻喉科,说话带鼻音,所有群体,病因治疗、对症治疗,根据不同医院，收费标准不一致，市三甲医院约（1000-5000元）,否,0.5%,95%,2-4周,https://tag.120ask.com/jibing/yjmb/
内科,神经内科,遗传性痉挛性截瘫,神经内科,痉挛性截瘫步态、无力、腱反射亢进、四肢肌张力增强、单瘫、腹壁反射减弱或消失、易变性痉挛、腓肠肌痉挛、椎动脉迂曲痉挛、共济失调、腱反射消失、阵挛,所有人群,药物治疗,根据不同医院，收费标准不一致，市三甲医院约10000-30000元,否,发病率约为0.0001%,,2-5年,https://tag.120ask.com/jibing/ycxjlxjt/
内科,神经内科,阳明头痛,中医科,目赤、眼睛发红、前额头痛、舌苔黄,所有人群,中医药物治疗,根据不同的医院，收费价格不同，一般二甲几十元钱,否,5%,90%,1-2周,https://tag.120ask.com/jibing/ymtt/
内科,神经内科,烟酸缺乏神经病,营养科,腹泻、发作性傻笑、咽炎、舌炎、龈炎、瘫痪,所有人群,药物治疗、营养治疗,根据不同医院，收费标准不一致，市三甲医院约3000--5000,否,0.005%,60%,3-6月,https://tag.120ask.com/jibing/ysqfsjb/
内科,神经内科,遗传性压力易感性周围神经病,神经内科,身痛、 抽筋、轻微的机械损害和压迫的情况下便可发生单神经麻痹,所有人群,中医药物治疗、西医药物治疗,根据不同医院，收费标准不一致，市三甲医院约（5000 —— 10000元）,否,发病率约为0.004%-0.007%，具有遗传性,,终身间歇性治疗,https://tag.120ask.com/jibing/ycxylygxzwsjb/
内科,神经内科,药物中毒性周围神经病,神经内科,感觉障碍、皮肤粗糙、营养不良、肌性肌无力、蚁走感、麻木,所有人群,药物治疗,根据不同医院，收费标准不一致，市三甲医院约（1000——5000元）,否,0.001%,70%,10-30天,https://tag.120ask.com/jibing/ywzdxzwsjb/
内科,神经内科,遗传性运动失调性多发性神经炎,神经内科,对称性肌无力、肌肉萎缩、感觉障碍、多发性神经炎、视野缩小、肌束震颤、腱反射消失、白内障、心脏肥大、心率增快、神经性耳聋、瘫痪,新生儿,药物治疗,根据不同医院，收费标准不一致，市三甲医院约（3000 —— 8000元）,否,发病率约为0.002%-0.005%,70%,1-2个月,https://tag.120ask.com/jibing/ycxydsdxdfxsjy/
内科,神经内科,叶酸缺乏神经病,神经内科,眼球震颤、共济失调、肢体远端可出现麻木、刺痛及烧灼感、精神迟钝、情绪淡漠、精力不足，语言缺少主动性,所有人群均可发病,药物治疗,根据不同医院，收费标准不一致，市三甲医院约（3000 —— 8000元）,否,0.1%,70%,30天,https://tag.120ask.com/jibing/yesuanquefashenjingb/
内科,神经内科,隐性脊柱裂,脊柱外科,发绀、感觉障碍、弓形足、脊柱裂、腱反射消失、截瘫、马蹄内翻足、毛发增多,所有人群,手术治疗,根据不同医院，收费标准不一致，市三甲医院约（10000-50000元）,否,0.85%,65%,4-8周,https://tag.120ask.com/jibing/yxjzl/
内科,神经内科,乙脑伴发的精神障碍,精神病科,意识障碍、 幻觉、 恶心、呕吐,所有人群,中医药物治疗、西医药物治疗,根据不同医院，收费标准不一致，市三甲医院约（500-1000元）,是,0.01%,60%,2-4周,https://tag.120ask.com/jibing/ynbfdjsza/
内科,神经内科,异染性脑白质营养不良,神经内科,肌张力降低、智能减退、抽搐、生长缓慢、步态异常、小头、不自主运动,所有人群,生活护理、对症治疗,根据不同医院，收费标准不一致，市三甲医院约1000--5000,否,0.005%-0.008%,75%,3-5月,https://tag.120ask.com/jibing/yrxnbzyybl/
内科,神经内科,原发性阿米巴脑膜脑炎,传染科,头痛、高热、呕吐、昏迷、角弓反张、下垂肩、恶心与呕吐、意识改变状态、唾液分泌增多,所有人群,药物治疗,根据不同医院，收费标准不一致，市三甲医院约10000--40000,是,0.001%,30%,10-30天,https://tag.120ask.com/jibing/yfxambnmny/
内科,神经内科,意识障碍,神经内科,没有意识、抽搐、口吐白沫,所有人群,药物治疗、吸氧、急救,根据不同医院，收费标准不一致，市三甲医院约（5000 —— 8000元）,否,0.002%,60%,1-30天,https://tag.120ask.com/jibing/ysza/
内科,神经内科,婴儿肉毒中毒综合征,小儿内科,便秘、吞咽困难、眼睑下垂,婴儿,对症治疗,根据不同医院，收费标准不一致，市三甲医院约（5000 —— 10000元）,否,0.0004%,70%,2-4月,https://tag.120ask.com/jibing/yerdzdzhz/
内科,神经内科,运动障碍疾病,神经内科,不自主运动、全身肌张力障碍、投掷动作(颤搐)、抽动障碍、舞蹈病样动作、运动功能障碍,所有群体,病因治疗、对症治疗,根据不同医院，收费标准不一致，市三甲医院约（1000-5000元）,否,0.005%,60%,2-4个月,https://tag.120ask.com/jibing/ydzajb/
内科,神经内科,枕大神经痛,疼痛科,上颈椎、后枕部一侧或两侧针刺样疼痛、麻木、牵涉至太阳穴部位,脑力劳动者、低头工作者,药物治疗、中医治疗,根据不同医院，收费标准不一致，市三甲医院约（200—— 1000元）,否,0.001%,70%,1-2个月,https://tag.120ask.com/jibing/zdsjt/
内科,神经内科,婴儿型黑矇性痴呆,神经内科,痴呆、抽搐、共济失调、光反射消失、肌张力减低、肌阵挛、腱反射亢进、惊厥,男性女性皆可患病、起病于1～4岁,对症治疗、药物治疗,根据不同医院，收费标准不一致，市三甲医院约（10000-50000元）,否,0.01%,75%,3-5月,https://tag.120ask.com/jibing/yexhbxcd/
内科,神经内科,镇静、安定、催眠药中毒,急诊科,头痛、眩晕、言语紊乱、昏迷、黄疸、视物模糊、复视、嗜睡、对光反射迟钝、幻觉、惊厥,所有人群,洗胃导泻、药物治疗,根据不同医院，收费标准不一致，市三甲医院约5000--12000,否,0.0058%,75%,2-3个月,https://tag.120ask.com/jibing/zjadcmyzd/
内科,神经内科,营养障碍性多发性神经病,营养科、精神心理科,肌无力、钝痛、疼痛、腕下垂、运动不能、淤滞性水肿、色素沉积、皮肤变薄,所有人群,药物治疗,根据不同医院，收费标准不一致，市三甲医院约1000--5000元,否,发病率约为0.007%-0.008%,50-70%,3-6个月,https://tag.120ask.com/jibing/yyzaxdfxsjb/
内科,神经内科,正常颅压脑积水,脑外科,脑积水、步态异常、尿失禁、眼球震颤、步态不稳、意志丧失性格,所有群体,病因治疗、对症治疗,根据不同医院，收费标准不一致，市三甲医院约（5000-10000元）,否,0.05%,85%,3-6月,https://tag.120ask.com/jibing/zclynjs/
内科,神经内科,硬脊膜外脓肿,神经外科,硬脊膜膨出 、感觉障碍、 晕厥、脑膜刺激征、脓苔、肌肉萎缩、头痛、迁移性脓肿、高颅压综合征,所有人群,手术治疗、西医药物治疗,根据不同医院，收费标准不一致，市三甲医院约（10000 —— 20000元）,否,0.005%,85%,2-4月,https://tag.120ask.com/jibing/yjmwnz/
内科,神经内科,脏躁,中医科、精神心理科,精神忧郁、烦躁不宁、无故悲泣、哭笑无常、喜怒无定、呵欠频作,成年女性,中药治疗,根据不同医院，收费标准不一致，市三甲医院约（800 —— 3000元）,否,0.003%,50%,1--3个月,https://tag.120ask.com/jibing/zangzao/
内科,神经内科,症状性癫痫综合征,神经内科,精神运动发育迟滞、多动症、攻击性行为、破坏性行为,4个月～11岁,中医药物治疗、西医药物治疗,根据不同医院，收费标准不一致，市三甲医院约（5000 —— 10000元）,否,12岁以下儿童发病率约为0.04%-0.07%,70%,1-3个月,https://tag.120ask.com/jibing/zzxzhz/
内科,神经内科,硬脊膜下脓肿,神经内科,发烧、腰背痛、感觉障碍、排尿困难及尿潴留、瘫痪,所有人群,手术治疗、药物治疗,根据不同医院，收费标准不一致，市三甲医院约5000--15000,否,0.05%,60%,2-4月,https://tag.120ask.com/jibing/yjmxnz/
内科,神经内科,脂质沉积性肌病,内分泌科,对称性肌无力、肌肉萎缩、低血糖症,儿童,中医药物治疗、西医药物治疗,根据不同医院，收费标准不一致，市三甲医院约（5000 —— 10000元）,否,0.005%,40%,1-3个月,https://tag.120ask.com/jibing/zzcjxjb/
内科,神经内科,直立性低血压,心血管内科,突然站立时头晕、眼花、晕倒,平时血压低或是老年人易发,生活习惯改善、药物治疗,根据不同医院，收费标准不一致，市三甲医院约（500 —— 1000元）,否,15%-20%,70%,1-3周,https://tag.120ask.com/jibing/zlxdxy/
内科,神经内科,硬脑膜下脓肿,脑外科,昏迷、高颅压综合征、头痛、恶心与呕吐、失语、偏瘫、眼球震颤、感觉障碍、眼痛、癫痫和癫痫样发作、发烧、晕厥,所有人群,药物治疗,根据不同医院，收费标准不一致，市三甲医院约（3000 —— 8000元）,否,在全身感染性疾病中，本病发病率约0.5%--1%,80%,1-3个月,https://tag.120ask.com/jibing/ynmxnz/
内科,神经内科,瘴疟,中医科,抽搐 、烦躁不安、 寒战、 昏迷 、剧烈头痛、 贫血、 颈强直 、四肢发冷,所有,药物治疗,根据不同医院，收费标准不一致，市三甲医院约(5000--10000元),是,0.0025%,60%,4周,https://tag.120ask.com/jibing/zhangnue/
内科,神经内科,植物神经功能紊乱,神经内科,出汗、心律紊乱、恶心、呕吐,压力较大、生活没有规律的人群多见,神经营养药治疗、生活习惯调整,根据不同医院，收费标准不一致，市三甲医院约（2000 —— 5000元）,否,0.67%,79%,1年,https://tag.120ask.com/jibing/zwsjgnwl/
内科,神经内科,智能障碍,神经内科,痴呆、 抽搐、 脆性X综合征、 孤独症、 后发性遗忘、 昏迷、 进行性痴呆、 麻痹,所有人群,药物治疗,根据不同医院，收费标准不一致，市三甲医院约(10000--20000元),否,0.003%,75%,30天,https://tag.120ask.com/jibing/znza/
内科,神经内科,致死性家族性失眠症,精神心理科,多梦、共济失调、构音障碍、幻觉、口齿不清、木僵、进行性失眠,所有人群,药物治疗,根据不同医院，收费标准不一致，市三甲医院约（2000——10000元）,否,0.001%(罕见，有遗传史。),,>120天(终身治疗),https://tag.120ask.com/jibing/zsxjzxsmz/
内科,神经内科,中青年脑梗死,神经内科,头晕、眩晕、无力、意识障碍、颅内高压、单眼失明、对侧肢体偏瘫、偏盲、感觉障碍、恶心与呕吐、声音嘶哑、吞咽困难,中青年,药物治疗,根据不同医院，收费标准不一致，市三甲医院约（3000 —— 8000元）,否,本病罕见，发病率约为0.0001%-0.0003%,60%-75%,1-3年,https://tag.120ask.com/jibing/zqnngs/
内科,神经内科,周围神经炎,神经内科,蚁走感以后感觉减退甚至消失典型者呈手套、袜套型感觉障碍,所有人群,药物治疗,根据不同医院，收费标准不一致，市三甲医院约（500 —— 2000元）,否,0.001%,30%,1-3个月,https://tag.120ask.com/jibing/zwsjy/
内科,神经内科,中枢神经系统肉芽肿性血管炎,神经内科、血管外科,头痛、意识障碍、智能减退、截瘫、四肢瘫痪、偏盲偏身感觉障碍、抽搐、昏迷、眼球运动障碍、脊髓病变、痴呆、偏瘫,中年人群,药物治疗,根据不同医院，收费标准不一致，市三甲医院约10000--50000,否,0.0035%,40%,3个月,https://tag.120ask.com/jibing/zssjxtryzxxgy/
内科,神经内科,中枢神经兴奋药中毒,急诊科,抽搐、恶心、反应迟钝、腹痛、腹泻、呼吸困难、呼吸衰竭、昏迷,所有人群,洗胃、药物治疗,根据不同医院，收费标准不一致，市三甲医院约（6000—— 12000元）,否,0.002%,80%,2周,https://tag.120ask.com/jibing/zssjxfyzd/
内科,神经内科,注意缺陷障碍,神经精神科,注意力不集中、坐立不安、暴力冲动行为、精神障碍、易激惹、认知功能障碍、冲动毁物、注意力缺乏多动症、焦虑、品行障碍、学习困难,所有群体,对症治疗,根据不同医院，收费标准不一致，市三甲医院约（1000-5000元）,否,0.001%,85%,1--6个月,https://tag.120ask.com/jibing/zyqxza/
内科,神经内科,著痹,中医科,关节疼痛、脉沉缓或沉细、关节肿痛、屈伸不利,老年人,中医药物治疗、西医药物治疗,根据不同医院，收费标准不一致，市三甲医院约（2000 —— 5000元）,否,0.01%,60%,3个月,https://tag.120ask.com/jibing/zhubi/
内科,神经内科,重症肌无力危象,神经内科,呼吸困难、乏力、吞咽困难,既往有重症肌无力的患者多见,药物治疗、呼吸机支持,根据不同医院，收费标准不一致，市三甲医院约（10000 —— 30000元）,否,0.043%,40%,3个月,https://tag.120ask.com/jibing/zzjwlwx/
内科,神经内科,椎管内结核瘤,脊柱外科、感染科,神经根刺激、瘫痪、肉芽肿、脓肿 、肢体或躯干麻木,多见于儿童或青年,药物治疗,根据不同医院，收费标准不一致，市三甲医院约（3000 —— 8000元）,是,0.005%,70%,3-6月,https://tag.120ask.com/jibing/zgnjhl/
内科,神经内科,重症肌无力样综合征,新生儿科,重症肌无力、上睑下垂、疲劳、肌肉萎缩、上肢周围性瘫痪、面肌无力、反射弧中断、肌肉酸痛、肌无力危象、延髓性麻痹、胆碱能危象、凝视麻痹,新生儿,药物治疗,根据不同医院，收费标准不一致，市三甲医院约（3000 —— 8000元）,否,0.003%,60%,3-6月,https://tag.120ask.com/jibing/zzjwlyzhz/
内科,神经内科,椎管内神经鞘瘤,脊柱外科,神经根痛、感觉异常、运动障碍、颈段疼痛在上臂放射、胸段为背、腹部、腹股沟疼痛麻木、腰部放射臂部、大腿及小腿部,所有人群,手术治疗、药物,根据不同医院，收费标准不一致，市三甲医院约（10000-50000元）,否,0.0.05%,75%,1个月,https://tag.120ask.com/jibing/zgnsjql/
内科,神经内科,周期性四肢运动障碍,神经内科,在睡眠过程中出现周期性反复发作性高度刻板的肢体运动、小腿胫前肌发生收缩、大脚趾有节律地伸展、偶尔出现膝关节和髋关节的弯曲,老年人,西药治疗、中药治疗,根据不同医院，收费标准不一致，市三甲医院约（5000—— 10000元）,否,0.003%,30%,1-3个月,https://tag.120ask.com/jibing/zqxszydza/
内科,神经内科,柞蚕蛹脑病,神经内科,头晕、震颤、行 走不稳、共济失调,成人,中医药物治疗、西医药物治疗,根据不同医院，收费标准不一致，市三甲医院约（5000 —— 20000元）,否,0.0005%-0.0006%,35%-50%,1-2年,https://tag.120ask.com/jibing/zcynb/
内科,神经内科,不安腿综合征,神经内科,多发生于下肢、以腓肠肌最常见、常有撕裂感、蚁走感、蠕动感、刺痛、烧灼感、疼痛、骚痒感、腿发麻等腿麻烦的不适感,成年人，女性多见,药物治疗,根据不同医院，收费标准不一致，市三甲医院约（500 —— 1000元）,否,0.7-7%,70-90%,1-2年,https://tag.120ask.com/jibing/buantuizonghezheng/
内科,神经内科,间歇性外斜视,眼科,复视、畏光、 斜视、 注意力不集中,儿童,矫正治疗、手术治疗,根据不同医院，收费标准不一致，市三甲医院约(10000--20000元),否,0.003%,75%,4-8月,https://tag.120ask.com/jibing/jxxwxs/
内科,神经内科,癫痫性精神障碍,精神心理科,被害妄想 不真实感 步态不稳 痴呆 抽搐 猝倒 癫痫伴发的神经症 癫痫性人格改变,成年人,中医药物治疗、西医药物治疗,根据不同医院，收费标准不一致，市三甲医院约（5000 —— 10000元）,否,0.002%,60%,2-6月,https://tag.120ask.com/jibing/xjsza/
内科,神经内科,工业中毒所致的精神障碍,神经内科,晕厥、腕下垂、手套或短袜子式浅、深感觉障碍、手震颤、便秘、齿龈铅线、口中有金属甜味、体温过低、流涎、皮肤苍白、颤抖、意识障碍,所有群体,病因治疗、对症治疗,根据不同医院，收费标准不一致，市三甲医院约（1000-5000元）,否,0.025%,20--40%,1--3个月,https://tag.120ask.com/jibing/gyzdszdjsza/
内科,神经内科,亨廷顿病性痴呆,神经内科,舞蹈病样动作、智能障碍、严重情绪障碍、认识能力缺失、童样痴呆、伸舌样痴呆、抑郁、反应迟钝,老年病人,生活护理、药物治疗,根据不同医院，收费标准不一致，市三甲医院约3000--8000,否,发病率约为0.006%--0.008%，以60岁以上老年人多见,20-30%，多以控制症状为主,3-5年,https://tag.120ask.com/jibing/htdbxcd/
内科,神经内科,儿童期多动综合征,儿科,注意集中困难、注意持续时间短暂、活动过度或冲动,儿童,中医药物治疗、西医药物治疗,根据不同医院，收费标准不一致，市三甲医院约（10000 —— 20000元）,否,0.012%,60%,1-2个月,https://tag.120ask.com/jibing/etqddzhz/
内科,神经内科,脊髓炎,神经内科,背部疼痛 、束带感、肢体麻木、无力、截瘫、呼吸困难、肌肉萎缩、吞咽困难、言语不清,所有人群,药物治疗、中药治疗、手术治疗,根据不同医院，收费标准不一致，市三甲医院约30000--50000元,否,0.052%,75%,1-2周,https://tag.120ask.com/jibing/jisuiyan/
内科,神经内科,脑胶质瘤,肿瘤科、神经外科,深部性头痛、反应迟钝、脑干出血、脑干病变、导水管周围受损、斜视、面肌抽搐、共济失调、脑室受压移位、丘脑下部损害、咽异感症、宫颈水肿,所有人群,药物治疗、手术治疗,根据不同医院，收费标准不一致，市三甲医院约（30000 —— 80000元,否,0.001%,60%,10-30天,https://tag.120ask.com/jibing/njzl/
内科,神经内科,prader-willi综合征,儿科,双额间距狭窄、杏仁形眼裂、上唇薄、嘴角向下、小手和小脚、青春期延迟、促性腺激素分泌不足的性腺功能低下、外生殖器小,小儿,一般疗法、药物疗法、替代疗法,根据不同医院，收费标准不一致，市三甲医院约6000-10000元,否,小儿患病率0.02%,67%,30天,https://tag.120ask.com/jibing/praderwillizhz/
内科,神经内科,vogt-小柳原田综合征,内科,全身不适、发热、头痛、头晕,青壮年男性,药物治疗,根据不同医院，收费标准不一致，市三甲医院约（5000—— 10000元）,否,0.1%,100%,180天,https://tag.120ask.com/jibing/vogtxltyzhz/
内科,神经内科,三叉神经瘤,普外科,一侧面部麻木或疼痛、咀嚼肌力减退、复视、面部感觉和角膜反射减退、颞肌和咀嚼肌萎缩。检查眼球运动情况，听力减退和共济失调。,老年人,肿瘤切除术,根据不同医院，收费标准不一致，市三甲医院约（5—— 8000元）,否,50岁以上患病率0.01%(三叉神经瘤占颅内肿瘤的0.2%－1%),99%(99%),5-15天(5-15天),https://tag.120ask.com/jibing/scsjl/
内科,神经内科,中枢性性早熟,神经内科,性早熟、肢端肥大,营养过剩的青少年,手术治疗、药物治疗,根据不同医院，收费标准不一致，市三甲医院约2-4万元,否,0.03%-0.1%,70%,1-2月,https://tag.120ask.com/jibing/zhxxzs/
内科,神经内科,乳糜血,内分泌科,活动后气促、行走困难、脂肪泻,肥胖者好发,药物治疗,根据不同医院，收费标准不一致，市三甲医院约2000-5000元,否,10%,80%,1-2年,https://tag.120ask.com/jibing/rm/
内科,神经内科,亨廷顿舞蹈症,神经内科,手舞足蹈、肌肉痉挛,有本病家族史者好发,药物治疗,根据不同医院，收费标准不一致，市三甲医院约5000-15000元,否,0.05%-0.08%,,终身间歇性治疗,https://tag.120ask.com/jibing/hydwdz/
内科,神经内科,低颅压综合症,神经外科,头痛、眩晕、乏力,行腰椎穿刺脑脊液检查者或者颅内有梗阻者,药物治疗,根据不同医院，收费标准不一致，市三甲医院约2000-5000元,否,0.8%-2.0%,68%,1-2周,https://tag.120ask.com/jibing/dlyzhz/
内科,神经内科,偏头痛性神经痛,内科,眼眶周围胀感、压迫感、头痛,25-50岁人群,药物治疗,根据不同医院，收费标准不一致，市三甲医院约（300 —— 1000元）,否,0.1%,80%,5-7天,https://tag.120ask.com/jibing/pttxsjt/
内科,神经内科,僵人综合症,内科,肌肉持续僵硬、抽痛、恐惧、疼痛、大声嚎叫、大汗、气促、心动过速、瞳孔散大、血压升高,成年人,药物治疗,根据不同医院，收费标准不一致，市三甲医院约（3000—— 8000元）,否,0.0001%,0.5%,20天,https://tag.120ask.com/jibing/jrzh/
内科,神经内科,出血性脑积水,神经外科,头痛、眩晕、乏力、麻木,椎管堵塞的患者好发,药物治疗、手术治疗,根据不同医院，收费标准不一致，市三甲医院约30000-50000元,否,0.5%-1.5%,70%,3-6月,https://tag.120ask.com/jibing/cxxnjs/
内科,神经内科,单纯疱疹病毒性脑炎,神经内科,头痛、眩晕、恶心、呕吐,青少年免疫功能低下者多见,药物治疗,根据不同医院，收费标准不一致，市三甲医院约7000-10000元,否,0.35%-0.55%,80%,1-2月,https://tag.120ask.com/jibing/dcxbdxny/
内科,神经内科,卡尔曼氏综合征,遗传病科,性腺功能减退、嗅觉缺失、躯体异常,成年男性,药物治疗,根据不同医院，收费标准不一致，市三甲医院约（5000—— 10000元）,否,0.01%,20%,60天,https://tag.120ask.com/jibing/kemszhz/
内科,神经内科,原发性震颤,神经内科,姿势性震颤、紧张、情绪激动、饥饿、疲劳时加重、偏头痛、肌痉挛,青少年期和50岁左右为两个发病高峰,药物治疗、理疗,根据不同医院，收费标准不一致，市三甲医院约（1000—— 3000元）,否,0.01%,30%,20天,https://tag.120ask.com/jibing/yfxzc/
内科,神经内科,反射性交感神经营养不良,神经内科,神经营养不良、手指麻木、乏力,维生素B族缺乏者多见,药物治疗,根据不同医院，收费标准不一致，市三甲医院约3000-6000元,否,10%-20%,75%,1-4个月,https://tag.120ask.com/jibing/fsxjgsjyybl/
内科,神经内科,反射性神经障碍症(躯体性神经,神经内科,肢体乏力、麻木、心脏增大,精神抑郁者好发,药物治疗,根据不同医院，收费标准不一致，市三甲医院约2000-5000元,否,0.5%-2.0%,70%,1-2月,https://tag.120ask.com/jibing/fsxsjzaz/
内科,神经内科,喉返神经麻痹,甲乳外科,吞咽困难、呛咳、声音嘶哑,甲状腺手术切除者好发,药物治疗,根据不同医院，收费标准不一致，市三甲医院约4000-6000元,否,0.5%-1%,60%,1-2月,https://tag.120ask.com/jibing/hfsjmb/
内科,神经内科,基底凹陷症,神经外科,头痛、头昏、复视、视物模糊,颅脑外伤的患者比较多见,药物治疗、手术治疗,根据不同医院，收费标准不一致，市三甲医院约1-2万元,否,0.01-0.02%,70%,1-4周,https://tag.120ask.com/jibing/jdaxz/
内科,神经内科,多发性神经病,神经内科,神经痛、肢体麻木、肢体运动不良,外伤病人好发,药物治疗,根据不同医院，收费标准不一致，市三甲医院约2000-5000元,否,0.1%-0.2%,75%,4-6周,https://tag.120ask.com/jibing/dfxsjb/
内科,神经内科,家族特发性肌阵挛,神经内科,肌肉挛缩、乏力、肌肉麻木,本病家族史患者多见,药物治疗,根据不同医院，收费标准不一致，市三甲医院约3000-5000元,否,0.035%-0.5%,65%,1-3月,https://tag.120ask.com/jibing/jztfxjzl/
内科,神经内科,帕金森,神经内科,认知精神异常、失眠、静止性震颤、感觉障碍,50-70岁,药物治疗,5000-10000元,否,,,,https://tag.120ask.com/jibing/pjs/
内科,神经内科,帕金森叠加综合症,神经内科,姿势不稳、平衡功能障碍、共济失调,50岁以后的老年人,药物治疗,根据不同医院，收费标准不一致，市三甲医院约（3000 —— 8000元）,否,1%,80%,180天,https://tag.120ask.com/jibing/pjsdjzhz/
内科,神经内科,帕金森性痴呆,神经内科,震颤性肌强直、运动徐缓、顽固性便秘、膀胱排空不全、注意力不集中,50岁以后老年人,药物治疗,根据不同医院，收费标准不一致，市三甲医院约（3000 —— 1000元）,否,1%,90%,120天,https://tag.120ask.com/jibing/pjsxzd/
内科,神经内科,常染色体隐性遗传性脑动脉病及,心血管内科,头痛、眩晕、心慌、气促、心悸,有本病家族史者多见,药物治疗,根据不同医院，收费标准不一致，市三甲医院约4000-6000元,否,0.65%-1.5%,75%,8-12周,https://tag.120ask.com/jibing/crstyxyic/
内科,神经内科,平山病,外科,缓慢进行性上肢肌肉萎缩,青年男性,药物治疗,根据不同医院，收费标准不一致，市三甲医院约（10000— 20000元）,否,0.01%,80%,60天,https://tag.120ask.com/jibing/psb/
内科,神经内科,弥漫性硬化,神经内科,肢体僵硬、肢体麻木、头痛,青少年儿童多见,药物治疗、康复训练治疗,根据不同医院，收费标准不一致，市三甲医院约3-5万元,否,0.001%-0.002%,40%,1-2月,https://tag.120ask.com/jibing/mmxyh/
内科,神经内科,强制性脑瘫,神经内科,头痛、瘫痪、肢体活动障碍,先天性脑发育不良的患儿多见,药物治疗、康复训练治疗,根据不同医院，收费标准不一致，市三甲医院约2-5万元,否,0.058%,65%,8-12月,https://tag.120ask.com/jibing/jzxnt/
内科,神经内科,慢性脑膜炎,内科,低热、头痛、意识模糊、背部酸痛、肢体麻木无力、面瘫,成年人,药物治疗,根据不同医院，收费标准不一致，市三甲医院约（3000 —— 8000元）,否,0.012%,60%,20天,https://tag.120ask.com/jibing/mxnmy/
内科,神经内科,摩擦症,精神心理科,生殖器易勃起、性幻想,青年男性,药物治疗,根据不同医院，收费标准不一致，市三甲医院约2000-4000元,否,0.05%-0.1%,75%,1-3个月,https://tag.120ask.com/jibing/mcz/
内科,神经内科,放射性脊髓炎,神经外科,双下肢麻木、皮肤发黑、发热,肿瘤性疾病行放射性治疗者,手术治疗、药物治疗,根据不同医院，收费标准不一致，市三甲医院约1-3万元,否,0.5%-1.5%,35%-50%,8-12个月,https://tag.120ask.com/jibing/fsxjsy/
内科,神经内科,无菌性脑膜炎,神经内科,头痛、眩晕、视物模糊,免疫功能低下者多见,药物治疗,根据不同医院，收费标准不一致，市三甲医院约10000-20000元,否,0.6%-1.0%,50%-80%,4-8周,https://tag.120ask.com/jibing/wjxnmy/
内科,神经内科,昏睡病,神经内科,昏迷、昏睡,60岁以上的老年人群,药物治疗,根据不同医院，收费标准不一致，市三甲医院约5000-8000元,否,0.5%-1.0%,60%,4-8周,https://tag.120ask.com/jibing/hsb/
内科,神经内科,易栓症,心血管内科,肢体疼痛、不对称性肢体肿胀,具有家族史的人群多见,药物治疗,根据不同医院，收费标准不一致，市三甲医院约20000-40000元,否,0.05%-0.06%,,终身间歇性治疗,https://tag.120ask.com/jibing/yisz/
内科,神经内科,更年期失眠,妇科,失眠、抑郁、乏力、头晕、精神、胃纳差,中老年妇女,心理疗法、药物疗法、书籍辅助疗法,根据不同医院，收费标准不一致，市三甲医院约200-500元,否,20%,,20天,https://tag.120ask.com/jibing/gnqsm/
内科,神经内科,梗阻性脑积水,神经外科,头痛、晕厥、视物模糊、意识障碍,椎管发育异常者多见,手术治疗、药物治疗,根据不同医院，收费标准不一致，市三甲医院约20000-50000元,否,0.05%-0.1%,80%,4-8周,https://tag.120ask.com/jibing/gzxnjs/
内科,神经内科,植物神经疾病,神经内科,头痛、头昏、眩晕、心慌,50岁左右的中年女性,药物治疗,根据不同医院，收费标准不一致，市三甲医院约1000-3000元,否,0.8%-1.2%,90%,4-8周,https://tag.120ask.com/jibing/zwsjjb/
内科,神经内科,椎动脉狭窄,神经内科、骨科,眩晕、恶心、呕吐、耳鸣、行走不稳、言语不清、声音嘶哑、吞咽困难,中老年人,介入治疗、药物治疗,根据不同医院，收费标准不一致，市三甲医院约5000---50000元,否,0.01%,40%,30天,https://tag.120ask.com/jibing/zdmxz/
内科,神经内科,球麻痹,神经内科,运动迟缓、乏力、肌肉酸胀,60岁以上的老年人群,药物治疗,根据不同医院，收费标准不一致，市三甲医院约2000-5000元,否,0.5%-1.0%,65%-70%,2-3月,https://tag.120ask.com/jibing/qmb/
内科,神经内科,痉挛性截瘫,神经内科,双下肢痉挛性肌无力 、肌张力增高、 腱反射活跃亢进、 膝、 踝阵挛、 病理征阳性、 呈剪刀样步态,多见于儿童期或青春期,药物治疗,根据不同医院，收费标准不一致，市三甲医院约（3000 — 8000元）,否,0.001%,0.1%,20天,https://tag.120ask.com/jibing/jlxjt/
内科,神经内科,睡眠呼吸暂停综合症,内科,睡眠打鼾、白天嗜睡、鼾声响亮而不规律,40岁以上中老年人,药物治疗、手术治疗,根据不同医院，收费标准不一致，市三甲医院约（3000 ——20000元）,否,3%,50%,2--3周,https://tag.120ask.com/jibing/smhxztzhzg/
内科,神经内科,神经介入,神经外科,头痛、头昏、眩晕、视物模糊,颅脑外伤的患者多见,药物治疗、手术治疗,根据不同医院，收费标准不一致，市三甲医院约3-5万元,否,0.5%-1%,65%,1-4周,https://tag.120ask.com/jibing/sjjr/
内科,神经内科,神经性偏头痛,神经内科,一侧头痛、头晕、烦躁、失眠,20-40岁,药物治疗、针灸治疗,根据不同医院，收费标准不一致，市三甲医院约500-800元,否,5%,80%,7-14天,https://tag.120ask.com/jibing/sjxptt/
内科,神经内科,神经根炎,神经内科,神经痛、肢体麻木、肢体乏力,重体力活人群易感,药物治疗,根据不同医院，收费标准不一致，市三甲医院约5000-10000元,否,0.5%,75%,8-12周,https://tag.120ask.com/jibing/sjgy/
内科,神经内科,神经皮肤综合症,神经内科、皮肤科,皮肤瘙痒、感觉麻木、局部组织感觉减退,有家族遗传史患者多见,药物治疗,根据不同医院，收费标准不一致，市三甲医院约4000-6000元,否,0.5%-2%,45%，多以控制症状治疗为主,1-2年，部分需要终身治疗,https://tag.120ask.com/jibing/sjpfzhz/
内科,神经内科,神经系统遗传性疾病,神经内科,精神行为异常、神经功能异常、肢体麻木、运动困难、眩晕,有神经系统家族型疾病的人群,药物治疗,根据不同医院，收费标准不一致，市三甲医院约6000-15000元,否,0.12%,30%-40%,1-3年,https://tag.120ask.com/jibing/sjxtycxjb/
内科,神经内科,老年忧郁症,精神科,自卑、反应迟钝、焦虑、失眠,老年人,药物治疗,根据不同医院，收费标准不一致，市三甲医院约（3000 —— 5000元）,否,10%,90%,120天,https://tag.120ask.com/jibing/lnyyz/
内科,神经内科,老年性痴呆,神经内科,判断能力下降、情感淡漠、定向障碍、严重记忆力丧失、生活不能自理,65岁以上老年人,药物治疗,根据不同医院，收费标准不一致，市三甲医院约（3000 —— 8000元）,否,0.1%,1%,3个月,https://tag.120ask.com/jibing/lnxcd/
内科,神经内科,老年痴呆(阿尔茨海默病),神经内科,记忆减退、表情淡漠、尿失禁、多疑、定向障碍、交流困难,多见于70岁以上老年人,药物治疗,1000-5000元,否,0.12%,1%,1-3个月,https://tag.120ask.com/jibing/lncdaechmb/
内科,神经内科,肌炎,肾内科,肌肉酸痛、肌肉乏力、肌肉无法收缩,患有自身免疫性疾病的人群,药物治疗,根据不同医院，收费标准不一致，市三甲医院约3000-6000元,否,0.5%-1%,45%,1-2年,https://tag.120ask.com/jibing/jy/
内科,神经内科,肌纤维织炎,肾内科,肌肉酸痛、肌肉乏力、肌肿胀,有结缔组织疾病家族史人群,药物治疗,根据不同医院，收费标准不一致，市三甲医院约5000-12000元,否,33%-5%,65%,4-6月,https://tag.120ask.com/jibing/jxwzy/
内科,神经内科,股外侧皮神经卡压综合症,骨外科,肢体疼痛、麻木、感觉及功能障碍,外伤及车祸伤人群,手术治疗、药物治疗,根据不同医院，收费标准不一致，市三甲医院约3000-5000元,否,3%-5%,55%-65%,1-2月,https://tag.120ask.com/jibing/gwcpsjzhz/
内科,神经内科,胸腺发育不全,胸心外科、内分泌科,发热、免疫力低下、感冒、肺炎,免疫功能低下者,药物治疗,根据不同医院，收费标准不一致，市三甲医院约2-3万元,否,0.001%-0.003%,,终身间歇性治疗,https://tag.120ask.com/jibing/xxfybq/
内科,神经内科,脊髓性肌肉萎缩,神经内科,肌无力、肌肉僵硬、肌组织麻木,脊髓损伤患者多见,手术治疗、药物治疗,根据不同医院，收费标准不一致，市三甲医院约2000-4000元,否,0.5%-1%,65%,1-2月,https://tag.120ask.com/jibing/jsxjrws/
内科,神经内科,脊髓粘连,神经外科,肢体乏力、大小便失禁、肢体麻木,脊髓损伤患者,药物治疗、手术治疗,根据不同医院，收费标准不一致，市三甲医院约20000-50000元,否,0.05%-0.1%,75%,3-6月,https://tag.120ask.com/jibing/jsnl/
内科,神经内科,脑出血后遗症,康复科,头痛头晕、步伐不稳、颈项酸痛疲乏、无力、食欲不振、记忆力减退、痴呆、抑郁易激动、失语、半身不遂,中老年人,药物治疗、康复治疗,根据不同医院，收费标准不一致，市三甲医院约3000-5000元,否,0.03%,40%,30天,https://tag.120ask.com/jibing/ncxhyz/
内科,神经内科,脑梗,神经内科,偏瘫、偏侧麻木(感觉丧失)、同向偏盲、失语、失用,40岁以上中老年,药物治疗,2000--5000元,否,0.3%,70%,15-30天,https://tag.120ask.com/jibing/ng/
内科,神经内科,脑梗塞后遗症,康复科,偏瘫(半身不遂)、半侧肢体障碍、肢体麻木、偏盲、失语,50岁以上中老年人,药物治疗、理疗,3000-5000元,否,0.15%,80%,30天,https://tag.120ask.com/jibing/ngshyz/
内科,神经内科,脑梗死后脑出血,神经外科,头痛、晕厥、视力下降、抽出,高血压、高脂血症、糖尿病人群多见，且以60岁以上老年人群为主,药物治疗,根据不同医院，收费标准不一致，市三甲医院约1-3万元,否,0.05%-0.1%,65%,1-3个月,https://tag.120ask.com/jibing/ngshncx/
内科,神经内科,脑白质脱髓鞘病,神经内科,注意力不集中、记忆力丧失、痴呆,儿童、20-30岁男性,药物治疗,根据不同医院，收费标准不一致，市三甲医院约（30000 ——10000元）,否,0.001%,10%以下,3-6个月,https://tag.120ask.com/jibing/nbztsqb/
内科,神经内科,脑神经萎缩型脑瘫,神经科,肌张力低下、癫痫、智力低下、感觉障碍、行为障碍、流涎、吞咽困难、肢体瘫痪,婴儿,药物治疗、康复治疗,根据不同医院，收费标准不一致，市三甲医院约（3000—— 1000元）,否,0.001%,0.1%,30天,https://tag.120ask.com/jibing/nsjwsxnt/
内科,神经内科,脑血管瘤,外科,头痛、头晕、呕吐、复视、视力障碍、癫痫发作、颈项强直,青壮年为多,手术治疗、药物治疗,根据不同医院，收费标准不一致，市三甲医院约（3000—— 8000元）,否,0.001%,1%,15天,https://tag.120ask.com/jibing/nxgl/
内科,神经内科,腔隙性脑梗塞,神经外科、神经内科,头痛、眩晕、乏力,精神抑郁者多见,药物治疗,根据不同医院，收费标准不一致，市三甲医院约3000-10000元,否,0.5%-0.6%,60%,1-2月,https://tag.120ask.com/jibing/qiangxixngs/
内科,神经内科,舞蹈症,神经内科,不自主的运动、走路、平衡出现障碍、舞蹈样动作、扭体动作、抽搐、摇摆不稳、不连贯的步态,青少年,药物治疗,2000-5000元,否,0.001%,0.1%,30天,https://tag.120ask.com/jibing/wdz/
内科,神经内科,血管性偏头痛,内科,头痛多呈缓慢加重、反复发作的一侧或双侧额颞部疼痛呈搏动性疼痛、常伴有恶心、呕吐、畏光、畏声、出汗、全身不适、头皮触痛,中青年,药物治疗,根据不同医院，收费标准不一致，市三甲医院约100-300元,否,0.5%,90%,7-10天,https://tag.120ask.com/jibing/ptt/
内科,神经内科,颅颈区畸形,神经外科,头痛、头晕、肢体功能障碍,外伤者及钙质摄入不足者多见,药物治疗、手术治疗,根据不同医院，收费标准不一致，市三甲医院约4000-8000元,否,0.5%-2%,60%,1-2月,https://tag.120ask.com/jibing/ljqjx/
内科,神经内科,马尾神经综合症,神经科,感觉痛觉消失、截瘫,老年人,药物治疗,根据不同医院，收费标准不一致，市三甲医院约（10000—— 20000元）,否,0.1%,50%,180天,https://tag.120ask.com/jibing/mwsjzhz/
内科,神经内科,马-米二氏综合征,内科,贫血、出血、黄疸、肝脾肿大,老年人,药物治疗,根据不同医院，收费标准不一致，市三甲医院约（30000—— 80000元）,否,0.01%,60%,180天,https://tag.120ask.com/jibing/mmeszhz/
内科,神经内科,神经性头痛,神经内科,头部闷痛、压迫感、沉重感,15--45岁人群,药物治疗,根据不同医院，收费标准不一致，市三甲医院约（300 —— 1000）,否,2--5%,50--70%,2--4周,https://tag.120ask.com/jibing/sjxtt/
内科,神经内科,脑干梗塞,神经内科,偏瘫、失语、偏侧肢体麻木、走路不稳、大小便失禁、精神错乱、痴呆,45岁以上中老年人,药物治疗、介入治疗,根据不同医院，收费标准不一致，市三甲医院约（5000 ——3000元）,否,50岁以上患病概率1%,,国内最认可的有效治疗手段的该病治疗周期3-6周,https://tag.120ask.com/jibing/nggs/
内科,神经内科,癔病性昏厥,内科,突然仆倒、呼之不应、问之不答、推之不动、有神识朦胧、全身僵直、手足不规则舞动、面部表情紧张,成年女性,药物治疗、心理暗示,根据不同医院，收费标准不一致，市三甲医院约100-200元,否,0.001%,95%,3天,https://tag.120ask.com/jibing/ybxhj/
内科,神经内科,神经性贪食症,神经内科,贪食、肥胖、口渴、多尿,神经源性肿瘤患者多见,药物治疗、手术治疗,根据不同医院，收费标准不一致，市三甲医院约5000-10000元,否,0.5%-0.6%,50%,1-2月,https://tag.120ask.com/jibing/sjxtsz/
内科,神经内科,Friedreich共济失调症,内科,感觉障碍、不自主运动、共济失调、传导阻滞,青少年,药物治疗,根据不同医院，收费标准不一致，市三甲医院约（3000 —— 8000元）,否,0.3%,95%,30天,https://tag.120ask.com/jibing/friedreich/
内科,神经内科,老年人高脂血症,内科,头晕、耳鸣、失眠、心悸,60岁以上老年人,药物治疗,根据不同医院，收费标准不一致，市三甲医院约（500 —— 2000元）,否,10-20%,30%,3个月,https://tag.120ask.com/jibing/lnrgzxz/
内科,神经内科,昏厥,中医科,突发性、短暂性、一过性的意识丧失,老年人,药物治疗,根据不同医院，收费标准不一致，市三甲医院约（1000—— 5000元）,否,2%,100%,7天,https://tag.120ask.com/jibing/hj/
内科,神经内科,老年性癫痫,内科,口吐白沫、抽搐、惊觉,60岁以上老年人,药物治疗,根据不同医院，收费标准不一致，市三甲医院约（3000 —— 8000元）,否,1-5%,20%,3-6个月,https://tag.120ask.com/jibing/lnxdx/
内科,神经内科,垂体危象与垂体卒中,内分泌科,脱水、体温过低、颅压增高、高热、感染诱发昏迷、 生命体征改变,成年人,药物治疗,根据不同医院，收费标准不一致，市三甲医院约（20000 —— 30000元）,否,0.01%,50%,180天,https://tag.120ask.com/jibing/ctwxyctcz/
内科,神经内科,小脑扁桃体疝,外科,面部麻木、复视、耳鸣、听力障碍、发音及吞咽困难、枕下部疼痛,60岁以上老年人,药物治疗、手术治疗,根据不同医院，收费标准不一致，市三甲医院约（10000——30000元）,否,0.001%,50%,2-4周,https://tag.120ask.com/jibing/xnbtts/
内科,神经内科,运动神经元疾病,神经内科,呛咳、吞咽困难、 腱反射亢进、肌肉萎缩、紫绀、 瘫痪,老年人,药物治疗,根据不同医院，收费标准不一致，市三甲医院约（30000 — 50000元）,否,0.1%,80%,180天,https://tag.120ask.com/jibing/ydsjyjb/
内科,神经内科,失眠抑郁,精神科,半夜早醒、入睡困难、中途易醒、多梦,中老年人群,药物治疗、心理治疗,根据不同医院，收费标准不一致，市三甲医院约（300 —— 800元）,否,1%,40-60%,2-4周,https://tag.120ask.com/jibing/smyy/
内科,神经内科,脑回状颅皮,神经外科,头痛、头晕、乏力,颅脑外伤者多见,药物治疗、手术治疗,根据不同医院，收费标准不一致，市三甲医院约2-4万元,否,0.01%-0.5%,60%,1-2月,https://tag.120ask.com/jibing/nhzlp/
内科,神经内科,阿尔采末病,内科,记忆障碍、情感障碍、痴呆,老年人,药物治疗,根据不同医院，收费标准不一致，市三甲医院约（10000—— 30000元）,否,3%,80%,2年,https://tag.120ask.com/jibing/aecmb/
内科,神经内科,先天性颅锁骨发育不全,骨科,头大面小、肩下沉、狭胸、锁骨可部分或完全缺如,婴幼儿,手术治疗,根据不同医院，收费标准不一致，市三甲医院约（3000 —— 8000元）,否,0.00001%,,10天,https://tag.120ask.com/jibing/xtxlsgfybq/
内科,神经内科,外伤性颈内动脉海绵窦瘘,外科,昏迷、患侧眼球结合膜充血水肿、外翻、眼球前突、额颞头皮静脉怒张、视力障碍、,有外伤史患者,手术治疗、药物治疗,根据不同医院，收费标准不一致，市三甲医院约（3000—— 8000元）,否,颅脑损伤中的发生率约为2.5%,30%,30天,https://tag.120ask.com/jibing/wsxjndmhmdl/
内科,神经内科,咽麻痹,耳鼻喉科,鼻塞、鼻腔异物感、鼻咽疼痛,过敏性鼻炎的人群多见,药物治疗,根据不同医院，收费标准不一致，市三甲医院约500-1500元,否,0.5-10%,80%,1-2周,https://tag.120ask.com/jibing/ymb/
内科,神经内科,常染色体隐性遗传性脑动脉病伴,外科,脱发、腰痛、下肢无力,20-40岁的人群,药物治疗,根据不同医院，收费标准不一致，市三甲医院约（30000—— 50000元）,否,0.01%,80%,180天,https://tag.120ask.com/jibing/crstyxycxndmbbbznb/
内科,神经内科,强直型脑瘫,儿科,三个月还不能抬头、六个月还不能翻身、八个月还不会坐、哭时没有声音或哭声低沉、发直、运动时手脚不协调偏侧运动较多、撒尿时把不开双腿,小儿,一般疗法、手术疗法、药物疗法、康复疗法,根据不同医院，收费标准不一致，市三甲医院约20000-30000元,否,小儿的患病率0.8%,10%,6个月,https://tag.120ask.com/jibing/qzxnt/
内科,神经内科,癫痫伴发的精神障碍,精神科,易激惹、紧张、烦躁不安、情绪抑郁,成年人,药物治疗,根据不同医院，收费标准不一致，市三甲医院约（3000—— 8000元）,否,0.1%,98%,180天,https://tag.120ask.com/jibing/dxbfdjsza/
内科,神经内科,Maffucci综合征,肿瘤科,身材短小、下肢不等长、继发性畸形,青年男性,手术治疗、药物治疗,根据不同医院，收费标准不一致，市三甲医院约（30000—— 50000元）,否,0.01%,50%,30天,https://tag.120ask.com/jibing/maffucci/
内科,神经内科,多发性颅内血肿,脑外科,头痛、呕吐、发热、持续昏迷、意识障碍,常伴发于严重脑挫裂伤病人,手术治疗、药物治疗,根据不同医院，收费标准不一致，市三甲医院约（1000—— 30000元）,否,约占颅内血肿的14.4％～21.4％,10%,30天,https://tag.120ask.com/jibing/dfxlnxz/
内科,神经内科,闭合性脑外伤,外科,意识障碍、头皮损伤、耳鼻出血及渗液、瞳孔不等大、对光反应异常、运动和腱反射异常,各人群均可发生,手术治疗、药物治疗,根据不同医院，收费标准不一致，市三甲医院约（5000 —— 10000元）,否,0.001%,60%,15天,https://tag.120ask.com/jibing/bhxnws/
内科,神经内科,多发梗塞性痴呆,内科,头痛、头晕、失眠、嗜睡、易疲乏、精神集中力降低,老年人,药物治疗,根据不同医院，收费标准不一致，市三甲医院约（5000—— 10000元）,否,5%,50%,30天,https://tag.120ask.com/jibing/dfgsxcd/
内科,神经内科,蛛网膜炎,脑外科,头痛、呕吐、眩晕、视乳头水肿,青中年,药物治疗,根据不同医院，收费标准不一致，市三甲医院约（10000— 20000元）,否,0.1%,98%,15天,https://tag.120ask.com/jibing/zwmy/
内科,神经内科,鞍结节脑膜瘤,肿瘤科,视力减退、头痛、多饮、多尿、肥胖、嗜睡,成年人,手术治疗、放射治疗,根据不同医院，收费标准不一致，市三甲医院约（5000—— 20000元）,否,0.001%,0.13%,20天,https://tag.120ask.com/jibing/ajjnml/
内科,神经内科,老年人脑出血,外科,头晕，头痛，肢体活动障碍,60岁以上老年人,药物治疗、手术治疗,根据不同医院，收费标准不一致，市三甲医院约（30000 ——100000元）,否,0.2-0.5%,20-40%,3-6周,https://tag.120ask.com/jibing/lnrncx/
内科,神经内科,外伤后脑脂肪栓塞,脑外科,神志不清、昏迷、偏瘫、抽搐、失语、高热、心率快、血压下降、咳嗽、呼吸困难、发绀,脑外伤患者,手术治疗、药物治疗,根据不同医院，收费标准不一致，市三甲医院约（3000—— 8000元）,否,0.001%,0.3%,30天,https://tag.120ask.com/jibing/wshnzfss/
内科,神经内科,神经皮肤综合征,神经外科,数目较多的咖啡牛奶斑、咖啡斑、耳鸣、放射性疼痛、 听力下降、色素斑,成年人,药物治疗,根据不同医院，收费标准不一致，市三甲医院约（3000 — 8000元）,否,0.1%,1%,1年,https://tag.120ask.com/jibing/shenjpfzhz/
内科,神经内科,垂体前叶机能减退症,内科,空腹血糖低、骨折修复减慢、怕冷、低体温、纳差、腹胀、便秘、动作缓慢、性欲减退、体重下降,任何年龄,一般疗法、饮食疗法、药物疗法,根据不同医院，收费标准不一致，市三甲医院约1000-3000元,否,0.9%,87%,20天,https://tag.120ask.com/jibing/ctqyjnjtz/
内科,神经内科,原发性脑干损伤,脑外科,昏迷、反射消失、四肢软瘫、肢体瘫痪、肌张力增高、腱反射亢进、病理反射阳性,脑外伤患者,手术治疗、药物治疗,根据不同医院，收费标准不一致，市三甲医院约（5000—— 10000元）,否,0.0001%,0.01%,30天,https://tag.120ask.com/jibing/yfxngss/
内科,神经内科,颅内静脉窦血栓形成,内科,不规则高热、寒战、乏力、头痛、全身肌肉酸疼、精神萎靡、皮下淤血,儿童和青壮年多见,药物治疗,根据不同医院，收费标准不一致，市三甲医院约（3000—— 8000元）,否,0.001%,30%,30天,https://tag.120ask.com/jibing/lnjmdxsxc/
内科,神经内科,瘀血头痛,中医科,头昏而胀、头刺痛剧烈、痛有定处,成年人,药物治疗,根据不同医院，收费标准不一致，市三甲医院约（3000—— 8000元）,否,5%,100%,30天,https://tag.120ask.com/jibing/yxtt/
内科,神经内科,第三脑室肿瘤,肿瘤科,恶心、面色潮红、听力减退、营养不良、尿崩、厌食,成年人,药物治疗,根据不同医院，收费标准不一致，市三甲医院约（30000 —— 80000元）,否,0.01%,80%,180天,https://tag.120ask.com/jibing/dsnszl/
内科,神经内科,酒精所致精神障碍,精神科、消化科,乏力、眩晕、指端麻木,经常酗酒的人员多见,药物治疗,甘露醇、甘油果糖、维生素E、维生素C3000-5000元,否,0.5%-2.0%,75%,4-8周,https://tag.120ask.com/jibing/jjszjsza/
内科,神经内科,谵妄综合征及有关疾病,精神心理科,瞻望、嗜睡、躁狂,长期精神抑郁者比较多见,药物治疗,根据不同医院，收费标准不一致，市三甲医院约30000-50000元,否,0.85%-1.0%,75%,1-4周,https://tag.120ask.com/jibing/zwzhzjygjb/
内科,神经内科,癫狂病,精神科,情绪高涨、动作增多、打人毁物,中青年人群,药物治疗,根据不同医院，收费标准不一致，市三甲医院约（5000 ——20000元）,否,0.1%,30%,3-6个月,https://tag.120ask.com/jibing/dkb/
内科,神经内科,大脑萎缩,内科,记忆力减退、思维能力下降,老年人,药物治疗,根据不同医院，收费标准不一致，市三甲医院约（3000—— 5000元）,否,5%,50%,1年,https://tag.120ask.com/jibing/dnws/
内科,神经内科,失眠症,内科,入睡困难、不能熟睡、醒后无法再入睡,老年人,药物治疗,根据不同医院，收费标准不一致，市三甲医院约（300 —— 500元）,否,10%,95%,60天,https://tag.120ask.com/jibing/smz/
内科,神经内科,酒精中毒性精神障碍,神经内科,手、足、四肢和躯干震颤、共济失调、情绪急躁、易惊跳反应,男性成年人,药物治疗,根据不同医院，收费标准不一致，市三甲医院约（3000 —— -10000元,否,2%,100%,180天,https://tag.120ask.com/jibing/jjzdxjsza/
内科,神经内科,外伤后低颅压综合征,内科,头痛、眩晕、呕吐、血压偏低、畏光、乏力、厌食、失水、颈僵,均可发病,药物治疗、手术治疗,根据不同医院，收费标准不一致，市三甲医院约（2000—— 5000元）,否,0.001%,10%,10天,https://tag.120ask.com/jibing/wsxdlyzhz/
内科,神经内科,脑型疟疾,传染病科,头痛，肌痛，乏力，烦躁不安,成年人和儿童,药物治疗,根据不同医院，收费标准不一致，市三甲医院约（3000—— 8000元）,是,0.1%,95%,14天,https://tag.120ask.com/jibing/nxnj/
内科,神经内科,女性癫痫,神经内科,尖叫、面色青紫、尿失禁、舌咬伤、口吐白沫或血沫、瞳孔散大,中年女性,药物治疗,根据不同医院，收费标准不一致，市三甲医院约（3000 —— 8000元）,否,1%,99%,180天,https://tag.120ask.com/jibing/nxdx/
内科,神经内科,精神发育迟滞,精神科,生长发育迟缓、智力低下、孤独、多动、羞怯、呕吐、易激惹、湿疹,婴幼儿,药物治疗、康复训练,根据不同医院，收费标准不一致，市三甲医院约（3000—— 8000元）,否,0.0001%,0.01%,30天,https://tag.120ask.com/jibing/jsfycz/
内科,神经内科,急性脑血管病,内科,肢体偏瘫、失语、眩晕、共济失调、呛咳,65岁以上老年人,药物治疗,据不同医院，收费标准不一致，市三甲医院约（10000 ——50000元）,否,20%,98%,1个月,https://tag.120ask.com/jibing/jxnxgb/
内科,神经内科,开放性颅脑损伤,脑外科,头皮破损、出血、昏迷,年轻人,药物治疗,根据不同医院，收费标准不一致，市三甲医院约（5000 —— 20000元）,否,1%,98%,60天,https://tag.120ask.com/jibing/kfxlnss/
内科,神经内科,青少年癫痫,内科,口吐白沫、抽搐、惊觉,18--35岁人群,药物治疗,根据不同医院，收费标准不一致，市三甲医院约（3000 —— 8000元）,否,0.02%,20-30%,3-6个月,https://tag.120ask.com/jibing/qsndx/
内科,神经内科,出血性脑中风,中医科,头痛、呕吐、偏身无力、口角歪斜、讲话不清、嗜睡、烦躁、不省人事,50岁以上男性,药物治疗,根据不同医院，收费标准不一致，市三甲医院约（5000 —— 3000元）,否,5%,95%,60天,https://tag.120ask.com/jibing/cxxnzf/
内科,神经内科,小儿脑震荡,脑外科,外伤后短暂性意识丧失、持续性头痛、呕吐、眩晕、精神紧张、逆行性遗忘,儿童,药物治疗,根据不同医院，收费标准不一致，市三甲医院约（3000 —— 5000元）,否,0.01%,30%,30天,https://tag.120ask.com/jibing/xenzd/
内科,神经内科,小脑扁桃体下疝,外科,咳嗽、共济失调、颅内压增高、脑积水、偏瘫、感觉分离,婴幼儿,手术治疗、药物治疗,根据不同医院，收费标准不一致，市三甲医院约（30000 —50000元）,否,0.1%,90%,30天,https://tag.120ask.com/jibing/xnbttxs/
内科,神经内科,细菌性脑膜炎,内科,发热、头痛、颈项强直、咽喉痛、呕吐,儿童和青少年,药物治疗,根据不同医院，收费标准不一致，市三甲医院约（10000 —— 30000元）,否,0.05%,80-90%,3--8周,https://tag.120ask.com/jibing/xjxnmy/
内科,神经内科,肌张力不全型脑瘫,神经外科,眼球垂直运动障碍、惧站立喜依托、运动性失语、肌张力减低,小儿,药物治疗,根据不同医院，收费标准不一致，市三甲医院约（50000 —— 100000元）,否,0.1%,20%,1年,https://tag.120ask.com/jibing/jzlbqxnt/
内科,神经内科,手足徐动性脑瘫,神经内科,学习能力弱、肌张力异常,小儿,药物治疗,根据不同的医院，收费标准不一致，市三甲医院约（1200-5600元）,否,0.2%,90%,120天,https://tag.120ask.com/jibing/szxdxnt/
内科,神经内科,癌症伴发的精神障碍,精神科,思维贫乏、惊恐发作、幻觉、坐立不安、精神障碍、痴呆,老年人,药物治疗,根据不同医院，收费标准不一致，市三甲医院约（3000 — 8000元）,否,0.1%,50%,180天,https://tag.120ask.com/jibing/azbfdjsza/
内科,神经内科,外伤性硬脑膜下积液,外科,头疼、呕吐、视乳头水肿,脑外伤患者,手术治疗、药物治疗,根据不同医院，收费标准不一致，市三甲医院约（3000 — 8000元）,否,发生率为颅脑损伤的1.16%,10%,20天,https://tag.120ask.com/jibing/wsxynmxjy/
内科,神经内科,侧颅底肿瘤,神经外科,头痛、头部爆炸感、晕厥、意识障碍,50岁以上老年人群,手术治疗、药物治疗,根据不同医院，收费标准不一致，市三甲医院约1-3万元,否,0.5%-1%,85%,1-2月,https://tag.120ask.com/jibing/cldzl/
内科,神经内科,缺血性脑卒中,内科,肢体无力至瘫痪、感觉或语言障碍、单眼黑朦、少数有意识障碍、眩晕、复视、步态不稳、耳鸣、听力和吞咽障碍等,中老年人,药物治疗,2000--5000元,否,0.01%,60%,15天,https://tag.120ask.com/jibing/qxxncz/
内科,神经内科,四肢不用,神经内科、中医科,四肢乏力、四肢感觉减退、肢体运动障碍,脊髓或者脑梗塞人群易发,手术治疗、药物治疗,根据不同医院，收费标准不一致，市三甲医院约1-3万元,否,0.5%-1.5%,45%,3-5年,https://tag.120ask.com/jibing/szby/
内科,神经内科,多发脑梗塞性精神障碍,精神科,头痛、头晕、失眠或嗜睡、易疲乏、精神集中力降低,中老年,药物治疗,根据不同医院，收费标准不一致，市三甲医院约（3000—— 8000元）,否,0.01%,60%,30天,https://tag.120ask.com/jibing/dfngsxjsza/
内科,神经内科,混合型脑瘫,儿科,反应迟钝、身体发软、自发运动减少、吸吮无力、拒乳、吸吮后疲乏无力、经常出现呛咳、,婴幼儿,药物治疗、康复训练,根据不同医院，收费标准不一致，市三甲医院约（5000—— 20000元）,否,0.01%,0.1%,30天,https://tag.120ask.com/jibing/hhxnt/
内科,神经内科,周围性面瘫,内科,面部表情肌瘫痪、鼻唇沟变浅、口角下垂,成年人,药物治疗,根据不同医院，收费标准不一致，市三甲医院约（1000 —— 2000元）,否,2%,95%,30天,https://tag.120ask.com/jibing/zwxmt/
内科,神经内科,杏仁中毒,急诊科,眩晕，突然晕倒、心悸、头疼、恶心呕吐、惊厥、昏迷、紫绀、瞳孔散大、对光反应消失、脉搏弱慢、呼吸急促,成年人,药物治疗,根据不同医院，收费标准不一致，市三甲医院约（3000—— 8000元）,否,0.1%,100%,15天,https://tag.120ask.com/jibing/xrzd/
内科,神经内科,面神经麻痹,针灸科,一侧面颊动作不灵、嘴巴歪斜、病侧面部表情肌完全瘫痪者前额皱纹消失、眼裂扩大、鼻唇沟平坦、口角下垂病侧不能作皱额、蹙眉、闭目、鼓气和噘嘴等动作、鼓腮和吹口哨时因患侧口唇不能闭合而漏气,中青年,针灸治疗、药物治疗,根据不同医院，收费标准不一致，市三甲医院约（500 —— 1000元）,否,0.3%,95%,15天,https://tag.120ask.com/jibing/msjmb/
内科,神经内科,新型隐球菌脑膜炎,内科,发热、头痛、呕吐,成年人,药物治疗,根据不同医院，收费标准不一致，市三甲医院约（10000—— 20000元）,否,0.01%,20%,60天,https://tag.120ask.com/jibing/xxyqjnmy/
内科,神经内科,颅底陷入症,神经内科,头痛、眩晕、耳鸣、呕吐、颈部强直、下肢无力、行走困难、四肢瘫痪、呼吸困难,无明显异常差异,非手术治疗、手术和治疗,根据不同医院，收费标准不一致，市三甲医院约（1000 —— 3000元）,否,0.002%,20%,10-30天,https://tag.120ask.com/jibing/ldxrz/
内科,神经内科,周围神经卡压综合症,神经内科,疼痛、肌肉萎缩、无力,成年人,药物治疗,根据不同的医院，收费标准不一致，市三甲医院约（2000-6000元）,否,0.2%,89%,60天,https://tag.120ask.com/jibing/zwsjkyzhz/
内科,神经内科,酒精戒断综合征,精神科,震颤，乏力，出汗，反射亢进,青年男性,药物治疗,根据不同医院，收费标准不一致，市三甲医院约（300 —— 1000元）,否,10%,100%,30天,https://tag.120ask.com/jibing/jjjdzhz/
内科,神经内科,病毒脑炎,内科,发热、头痛、畏光、肌痛、恶心、呕吐、食欲减退、腹泻、全身乏力、并可有脑膜刺激征,儿童多见,药物治疗,根据不同医院，收费标准不一致，市三甲医院约（5000—— 10000元）,是,0.001%,60%,15天,https://tag.120ask.com/jibing/bdny/
内科,神经内科,感染性急性中毒脑病,内科,高热、头痛、呕吐、烦躁不安、谵妄、昏迷,多见于2～10岁儿童,药物治疗,根据不同医院，收费标准不一致，市三甲医院约（3000—— 8000元）,否,0.001%,20%,30天,https://tag.120ask.com/jibing/grxjxzdnb/
内科,神经内科,巴比妥类药物中毒,急诊科,昏迷、瞳孔扩大、角膜咽腱反射消失,成年人,药物治疗,根据不同医院，收费标准不一致，市三甲医院约（3000—— 8000元）,否,1%,50%,14天,https://tag.120ask.com/jibing/bbtlywzd/
内科,神经内科,急性镇静催眠药中毒,内科,嗜睡、意识模糊、皮肤湿冷、休克,中老年人群,药物治疗,根据不同医院，收费标准不一致，市三甲医院约（5000—— 20000元）,否,0.001%,50-70%,2-4周,https://tag.120ask.com/jibing/jxzjcmyzd/
内科,神经内科,急性枕骨大孔疝,外科,头痛、恶心、呕吐、意识障碍,60岁以上老年人,药物治疗、手术治疗,根据不同医院，收费标准不一致，市三甲医院约（5000 ——20000元）,否,0.001%,30%,5-7天,https://tag.120ask.com/jibing/jxzgdks/
内科,神经内科,紧张型头痛,内科,头部紧缩感、压迫感、头晕、失眠、焦虑,青壮年女性,药物治疗,根据不同医院，收费标准不一致，市三甲医院约（300 —— 500元）,否,1%,50-70%,2-4周,https://tag.120ask.com/jibing/jinzxtt/
内科,神经内科,血管迷走性晕厥,神经内科,头晕、注意力不集中、面色苍白、视听觉下降、恶心、呕吐、大汗、站立不稳,青少年,药物治疗,根据不同的医院，收费标准不一致，市三甲医院约（3000-10000元）,否,0.1%,99%,30天,https://tag.120ask.com/jibing/xgmzxyj/
内科,神经内科,热晕厥,内科,精疲力尽、烦躁不安、头痛、晕眩、恶心,成年人,药物治疗,根据不同的医院，收费标准不一致，市三甲医院约（300-1200元）,否,0.1%,99%,7天,https://tag.120ask.com/jibing/ryj/
内科,普通内科,呼吸道感染,内科,咳嗽、咳痰、发热,婴幼儿、60岁以上老年人,药物治疗,根据不同医院，收费标准不一致，市三甲医院约（300 —— 1000元）,否,10-30%,90%,1-2周,https://tag.120ask.com/jibing/hxdgr/
内科,普通内科,胃出血,消化科,胃痛、呕吐咖啡样内容物、柏油样便、头昏、心悸、恶心、口渴、面色苍白,胃炎及消化性溃疡患者,药物治疗、手术治疗,根据不同医院，收费标准不一致，市三甲医院约（8000 —— 10000元）,否,0.05%--0.07%(发病率约为0.05%--0.07%，多见于酗酒人群),85-90%,2-4周,https://tag.120ask.com/jibing/weichuxue/
内科,普通内科,脓肿,外科,发热、乏力、红肿、疼痛,年轻人,药物治疗,根据不同医院，收费标准不一致，市三甲医院约（300 —— 1000）,否,2%,100%,15天,https://tag.120ask.com/jibing/nongzhong/
内科,普通内科,硬皮病,风湿免疫科,水肿时皮肤变厚、绷紧、皱纹消失、颜色苍白或淡黄、逐渐皮肤增厚变硬、溃疡、毛发脱落,青年、中年人群,生活调理、药物治疗,根据不同医院，收费标准不一致，市三甲医院约10000--50000元,否,0.0003%,30%,10-30天,https://tag.120ask.com/jibing/yingpibing/
内科,普通内科,中暑,急诊科,高热、干热无汗、四肢无力、头晕、头昏眼花、眼花、神疲乏力、胸闷、恶心与呕吐、恶心、四肢麻木、面色潮红,无特殊发病群体,药物治疗、物理治疗,根据不同医院，收费标准不一致，市三甲医院约（500-1000元）,否,0.023%,98%,1-3天,https://tag.120ask.com/jibing/zhongshu/
内科,普通内科,冻僵,皮肤科,反应迟钝、皮肤苍白、继发感染、干性坏疽,老年人,药物治疗,根据不同医院，收费标准不一致，市三甲医院约（3000 — 8000元）,否,0.1%,80%,15天,https://tag.120ask.com/jibing/dj/
内科,普通内科,高原病,心血管内科,呼吸困难、紫绀、心悸、咳嗽,从平原进入高原的人群多见,吸氧、药物治疗,根据不同医院，收费标准不一致，市三甲医院约（3000 —— 5000元）,否,0.05%,70%,1-3个月,https://tag.120ask.com/jibing/gaoyuanbing/
内科,普通内科,中毒,急诊科,痛苦、哭闹、不语、退缩,儿童,中医药物治疗、西医药物治疗,根据不同医院，收费标准不一致，市三甲医院约（10000 —— 20000元）,否,0.06%,70%,1-7天,https://tag.120ask.com/jibing/zhongdu/
内科,普通内科,低钾血症,肾内科,肌无力、发作性软瘫、四肢麻木、抽搐无力、甲亢危象、低血钾、心力衰竭、呼吸异常、心律失常、代谢性低钾、肠蠕动减慢、食欲缺乏、腹胀、恶心、便秘,所有群体,药物治疗,根据不同医院，收费标准不一致，市三甲医院约（5000-10000元）,否,0.01%,80%,2-4周,https://tag.120ask.com/jibing/djxz/
内科,普通内科,第五日综合征,外科,腹痛、高热,小儿,药物治疗,根据不同医院，收费标准不一致，市三甲医院约（1000 —— 3000元）,否,5%,100%,7天,https://tag.120ask.com/jibing/dwrzhz/
内科,普通内科,同型胱氨酸尿症,内科,脊柱侧弯、胸廓畸形、高腭弓、膝外翻、骨质疏松,近亲结婚的后代,一般疗法、药物疗法、对症疗法,根据不同医院，收费标准不一致，市三甲医院约6000-10000元,否,近亲后代的患病率67%,2%,120天,https://tag.120ask.com/jibing/txgasnz/
内科,普通内科,扁桃体炎,呼吸内科,发烧、咽痛、扁桃体充血、恶寒、高热、咽痛明显,儿童、青少年,药物治疗,根据不同医院，收费标准不一致，市三甲医院约（500-1000元）,否,本病发病率较高，一般人群中70%比例出现患者,,2-3周,https://tag.120ask.com/jibing/btty/
内科,普通内科,回归热,传染科,高热寒战、肌痛、头痛、关节疼痛、发烧、心力衰竭、恶心与呕吐、脾肿大、弛张热、反复高热、肝肿大、畏寒,所有人群,药物治疗,根据不同医院，收费标准不一致，市三甲医院约（1000 —— 5000元）,是,0.005%,85%,2-4月,https://tag.120ask.com/jibing/huiguire/
内科,普通内科,囊虫病,传染科,癫痫样发作、头痛、眩晕、呕吐、恶心、颅内压增高、幻觉、耳鸣、抽搐、强迫性头位、听力减退、共济失调,所有人群,药物治疗,根据不同医院，收费标准不一致，市三甲医院约（3000 —— 8000元）,是,0.01%,60%,1个月,https://tag.120ask.com/jibing/nangchongbing/
内科,普通内科,恙虫病,感染科,发热、皮疹、结痂、溃疡、淋巴结肿大、红斑样皮疹、发烧、头痛、恶心与呕吐、感染性发热、肝脾肿大、颜面潮红、高热、丘疹,无特殊发病群体,药物治疗,根据不同医院，收费标准不一致，市三甲医院约（1000-5000元）,是,发病率约为0.001%-0.002%,75%-85%,6-8周,https://tag.120ask.com/jibing/ycb/
内科,普通内科,妊娠合并症,产科,头晕、黄疸、肝区痛、右下腹痛,孕妇,药物治疗、手术治疗,根据不同医院，收费标准不一致，不同的合并症收费也不一样，市三甲医院约1000----10000元。,否,0.1%,80%,30天,https://tag.120ask.com/jibing/rshbz/
内科,普通内科,发烧,内科,体温升高、咳嗽、气喘、汗出、怕冷,食物中毒患者、感冒患者,中医药物治疗,根据不同医院，收费标准不一致，市三甲医院约（300-1000）,否,0.1%,90%,3-7天,https://tag.120ask.com/jibing/fashao/
内科,普通内科,高原反应,内科,头痛、失眠、食欲减退、呼吸困难、视力障碍、多梦、耳鸣、眩晕,平原人,中医药物治疗、西医药物治疗,根据不同医院，收费标准不一致，市三甲医院约（50—— 300元）,否,6%,90%,3-5天,https://tag.120ask.com/jibing/gyfy/
内科,普通内科,心身疾病,精神心理科,精神紧张、中上腹痛、血压高、头痛,以精神紧张、工作压力大的女性多见,心理疏导、药物治疗,根据不同医院，收费标准不一致，市三甲医院约1000---3000元,否,0.0004%-0.0005%(发病率约为0.0004%-0.0005%，多见于紧张焦虑者),75%,4-8周,https://tag.120ask.com/jibing/xsjb/
内科,普通内科,水电解质紊乱和酸碱平衡,急诊科,口渴、四肢无力、心慌、心悸,有腹泻、久病、出汗多等人易发,补液、药物治疗、治疗原发病,根据不同医院，收费标准不一致，市三甲医院约2000----5000元,否,本症状可以属于常见疾病的症状，一般发生概率在95/10000,,14-20天,https://tag.120ask.com/jibing/sdjzwlhsjph/
内科,普通内科,水中毒,内分泌科,头痛、呕吐、嗜睡、呼吸及心跳减慢严重者还会产生昏迷、抽搐、视乳头水肿,所有人群,药物治疗、支持疗法,根据不同医院，收费标准不一致，市三甲医院约（2000 —— 5000元）,否,发生比例0.002%,98%治愈率,4-6周,https://tag.120ask.com/jibing/shuizhongdu/
内科,普通内科,身心疾病,心理科,乏力、头晕、头痛,精神压力大的人尤为常见,中医药物治疗、西医药物治疗,根据不同医院，收费标准不一致，市三甲医院约（5000 —— 10000元）,否,0.5%,70%,1个月,https://tag.120ask.com/jibing/sxjb/
内科,普通内科,慢性淋巴结炎,普外科,淋巴结肿大、淋巴结疼痛、耳后淋巴结肿大、颌下淋巴结肿大压痛、颈部淋巴结肿大 、耳前淋巴结肿大,所有群体,药物治疗、手术治疗,根据不同医院，收费标准不一致，市三甲医院约（500-1000元）,否,0.1%,70%,10天,https://tag.120ask.com/jibing/mxlbjy/
内科,普通内科,麻风,皮肤病科、感染科,斑疹和斑块、颜色淡红、紫红或褐黄边界整齐清楚,儿童、20岁以上男性,西医药物治疗,根据不同医院，收费标准不一致，市三甲医院约（8000-10000元）,是,发病率约为0.0052%,30-50%，多遗留有骨骼发育畸形等后遗赠,3-6年,https://tag.120ask.com/jibing/mafeng/
内科,普通内科,疼痛,疼痛科,肌肉疼痛、肌腱撕裂、汗出、晕厥,运动员、重体力劳动者、外伤患者,西医药物治疗,根据不同医院，收费标准不一致，市三甲医院约（2000-5000元）,否,10%--30%,50--70%,2--5周,https://tag.120ask.com/jibing/tengtong/
内科,普通内科,腹水,消化内科,面色潮红、发热、腹部压痛,急慢性肾病、心病患者,西医药物治疗,根据不同医院，收费标准不一致，市三甲医院约（5000-10000元）,否,0.005%,60%,2-4月,https://tag.120ask.com/jibing/fushui/
内科,普通内科,腹胀,消化内科,腹胀、消化不良,所有人群,药物治疗,根据不同医院，收费标准不一致，市三甲医院约（3000 —— 5000元）,否,100%,100%,1-3天,https://tag.120ask.com/jibing/fuzhang/
内科,普通内科,内伤发热,中医科,阴阳气血失衡、持续性发热、低热、气血虚弱、高热、脏腑功能失调、五心烦热、头晕、神疲乏力、盗汗,所有人群,药物治疗,根据不同医院，收费标准不一致，市三甲医院约2000-5000元,否,0.003%,80%,2-4周,https://tag.120ask.com/jibing/nsfr/
内科,普通内科,湿痹,中医科,肌肉关节疼痛、麻木、屈伸不利、重着、遇阴冷天气时发作或加剧,体虚年老者,药物治疗,根据不同医院，收费标准不一致，市三甲医院约（2000 —— 5000元）,否,1%,70%,1个月,https://tag.120ask.com/jibing/shibi/
内科,普通内科,慢性化脓性腮腺炎,内分泌科,腮腺肿大、腮腺肿胀、腮腺区肿大、化脓性腮腺炎、口干、口臭,所有群体,药物治疗,根据不同医院，收费标准不一致，市三甲医院约（1000-5000元）,否,特定人群0.030%,95%,2-4周,https://tag.120ask.com/jibing/mxhnxsxy/
内科,普通内科,脾大,消化内科,左侧腹痛、腹胀、头晕、右上腹痛,有肝病、血液病的患者易发,手术治疗、药物治疗,根据不同医院，收费标准不一致，市三甲医院约5000--10000元,否,0.1%,90%,180天,https://tag.120ask.com/jibing/pida/
内科,普通内科,心阴虚,中医内科,心烦、心悸、手心潮热、面红,脑力工作者、未成年人,中医药物治疗,根据不同医院，收费标准不一致，市三甲医院约（2000-3000元）,否,0.001%,95%,30天,https://tag.120ask.com/jibing/xinyinxu/
内科,普通内科,电脑病,神经内科、疼痛科,肌肉萎缩、剧痛、头痛、颈部僵硬、颈部酸痛、手指或手臂部刺痛及麻木感、手指小关节痛肿、腕管综合征,白领阶层,保健按摩、运动疗法,根据不同医院，收费标准不一致，市三甲医院约（200 ——1000元）,否,1%,60%,1-2个月,https://tag.120ask.com/jibing/diannaobing/
内科,普通内科,水过多,内分泌科,无力 、嗜睡、 恶心、 昏迷、 水中毒、 水肿、 意识障碍 、抽搐,婴幼儿,药物治疗,根据不同医院，收费标准不一致，市三甲医院约(100-500元),否,0.03%--0.08%,90%,3-6周,https://tag.120ask.com/jibing/shuiguoduo/
内科,普通内科,水肿,肾内科,手指按压皮下组织少的部位有明显的凹陷,肾病患者、感冒患者、心脏病患者,西医药物治疗,根据不同医院，收费标准不一致，市三甲医院约（5000-10000元）,否,0.1%,60%,1个月,https://tag.120ask.com/jibing/shuizhong/
内科,普通内科,肿胀,内分泌科、中医科,毛细血管破裂、皮肤充血、疼痛,外伤,药物治疗,根据不同医院，收费标准不一致，市三甲医院约（500 —— 2000元）,否,0.05%,25%,10-50天,https://tag.120ask.com/jibing/zhongzhang/
内科,普通内科,体温过低,急诊科,昏迷、 嗜睡、 糖尿 、体温过低 、易激动、手脚笨拙、精神错乱、虚幻、呼吸减慢或停止、心跳减慢,所有人群,药物治疗,根据不同医院，收费标准不一致，市三甲医院约(5000--20000元),否,0.001%,60%,7-10天,https://tag.120ask.com/jibing/twgd/
内科,普通内科,脱水,急诊科,头晕、皮肤起皱、恶心、口渴,在热环境下工作、腹泻病人易发,补液治疗、西药治疗,根据不同医院，收费标准不一致，市三甲医院约1000---3000元,否,0.5%,98%,2-4周,https://tag.120ask.com/jibing/tuoshui/
内科,普通内科,虚劳,中医科,盗汗 烦热 气短 畏寒 无力 心悸 四肢发冷 弱脉,成年人,中医药物治疗、西医药物治疗,根据不同医院，收费标准不一致，市三甲医院约（500 —— 2000元）,否,0.2%,80%,10天,https://tag.120ask.com/jibing/xulao/
内科,普通内科,乙肝相关肾炎,感染科,血尿、蛋白尿、尿混浊,乙型肝炎患者比较多见,药物治疗,根据不同医院，收费标准不一致，市三甲医院约3000-5000元,是,5%-10%,45%,1-10年,https://tag.120ask.com/jibing/ygxgsy/
内科,普通内科,多汗,中医科,汗液分泌增多,体质虚弱的患者易发,药物治疗,根据不同医院，收费标准不一致，市三甲医院约1000-2000元,否,10%,90%,1-3月,https://tag.120ask.com/jibing/dh/
内科,普通内科,夜磨牙症,神经内科,磨牙、咬牙动作,无明显差异多见于儿童、青少年男性患者,心理治疗、药物治疗、生物反馈疗法,根据不同医院，收费标准不一致，市三甲医院约（2000 —— 5000元）,否,0.001%,20%,10-30天,https://tag.120ask.com/jibing/ymyz/
内科,普通内科,宝宝感冒,新生儿科或儿科,流涕、发热、头晕、哭泣、烦躁、睡眠、胃纳、精神欠佳,儿童,药物疗法、手术疗法,根据不同医院，收费标准不一致，市三甲医院约200-1000元,是,20%,,20天,https://tag.120ask.com/jibing/bbgm/
内科,普通内科,朗格汉斯组织细胞增生症,内科的呼吸内科,干咳、活动后呼吸气促、消瘦、乏力、发热、盗汗和食欲减退,老年人,药物治疗、戒烟、理疗、手术治疗,根据不同医院，收费标准不一致，市三甲医院约2000-8000元,否,0.02%,,60天,https://tag.120ask.com/jibing/lghszzxbzsz/
内科,普通内科,朗格汉斯细胞肉芽肿,感染科,发热、组织疼痛、局部肿胀,免疫功能低下者多见,药物治疗、手术治疗,根据不同医院，收费标准不一致，市三甲医院约2000-5000元,否,0.8%-1.0%,60%,4-8周,https://tag.120ask.com/jibing/lghsxbryz/
内科,普通内科,氨基甲酸酯类杀虫药中毒,急诊科,腹痛、腹泻、呕吐、腹胀,精神抑郁症好发,药物治疗,根据不同医院，收费标准不一致，市三甲医院约3000-6000元,否,0.35%-0.45%,70%,1-3周,https://tag.120ask.com/jibing/ajjszlscyzd/
内科,普通内科,沙虱毒,传染病科,头痛、发热、发冷、周身不适,野外工作人员,药物治疗,根据不同医院，收费标准不一致，市三甲医院约（3000 —— 8000元）,是,,,,https://tag.120ask.com/jibing/ssd/
内科,普通内科,睡眠呼吸暂停综合症,内科,睡眠打鼾、白天嗜睡、鼾声响亮而不规律,40岁以上中老年人,药物治疗、手术治疗,根据不同医院，收费标准不一致，市三甲医院约（3000 ——20000元）,否,3%,50%,2--3周,https://tag.120ask.com/jibing/smhxztzhzg/
内科,普通内科,肝肾综合症,肾内科,黄疸、少尿、水肿、高血压,肝病患者,药物治疗，以利尿，促进退黄为主要治疗手段,根据不同医院，收费标准不一致，市三甲医院约3000-6000,否,0.6%(肝病患者发病率约为5%-10%),50-80%,1-2个月,https://tag.120ask.com/jibing/ganshenzhonghez/
内科,普通内科,脑膜瘤病,肿瘤科,癫痫、运动功能障碍,老年人,药物治疗,根据不同的医院，收费标准不一致，市三甲医院约（10000-38000元）,否,0.1%,76%,120天,https://tag.120ask.com/jibing/nmlb/
内科,普通内科,解酒,急诊科,头晕、视物模糊、烦躁、恶心,嗜酒者好发,药物治疗,根据不同医院，收费标准不一致，市三甲医院约1000-2000元,否,10%-40%,98%,1周,https://tag.120ask.com/jibing/jj/
内科,普通内科,高热惊厥,中医科,发烧、双眼球凝视、斜视、发直、上翻、意识丧失,4岁以下儿童,药物治疗,根据不同医院，收费标准不一致，市三甲医院约（1000—— 2000元）,否,2%,99%,7天,https://tag.120ask.com/jibing/grjj/
内科,普通内科,夏季低热,内科,长期发热、口渴多饮、多尿、汗闭,婴幼儿,饮食疗法、药物疗法,根据不同医院，收费标准不一致，市三甲医院约200-1000元,否,小儿20%,99.9%,10天,https://tag.120ask.com/jibing/xjdr/
内科,普通内科,痛风石,内科,受累关节严重的疼痛、肿胀、红斑、僵硬、发热,老年人,药物疗法、手术疗法、物理疗法,根据不同医院，收费标准不一致，市三甲医院约3000-5000元,否,老年人的比例2%,,40天,https://tag.120ask.com/jibing/tfs/
内科,普通内科,肌肉痉挛,内科,肌痛、局部肢体抽动、肌肉痉挛性疼痛、肢体僵硬感、抽搐,成年人,药物治疗,根据不同医院，收费标准不一致，市三甲医院约（3000 —— 8000元）,否,2%,99%,14天,https://tag.120ask.com/jibing/jrjl/
内科,普通内科,葡萄糖磷酸异构酶缺乏症,内科,脾大、肝大、贫血、黄疸,新生儿，也可于婴儿及儿童期,药物治疗,根据不同医院，收费标准不一致，市三甲医院约（20000—— 50000元）,否,0.1%,95%,30天,https://tag.120ask.com/jibing/pttlsygmqfz/
内科,普通内科,急性高原病,内科,头痛、失眠、食欲减退、疲倦、呼吸困难,高原地区的人群,一般疗法、药物疗法、物理疗法,根据不同医院，收费标准不一致，市三甲医院约200-500元,否,高原地区的患病率2%,87%,20天,https://tag.120ask.com/jibing/jxgyb/
内科,普通内科,毒虫螫咬伤,感染科,皮肤发红、皮肤肿胀、发热,长期生活在昆虫群集的环境的人群,药物治疗,根据不同医院，收费标准不一致，市三甲医院约500-800元,否,0.8%-2.1%,65%,1-2周,https://tag.120ask.com/jibing/dczys/
内科,普通内科,鼻孢子虫病,耳鼻喉科,鼻腔瘙痒、鼻腔干燥、鼻腔异物感,过敏性鼻炎的患者比较多见,药物治疗,根据不同医院，收费标准不一致，市三甲医院约2000-3000元,否,0.5%-2.0%,80%,1-2周,https://tag.120ask.com/jibing/bbzcb/
内科,普通内科,触电,急诊科,抽搐、乏力、意识丧失,电工作业者比较多见,药物治疗,根据不同医院，收费标准不一致，市三甲医院约4000-6000元,否,1%-2%,60%,1-2周,https://tag.120ask.com/jibing/cd/
内科,普通内科,曲霉菌病,内科,咳嗽、咳痰、喘息,成年人,药物治疗,根据不同医院，收费标准不一致，市三甲医院约（3000—— 8000元）,否,1%,90%,30天,https://tag.120ask.com/jibing/qmjb/
内科,普通内科,气腹痛,内科,突起腹部或胃脘部绞痛、阵作痛剧、难忍、四肢厥冷或见恶心、呕吐、肠鸣欲便但呕泻不明显、面白,任何年龄,一般疗法、药物疗法、物理疗法、中医疗法,根据不同医院，收费标准不一致，市三甲医院约100-300元,否,0.99%,98%,10天,https://tag.120ask.com/jibing/qft/
内科,普通内科,河豚毒素中毒,急诊科,恶心、呕吐、腹痛、腹泻,成年人,药物治疗,根据不同医院，收费标准不一致，市三甲医院约（3000—— 8000元）,否,0.1%,80%,7天,https://tag.120ask.com/jibing/htdszd/
内科,普通内科,老年人帕金森病,神经内科,静止性震颤、运动迟缓、厌食、睡眠障碍、情感淡漠、吞咽困难、咀嚼缓慢,常见的中老年人,药物治疗,根据不同医院，收费标准不一致，市三甲医院约（3000 —— 8000元）,否,00.1%,10%,30天,https://tag.120ask.com/jibing/lnrpjsb/
内科,普通内科,核黄素缺乏病,内科,阴囊炎、舌炎、唇炎、口角炎,成年人,药物治疗,根据不同医院，收费标准不一致，市三甲医院约（50—— 300元）,否,20%,100%,7天,https://tag.120ask.com/jibing/hhsqfb/
内科,普通内科,酒精中毒性精神障碍,神经内科,手、足、四肢和躯干震颤、共济失调、情绪急躁、易惊跳反应,男性成年人,药物治疗,根据不同医院，收费标准不一致，市三甲医院约（3000 —— -10000元,否,2%,100%,180天,https://tag.120ask.com/jibing/jjzdxjsza/
内科,普通内科,慢性铅中毒,内科,头昏，头痛，全身无力，记忆力减退，睡眠障碍，多梦,儿童,药物治疗,根据不同医院，收费标准不一致，市三甲医院约（3000 —— 8000元）,否,10%,100%,180天,https://tag.120ask.com/jibing/mxqzd/
内科,普通内科,布氏杆菌红斑,皮肤科,皮肤瘙痒性红斑点、丘疹、风团、几天后可自行消退、较重者、出现散在性毛囊性丘疹、并演变成水疱和脓疱,多见于兽医或与布氏杆菌感染动物接触的人,药物治疗,根据不同医院，收费标准不一致，市三甲医院约（1000—— 2000元）,是,0.001%,88%,10天,https://tag.120ask.com/jibing/bsgjhb/
内科,普通内科,气虚眩晕,中医科,面色白、身无热、神识清爽、言语轻微、二便清利、眩晕不止,50岁以上老年人,药物治疗,根据不同医院，收费标准不一致，市三甲医院约（300 —— 500元）,否,5%,100%,14天,https://tag.120ask.com/jibing/qxxy/
内科,普通内科,二氧化硫中毒,急诊科,胸部紧束感、气急、干咳、眼睛刺痛、流泪、角膜烧伤、红斑样咽炎、胸部听诊可有啰音,接触有毒物质的人群,药物治疗,根据不同医院，收费标准不一致，市三甲医院约（3000 —— 8000元）,否,0.001%,10%,7天,https://tag.120ask.com/jibing/eyhlzd/
内科,普通内科,布鲁菌病,内科,夜汗、头痛、肌痛及关节痛、疲乏,西北、东北、内蒙多发古,一般疗法、药物疗法、物理疗法,根据不同医院，收费标准不一致，市三甲医院约200-500元,是,好发人群的患病率2%,87%,20天,https://tag.120ask.com/jibing/bljb/
内科,普通内科,Kimura病,肿瘤科,头颈部皮肤病变呈紫蓝色、边界不清、结节、肿块,成年人,药物治疗,根据不同医院，收费标准不一致，市三甲医院约（3000—— 8000元）,否,0.1%,95%,30天,https://tag.120ask.com/jibing/kimura/
内科,普通内科,花粉过敏性哮喘,内科,花粉播散期间的刺激性干咳、症状加重时表现为喘息、呼吸困难、气短,过敏体质人群,药物治疗,根据不同医院，收费标准不一致，市三甲医院约（1000 —— 3000元）,否,0.001%,60%,10-20天,https://tag.120ask.com/jibing/hfgmxxc/
内科,普通内科,布氏杆菌性关节炎,感染科、骨科,关节疼痛、关节肿胀、关节畸形、关节活动障碍,长期在森林工作的人群,药物治疗,根据不同医院，收费标准不一致，市三甲医院约1000-3000元,否,0.5%-1.5%，森林工作者发病率更高,85%,1-3月,https://tag.120ask.com/jibing/bsgjxgjy/
内科,普通内科,往来寒热,中医科,口渴心烦、脘闷、腹胀、呕恶、身热,成年人,药物治疗,根据不同医院，收费标准不一致，市三甲医院约（200 —— 500元）,否,50%,99%,14天,https://tag.120ask.com/jibing/wlhr/
内科,普通内科,营养缺乏性神经病变,内科,四肢末端对称性麻痹不仁、痛觉、感觉减退或消失、四肢肌肉无力、小腿肌肉萎缩,儿童、老年人,药物治疗,根据不同医院，收费标准不一致，市三甲医院约（3000 —— 8000元）,否,0.001%,30%,30天,https://tag.120ask.com/jibing/yyqfxsjbb/
内科,普通内科,屏幕脸,精神科,表情淡漠、面部皮肤皱纹增多、面部斑点、皮肤干燥,主要是面对电脑的上班族,药物治疗,根据不同医院，收费标准不一致，市三甲医院约（3000 — 8000元）,否,0.1%,80%,120天,https://tag.120ask.com/jibing/pml/
内科,普通内科,皮脂腺异位症,皮肤科,皮损为白色、肤色或淡红色小丘疹、无明显隆起皮肤的粟粒、扁平丘疹状损害、见不规则癍片,中年人,一般疗法、中医疗法、激光疗法,根据不同医院，收费标准不一致，市三甲医院约50-100元,否,中年人的患病率0.98%,99.9%,10天,https://tag.120ask.com/jibing/pzxywz/
内科,普通内科,维生素A中毒症,内科,食欲减退、烦躁、嗜睡、呕吐、前囟膨隆、头围增大、颅疑裂开、视乳头水肿、低热、多汗、脱发、骨痛,儿童,药物治疗,根据不同医院，收费标准不一致，市三甲医院约（500 —— 800元）,否,0.01%,90%,10天,https://tag.120ask.com/jibing/wssazdz/
内科,普通内科,沥青中毒,急诊科,急性红斑、皮肤炎、眼炎、头痛、恶心、倦怠、体温上升,成年人和儿童,药物治疗,根据不同医院，收费标准不一致，市三甲医院约（500 —— 1000元）,否,1%,100%,7天,https://tag.120ask.com/jibing/liqzd/
内科,普通内科,坏血病,内科,体重减轻、四肢无力、衰弱、肌肉及关节疼痛、出血倾向、下肢肿胀、疼痛,婴幼儿,药物治疗,根据不同医院，收费标准不一致，市三甲医院约（1000 —— 2000元）,否,0.01%,90%,15天,https://tag.120ask.com/jibing/hxb/
内科,普通内科,白果中毒,急诊科,恶心、呕吐、腹痛、腹泻,儿童,药物治疗,根据不同医院，收费标准不一致，市三甲医院约（3000—— 8000元）,否,0.1%,100%,15天,https://tag.120ask.com/jibing/bgzd/
内科,普通内科,胆心综合征,内科,心前区闷痛或绞痛、心悸、心跳不规则、厌食油腻食物、恶心、呕吐,中老年人,药物治疗,根据不同医院，收费标准不一致，市三甲医院约（3000 —— 8000元）,否,0.001%,60%,10天,https://tag.120ask.com/jibing/danxzhz/
内科,普通内科,急性氨基甲酸酯类农药中毒,内科,头痛、眩晕、恶心、呕吐、流涎、抽搐,农民,药物治疗,根据不同医院，收费标准不一致，市三甲医院约（5000—— 20000元）,否,0.001%,80%,2-4周,https://tag.120ask.com/jibing/jxajjszlnyzd/
内科,普通内科,急性拟除虫菊酯类农药中毒,急诊科,恶心、呕吐、眩晕、流涎、抽搐,农民,药物治疗,根据不同医院，收费标准不一致，市三甲医院约（5000 ——20000元）,否,0.001%,50-80%,2-4周,https://tag.120ask.com/jibing/jxnccjzlnyzd/
内科,普通内科,急性阿片类药中毒,内科,头痛、头晕、恶心、呕吐、昏迷、呼吸抑制,60岁以上老年人,药物治疗,根据不同医院，收费标准不一致，市三甲医院约（5000 —— 10000元）,否,0.01%,60%,2-4周,https://tag.120ask.com/jibing/jxeplyzd/
内科,普通内科,急性镇静催眠药中毒,内科,嗜睡、意识模糊、皮肤湿冷、休克,中老年人群,药物治疗,根据不同医院，收费标准不一致，市三甲医院约（5000—— 20000元）,否,0.001%,50-70%,2-4周,https://tag.120ask.com/jibing/jxzjcmyzd/
内科,普通内科,急性一氧化碳中毒,内科,头痛、无力、眩晕、口唇樱桃红色,60岁以上老年人,药物治疗,根据不同医院，收费标准不一致，市三甲医院约（3000 ——20000元）,否,0.01%,50-70%,2-4周,https://tag.120ask.com/jibing/jxyyhtzd/
内科,普通内科,进行性肌营养不良,内科,肌肉萎缩、肌无力、运动障碍,3-20岁男孩,药物治疗,根据不同医院，收费标准不一致，市三甲医院约（5000 —— 20000元）,否,0.01%,20%,180天,https://tag.120ask.com/jibing/jxxjyybl/
内科,消化内科,消化道出血,消化内科,呕血、黑便、上腹部疼痛、黑粪或柏油样粪,下消化道出血多见于老年患者,药物治疗、手术治疗,根据不同医院，收费标准不一致，市三甲医院约（3000-5000元）,否,发生率在1%左右,,一般7-10天治愈。,https://tag.120ask.com/jibing/xhdcx/
内科,消化内科,大三阳,肝病科、感染科,全身乏力、食欲减退、恶心呕吐、黄疸、尿成浓茶色、肝区痛、肝掌、蜘蛛痣,所有人群,药物治疗,根据不同医院，收费标准不一致，市三甲医院约（20000 —— 50000元）,是,0.01%,80%,180--270天,https://tag.120ask.com/jibing/dsy/
内科,消化内科,霍乱,传染科,头昏、乏力、剧烈腹泻、米泔水样便、喷射性呕吐,所有人群,西药治疗,根据不同医院，收费标准不一致，市三甲医院约20000--50000元,是,0.0001%,10%,1-7天,https://tag.120ask.com/jibing/huoluan/
内科,消化内科,胃下垂,消化内科,空腹时腹部有振水声者、 压痛 、便秘、 腹痛 、呕吐、 腹胀、 恶心 、失眠,所有人群,药物治疗,根据不同医院，收费标准不一致，市三甲医院约（1000 —— 3000元）,否,0.001%,60%,1-2个月,https://tag.120ask.com/jibing/weixiachui/
内科,消化内科,阿米巴痢疾,消化内科,腹部不适、腹胀腹痛、腹泻与便秘交替、黏液或脓血便、痢疾样大便可增至每日10～15次或以上，伴有里急后重,所有人群,药物治疗,根据不同医院，收费标准不一致，市三甲医院约（1000 —— 3000元）,是,本病是传染性疾病，发病率在0.02%--0.04%,,3-6周,https://tag.120ask.com/jibing/amblj/
内科,消化内科,肠梗阻,普外科,蛔虫性肠梗阻、便秘伴剧烈腹痛、排便障碍、腹痛、急腹症、结肠梗阻、恶心与呕吐、闭袢性肠梗阻、胃肠气胀、停止排气、排气障碍、腹痛伴休克,所有人群,药物治疗、手术治疗,根据不同医院，收费标准不一致，市三甲医院约（3000-5000元）,否,0.0004%,85%,7-10天,https://tag.120ask.com/jibing/changgengzu/
内科,消化内科,肠结核,感染科、消化内科,腹痛、腹泻、腹部肿块、低热、食欲异常、恶心与呕吐、便秘、肠外结核、水样便、腹胀、盗汗 、排便频率异常,无特殊发病群体,药物治疗,根据不同医院，收费标准不一致，市三甲医院约（10000-50000元）,是,人群患病概率0.001%，肺结核者本病发生率可达10%,,治疗周期9个月,https://tag.120ask.com/jibing/changjiehe/
内科,消化内科,肠痉挛,消化内科,阵发性痉挛性绞痛、腹泻、呕吐,所有人群,药物治疗,根据不同医院，收费标准不一致，市三甲医院约（800 —— 1000元）,否,0.1%,90%,2--7天,https://tag.120ask.com/jibing/changjingluan/
内科,消化内科,肠扭转,胃肠外科,便秘、急性肠扭转、腹痛、闭袢性肠梗阻、剧烈疼痛、持续性疼痛、呕吐、腹胀、休克,所有群体,手术治疗,根据不同医院，收费标准不一致，市三甲医院约（5000-10000元）,否,0.0025%,60%,7-10天,https://tag.120ask.com/jibing/changniuzhuan/
内科,消化内科,肠套叠,普外科,腹痛、呕吐、血便、腹部肿块、食欲不振、发热,婴幼儿、成人,灌肠治疗、手术治疗、药物治疗,根据不同医院，收费标准不一致，市三甲医院约（10000--20000元）,否,儿童发病率约为0.005%,,2-4周,https://tag.120ask.com/jibing/changtaodie/
内科,消化内科,肠易激综合征,消化内科,腹痛、腹部不适、腹泻或不成形便、便秘、排便过程异常,20~40岁中青年女性多见,药物治疗,根据不同医院，收费标准不一致，市三甲医院约（1000-5000元）,否,0.015%,85%,1-2个月,https://tag.120ask.com/jibing/cyjzhz/
内科,消化内科,肠粘连,普外科,腹痛腹胀、排气不畅、嗳气、大便干燥,多发于手术后、腹部创伤等人群,中医治疗、药物治疗、手术治疗、保健治疗,根据不同医院，收费标准不一致，市三甲医院约10000--20000元,否,0.02%，多见于腹部手术者,80%,10-30天,https://tag.120ask.com/jibing/changzhanlian/
内科,消化内科,大肠癌,普外科,便秘、腹部肿块、贫血、腹痛、腹泻、大便粘腻、便血且血与粪便混合、便血、皮肤转移、大肠黑变、盆腔内有较广泛浸润、种植播散,中老年人群,药物治疗、手术治疗,根据不同医院，收费标准不一致，市三甲医院约（5000-10000元）,否,0.004%,70%,3-6个月,https://tag.120ask.com/jibing/dachangai/
内科,消化内科,胆道蛔虫病,消化内科,腹痛、发烧、黄疸、恶心与呕吐、压痛,婴幼儿,血象、大便镜检找虫卵、B超检查、ERCP检查、静脉胆道造影,根据不同医院，收费标准不一致，市三甲医院约（1000-5000元）,否,0.0035%,80%,7--14天,https://tag.120ask.com/jibing/ddhcb/
内科,消化内科,胆囊炎,肝胆外科,右上腹痛 、腹肌紧张、 发热伴有腹痛、腹泻、恶心、呕吐 右上腹压痛、发烧,肥胖且多次妊娠的妇女以及嗜食油腻的人群,药物治疗、手术治疗,根据不同医院，收费标准不一致，市三甲医院约（5000 —— 8000元,否,0.1%,90%,14--30天,https://tag.120ask.com/jibing/dannangyan/
内科,消化内科,胆石症,肝胆外科,胆绞痛、恶心呕吐、黄疸、发烧、胆囊结石、肝内外胆管结石、胆心综合征、腹痛,发病的高峰年龄都在40～50岁,药物、手术治疗,根据不同医院，收费标准不一致，市三甲医院约（20000 —— 50000元）,否,0.052%,70%,30天,https://tag.120ask.com/jibing/danshizheng/
内科,消化内科,胆汁返流性胃炎,消化内科,腹部饱胀不适、中上腹持续烧灼感、可伴有腹胀、嗳气、烧心、反酸、恶心、呕吐、肠鸣、排便不畅、食欲减退以及消瘦等,成年人,药物治疗、手术治疗,根据不同医院，收费标准不一致，市三甲医院约（800 —— 2000元）,否,0.12%,80%,10天,https://tag.120ask.com/jibing/danzflxwy/
内科,消化内科,胆汁性腹膜炎,消化内科、肝胆外科,腹痛、下腹部包块、发烧、少尿、腹膜炎、腹膜炎、腹部不适、腹痛伴休克,所有人群,药物、手术治疗,根据不同医院，收费标准不一致，市三甲医院约（10000 —— 50000元）,否,发病率约为0.001%-0.002%，多见于外伤胆囊破裂或穿孔所致,,1-3个月,https://tag.120ask.com/jibing/dzxfmy/
内科,消化内科,胆汁性肝硬化,肝胆外科,胆汁性肝硬化、肝肿大、脾肿大、角膜色膜环、黄疸、皮肤粗糙、皮肤肥厚、肝脾肿大、色素斑、肝大而硬、肝掌、蜘蛛痣,所有人群,药物治疗,根据不同医院，收费标准不一致，市三甲医院约（8000 —— 10000元）,否,0.005%,60%,3个月,https://tag.120ask.com/jibing/dzxgyh/
内科,消化内科,反流性食管炎,消化内科,胸骨后烧灼样痛、吐酸、反酸、吞咽时胸痛、食管反流症状、上消化道出血、吞咽困难,中老年人，肥胖人群，吸烟者，精神压力大者，等,药物治疗、手术治疗,根据不同医院，收费标准不一致，市三甲医院约（1000-5000元）,否,0.5%,60%,1-3个月,https://tag.120ask.com/jibing/flxsgy/
内科,消化内科,腹膜炎,普外科,腹痛、恶心、呕吐、发烧、腹肌紧张、休克、腹胀、下腹部压痛、反跳痛,所有群体,药物治疗、手术治疗,根据不同医院，收费标准不一致，市三甲医院约（5000-10000元）,否,发病率约为0.003%--0.006%,60-80%,1-2个月,https://tag.120ask.com/jibing/fumoyan/
内科,消化内科,肝癌,肝胆外科、肿瘤科,乏力、消瘦、右上腹隐痛、食欲明显减退,中老年男性,手术治疗、放射治疗、化疗、药物治疗,根据不同医院，收费标准不一致，市三甲医院约（30000-50000元）,否,15%(在某些特定人群特定年龄段中该病的发病率( 乙肝者患病概率占95%）),5%(早期肝癌手术切除后一年生存率达80%以上，五年生存率达50%以上。),>120天,https://tag.120ask.com/jibing/ganai/
内科,消化内科,肝纤维化,肝病科,肝肿大、食欲不振、易疲乏、恶心与呕吐、肝星状细胞增生、血清甲胎蛋白升高、肝脏病变弥漫、腹泻、腹痛、营养不良、消瘦、贫血,中老年人,药物治疗,根据不同医院，收费标准不一致，市三甲医院约（5000-10000元）,否,0.001%,70%,3个月,https://tag.120ask.com/jibing/gxwh/
内科,消化内科,肝硬化,肝病科,疲倦、乏力、食欲不振、恶心、腹痛、呕血、黑便、腹胀、门脉高压、食欲异常,中年人群尤其是40岁以上饮食油腻和酗酒的人群,药物治疗、饮食疗法、手术治疗,根据不同医院，收费标准不一致，市三甲医院约（3000 —— 8000元,否,0.007%,60%,3个月,https://tag.120ask.com/jibing/gyh/
内科,消化内科,功能性消化不良,消化内科,嗳腐 、反酸、 脾胃俱戕、 完谷不化、 呕恶纳呆、 胃肠气胀 、上腹不适 、食欲减退,所有人群,药物治疗、饮食疗法,根据不同医院，收费标准不一致，市三甲医院约（300—— 800元,否,人群患病概8.3%,,治疗周期21天,https://tag.120ask.com/jibing/gnxxhbl/
内科,消化内科,急性腹膜炎,消化外科,低血压、脱水、发烧、突发性右上腹绞痛、下腹部反跳痛、胃肠气胀、恶心、呕吐、腹肌紧张、左腹屈曲,所有人群,药物、手术治疗,根据不同医院，收费标准不一致，市三甲医院约（10000 —— 50000元）,否,0.013%,80%,7-14天,https://tag.120ask.com/jibing/jxfmy/
内科,消化内科,结肠癌,肿瘤科、普外科,便秘伴剧烈腹痛、贫血、癌细胞逆行播散、消化道憩室、便秘、下消化道少量出血、左、右腰腹痛、便血、大便变细形似铅笔、排便感、肠出血、粪便黑色并带有血液,中老年人群,手术治疗、放化疗,根据不同医院，收费标准不一致，市三甲医院约（30000-50000元）,否,0.0026%,30-50%,1-3个月,https://tag.120ask.com/jibing/jiechangai/
内科,消化内科,急性化脓性胆管炎,肝胆外科,腹痛、发热、黄疸、突发性右上腹绞痛、意识障碍、恶心与呕吐,所有群体,手术治疗,根据不同医院，收费标准不一致，市三甲医院约（5000-10000元）,否,0.004%，多继发于胆囊结石者,70%,2-3周,https://tag.120ask.com/jibing/jxhnxdgy/
内科,消化内科,急性胃肠炎,消化内科,恶心呕吐、腹痛、腹胀、腹泻、发热恶寒,所有人群,药物治疗、支持疗法,根据不同医院，收费标准不一致，市三甲医院约（1000 —— 3000元）,否,全部人群患病概率30%,,治疗周期7天,https://tag.120ask.com/jibing/jxwcy/
内科,消化内科,急性胰腺炎,消化内科、普外科,胰源性腹痛、黄疸、突发性右上腹绞痛、恶心与呕吐、急腹症、上腹及腰背部有“束带感”、腹痛伴恶心、呕吐、腹痛，发热及黄疸、安静腹、上腹部压痛,所有人群,药物治疗、手术治疗,根据不同医院，收费标准不一致，市三甲医院约（5000-10000元）,否,0.1--0.3%,80%,14--21天,https://tag.120ask.com/jibing/jxyxy/
内科,消化内科,麻痹性肠梗阻,消化外科,恶心与呕吐、腹胀、呼吸困难、肠鸣音消失、口渴尿少,手术后的患者,药物治疗、手术疗法,根据不同医院，收费标准不一致，市三甲医院约（5000 —— 8000元）,否,0.05-0.08%,80%,7--14天,https://tag.120ask.com/jibing/mbxcgz/
内科,消化内科,慢性胰腺炎,消化内科,腹痛、腹泻、腹胀、恶心与呕吐、消瘦、无力、营养不良、食欲下降、乏力、脂肪泻,吸烟、饮酒、饮食不规律人群,药物治疗,根据不同医院，收费标准不一致，市三甲医院约（3000 —— 5000元）,否,0.00652%,75%,2-4周,https://tag.120ask.com/jibing/mxyxy/
内科,消化内科,假性黄疸,肝胆外科,由于过食胡萝卜、柑橘等食物引起皮肤、巩膜等出现黄染,所有人群,药物治疗,根据不同医院，收费标准不一致，市三甲医院约（500 —— 1000元）,否,0.1%--0.3%,90%以上,7--14天,https://tag.120ask.com/jibing/jxhd/
内科,消化内科,门静脉高压,肝病科,虚弱乏力、食欲减退、脾大、腹水、上消化道出血、面色苍白、或晦暗、或黄染,肝炎病史、酗酒史或血吸虫病史患者,药物治疗,根据不同医院，收费标准不一致，市三甲医院约（30000 —— 50000元,否,0.1%,60%,2-4周,https://tag.120ask.com/jibing/mjmgy/
内科,消化内科,母乳性黄疸,新生儿科,皮肤黄、巩膜黄、发烧,新生儿母婴血型不合,中医药物治疗、西医药物治疗,根据不同医院，收费标准不一致，市三甲医院约（2000 —— 5000元）,否,0.001%,90%,7-14天,https://tag.120ask.com/jibing/mrxh/
内科,消化内科,溃疡性结肠炎,消化内科,反复发生的肠道溃疡,多见于20~40岁人群,药物治疗、手术治疗,根据不同医院，收费标准不一致，市三甲医院约（3000-5000元）,否,0.023%,57%,30天,https://tag.120ask.com/jibing/kyxjcy/
内科,消化内科,结肠息肉,肛肠外科,腹痛、里急后重、便血、黏液便、便秘、结肠息肉、肠套叠,所有人群,药物治疗、手术治疗,根据不同医院，收费标准不一致，市三甲医院约（3000 —— 8000元）,否,人群患病概率0.09%,,手术治疗周期5-14天,https://tag.120ask.com/jibing/jcxr/
内科,消化内科,克罗恩病,消化内科,恶心、呕吐、阵发性痉挛性腹痛、脓血便、里急后重、进行性消瘦,青年女性,药物治疗、手术治疗,根据不同医院，收费标准不一致，市三甲医院约（3000-5000元）,否,0.002%,65%,3个月,https://tag.120ask.com/jibing/kleb/
内科,消化内科,酒精肝,消化内科,指甲呈扇形、肝肿大、肝病内容,酗酒的男性人群,药物治疗,根据不同医院，收费标准不一致，市三甲医院约（3000 —— 5000元）,否,酗酒者发病率约为5%,55%,终身间歇性保肝治疗,https://tag.120ask.com/jibing/jjg/
内科,消化内科,酒精性肝炎,肝病科,食欲减退、恶心、呕吐、腹痛、体重减轻、腹水、黄疸,嗜酒人群,药物治疗、营养治疗,根据不同医院，收费标准不一致，市三甲医院约15000--20000元,否,酗酒人群中本病的发病率约为0.01%-0.02%,60%,1-3年,https://tag.120ask.com/jibing/jjxgy/
内科,消化内科,酒精性脂肪肝,肝病科,右上腹胀痛、食欲不振、乏力、黄疸、蜘蛛痣、肝掌或可无症状,长期大量饮酒者,戒酒、药物治疗,根据不同医院，收费标准不一致，市三甲医院约（4000 —— 7000元）,否,本病一般成年男性多见，发病率在1-3%左右。,,本病治疗周期一般在1-3个月内。,https://tag.120ask.com/jibing/jjxzfg/
内科,消化内科,乳糜泻,消化内科,消瘦、乏力、恶心、厌食、稀便、舌炎、抽搐、骨痛、骨质疏松、抑郁、月经稀少、停经过早,儿童与青年,饮食疗法、药物治疗,根据不同医院，收费标准不一致，市三甲医院约（100-500元）,否,0.004%-0.007%(本病多与脂肪利用障碍有关，发病率约为0.004%-0.007%),50%-70%,1-3个月,https://tag.120ask.com/jibing/rmx/
内科,消化内科,细菌性肠炎,内科,发热、腹泻、里急后重,青壮年人群,药物治疗,根据不同医院，收费标准不一致，市三甲医院约（1000 —— 8000元）,是,0.05%,80%,2-3周,https://tag.120ask.com/jibing/xjxcy/
内科,消化内科,十二指肠溃疡,消化内科,上腹痛、上腹部不适、消化不良,所有人群,药物治疗、手术治疗,根据不同医院，收费标准不一致，市三甲医院约（3000 —— 5000元）,否,0.1%--0.2%,80-90%,10-30天,https://tag.120ask.com/jibing/sezcky/
内科,消化内科,食管癌,心胸外科,咽部有异物感、梗噎、血清甲胎蛋白升高、柏油便、进食困难、咽反射、食管出血、吞咽障碍、食管溃疡、食管体平滑肌部分蠕动停止、吞咽干食物时胸骨后有阻塞感或钝痛、吞咽困难,中老年人群,手术治疗、放化疗,根据不同医院，收费标准不一致，市三甲医院约（50000-80000元）,否,0.001%,80%,1-3个月,https://tag.120ask.com/jibing/shiguanai/
内科,消化内科,胃癌,肿瘤科、普外科,食欲减退、上腹部包块、疼痛、消瘦、恶病质、黑便、贫血,多见于60-80岁的老年人、男性多于女性、农村高于城市,化疗、放疗、手术以及中医中药治疗,根据不同医院，收费标准不一致，市三甲医院约（30000—— 50000元）,否,0.0001%-0.003%,10%(早起发现很重要),30天,https://tag.120ask.com/jibing/weiai/
内科,消化内科,胃病,消化内科,腹部不适、腹痛、恶心与呕吐、腹泻、胃部隐痛、间歇性胃痛、胃寒疼痛、胃热疼痛、缓脉、胃糜烂、上腹弥漫性压痛、胃肠气胀,40～50岁之间男性多于女性,药物治疗,根据不同医院，收费标准不一致，市三甲医院约（1000-5000元）,否,0.02%,75%,10-15天,https://tag.120ask.com/jibing/weibing/
内科,消化内科,消化道溃疡,内科,慢性、周期性、节律性中上腹部疼痛、嗳气、反酸、烧心、恶心、呕吐,中青年,药物治疗,根据不同医院，收费标准不一致，市三甲医院约300--500元,否,0.1%,90%,7-10天,https://tag.120ask.com/jibing/xhdky/
内科,消化内科,消化性溃疡,消化内科,上腹不适、胃酸缺乏、胃重复畸形、上腹胀、食欲不振,饮食不规律人群,药物治疗、饮食疗法,根据不同医院，收费标准不一致，市三甲医院约（3000 —— 5000元）,否,本病常见，发病率约为1%-5%,85%,8-12周,https://tag.120ask.com/jibing/xhxky/
内科,消化内科,浅表性胃炎,消化科,上腹部灼痛、隐痛、胀痛、腹胀、嗳气,20--50岁人群,药物治疗,根据不同医院，收费标准不一致，市三甲医院约（300 —— 800元）,否,1%,60%,3-6周,https://tag.120ask.com/jibing/qbxwy/
内科,消化内科,胃出血,消化科,胃痛、呕吐咖啡样内容物、柏油样便、头昏、心悸、恶心、口渴、面色苍白,胃炎及消化性溃疡患者,药物治疗、手术治疗,根据不同医院，收费标准不一致，市三甲医院约（8000 —— 10000元）,否,0.05%--0.07%(发病率约为0.05%--0.07%，多见于酗酒人群),85-90%,2-4周,https://tag.120ask.com/jibing/weichuxue/
内科,消化内科,胃穿孔,消化内科,突然发生剧烈腹痛、刀割或烧灼样痛、阵发生性加重、恶心、呕吐、腹胀、便秘、气腹、腹壁压痛、反跳痛、肌紧张,50岁以上人群,手术治疗,根据不同医院，收费标准不一致，市三甲医院约（5000-10000元）,否,消化性溃疡患者发病率约为0.1%,85%,2-6周,https://tag.120ask.com/jibing/weichuankong/
内科,消化内科,胃窦炎,内科,上腹部饱胀、隐痛、剧痛、常呈周期性发作、可伴有嗳气、反酸、呕吐、纳差、消瘦、厌食、持续性腹痛、失血性贫血,多发于30岁以上的男性,药物治疗,根据不同医院，收费标准不一致，市三甲医院约（500 —— 800元）,否,0.2%,90%,10天,https://tag.120ask.com/jibing/wdy/
内科,消化内科,胃溃疡,消化内科,胃痛、呕血黑便、胃部隐痛,成年男性人群,中医治疗、西医治疗、手术治疗,根据不同医院，收费标准不一致，市三甲医院约（3000 —— 5000元,否,0.02%,60-70%,8-12周,https://tag.120ask.com/jibing/weikuiyang/
内科,消化内科,胃泌素瘤,肿瘤科、胃肠外科,持续性和进行性腹痛、返酸、嗳气、流涎、恶心、呕吐、消瘦,所有人群,药物治疗、手术治疗,根据不同医院，收费标准不一致，市三甲医院约10000--30000元,否,发病率约为0.0005%--0.0009%，又叫做卓艾综合症,,8-12周,https://tag.120ask.com/jibing/wmsl/
内科,消化内科,萎缩性胃炎,内科,上腹部灼痛、胀痛、钝痛或胀满、尤以食后为甚、食欲不振、恶心、嗳气、便秘、严重者可有消瘦、贫血、胃粘膜糜烂者可伴有上消化道出血,慢性胃炎及贫血患者,药物治疗,根据不同医院，收费标准不一致，市三甲医院约（5000 —— 10000元）,否,0.02%(16～30岁患萎缩性胃炎占9%),60%,1-3个月,https://tag.120ask.com/jibing/wsxwy/
内科,消化内科,药物性肝病,肝病科、消化内科,丘疹、黄疸、发烧、食欲异常、转氨酶增高、食欲减退、上腹不适、恶心、肝脏肿大、肝内淤胆、畏寒、乏力,所有人群,药物治疗,根据不同医院，收费标准不一致，市三甲医院约（5000-10000元）,否,发病率约为0.005%-0.008%，多与长期使用抗结核药有关,90%,1-3个月,https://tag.120ask.com/jibing/ywxgb/
内科,消化内科,粘连性肠梗阻,普外科,腹胀、腹痛、恶心呕吐、排便障碍、低热,所有人群,药物、手术治疗,根据不同医院，收费标准不一致，市三甲医院约（10000 —— 30000元）,否,腹部手术后患者发生肠梗阻几率约为10%,85%，手术治疗为主,1-2个月,https://tag.120ask.com/jibing/zlxcgz/
内科,消化内科,应激性溃疡,消化内科,腹部疼痛、呕血或咖啡色样物、黑便,创伤、手术后、休克、服用损胃药物等人群,药物治疗、输血治疗,根据不同医院，收费标准不一致，市三甲医院约10000--30000,否,人群患病概率0.9%,,治疗周期7天,https://tag.120ask.com/jibing/yjxky/
内科,消化内科,胰腺假性囊肿,普外科,腹痛、横结肠移位、恶心与呕吐、消耗性体重下降,所有群体,手术治疗,根据不同医院，收费标准不一致，市三甲医院约（5000-10000元）,否,0.002%,75%,3-5周,https://tag.120ask.com/jibing/yxjxnz/
内科,消化内科,胰腺炎,消化内科,剧烈上腹痛、多向肩背部放射、上腹及腰背部有束带感、恶心呕吐,所有人群,药物治疗、手术治疗,根据不同医院，收费标准不一致，市三甲医院约（3000-5000元）,否,0.003%,95%,2-5周,https://tag.120ask.com/jibing/yixianyan/
内科,消化内科,乙肝,肝病科,转氨酶增高、消瘦乏力、恶心、食欲不振、肝肿大、抵抗力下降、发热、精神萎靡,所有人群,药物治疗、饮食疗法,根据不同医院，收费标准不一致，市三甲医院约（3000 —— 8000元）,是,10%,0.0001%,3-6月,https://tag.120ask.com/jibing/yg/
内科,消化内科,幽门梗阻,消化内科,腹部胀痛、胀满、嗳气和返酸、饭后明显、呕吐、消瘦、脱水、尿少、便秘,胃病患者,手术治疗、药物治疗,根据不同医院，收费标准不一致，市三甲医院约（8000 ——30000元）,是,在胃病人群中患病率为0.060%,,轻者药物治疗7天，重者有效手术药物治疗30天左右,https://tag.120ask.com/jibing/ymgz/
内科,消化内科,脂肪肝,消化内科,肝肿大、疲劳、消瘦、恶心呕吐、食欲异常、右上腹痛、血脂异常,所有人群,药物治疗、饮食疗法,根据不同医院，收费标准不一致，市三甲医院约（3000 —— 8000元）,否,1.5%(上述为成年人发病比例),90%,2-4个月,https://tag.120ask.com/jibing/zfg/
内科,消化内科,妊娠期急性脂肪肝,产科、消化内科,头痛、腹痛、乏力、水肿伴蛋白尿、恶心与呕吐、腹痛伴黄疸、凝血功能障碍、高血压、齿龈出血、皮肤瘀点、瘀斑、上消化道出血,孕妇,药物治疗,根据不同医院，收费标准不一致，市三甲医院约（1000-5000元）,否,0.005%,80%,2-6周,https://tag.120ask.com/jibing/rsqjxzfg/
内科,消化内科,吞气症,儿内科,嗳气、肠鸣、打嗝、烦躁不安、放屁频频、腹胀、麻痹、面色苍白,婴幼儿,对症治疗、饮食治疗,根据不同医院，收费标准不一致，市三甲医院约（20 0—— 600元）,否,0.2%,80%,2-4周,https://tag.120ask.com/jibing/tunqizheng/
内科,消化内科,蛔虫病,消化内科,发烧、咳嗽、嗜酸性粒细胞增多、食欲不振、恶心与呕吐、脐周疼痛、皮肤瘙痒、血管神经性水肿、咳痰、咯血、畏寒、乏力,所有人群,药物治疗,根据不同医院，收费标准不一致，市三甲医院约（3000 —— 5000元）,否,儿童发病率约为5%--10%,80-90%,1-2个周,https://tag.120ask.com/jibing/huichongbing/
内科,消化内科,蛲虫病,传染科,肛门瘙痒、外阴瘙痒、肛门夜间奇痒、食欲减退、恶心与呕吐、肛门湿疹、瘙痒、食欲异常,儿童人群,药物治疗,根据不同医院，收费标准不一致，市三甲医院约（1000--5000元）,否,0.0022%,80%,3-7天,https://tag.120ask.com/jibing/chongbing/
内科,消化内科,新生儿胆红素脑病,新生儿科,新生儿嗜睡、拒食、婴儿痉挛、发热、眼球震颤、呼吸困难、惊厥、角弓反张、新生儿绿牙或棕褐色牙,新生儿,药物治疗,根据不同医院，收费标准不一致，市三甲医院约10000--50000,否,新生儿患病概率2.1%,,治疗周期14天,https://tag.120ask.com/jibing/xsedhsnb/
内科,消化内科,食管炎,消化内科,吞咽疼痛、困难、心口灼热及胸骨后疼痛、反酸、出血及贫血,饮食不注意卫生、经常吃生硬的食物、有胃的炎症、食管痉挛、扩张、麻痹、肿瘤、经常吃刺激性的食物，喝酒、浓咖啡、浓茶等人为多见,西医药物治疗、手术治疗,根据不同医院，收费标准不一致，市三甲医院约（200 —— 8000元）,否,0.5%,80%,1-2个月,https://tag.120ask.com/jibing/shiguanyan/
内科,消化内科,胃食管反流病,消化内科,胃部灼热、反酸、吞咽痛 、胸痛、吞咽困难,成年人,药物治疗、手术治疗,根据不同医院，收费标准不一致，市三甲医院约（1000 —— 5000元）,否,0.02%,70%,14-30天,https://tag.120ask.com/jibing/weishiguanfanliubing/
内科,消化内科,胃息肉,普外科,上腹部疼痛、腹胀、恶心、呕吐、上消化道出血、吞咽困难、黑便、腹痛、息肉、上腹不适,60岁以后,手术治疗,根据不同医院，收费标准不一致，市三甲医院约（5000-10000元）,否,0.5%,90%,3-6周,https://tag.120ask.com/jibing/weixirou/
内科,消化内科,胃炎,消化内科,上腹不适、疼痛、厌食和恶心、呕吐,饮食不节人群,药物治疗,根据不同医院，收费标准不一致，市三甲医院约（3000 —— 8000元）,否,0.1%,80%,7-14天,https://tag.120ask.com/jibing/weiyan/
内科,消化内科,胃轻瘫综合征,消化内科,胃窦动力低下、胃容纳性减弱、胃排空延缓、上腹不适,所有群体,病因治疗、对症治疗,根据不同医院，收费标准不一致，市三甲医院约（5000-10000元）,否,0.003%,40%,1-3个月,https://tag.120ask.com/jibing/wqtzhz/
内科,消化内科,急性胃扩张,消化内科,腹胀、上腹部疼痛、脐周疼痛、恶心、呕吐、脱水、烦躁不安、呼吸急促、四肢抽搐、血压下降、震水音、休克,所有人群,药物治疗,根据不同医院，收费标准不一致，市三甲医院约（3000 —— 8000元）,否,人群患病概率0.015%,,治疗周期7天,https://tag.120ask.com/jibing/jxwkz/
内科,消化内科,结肠炎,消化内科,腹胀腹痛、腹泻肠鸣、里急后重,饮食不节的人群,药物治疗,根据不同医院，收费标准不一致，市三甲医院约（1000 —— 3000元）,否,0.05%(夏季常见),95%以上(小于5%发展成为慢性，迁延不愈。),1周,https://tag.120ask.com/jibing/jcy/
内科,消化内科,甲型病毒性肝炎,肝病科,肝区痛、恶心、呕吐、腹胀、乏力、食欲不振、食欲减退、厌油、黄疸,儿童和青少年,药物治疗,根据不同医院，收费标准不一致，市三甲医院约（3000-5000元）,是,15%,95%,3-5周,https://tag.120ask.com/jibing/jxbdxgy/
内科,消化内科,丙肝,肝病科,全身乏力、食欲减退、恶心呕吐、黄疸、尿黄、肝功能异常、肝区痛,所有人群,药物治疗、支持疗法,根据不同医院，收费标准不一致，市三甲医院约（5000 —— 8000元）,是,0.005%,90%,3-7周,https://tag.120ask.com/jibing/binggan/
内科,消化内科,丁肝,传染病科,乏力、食欲不振、肝区不适、黄疸,乙肝病毒携带者、乙肝患者,药物治疗,根据不同医院，收费标准不一致，市三甲医院约（20000 —— 80000元）,是,5-10%,10%,120天,https://tag.120ask.com/jibing/dg/
内科,消化内科,戊肝,消化内科,发热、倦怠乏力、食欲缺乏、恶心、呕吐、上腹不适、肝区痛、腹胀、腹泻,中青年,药物治疗,根据不同医院，收费标准不一致，市三甲医院约1000-2000元,是,0.01%,80%,10-20天,https://tag.120ask.com/jibing/wg/
内科,消化内科,肠炎,消化内科,恶心呕吐、腹胀腹痛、腹泻、蛋花样、水样便食或粘液脓血便,所有人群,药物治疗,根据不同医院，收费标准不一致，市三甲医院约（1000 —— 3000元）,否,0.35%(本病是常见病，一般发生率在90%以上健康人群),98%(经过系统治疗本病都能系统治愈，治愈率在98%以上。),2--3天,https://tag.120ask.com/jibing/changyan/
内科,消化内科,农药中毒,急诊科,嘴部麻木、感觉刺痛、厌食、流涎、恶心、哎吐、腹泻、肌肉震颤、抽搐、麻痹、食欲不振、头痛、全身不适、眼结膜发炎、流泪、皮肤发紫,主要发生于农药厂生产的包装工和农村施用农药人员,药物治疗,根据不同医院，收费标准不一致，市三甲医院约（5000 —— 10000元）,否,农民、蓄意自杀者、农药制造业工作人员多见，发病率约为0.01%，有机磷中毒者多见,85%，具体情况根据中毒的轻重以及急救的时间来定。百草枯无法治愈，死亡率100%,1-3个月,https://tag.120ask.com/jibing/nyzd/
内科,消化内科,神经性呕吐,消化内科,神经性呕吐、营养不良,所有群体,药物治疗,根据不同医院，收费标准不一致，市三甲医院约（100-500元）,否,0.02%,70%,5--10天,https://tag.120ask.com/jibing/sjxot/
内科,消化内科,胆囊管综合征,消化内科,胆绞痛、疼痛、体重减轻、胆囊运动障碍,所有人群尤其是嗜食肥甘厚味人群,药物治疗、手术治疗,根据不同医院，收费标准不一致，市三甲医院约（3000 —— 8000元）,否,0.002%-0.005%,75%(外科手术治疗),8-12周,https://tag.120ask.com/jibing/dngzhz/
内科,消化内科,巴雷特食管,消化内科,反酸、胃灼热、胸骨后疼痛、上腹部疼痛、食管蠕动功能减弱、食管壁纤维化、食管腔梗阻、烧心、食管出血、缺铁性贫血、慢性贫血、气道和食管之间的瘘管,所有人群,药物治疗,根据不同医院，收费标准不一致，市三甲医院约（1000 —— 5000元）,否,0.0001%,35%,10-30天,https://tag.120ask.com/jibing/bltsg/
内科,消化内科,食管裂孔疝,心胸外科,嗳气、呃逆、打嗝、恶心与呕吐、胸骨后疼痛、腹痛、反胃、咽痛声哑、咯血、气短、心悸、胸闷,所有群体,药物治疗、手术治疗,根据不同医院，收费标准不一致，市三甲医院约（5000-10000元）,否,0.03%,89%,7天,https://tag.120ask.com/jibing/sglk/
内科,消化内科,食管失弛缓症,消化内科,食管溃疡、吞咽障碍、胸痛、消化道狭窄、吞咽困难、食管痉挛、胃食管反流症状、食物返流至鼻腔、体重减轻,所有群体,药物治疗、手术治疗,根据不同医院，收费标准不一致，市三甲医院约（5000-10000元）,否,0.076%,82.3%,14天,https://tag.120ask.com/jibing/sgschz/
内科,消化内科,铁中毒,急诊科,腹部不适、腹痛、恶心与呕吐、腹泻、休克、呕血与黑便、头痛、便血、黑便、昏睡、烦躁不安、呕血,所有人群,药物治疗、洗胃,根据不同医院，收费标准不一致，市三甲医院约10000--30000,否,0.0003%-0.0005%(多见于补铁过多者),85%,2-4周,https://tag.120ask.com/jibing/tiezhongdu/
内科,消化内科,氰化物中毒,急诊科,头晕、头痛、乏力、胸闷、心悸、恶心、呕吐、呼吸困难、呼出气中带有杏仁味、血压升高、心律失常、意识障碍、皮肤粘膜呈鲜红色,接触或吸入氰化物者,西药治疗,根据不同医院，收费标准不一致，市三甲医院约（2000 —— 10000元）,否,0.0001%-0.0005%,40%,2-3个月,https://tag.120ask.com/jibing/qhwzd/
内科,消化内科,甲醇中毒,急诊科,头痛、眼痛、头晕、乏力、头昏、失眠、谵妄、意识模糊、复视、视网膜出血、视神经乳头苍白、视神经萎缩,所有人群,催吐、药物治疗,根据不同医院，收费标准不一致，市三甲医院约（5000 —— 10000元）,否,0.003%,80%,3-6周,https://tag.120ask.com/jibing/jczd/
内科,消化内科,吸入性肺炎,呼吸内科,痉挛性咳嗽、呼吸困难、发绀、咳泡沫黏液痰、血丝痰、肺部可闻及干湿啰音及哮鸣音、低氧血症、急性呼吸窘迫综合征、代谢性酸中毒、吸入综合征、水肿,所有人群,药物治疗,根据不同医院，收费标准不一致，市三甲医院约（3000 —— 8000元）,否,0.05%,95%,1-3月,https://tag.120ask.com/jibing/xrxfy/
内科,消化内科,胃粘膜脱垂症,消化内科,嗳气、腹胀、中上腹持续性疼痛、上腹部压痛、胃粘膜脱垂、绞痛、放射性疼痛、腹痛伴恶心、呕吐,所有群体,对症治疗,根据不同医院，收费标准不一致，市三甲医院约（500-1000元）,否,0.02%,60%,30天,https://tag.120ask.com/jibing/wzmtcz/
内科,消化内科,肠道菌群失调症,消化内科,腹泻、水样便、腹胀、黄色蛋花样稀便、恶心呕吐、腹痛、粪便带绿色、腹鸣,所有人群,饮食、药物治疗,根据不同医院，收费标准不一致，市三甲医院约（1000 —— 5000元）,否,10%,95%,1-3周,https://tag.120ask.com/jibing/cdjqsdz/
内科,消化内科,内脏损伤,普外科,胸痛、咳嗽、腹痛、血压降低,受外伤的患者多见,外科手术治疗、药物治疗,根据不同医院，收费标准不一致，市三甲医院约（10000 —— 30000元）,否,0.01%,60%,10天,https://tag.120ask.com/jibing/nzss/
内科,消化内科,十二指肠憩室,普外科,右上腹痛、恶心与呕吐、腹胀、腹泻、呕血、便血、发烧、腹痛、黄疸、脐周疼痛、胃肠气胀,所有人群,手术治疗、一般治疗（胃肠减压）,根据不同医院，收费标准不一致，市三甲医院约（3000 —— 5000元),否,发病率约为0.003%--0.007%,,1-3个月,https://tag.120ask.com/jibing/sezcs/
内科,消化内科,肠息肉,肛肠外科,便血、粘液便、便秘、腹痛、腹泻、肠套叠、腹绞痛、肠道出血,所有人群,手术治疗、内镜治疗,根据不同医院，收费标准不一致，市三甲医院约（3000 —— 5000元）,否,发生率2%,95%可以治愈,1-2周,https://tag.120ask.com/jibing/cxr/
内科,消化内科,肛门闭锁,肛肠外科,恶心、呕吐、便秘、胃肠气胀、腹部肿块、肛区为皮肤覆盖,所有人群,饮食、药物、手术治疗,根据不同医院，收费标准不一致，市三甲医院约（20000 —— 50000元）,否,0.0001%,60%,2-4个月,https://tag.120ask.com/jibing/gmbs/
内科,消化内科,结肠瘘,肛肠外科,腹痛、腹肌紧张、发烧、消化道穿孔,所有人群,药物治疗,根据不同医院，收费标准不一致，市三甲医院约（3000 —— 8000元）,否,发病率约为0.0001%-0.0005%，非常罕见,,1-3个月,https://tag.120ask.com/jibing/jiechang/
内科,消化内科,直肠脱垂,肛肠外科,直肠脱垂、排便不尽感、肛门坠胀、里急后重、肛门疼痛、便血,幼年期，老年期，久病体弱和身体瘦高者，女性高于男性,药物治疗,根据不同医院，收费标准不一致，市三甲医院约（3000 —— 5000元,否,发病率约为0.002%--0.004%,80%,1-3个月,https://tag.120ask.com/jibing/zctc/
内科,消化内科,盆底痉挛综合症,消化内科,扭转动作、阵挛、痉挛性斜颈、胃肠气胀、便血、便秘,所有群体,手术治疗,根据不同医院，收费标准不一致，市三甲医院约（5000-10000元）,否,0.012%,60%,10-30天,https://tag.120ask.com/jibing/pdjlzhz/
内科,消化内科,肝脓肿,肝胆外科,肝区痛、发烧、腹泻、黄疸、脓胸,肝病患者,药物治疗、手术治疗,根据不同医院，收费标准不一致，市三甲医院约（3000-8000元）,否,0.005%,90%,1-3月,https://tag.120ask.com/jibing/gannongzhong/
内科,消化内科,壶腹周围癌,肝胆外科,黄疸、腹痛、胃肠气胀、肝肿大、体重减轻,50岁至70岁,手术治疗,根据不同医院，收费标准不一致，市三甲医院约（10000-50000元）,否,0.006%,60%,1-3个月,https://tag.120ask.com/jibing/hfzwa/
内科,消化内科,膈疝,普外科,气急、心悸、咳嗽、发绀、腹痛、呕吐,多发生于40岁以上，女性（尤其是肥胖的经产妇)多于男性,手术治疗,根据不同医院，收费标准不一致，市三甲医院约（3000 —— 8000元）,否,0.001%,60%,7-10天,https://tag.120ask.com/jibing/geshan/
内科,消化内科,食管憩室,消化内科,吞咽困难、食物返流、食管痉挛、食管反流症状、咽异物 口涎增多、进行性下咽困难、 打嗝、反胃,中老年人、男性多见,药物、手术治疗,根据不同医院，收费标准不一致，市三甲医院约（3000 ——5000元）,否,0.02%,80%,3-6月,https://tag.120ask.com/jibing/sgs/
内科,消化内科,贲门失驰症,消化内科,吞咽困难、胸骨后疼痛、中上腹持续性疼痛、食物反流、体重减轻、出血,所有人群,药物治疗、手术治疗,根据不同医院，收费标准不一致，市三甲医院约（10000--30000元）,否,0.001%,60%,7-14天,https://tag.120ask.com/jibing/mscz/
内科,消化内科,直肠息肉,肛肠外科,息肉、肛乳头肥大、息肉样损害、里急后重、便血、排便不尽感、脓血便、便血鲜红,男性较女性多见,药物治疗、手术治疗,根据不同医院，收费标准不一致，市三甲医院约（2000 —— 4000元,否,发病率约为0.05%-0.08%,,2周,https://tag.120ask.com/jibing/zcxr/
内科,消化内科,厌食症,精神心理科,血压低、食欲减退、焦虑、体重减轻、毛发呈脱发样,多发生于青少年期(约85%发病于13至20岁之间)，而女性的患病率较男性高约十倍，患病期可长达几个月至数年不等,药物治疗、手术治疗、心理治疗,根据不同医院，收费标准不一致，市三甲医院约10000-50000元,否,0.002%,30%,>120天,https://tag.120ask.com/jibing/yanshizheng/
内科,消化内科,妊娠呕吐,妇科,孕早期出现晨起恶心、呕吐、头晕、直至频繁呕吐不能进食，呕吐物中有胆汁或咖啡样物质,孕妇,中药、西药,根据不同医院，收费标准不一致，市三甲医院约（2000—— 3000元）,否,90%(本症状一般在妊娠期女性常见症状，一般出现率在90%以上),98%(经过系统调整，98%都能安全度过。),10天,https://tag.120ask.com/jibing/rsot/
内科,消化内科,小儿先天性巨结肠,儿外科,不排胎便、顽固性便秘、呕吐、腹胀、食欲下降、结肠梗阻,婴幼儿,药物治疗、手术治疗,根据不同医院，收费标准不一致，市三甲医院约（1000-5000元）,否,婴幼儿患病概率0.24%,,手术治疗周期14天,https://tag.120ask.com/jibing/xextxjjc/
内科,消化内科,小儿急性胰腺炎,儿内科、普外科,发热、上腹疼痛、恶心呕吐、腹压痛反跳痛呕吐、上腹及腰背部有“束带感”、脐周或两侧腰部呈蓝灰色改变,4岁以上小儿,药物治疗,根据不同医院，收费标准不一致，市三甲医院约（3000 —— 8000元）,否,属于小儿急性疾病，一般发生率在3%左右,,2-4周,https://tag.120ask.com/jibing/xejxyxy/
内科,消化内科,小儿急性胆囊炎,普外科,腹痛、黄疸、恶心、呕吐,有蛔虫、胆道畸形的小儿多见,药物治疗、手术治疗,根据不同医院，收费标准不一致，市三甲医院约（10000 —— 30000元）,否,0.9%,96%,3-5周,https://tag.120ask.com/jibing/xejxdny/
内科,消化内科,浓缩胆汁综合征,消化内科,胆囊运动障碍、黄疸、胆汁返流、胆汁潴留、胆囊积水,所有群体,对症治疗,根据不同医院，收费标准不一致，市三甲医院约（5000-10000元）,否,发病率约为0.001%--0.004%,65-70%,1-3个月,https://tag.120ask.com/jibing/nsdzzhz/
内科,消化内科,儿童腹痛,消化内科,右上腹阵发性绞痛、左下腹痛、右下腹痛、急性腹痛、腹痛、阵发性腹痛,所有人群,药物治疗,根据不同医院，收费标准不一致，市三甲医院约（2000-4000元）,否,0.5%,80%,3--7天,https://tag.120ask.com/jibing/etft/
内科,消化内科,半乳糖血症,消化内科,拒食、呕吐、恶心、腹泻、婴儿体重增长缓慢或不增加、肝肿大、黄疸、腹胀、低血糖症、蛋白尿、发音障碍、白内障,儿童,药物治疗,根据不同医院，收费标准不一致，市三甲医院约（2000 —— 5000元）,否,0.001%,30%,2个月,https://tag.120ask.com/jibing/brtxz/
内科,消化内科,轮状病毒性肠炎,儿内科,发热、咳嗽、流鼻涕、全身乏力、酸痛、头晕头痛、腹胀腹鸣、腹痛腹泻、恶心呕吐,3岁一下小儿,药物治疗,根据不同医院，收费标准不一致，市三甲医院约（500 —— 1000元）,是,儿童发病率10%,80%,2-4周,https://tag.120ask.com/jibing/lzbdxcy/
内科,消化内科,汞中毒,急诊科,咽喉干燥及灼热感、齿龈炎、口腔溃疡、牙龈肿胀、发烧、化学性支气管炎、肺部感染、呼吸衰竭、肾功能衰竭、皮炎、红斑样皮疹、牙龈出血,所有人群,药物治疗,根据不同医院，收费标准不一致，市三甲医院约2000-5000元,否,0.003%,30%,10天,https://tag.120ask.com/jibing/gongzhongdu/
内科,消化内科,念珠菌病,消化内科、皮肤科,念珠菌感染、口腔念珠菌感染	、皮肤轻度糜烂、脓疱、发烧、疱疹、粘膜有粘着性白斑、白色念珠菌感染、口腔难愈的白色片状物、真菌感染、吞咽痛、吞咽困难,所有群体,药物治疗,根据不同医院，收费标准不一致，市三甲医院约（300-500元）,否,0.003%,80%,7-14天,https://tag.120ask.com/jibing/nzjb/
内科,消化内科,副伤寒,感染科,发烧、腹泻、恶心与呕吐、腹痛、烦躁不安、肝肿大、脾肿大、昏冒、周身不适、乏力、食欲减退、咽痛,所有人群,药物治疗,根据不同医院，收费标准不一致，市三甲医院约（2000 —— 5000元）,是,0.0025%,60%,14天,https://tag.120ask.com/jibing/fushanghan/
内科,消化内科,钩虫病,感染科,食欲异常、皮肤瘙痒、水肿、疲乏、贫血、营养不良、发烧、腹泻、咳嗽、指甲突然变白、异嗜癖、毛发干燥易断,所有人群,药物治疗,根据不同医院，收费标准不一致，市三甲医院约（500 —— 2000元）,是,0.052%,85%,10-20天,https://tag.120ask.com/jibing/gouchongbing/
内科,消化内科,绦虫病,感染科,腹痛、腹泻、腹胀、乏力、粪便中发现白色节片、恶心、肛门瘙痒,无特殊发病群体,药物治疗,根据不同医院，收费标准不一致，市三甲医院约（1000-3000元）,是,0.001%,70%,3-7天,https://tag.120ask.com/jibing/tiaochongbing/
内科,消化内科,猫抓病,感染科,斑丘疹 、红斑结节、脓疱、淋巴结肿大、肝肿大、脾肿大、脑膜炎、疱疹、低热、头痛、乏力、厌食,儿童,药物治疗,根据不同医院，收费标准不一致，市三甲医院约（3000 —— 8000元）,是,0.0003%-0.0005%,65%-75%,1-3年,https://tag.120ask.com/jibing/maozhuabing/
内科,消化内科,空调病,呼吸内科,畏冷不适、疲乏无力、四肢肌肉关节酸痛、头痛、腰痛、严重的还可引起口眼歪斜,所有人群,药物治疗,根据不同医院，收费标准不一致，市三甲医院约（300 —— 500元）,否,2%,90%,5-10天,https://tag.120ask.com/jibing/kongtiaobing/
内科,消化内科,蛔虫性肠梗阻,胃肠外科,脐周阵发性绞痛、恶心呕吐、粪便中查见虫卵、腹胀,儿童多见,药物、中医、手术治疗,根据不同医院，收费标准不一致，市三甲医院约（1000 —— 5000元）,否,0.02%,80%,2-4月,https://tag.120ask.com/jibing/hcxcgz/
内科,消化内科,脾功能亢进,消化内科,脾肿大、面色苍白、头晕、心悸、贫血、头痛、头昏、腹胀、进食后饱胀感,所有人群,药物、手术治疗,根据不同医院，收费标准不一致，市三甲医院约（5000 —— 10000元）,否,0.025%,,治疗周期咋2-4个月。,https://tag.120ask.com/jibing/pgnkj/
内科,消化内科,胃痉挛,内科,腹痛、呕吐,年轻人,药物治疗,根据不同医院，收费标准不一致，市三甲医院约（500 —— 1000元）,否,5%,100%,3天,https://tag.120ask.com/jibing/weijingluan/
内科,消化内科,食道溃疡,消化内科,烧心、反酸、胸骨后疼痛、进食疼痛、黑便,中老年人,药物治疗,根据不同医院，收费标准不一致，市三甲医院约（1000—— 3000元）,否,0.001%,70%,15天,https://tag.120ask.com/jibing/sdky/
内科,消化内科,消化不良,消化内科、中医科,腹痛、腹泻、恶心厌食、嗳气,所有人群,药物疗法,根据不同医院，收费标准不一致，市三甲医院约（500-1000）,否,本病可以发生任何年龄段人群，95%比例人群都会出现此类症状。,,3-7周,https://tag.120ask.com/jibing/xhbl/
内科,消化内科,肠胃炎,消化内科,恶心、呕吐、腹痛、腹泻,婴幼儿、老年人、体弱者,药物治疗,根据不同医院，收费标准不一致，市三甲医院约（2000 —— 4000元）,否,0.01%--20%(常见疾病，急性发病率约为10-20%，慢性约为0.01--0.03%),90%(急性治愈率90%，少部分发展成为慢性),1--2周(急性治疗1-2周，慢性治疗2-4年),https://tag.120ask.com/jibing/changweiyan/
内科,消化内科,腹泻,消化内科,大小便潴留、 发热伴有腹痛、腹泻、恶心、呕吐 腹痛伴腹泻,所有人群,药物治疗、饮食治疗,根据不同医院，收费标准不一致，市三甲医院约（1000 —— 3000元）,否,0.12%,98%,3-7天,https://tag.120ask.com/jibing/fuxie/
内科,消化内科,腹痛,消化内科,疼痛、肠道痉挛、消化不良、食欲不振,所有人群,药物治疗、手术治疗,根据不同医院，收费标准不一致，市三甲医院约（3000 —— 6000元）,否,0.003%,95%,7-10天,https://tag.120ask.com/jibing/futong/
内科,消化内科,便秘,消化内科,排便次数减少、粪便量减少、粪便干结、排便费力,女性多于男性，老年多于青、壮年,生活治疗、药物治疗、生物反馈训练、手术治疗,根据不同医院，收费标准不一致，市三甲医院约（100-500元）,否,0.1%,75%,30--60天,https://tag.120ask.com/jibing/bianmi/
内科,消化内科,慢性胃炎,消化内科,胃酸减少、进食呕吐、胃酸过多、食欲较差、肠胀气、胃慢性出血、胃酸缺乏、食欲下降、胃痉挛、间歇性胃痛、胃部隐痛、慢性胃痛,男性多于女性,药物治疗,根据不同医院，收费标准不一致，市三甲医院约（1000-5000元）,否,15%,85%,3-5月,https://tag.120ask.com/jibing/mxwy/
内科,消化内科,慢性腹泻,消化内科,腹泻、腹痛伴腹泻、病毒性腹泻、习惯性腹泻、生理性腹泻、里急后重、腹痛、腹部肿块、消瘦、口唇泛黑、营养不良性水肿、脂肪泻,无特殊发病群体,药物治疗,根据不同医院，收费标准不一致，市三甲医院约（500-2000元）,否,0.02%,80%,7-14天,https://tag.120ask.com/jibing/mxfx/
内科,消化内科,慢性浅表性胃炎,消化内科,腹痛、腹胀、恶心、反酸、食欲不振或无临床症状,长期饮食不规律者,饮食疗法、药物疗法,根据不同医院，收费标准不一致，市三甲医院约（3000- —— 6000元）,否,80%,96%,3-6月,https://tag.120ask.com/jibing/mxqbxwy/
内科,消化内科,急性肠炎,消化内科,腹痛、腹泻、恶心、呕吐、发热,所有人群,药物治疗,根据不同医院，收费标准不一致，市三甲医院约3000--6000,否,0.5%,99%,3-5天,https://tag.120ask.com/jibing/jxcy/
内科,消化内科,慢性萎缩性胃炎,消化内科,腹胀、腹痛、上腹部不适、早饱感、嗳气、恶心、消化不良、食欲不振,长期饮食不规律及有浅表性胃炎者,饮食、药物疗法,根据不同医院，收费标准不一致，市三甲医院约（4000 —— 6000元）,否,0.2%,60%,1-3个月,https://tag.120ask.com/jibing/mxwsxwy/
内科,消化内科,胃肿瘤,普外科、肿瘤科,胃部不适、疼痛、呕血、黑便,胃溃疡患者,手术治疗,根据不同医院，收费标准不一致，市三甲医院约（50000 —— 80000元）,否,0.0025%,70%,6个月,https://tag.120ask.com/jibing/weizhongliu/
内科,消化内科,食道癌,胸外科、肿瘤科,吞咽时梗噎感、胸骨后烧灼、针刺样、呕吐、腹痛、体重减轻,长期食卤制品、霉变食品、吸烟喝酒等人群、遗传,手术治疗、放疗、化疗,根据不同医院，收费标准不一致，市三甲医院约（20000--50000元）,否,0.005%--0.007%(酗酒人群中发病率约为0.01%),60%(外科手术治疗),1-2个月,https://tag.120ask.com/jibing/shidaoai/
内科,消化内科,原发性胆汁性肝硬化,肝胆外科,黄疸、巩膜黄染、肝肿大、脾肿大、肝腹水、肝气不足、肝脏轻度脂肪变性、球蛋白异常、胆囊增大、胆汁潴留、血吸虫导致的肝硬化、脂肪泻,无特发人群,药物治疗、肝移植,根据不同医院，收费标准不一致，市三甲医院约（20000 ——50000元）,否,0.002%,85%,3-6月,https://tag.120ask.com/jibing/yfxdzxgyh/
内科,消化内科,自身免疫性肝炎,消化内科,乏力、黄疸、肝脾肿大、皮肤瘙痒、体重下降、关节酸痛、低热、乏力、皮疹、闭经,女性多见,药物治疗,根据不同医院，收费标准不一致，市三甲医院约8000--15000,否,0.003%,30%,6-24个月,https://tag.120ask.com/jibing/zsmyxgy/
内科,消化内科,慢性结肠炎,消化内科,反复发作左下腹疼、腹胀腹泻、里急后重、时便下沾液、便秘或泄泻交替性发生,所有人群,药物治疗,根据不同医院，收费标准不一致，市三甲医院约（2000 —— 4000元）,否,发病率约为0.1%-0.5%,,1-2个月，本病有复发倾向,https://tag.120ask.com/jibing/mxjcy/
内科,消化内科,急性胃炎,消化内科,胃粘膜充血、食欲不振、嗳气、发热伴有腹痛、腹泻、恶心、呕吐、失水、休克、上消化道出血、胃脘饱胀,所有人群,药物治疗,根据不同医院，收费标准不一致，市三甲医院约（1000-5000元）,否,10%,95%,3-6周,https://tag.120ask.com/jibing/jxwy/
内科,消化内科,妊娠合并急性胆囊炎,产科、肝胆外科,发热伴寒战、右上腹持续性剧痛并向右肩部放射、恶心与呕吐、腹痛，发热及黄疸、休克、腹肌紧张、下腹部反跳痛,妊娠晚期和产褥期多见,饮食、对症、手术治疗,根据不同医院，收费标准不一致，市三甲医院约（5000 —— 8000元）,否,0.001%,80%,10天,https://tag.120ask.com/jibing/rshbjxdny/
内科,消化内科,神经性贪食,神经内科,暴饮暴食、烦躁不安、呕吐、交替性暴食厌食,所有人群,心理治疗、药物治疗,根据不同医院，收费标准不一致，市三甲医院约5000--10000元,否,0.0003%,65%,1-3年,https://tag.120ask.com/jibing/sjxts/
内科,消化内科,胃食管返流病,消化内科,胸痛、胸骨后灼热感、上腹部疼痛和恶心、反酸（晨起时加剧）,所以人群,药物治疗,根据不同医院，收费标准不一致，市三甲医院约（3000 —— 5000元）,否,0.05%--0.08%,70-80%,4-8周,https://tag.120ask.com/jibing/wsgflb/
内科,消化内科,酒精性肝硬化,肝病科、消化内科,腹水、脾肿大、肢体乏力、恶心欲呕、出血,嗜酒人群,西药治疗、中药治疗,根据不同医院，收费标准不一致，市三甲医院约5000--10000,否,酗酒者发病率约为10%,50%,3-6个月,https://tag.120ask.com/jibing/jjxgyh/
内科,消化内科,胆汁反流性胃炎,消化内科,多数餐后上腹部持续性烧灼痛、胸骨后痛、呕吐胆汁、腹泻、体重减轻,多见于胃切除、胃肠吻合术后人群,药物治疗、手术治疗,根据不同医院，收费标准不一致，市三甲医院约5000--10000元,否,0.012%,80%,7-10天,https://tag.120ask.com/jibing/dzflxwy/
内科,消化内科,细菌性痢疾,消化内科,恶心、呕吐、腹痛、腹泻、里急后重,所有人群,药物治疗,根据不同医院，收费标准不一致，市三甲医院约（1000-5000元）,是,本病属于常见疾病2%以上人群可以出现,,7-14天,https://tag.120ask.com/jibing/xjxlj/
内科,消化内科,肠道病毒71型感染,消化内科、感染科,发烧、脑膜炎、瘫痪、斑丘疹 、休克、腹泻、肠道转运障碍、腹痛、淋巴液流出、肠道蛔虫感染、肠道功能紊乱、肠道血管畸形,所有人群,药物治疗,根据不同医院，收费标准不一致，市三甲医院约（3000 —— 5000元）,否,儿童发病率约为0.2%-0.5%，也叫做手足口病,85%,1个月,https://tag.120ask.com/jibing/cdbd71xgr/
内科,消化内科,食管狭窄,心胸外科,进餐后的食物反流、呛咳、发绀,婴幼儿、老年人,手术治疗，西药,根据不同医院，收费标准不一致，市三甲医院约（5000—— 10000元）,否,0.05--0.1%,30--40%,2--8周,https://tag.120ask.com/jibing/sgxz/
内科,消化内科,胆管癌,肝胆外科,胆汁排泄受阻、消瘦、胆囊的超敏反应、胆囊运动障碍、黄疸、腹痛、脾肿大、胆囊增大、鼠尾征、小胆管扭曲,发病年龄多为50～70岁，但也可见于年轻人,手术治疗,根据不同医院，收费标准不一致，市三甲医院约（10000-50000元）,否,50岁以上中老年人群中本病的发生率约为0.004%-0.005%,,8-12周,https://tag.120ask.com/jibing/danguanai/
内科,消化内科,布卡综合症,消化内科,肝肿大、脾肿大、腹水、黄疸,发病高峰年龄为25～35岁,介入治疗、手术治疗、药物治疗,根据不同医院，收费标准不一致，市三甲医院约（50000 —— 80000元）,否,0.0001%,30%,3个月,https://tag.120ask.com/jibing/bkzhz/
内科,消化内科,先天性胆道闭锁,肝胆外科,黄疸、尿黄似浓茶、肝脾肿大、精神萎靡、营养不良、腹水、出血倾向、胆道闭锁,女多于男，约1.5：1,手术治疗,根据不同医院，收费标准不一致，市三甲医院约（5000-10000元）,否,0.0035%,65%,1个月,https://tag.120ask.com/jibing/xtxddbs/
内科,消化内科,原发性肝癌,肝胆外科、肿瘤科,右上腹不适、腹胀、乏力、纳差、食欲下降、腹水、黄疸、肝区痛、消瘦、肝肿大、肝区痛、,中老年人群,手术治疗,根据不同医院，收费标准不一致，市三甲医院约（50000-100000元）,否,乙肝患者发病率可达2%,5年生存率30%,2-4年,https://tag.120ask.com/jibing/yfxga/
内科,消化内科,肠瘘,消化内科,发烧、腹胀、腹痛、营养不良、腹部不适、腹腔感染、感染性发热、腹部压痛、混合型酸碱平衡紊乱、胃肠道出血、肠麻痹软瘫、广泛性与不定位性腹痛,所有群体,药物治疗、手术治疗,根据不同医院，收费标准不一致，市三甲医院约（2000-5000元）,否,0.005%,70%,30天,https://tag.120ask.com/jibing/chang/
内科,消化内科,腹膜后血肿,普外科,轻微腹痛、腹胀、腰背痛、肠鸣音减弱、严重者可伴有休克,外伤史患者,药物治疗、手术治疗,根据不同医院，收费标准不一致，市三甲医院约（30000 —— 50000元）,否,0.035%,80%,2-4周,https://tag.120ask.com/jibing/fmhxz/
内科,消化内科,肠肿瘤,肿瘤科,腹部肿块、疼痛剧烈、贫血、便血、粪便次数多且不成形、消瘦乏力,所有人群,手术治疗、放射治疗、化学治疗,根据不同医院，收费标准不一致，市三甲医院约40000--80000元,否,0.008%,80%,2-6月,https://tag.120ask.com/jibing/changzhongliu/
内科,消化内科,先天性巨结肠,消化内科,新生儿便秘、新生儿腹胀、呕吐、结肠梗阻、食欲下降、巨大的结肠、胃肠气胀、不排胎便,婴幼儿人群,药物治疗、手术治疗,根据不同医院，收费标准不一致，市三甲医院约（2000-5000元）,否,0.029%,70%,1-3个月,https://tag.120ask.com/jibing/xtxjjc/
内科,消化内科,脾破裂,普外科,休克、腹痛、内出血、腹膜刺激征、左上腹痛、腹部压痛、腹肌紧张、肩部牵涉痛,青壮年群体,手术治疗、药物治疗,根据不同医院，收费标准不一致，市三甲医院约（30000-80000元）,否,发病率几乎占各种腹部损伤的50%左右,50%,2-4周,https://tag.120ask.com/jibing/pipolie/
内科,消化内科,先天性肥厚性幽门狭窄,普外科,脱水、幽门管狭窄、呕吐、腹部肿块、营养不良、低氯性碱中毒、呼吸浅慢、四肢抽搐、代谢性酸中毒、精神萎靡、拒食、黄疸,儿童人群,药物治疗、手术治疗,根据不同医院，收费标准不一致，市三甲医院约（3000 —— 5000元）,否,0.0025%,80%,2-4周,https://tag.120ask.com/jibing/xtxfhxymxz/
内科,消化内科,十二指肠损伤,普外科,便血、胃食管反流、腹痛、恶心、呕吐、肠鸣音消失,所有人群,药物、手术治疗,根据不同医院，收费标准不一致，市三甲医院约（8000 —— 10000元）,否,0.002%,70%,7--14天,https://tag.120ask.com/jibing/sezcss/
内科,消化内科,胰腺损伤,消化内科,腹痛、恶心呕吐、休克、剧痛、呃逆、肩背痛、内出血、神志不清、面色苍白、肢端湿冷,所有人群,药物、手术治疗,根据不同医院，收费标准不一致，市三甲医院约（10000 —— 30000元）,否,外伤性疾病中直接导致本病的几率约为0.02%-0.04%，以腹部外伤多见,,4-6周,https://tag.120ask.com/jibing/yxss/
内科,消化内科,直肠损伤,肛肠科,直肠疼痛、恶心与呕吐、腹痛、休克、肠出血、腹膜炎、蜂窝组织炎、排尿困难及尿潴留,所有人群,药物治疗、手术治疗,根据不同医院，收费标准不一致，市三甲医院约（3000 —— 5000元）,否,0.003%,80%,7-10天,https://tag.120ask.com/jibing/zcss/
内科,消化内科,早孕反应,妇产科,尿妊娠试验阳性、妊娠呕吐、呕吐、孕妇口苦、食欲异常、消瘦、低血钾、早孕反应重、恶心与呕吐、前期妊娠反应,妊娠早期孕妇,药物治疗,根据不同医院，收费标准不一致，市三甲医院约（50-100元）,否,0.03%,95%,7-14天,https://tag.120ask.com/jibing/zyfy/
内科,消化内科,先天性食管闭锁,儿外科,食管闭锁、频吐白沫、呕吐、呛咳、咳嗽、呼吸困难、窒息、新生儿气促、呼吸异常、紫绀,新生儿,药物治疗、手术治疗,根据不同医院，收费标准不一致，市三甲医院约（3000 —— 5000元）,否,0.002%,85%,2-4周,https://tag.120ask.com/jibing/xtxsgbs/
内科,消化内科,新生儿坏死性小肠结肠炎,儿外科,腹胀、肠鸣音消失、腹泻、嗜睡、便血、呕吐、拒食、休克,儿童人群,药物治疗、支持疗法,根据不同医院，收费标准不一致，市三甲医院约（3000 —— 5000元）,否,新生儿发病率约1%,,2-4周,https://tag.120ask.com/jibing/xsehsxxcjcy/
内科,消化内科,锌中毒,急诊科,呕出物为紫蓝色、咽痛、口腔黏膜溃疡、口腔糜烂、高血压、气急、瞳孔异常、休克、抽搐、口痛、咽喉疼痛、咽喉干燥及灼热感,所有人群,药物治疗,根据不同医院，收费标准不一致，市三甲医院约（3000 —— 5000元）,否,0.003%,95%,2-4月,https://tag.120ask.com/jibing/xinzhongdu/
内科,消化内科,食管异物,消化内科,胸骨后异物阻塞感及隐痛、食管腔梗阻、咳嗽、咽部异物感、吞咽障碍、流涎、呼吸困难,婴幼儿,手术治疗,根据不同医院，收费标准不一致，市三甲医院约（1000-5000元）,否,0.035%,,1周,https://tag.120ask.com/jibing/sgyw/
内科,消化内科,军团菌肺炎,呼吸内科,周身不适、肌痛、胸痛、干咳、高热、呼吸困难、定向力障碍、昏迷、呕吐、腹泻为水样带黏液恶臭无脓血、急性面容、呼吸急促,中老年或有慢性疾病患者,药物治疗,根据不同医院，收费标准不一致，市三甲医院约（500-1000元）,是,0.058%,91%,7天,https://tag.120ask.com/jibing/jtjfy/
内科,消化内科,黄疸,消化内科,黄疸、皮肤呈浅黄或深金黄色、病理性黄疸、胆红素升高、巩膜黄染、皮肤瘙痒、肝脏肿大、腹痛、食欲减退、发烧、腹痛伴黄疸、畏寒,所有人群,药物治疗,根据不同医院，收费标准不一致，市三甲医院约（3000 —— 5000元,否,0.01%,95%,14天,https://tag.120ask.com/jibing/huang/
内科,消化内科,华支睾吸虫病,感染科,高热寒战、恶心与呕吐、腹痛、肝肿大、脾肿大、感染性发热、烂桃样血痰、腹泻,疫区人群,药物治疗,根据不同医院，收费标准不一致，市三甲医院约（3000 —— 5000元）,是,0.002%-0.003%,60%-80%,6-8周,https://tag.120ask.com/jibing/hzxcb/
内科,消化内科,结核性腹膜炎,普外科、感染科,腹痛、腹泻、食欲不振、消瘦、乏力、盗汗 、累及整个腹腔的腹膜炎、结核杆菌血行播散、广泛性与不定位性腹痛 、恶心与呕吐、腹膜炎、腹水,20～40岁，女性多于男性,药物治疗,根据不同医院，收费标准不一致，市三甲医院约（3000 —— 5000元）,否,0.6%，多见于肺结核患者,70-80%,2年,https://tag.120ask.com/jibing/jhxfmy/
内科,消化内科,隐孢子虫病,传染科,腹泻、上腹部疼痛、上腹不适、水样便、腹痛、恶心与呕吐,儿童,药物治疗,根据不同医院，收费标准不一致，市三甲医院约（2000 —— 5000元）,是,0.002%-0.004%,65%,1-3个月,https://tag.120ask.com/jibing/yzcb/
内科,消化内科,胃肠型食物中毒,急诊科,恶心呕吐、腹痛、腹泻、水样便、脐周疼痛、脓血便、颜面潮红、头痛、发烧、排水样血性大便,所有人群,药物、洗胃、灌肠治疗,根据不同医院，收费标准不一致，市三甲医院约（3000 —— 8000元）,否,人群患病概率12%,,治疗周期7天,https://tag.120ask.com/jibing/wcxswzd/
内科,消化内科,神经型食物中毒,神经内科、急诊科,头痛、恶心与呕吐、复视、眩晕、瞳孔异常、全身皮肤及粘膜呈现不同程度青紫色、眼痛、排便频率异常、瘫痪、吞咽困难、咽痛、肩胛带“模拟瘫痪”,所有人群,药物治疗,根据不同医院，收费标准不一致，市三甲医院约2000-4000元,否,0.01%,60%,2-4周,https://tag.120ask.com/jibing/sjxswzd/
内科,消化内科,杀虫脒中毒,急诊科,嗜睡、心动过缓、四肢发冷、多汗症、疲劳、紫绀、腰背痛、恶心与呕吐、呼吸异常、眩晕、瞳孔固定、昏迷,所有人群,药物治疗,根据不同医院，收费标准不一致，市三甲医院约2000-5000元,否,0.035%,70%,2-4周,https://tag.120ask.com/jibing/sczd/
内科,消化内科,播散性嗜酸粒细胞增多性胶原病,呼吸内科,咳嗽、心力衰竭、便秘、失眠、淋巴结肿大、腹泻、恶心与呕吐、肝脾肿大、嗜酸性粒细胞增多、乏力、食欲不振、弛张热,所有人群,药物治疗,根据不同医院，收费标准不一致，市三甲医院约2000-4000元,否,0.0001%,75%,10-30天,https://tag.120ask.com/jibing/bsxsslxbzdxjyb/
内科,消化内科,阿司匹林诱发哮喘,呼吸内科,剧烈哮喘、紫绀，眼结膜充血，大汗淋漓，不能平卧，烦躁不安，或打喷嚏、流清涕、出荨麻疹、或血压下降,部分服用阿司匹林患者,药物治疗、支持疗法,根据不同医院，收费标准不一致，市三甲医院约（5000 —— 8000元）,否,0.0045%,80%,1-7天,https://tag.120ask.com/jibing/asplyfxc/
内科,消化内科,鼻疽,耳鼻喉科,不规则热、淋巴结肿大、蜂窝组织炎、鼻中隔穿孔、呼吸困难、周身不适、头痛、食欲缺乏、身痛、呕吐、腹泻、脾肿大,所有人群,药物治疗,根据不同医院，收费标准不一致，市三甲医院约（1000 —— 5000元）,否,1-2%,70%,10天-30天,https://tag.120ask.com/jibing/biju/
内科,消化内科,不动杆菌感染,呼吸内科,咳嗽、胸痛、不规则热、气急、痰中带血、发绀、败血症、毒血症、皮肤瘀点、皮肤瘀斑、肝脾肿大、咳痰,所有人群,药物治疗,根据不同医院，收费标准不一致，市三甲医院约3000-5000元,否,发病率约为0.003%--0.007%,60-80%,2-4周,https://tag.120ask.com/jibing/bdgjgr/
内科,消化内科,巴西紫热,传染科,紫癜、腹痛、高热、休克、腹泻、血压下降、胃肠道出血、少尿、发绀、流泪、呕吐、神志不清,儿童,药物治疗,根据不同医院，收费标准不一致，市三甲医院约（3000 —— 8000元）,是,0.003%,40%,1-3个月,https://tag.120ask.com/jibing/bxzr/
内科,消化内科,百草枯中毒,急诊科,舌口及咽部疼痛、烧灼感、胸闷、呼吸困难、口腔糜烂、呕吐、腹痛、血尿、蛋白尿,所有人群,手术治疗,根据不同医院，收费标准不一致，市三甲医院约（5000 —— 8000元）,否,人群患病概率0.0083%,,无法治愈,https://tag.120ask.com/jibing/bckzd/
内科,消化内科,Alagille综合征,消化内科,脊柱裂、肺动脉狭窄,新生儿,药物治疗,根据不同医院，收费标准不一致，市三甲医院约（2000 —— 5000元）,否,本病发生在特定人群的概率较低一般在0.01%左右,,4-6个月,https://tag.120ask.com/jibing/alagillezhz/
内科,消化内科,氨基甲酸酯类农药中毒,急诊科,头晕、流涎、恶心与呕吐、头痛、昏迷、大小便失禁、头昏、乏力,所有人群,药物治疗,根据不同医院，收费标准不一致，市三甲医院约（2000 —— 5000元）,否,农业工作人员发病率约为0.006%--0.009%,80-85%,2-3个月,https://tag.120ask.com/jibing/ajjslnyzd/
内科,消化内科,斑疹伤寒立克次体肺炎,传染科,寒战、头痛、肌肉酸痛、高热、反应迟钝、谵妄、双手震颤、恶心与呕吐、腹痛、咳嗽、干咳、胸闷,所有人群,药物治疗,根据不同医院，收费标准不一致，市三甲医院约（3000 —— 8000元）,否,0.055%,80%,1-3月,https://tag.120ask.com/jibing/bzshlkctfy/
内科,消化内科,α1抗胰蛋白酶缺乏性肝病,消化内科,肝肿大、脾肿大、腹胀、胆汁性肝硬化、阻塞性黄疸、无胆汁粪便、嗜睡、上消化道出血、食管下段静脉曲张、紫癜、出血倾向、肝淤血,所有人群,药物治疗,根据不同医院，收费标准不一致，市三甲医院约（3000 —— 8000元）,否,0.005%,85%,2-3月,https://tag.120ask.com/jibing/kydbmqfxgb/
内科,消化内科,奥迪括约肌功能异常,肝胆外科,腹痛、恶心呕吐、黄疸、发烧、寒战、持续性疼痛,所有人群,药物、手术治疗,根据不同医院，收费标准不一致，市三甲医院约（10000 —— 50000元）,否,0.004%-0.005%,85%,3-6个月,https://tag.120ask.com/jibing/adkyjgnyc/
内科,消化内科,阿米巴肠病,消化内科、感染科,腹泻、腹痛、便血、里急后重、腹部不适、稀便、脓血便、高热寒战、恶心与呕吐,所有人群,药物治疗,根据不同医院，收费标准不一致，市三甲医院约（3000 —— 8000元）,否,0.0052%,90%,1-2个月,https://tag.120ask.com/jibing/ambcb/
内科,消化内科,Barrett食管,消化内科,食管反流症状、胃食管反流症状、胃灼热、吞咽困难、胸骨后烧灼样痛、胸痛、恶心与呕吐,所有人群,药物治疗,根据不同医院，收费标准不一致，市三甲医院约（2000 —— 5000元）,否,发病率约为0.0001%-0.0002%，属于癌前病变,,1-2年,https://tag.120ask.com/jibing/barrettsg/
内科,消化内科,暴发性肝功能衰竭,消化内科,黄疸、低热、乏力、食欲不振、腹水、低血压、脑水肿、肾功能衰竭、门脉高压、出血倾向、肝内淤胆、紫癜,所有人群,药物治疗,根据不同医院，收费标准不一致，市三甲医院约（10000 —— 50000元）,否,0.0065%,75%,2-4周,https://tag.120ask.com/jibing/bfxggnsj/
内科,消化内科,阿米巴肝脓肿,肝胆外科,肝区痛、食欲减退、右上腹痛、恶心与呕吐、腹痛、胸痛、肝脏肿大、肝区扣痛、压痛、白细胞增多、弛张热、间歇热,所有人群,药物治疗,根据不同医院，收费标准不一致，市三甲医院约（1000 ——5000元）,否,0.003%,70%,10-30天,https://tag.120ask.com/jibing/ambgnz/
内科,消化内科,Brenneman综合征,消化内科,咽痛、恶心与呕吐、腹痛、右下腹痛、压痛、发烧,儿童,药物治疗,根据不同医院，收费标准不一致，市三甲医院约（1000 —— 5000元）,否,发病率约为0.005%-0.008%,52%，多以对症治疗为主,4-6周,https://tag.120ask.com/jibing/brennemanzhz/
内科,消化内科,暴发性肝衰竭,消化内科,肝病面容、肝掌、蜘蛛痣、进行性肝缩小、呃逆、恶心与呕吐、乏力、烦躁不安、鼻出血、上消化道出血、腹水、出血倾向,所有人群,药物治疗,根据不同医院，收费标准不一致，市三甲医院约（3000 —— 8000元）,否,占肝炎患者的0.5%,85%,2-3个月,https://tag.120ask.com/jibing/bfxgsj/
内科,消化内科,阿米巴结肠炎,消化内科,腹痛、腹泻、稀便、恶臭便、粘液血性大便,所有人群,药物治疗,根据不同医院，收费标准不一致，市三甲医院约（3000 —— 5000元）,是,0.052%,95%,1-3月,https://tag.120ask.com/jibing/ambjcy/
内科,消化内科,巴贝虫病,传染科,疲乏、周身不适、低热、肝脾肿大、发烧、脾肿大、黄疸、溶血现象、间歇热、溶血性黄疸、烦躁不安、神志恍惚,所有人群,药物治疗,根据不同医院，收费标准不一致，市三甲医院约（3000 —— 8000元）,是,0.001%,65%,3个月,https://tag.120ask.com/jibing/bbcb/
内科,消化内科,大肠埃希杆菌肺炎,呼吸内科,咳嗽、咳痰、胸痛、黏稠或脓性痰伴有腥臭味、痰黏稠或脓性可有腥臭味、恶心与呕吐、腹痛、腹泻、高热寒战、发绀、呼吸困难、意识障碍,所有人群,药物治疗,根据不同医院，收费标准不一致，市三甲医院约（1000 —— 5000元）,否,0.0025%,65%,1-2周,https://tag.120ask.com/jibing/dcaxgjfy/
内科,消化内科,暴发性肝炎样综合征,消化内科,恶心与呕吐、腹胀、出血倾向、意识障碍、黄疸、烦躁不安、鼻出血、嗜睡、昏迷、肝功能受损、呕血、腹水,所有人群,药物治疗,根据不同医院，收费标准不一致，市三甲医院约（4000 —— 8000元）,否,0.008%,72%,4-8个月,https://tag.120ask.com/jibing/bfxgyyzhz/
内科,消化内科,巴德-吉亚利综合征,消化内科,腹水、肝肿大、黄疸、下肢水肿、色素异常,所有人群,手术治疗、药物治疗,根据不同医院，收费标准不一致，市三甲医院约（3000 —— 8000元）,否,0.002%-0.003%,65%,6-8周,https://tag.120ask.com/jibing/bdjylzhz/
内科,消化内科,暴痢,消化内科、感染科,高热、嗜睡、面色苍白、肌张力过高、慢性腹痛、发热伴有腹痛、腹泻、恶心、呕吐、腹痛、强直性肌张力增高、休克、食欲不振、烦躁不安、心悸伴乏力、面色苍白,所有人群,药物治疗,根据不同医院，收费标准不一致，市三甲医院约（3000 —— 8000元）,否,12岁以下小儿发病率约为0.05%，夏季多见,85%,2-4周,https://tag.120ask.com/jibing/baoli/
内科,消化内科,阿片类药物中毒,急诊科,头痛头晕、恶心呕吐、食欲不振、昏迷、呼吸抑制、惊厥、瞳孔缩小、呼吸困难、消瘦、便秘,过量服用阿片类受体患者,手术治疗（洗胃）、药物治疗、支持疗法,根据不同医院，收费标准不一致，市三甲医院约（3000 —— 8000元）,否,0.002%,75%,1-7天,https://tag.120ask.com/jibing/aplywzd/
内科,消化内科,暴泻,消化内科、感染科,腹泻、水样便、脐周疼痛、上腹不适、脱水、恶心呕吐、排便频率异常、绞痛、发烧、钝痛、周身不适、头痛,所有人群,药物治疗,根据不同医院，收费标准不一致，市三甲医院约（3000 —— 8000元）,是,发病比例在0.02%--0.05%,,2-5周,https://tag.120ask.com/jibing/baoxie/
内科,消化内科,钡中毒,急诊科,口腔烧灼感、头晕头痛、恶心呕吐、腹痛、排水样血性大便、抽搐、耳鸣、复视、呼吸困难、心律紊乱,所有人群,手术治疗（洗胃）、药物治疗,根据不同医院，收费标准不一致，市三甲医院约（5000 —— 8000元）,否,0.003%-0.004%,85%,1-3个月,https://tag.120ask.com/jibing/beizhongdu/
内科,消化内科,埃及血吸虫病,感染科,发烧、尿痛、血尿、头痛、尿急、膀胱刺激症、畏寒、乏力、多汗症、肝脾肿大、肝纤维化、心悸,所有人群,药物治疗,根据不同医院，收费标准不一致，市三甲医院约（3000 —— 8000元）,否,0.052%,75%,3个月,https://tag.120ask.com/jibing/ajxxcb/
内科,消化内科,贲门癌,普外科,贫血貌、低蛋白血症、腹水、盆腔肿块、下腹部包块、消瘦、腹水,所有人群,手术治疗、放化疗,根据不同医院，收费标准不一致，市三甲医院（30000-50000元）,否,0.001%,1.3%,1-2个月,https://tag.120ask.com/jibing/menai/
内科,消化内科,颚口线虫病,消化内科、感染科,食欲不振、恶心与呕吐、上腹部疼痛、匐行疹、头痛、腹痛、水肿、疼痛、剧痛、脓肿 、隐痛、胀痛,所有人群,药物治疗,根据不同医院，收费标准不一致，市三甲医院约（3000 —— 8000元）,否,发病率约为0.002%-0.007%,65%,1-2个月,https://tag.120ask.com/jibing/kxcb/
内科,消化内科,艾滋病人的急性阑尾炎,感染科、普外科,腹痛、恶心与呕吐、右下腹压痛、右下腹痛伴呕吐、低热、腹肌紧张、下腹部反跳痛,所有人群,药物治疗 、手术治疗,根据不同医院，收费标准不一致，市三甲医院约2000-4000元,是,0.0001%,80%,2-4周,https://tag.120ask.com/jibing/azbrdjxlwy/
内科,消化内科,柏-查综合征,消化内科,腹水、静脉曲张、腹痛、肝脾肿大、下肢水肿、肝静脉回流障碍、肝区痛、黄疸、紫绀、溃疡、休克,20—40岁，男女之比为1.2/1到2/1,药物治疗,根据不同医院，收费标准不一致，市三甲医院约（3000 —— 8000元）,否,0.035%,55%,1-3个月,https://tag.120ask.com/jibing/bczhz/
内科,消化内科,苯海拉明中毒,急诊科,嗜睡、头晕、头痛、耳鸣、眩晕、恶心与呕吐、无力、口干、烦躁、视力障碍、心律失常,过度服用或大量误食苯海拉明患者,手术治疗（催吐、洗胃）、药物治疗,根据不同医院，收费标准不一致，市三甲医院约（5000 —— 10000元）,否,发病率约为0.002%--0.005%，多见于长期口服苯海拉明者,60-80%,1-3个月,https://tag.120ask.com/jibing/bhlmzd/
内科,消化内科,病毒性食管炎,消化内科,胸骨后疼痛、吞咽痛、吞咽困难、吞咽时胸痛、咽痛、吞咽障碍、食管溃疡、噎痛感、食管出血、食欲不振,所有人群,药物治疗,根据不同医院，收费标准不一致，市三甲医院约（1000 —— 5000元）,否,发病率约为0.004%-0.007%,80%,4-8周,https://tag.120ask.com/jibing/bdxsgy/
内科,消化内科,肠白塞病,消化内科,口腔溃疡、葡萄膜炎、红斑样皮疹、外阴溃疡、右下腹痛、红斑结节、关节肿痛、腹泻、便血、腹部不适、腹部肿块、嗳气,所有人群,药物治疗,根据不同医院，收费标准不一致，市三甲医院约（3000 —— 8000元）,否,0.002%,75%,3个月,https://tag.120ask.com/jibing/cbsb/
内科,消化内科,吡唑酮类中毒,急诊科,恶心与呕吐、盗汗 、红斑样皮疹、血尿、休克、发绀、谵妄、惊厥、昏迷,所有人群,洗胃导泻、药物治疗,根据不同医院，收费标准不一致，市三甲医院约（5000-10000元）,否,0.012%,65%,3个月,https://tag.120ask.com/jibing/tlzd/
内科,消化内科,肠病性肢皮炎综合征,皮肤科,疱疹、腹泻、脱发、食欲不振、腹胀、毛发脱落、智力发育迟缓、感染性鼻炎、咽炎、舌炎、龈炎、脓疱,所有人群,药物治疗,根据不同医院，收费标准不一致，市三甲医院约（3000 —— 8000元）,否,0.0005%-0.001%,70%,终身间歇性治疗对症治疗,https://tag.120ask.com/jibing/cbxzpyzhz/
内科,消化内科,铋中毒,急诊科,恶心、呕吐、流涎，舌及咽喉部疼痛，腹痛、腹泻，粪便黑色，并带有血液，还有皮肤、粘膜出血，头痛，痉挛等,多见于儿童,药物治疗,根据不同医院，收费标准不一致，市三甲医院约（3000 —— 8000元）,否,0.001%--0.003%,10--30%,2--5周,https://tag.120ask.com/jibing/bizhongdu/
内科,消化内科,肠病原性大肠埃希杆菌感染,消化内科,腹泻、腹胀、发烧、呕吐、讷吃、细菌感染、肠麻痹、腹鸣、腹痛,所有人群,药物治疗,根据不同医院，收费标准不一致，市三甲医院约（3000 —— 8000元）,否,0.5%,95%,2-4周,https://tag.120ask.com/jibing/cbyxdcaxgjgr/
内科,消化内科,蓖麻子中毒,急诊科,咽喉及食道烧灼感、恶心呕吐、腹痛腹泻、血便、尿少、无尿、血红蛋白尿、黄疸、贫血、剧烈头痛、惊厥、昏迷,误食蓖麻子者,手术治疗（催吐、洗胃、导泻）、药物治疗,根据不同医院，收费标准不一致，市三甲医院约（5000 —— 8000元）,否,患病率约0.05%--0.1%,90%,2-4周,https://tag.120ask.com/jibing/bmzzd/
内科,消化内科,肠出血性大肠埃希杆菌感染,消化内科,腹泻、低热、便血、腹痛、血尿、少尿、无尿、昏迷、惊厥、讷吃、腹胀、呕血与黑便,所有人群,药物治疗、支持疗法,根据不同医院，收费标准不一致，市三甲医院约（3000 —— 5000元）,否,12%,98%,5天,https://tag.120ask.com/jibing/ccxxdcaxgjgr/
内科,消化内科,鞭虫病,消化内科,腹痛、便血、腹泻、里急后重、直肠脱垂、贫血、营养不良、右下腹痛、恶心与呕吐、低热,所有群体,药物治疗,根据不同医院，收费标准不一致，市三甲医院约（1000-3000元）,否,0.055%,90%,1-3月,https://tag.120ask.com/jibing/bianchongbing/
内科,消化内科,餐后血糖过低症,内分泌科,餐后血糖过低、低血糖症、无力、头晕、心慌、颤抖、出冷汗、意识障碍,胃切除后,饮食、药物治疗,根据不同医院，收费标准不一致，市三甲医院约（2000 —— 5000元）,否,0.003%-0.008%,75%,8-12周,https://tag.120ask.com/jibing/chxtgdz/
内科,消化内科,残窦综合征,消化内科,腹痛、烧灼性疼痛、嗳气、泛酸、恶心与呕吐,所有人群,药物治疗,根据不同医院，收费标准不一致，市三甲医院约（1000 —— 5000元,否,0.002%-0.003%(多见于消化性溃疡患者),75%,8-12周,https://tag.120ask.com/jibing/czhz/
内科,消化内科,肠道病毒所致各系统感染,消化内科,乏力、腹泻、便血、头痛、便秘、腹痛、流行性肌痛、惊厥、昏迷、呼吸衰竭、胸痛、面色苍白,所有人群,药物治疗,根据不同医院，收费标准不一致，市三甲医院约（3000 —— 8000元）,是,0.005%,40%,3个月,https://tag.120ask.com/jibing/cdbdszgxtgr/
内科,消化内科,便血,消化内科、肛肠科,大便带血、腹泻、便秘,长期便秘者、长期腹泻者、饮食辛辣者,药物治疗,根据不同医院，收费标准不一致，市三甲医院约（800-6000元）,否,0.001%--0.004%,60-70%,1-3个月,https://tag.120ask.com/jibing/bianxue/
内科,消化内科,残胃癌,普外科、肿瘤科,胃纳减退、体重减轻、中上腹持续性疼痛,胃的良性疾病切除术后,药物、手术治疗,根据不同医院，收费标准不一致，市三甲医院约（10000 ——50000元）,否,发病率约为0.0001%--0.0002%,,1-3个月,https://tag.120ask.com/jibing/canweiai/
内科,消化内科,肠道蛔虫,消化内科,腹痛、脐周疼痛、恶心与呕吐、蛔虫感染、纳差、腹泻、营养不良、夜间磨牙、胆道蛔虫症、肠道蛔虫感染、蛔虫性肠梗阻,所有人群,药物治疗,根据不同医院，收费标准不一致，市三甲医院约（200 —— 1000元）,否,0.04%-0.07%,80%,1周,https://tag.120ask.com/jibing/cdhc/
内科,消化内科,变形杆菌食物中毒,消化内科、急诊科（找到消化内科或急诊科专家就诊）,腹痛腹泻、恶心呕吐、发热、头晕头痛、全身无力、昏迷、惊厥、血压下降,所有人群,药物治疗,根据不同医院，收费标准不一致，市三甲医院约（3000 —— 5000元）,否,0.002%,90%,2-4周,https://tag.120ask.com/jibing/bxgjswzd/
内科,消化内科,肺囊性纤维化,呼吸内科,咳嗽、咯血、心力衰竭、反复感染、肺部感染、胰腺功能不足、小儿发热、胸闷憋气、呼吸困难、发绀、杵状指（趾）、粪便量多,北美洲白人中最常见,体疗、饮食、药物治疗,根据不同医院，收费标准不一致，市三甲医院约（10000 —— 50000元）,否,0.025%,75%,1-2个月,https://tag.120ask.com/jibing/fnxxwh/
内科,消化内科,残胃淋巴瘤,消化内科、胃肠外科,腹胀、腹部不适、反酸、嗳气、腹泻、腹部肿块、反胃、便血、上腹不适、食欲不振、消瘦、淋巴结肿大,所有人群,药物治疗、手术治疗,根据不同医院，收费标准不一致，市三甲医院约10000-30000元,否,胃大部切除手术者，本病的发病率约为0.08%-0.09%,,3-6个月,https://tag.120ask.com/jibing/cwlbl/
内科,消化内科,丙型病毒性肝炎,肝病科,尿黄似浓茶、食欲减退、肝肿大、肝区痛、黄疸、球蛋白异常、血清中高水平的谷草转氨酶(AST)、肝被膜紧张、大块肝细胞坏死、血清甲胎蛋白升高、肝掌、乏力,所有人群,药物治疗,根据不同医院，收费标准不一致，市三甲医院约（5000 —— 8000元）,是,人群患病概率0.1%,,需要终身治疗,https://tag.120ask.com/jibing/bxbdxgy/
内科,消化内科,残胃平滑肌肉瘤,胃肠外科,呕血、黑便、消瘦、上腹不适、胀痛、大便习惯改变、上腹部包块、溃疡,胃切除术后患者,手术治疗,根据不同医院，收费标准不一致，市三甲医院约（10000 —— 50000元）,否,胃切除术后患者患病概率1.3%,,手术治疗周期7天,https://tag.120ask.com/jibing/cwphjrl/
内科,消化内科,肠道气囊肿症,消化内科,腹痛、肠系膜囊肿、便血、腹泻,所有人群,药物治疗,根据不同医院，收费标准不一致，市三甲医院约（3000 —— 5000元）,否,0.0035%,75%,1-3个月,https://tag.120ask.com/jibing/cdqnzz/
内科,消化内科,丙型肝炎病毒感染与肾小球肾炎,肝病科、肾内科,血尿、蛋白尿、冷球蛋白血症、血清丙肝病毒RNA(HCV-RNA)阳性、抗-HCVAg阳性、口唇发黄、紫癜、低补体血症、转氨酶增高、单项ALT升高,所有人群,药物治疗,根据不同医院，收费标准不一致，市三甲医院约5000-10000元,否,发病率0.0002%--0.0005%,,3-6月,https://tag.120ask.com/jibing/bxgybdgrysxqsy/
内科,消化内科,苍耳中毒,急诊科,头晕、头痛、乏力、食欲减退、高血压、鼻出血、胃肠道出血、黄疸、肝肿大、少尿、眼睑浮肿、腹水,所有群体,药物治疗、洗胃,根据不同医院，收费标准不一致，市三甲医院约（1000-3000元）,否,0.0025%,60%,1-3天,https://tag.120ask.com/jibing/cezd/
内科,消化内科,肠道息肉病,普外科,腹泻、黏液便、稀便、便血、腹部不适、消瘦、贫血、息肉、腹痛,所有人群,药物治疗、手术治疗,根据不同医院，收费标准不一致，市三甲医院约（3000 —— 8000元）,否,有家族史的患者发病率高达40%,,1-2周,https://tag.120ask.com/jibing/cdxrb/
内科,消化内科,肠道血管畸形,血管外科,肠道血管畸形、血管畸形、便血、内出血、肢体增长、增粗过度、肠道功能紊乱、贫血、肠道蛔虫感染、肠道转运障碍、腹部不适,所有人群,药物、手术治疗,根据不同医院，收费标准不一致，市三甲医院约（10000 —— 50000元）,否,0.05%,85%,2-4月,https://tag.120ask.com/jibing/cdxgjx/
内科,消化内科,肺泡通气低下综合征,呼吸内科,神志淡漠、头痛、疲劳、嗜睡、气息异常、代谢性酸中毒、意识朦胧状态 、恶心与呕吐、黏膜损害、肺泡炎症、高通气、呼吸异常,所有人群,药物治疗,根据不同医院，收费标准不一致，市三甲医院约1000-3000元,否,0.05%,85%,1-3月,https://tag.120ask.com/jibing/fptqdxzhz/
内科,消化内科,肠气肿综合征,消化内科,腹痛、腹泻、黑便、腹胀、下腹疼痛、上消化道出血、气腹征,所有人群,手术治疗、药物治疗,根据不同医院，收费标准不一致，市三甲医院约（3000 —— 8000元）,否,0.005%,80%,7-10天,https://tag.120ask.com/jibing/cqzzhz/
内科,消化内科,肠毒性大肠埃希杆菌感染,消化内科,腹泻、恶心与呕吐、寒战、头痛、肌痛、水样便、脱水,所有群体,药物治疗,根据不同医院，收费标准不一致，市三甲医院约（300-500元）,否,20%,90%,3-5周,https://tag.120ask.com/jibing/cdxdcaxgjgr/
内科,消化内科,肠系膜上静脉血栓形成,胃肠外科,便秘、腹泻、腹痛、便血、腹部不适、下腹部反跳痛、腹部压痛、肠鸣音消失、腹胀、发烧、呕吐,所有人群,药物、手术治疗,根据不同医院，收费标准不一致，市三甲医院约（20000 —— 50000元）,否,0.005%,95%,2-4月,https://tag.120ask.com/jibing/cxmsjmxsxc/
内科,消化内科,肠侵袭性大肠埃希杆菌感染,传染科,发热、腹泻、腹痛、里急后重、便血、疲劳、肛周皮肤潮红、黑变,所有人群,药物治疗,根据不同医院，收费标准不一致，市三甲医院约5000--12000元,是,0.002%,40%,3个月,https://tag.120ask.com/jibing/cqxxdcaxgjgr/
内科,消化内科,肠系膜脂肪炎,消化内科,腹痛、腹胀、消瘦、低热、上腹部包块、食欲不振、恶心呕吐、腹部肿块、食欲异常、发烧,所有人群,药物、中医治疗,根据不同医院，收费标准不一致，市三甲医院约（6000 —— 10000元）,否,发病率约为0.025%-0.027%,75%,8-12周,https://tag.120ask.com/jibing/cxmzfy/
内科,消化内科,肠伤寒穿孔,普外科,高热、腹痛、腹胀腹泻、全身不适、畏寒、肌肉酸痛、食欲减退、便血、呕血、杨梅舌、玫瑰皮疹、昏迷,所有人群,手术治疗、药物治疗,根据不同医院，收费标准不一致，市三甲医院约（5000 —— 10000元）,是,0.037%,91.3%,15天,https://tag.120ask.com/jibing/cshck/
内科,消化内科,肠间脓肿,普外科,腹部压痛、隐痛、弛张热、脓肿 、腹胀、腹痛、消瘦、低热,所有人群,物理、药物、手术治疗,根据不同医院，收费标准不一致，市三甲医院约（10000 —— 50000元）,否,0.025%,70%,2个月,https://tag.120ask.com/jibing/cjnz/
内科,消化内科,肠系膜肿瘤,普外科、肿瘤科,消瘦、便血、腹部肿块、肠壁纤维化、腹痛、发烧、食欲不振、肾盂积水、腰酸、尿频、胸闷,可发生于任何年龄，多见于男性,药物、放射、化学、手术治疗,根据不同医院，收费标准不一致，市三甲医院约（10000 —— 50000元）,否,人群患病概率0.0032%,,手术治疗周期7天,https://tag.120ask.com/jibing/cxmzl/
内科,消化内科,肠石性肠梗阻,普外科,便秘、上消化道出血、肠壁坏死、急性肠扭转,多发生于30岁以内,饮食、药物、手术治疗,根据不同医院，收费标准不一致，市三甲医院约（1000 —— 5000元）,否,0.0031%,80%,2-4周,https://tag.120ask.com/jibing/csxcgz/
内科,消化内科,成人肥大性幽门狭窄,普外科,上腹不适、消化不良、幽门肌肥大、幽门前区溃疡,所有人群,药物治疗、手术治疗,根据不同医院，收费标准不一致，市三甲医院约（10000 —— 30000元）,否,0.04%-0.05%(胃溃疡者本病获得率明显增高，约为0.04%-0.05%),65%(外科手术治疗),4-8周,https://tag.120ask.com/jibing/crfdxymxz/
内科,消化内科,肠系膜静脉血栓形成,普外科,恶心、食欲减退及呕吐、腹痛,中老年人,手术治疗、西药治疗,根据不同医院，收费标准不一致，市三甲医院约（5000—— 10000元）,否,0.008%,75%,2-4月,https://tag.120ask.com/jibing/cxmjmxsxc/
内科,消化内科,肠毛滴虫病,消化内科、传染科,腹泻、黏液便、腹痛、腹胀、脓血便、食欲减退、高热、低热、腹泻与便秘交替、发烧、恶心与呕吐,所有群体,药物治疗,根据不同医院，收费标准不一致，市三甲医院约（500-1000元）,否,0.0035%,90%,7-14天,https://tag.120ask.com/jibing/cmdcb/
内科,消化内科,赤痢,中医科,大便下血，里急后重，时时入厕，每次便量甚少腹痛、痢下多血、痢下赤白粘冻,所有人群,药物治疗,根据不同医院，收费标准不一致，市三甲医院约（5000 —— 8000元）,否,0.001%,80%,10-15天,https://tag.120ask.com/jibing/chili/
内科,消化内科,肠系膜淋巴结结核,消化内科,腹痛、恶心与呕吐、腹泻、疲乏、低热、黑便、腹部肿块、盗汗 、食欲不振、消瘦、淋巴结疼痛、腹股沟淋巴结肿大,所有人群,药物治疗,根据不同医院，收费标准不一致，市三甲医院约（3000 —— 5000元）,否,0.01%,60%,3个月,https://tag.120ask.com/jibing/cxmlbjjh/
内科,消化内科,虫证,消化内科,腹痛、脐周疼痛、发烧、腹胀、消瘦、乏力,所有人群,药物治疗,根据不同医院，收费标准不一致，市三甲医院约2000-5000元,否,2%,80%,1-2周,https://tag.120ask.com/jibing/chongzheng/
内科,消化内科,肠系膜上动脉栓塞,普外科,腹痛、腹泻、便血、呕吐、压痛、腹肌紧张、肠鸣音消失,多见于风心病、冠心病、感染性心内膜炎、近期心梗患者,药物治疗、手术治疗,根据不同医院，收费标准不一致，市三甲医院约（10000 —— 50000元）,否,发病率占肠梗阻病人总数的0.3%～0.7%,70%,一个月,https://tag.120ask.com/jibing/cxmsdmss/
内科,消化内科,肠扭转综合征,普外科,恶心与呕吐、腹胀、下腹绞痛、停止排气、电解质紊乱,所有人群,药物治疗,根据不同医院，收费标准不一致，市三甲医院约2000-5000元,否,0.001%,50%,1-2个月,https://tag.120ask.com/jibing/cnzzhz/
内科,消化内科,粗制棉子油中毒,急诊科,食欲不振、恶心与呕吐、头痛、头晕、腹痛、便秘、四肢麻木、黄疸、昏迷、胃肠气胀、发烧、嗜睡,所有人群,药物治疗、手术治疗,根据不同医院，收费标准不一致，市三甲医院约2000-4000元,否,0.005%--0.008%,80%,2-5周,https://tag.120ask.com/jibing/czmzyzd/
内科,消化内科,肠系膜上动脉压迫综合征,消化内科,腹痛、恶心与呕吐、腹胀、脱水、消瘦、贫血、营养不良、神经官能症,所有人群,药物治疗,根据不同医院，收费标准不一致，市三甲医院约（1000 —— 5000元）,否,0.002%,50%,3个月,https://tag.120ask.com/jibing/cxmsdmypzhz/
内科,消化内科,肠气囊肿,消化内科,便血、腹痛、腹胀、便秘、腹泻,所有人群,药物治疗、手术治疗,根据不同医院，收费标准不一致，市三甲医院约（3000 —— 8000元）,否,0.001%,65%,14--21天,https://tag.120ask.com/jibing/cqnz/
内科,消化内科,肠系膜上动脉综合征,普外科,呕吐、食欲减退、消瘦、胀痛、绞痛、营养不良、贫血、腹痛,患者多为体型瘦长的中青年女性,药物治疗、手术治疗,根据不同医院，收费标准不一致，市三甲医院约（10000 —— 50000元）,否,发病率约为0.005%-0.008%,,2-3个月,https://tag.120ask.com/jibing/cxmsdmzhz/
内科,消化内科,大肠埃希杆菌性胃肠炎,消化内科,食欲减退、腹泻、发烧、恶心与呕吐、脱水、呕吐、腹痛、低钾血症、腹胀、低钙血症、肠粘膜有坏死溃疡、腹部不适,所有人群,药物治疗,根据不同医院，收费标准不一致，市三甲医院约（3000 —— 8000元）,否,30%,99%,2-5周,https://tag.120ask.com/jibing/dcaxgjxwcy/
内科,消化内科,大肠恶性淋巴瘤,消化内科、肿瘤科,溃疡、结节状息肉样肿块、息肉、结肠袋半月襞消失,所有人群,药物、放射、化学、手术治疗,根据不同医院，收费标准不一致，市三甲医院约（10000 —— 50000元）,否,0.0045%,35%,1-3个月,https://tag.120ask.com/jibing/dcexlbl/
内科,消化内科,胆道运动功能障碍综合征,消化内科,恶心呕吐、腹胀、食欲不佳、厌油、运动功能障碍、胃肠气胀,患者多为高年女性,药物治疗,根据不同医院，收费标准不一致，市三甲医院约（5000 —— 10000元）,否,0.5%,70%,3-6周,https://tag.120ask.com/jibing/ddydgnzazhz/
内科,消化内科,胆道张力低下综合征,消化内科,恶心与呕吐、胆囊的超敏反应、胆囊收缩功能不良、胆囊运动障碍、腹痛、胆囊增大,所有人群,药物治疗,根据不同医院，收费标准不一致，市三甲医院约（3000 —— 8000元）,否,发病率约0.1%,60-70%,1年,https://tag.120ask.com/jibing/ddzldxzhz/
内科,消化内科,大肠梗阻,普外科,腹痛、腹泻、脓血便、恶心呕吐、便秘,所有人群,饮食、运动、药物、手术治疗,根据不同医院，收费标准不一致，市三甲医院约（5000 —— 10000元）,否,0.07%,90%,7-10天,https://tag.120ask.com/jibing/dcgz/
内科,消化内科,胆石性肠梗阻,普外科,恶心与呕吐、右下腹可触及柔软腊肠样肿块、结肠梗阻、排便障碍、便秘伴剧烈腹痛、胆囊收缩功能不良、停止排气、腹胀、闭袢性肠梗阻、突发性疼痛、脐周阵发性绞痛,所有人群,药物治疗,根据不同医院，收费标准不一致，市三甲医院约（3000 —— 8000元）,否,0.005%,80%,4-8周,https://tag.120ask.com/jibing/dsxcgz/
内科,消化内科,弓形体病,呼吸内科,心律失常、头痛、昏迷、恶心与呕吐、高热、关节疼痛、斑疹、抽搐、肝脾肿大、蛋白尿、贫血、心绞痛,所有人群,药物治疗,根据不同医院，收费标准不一致，市三甲医院约1000-3000元,否,0.03%,80%,2-4月,https://tag.120ask.com/jibing/gxtb/
内科,消化内科,大肠类癌,肿瘤科、肛肠外科,类癌综合征、肛门区红肿及痛性硬块、阑尾周围脓肿,所有人群,药物治疗、手术治疗,根据不同医院，收费标准不一致，市三甲医院约2000-3000元,否,0.0055%,60%,2-4月,https://tag.120ask.com/jibing/dcla/
内科,消化内科,胆源性急性胰腺炎,消化内科,腹胀、黄疸、烦躁不安、发热伴出血、毛细血管出血、麻痹性肠梗阻、腹腔出血、移动性浊音、急性腹痛、上腹部压痛、腹痛伴恶心、呕吐、腹痛伴休克,所有人群,药物治疗,根据不同医院，收费标准不一致，市三甲医院约2000-4000元,否,0.0012%,65%,7-14天,https://tag.120ask.com/jibing/dyxjxyxy/
内科,消化内科,胆囊胆固醇沉着症,消化内科,腹胀、腹痛、消化不良、血浆胆固醇水平高、右上腹压痛、右上腹痛,所有人群,药物治疗,根据不同医院，收费标准不一致，市三甲医院约（3000 —— 8000元）,否,0.004%--0.008%,30--40%,2--8周,https://tag.120ask.com/jibing/dndgcczz/
内科,消化内科,胆源性慢性胰腺炎,消化内科,腹痛、消化不良、多饮、消瘦、胰腺纤维化、持续性疼痛、食欲不振、厌食、恶心、体重减轻、腹膜刺激征、上腹部压痛,所有人群,药物治疗,根据不同医院，收费标准不一致，市三甲医院约（3000 —— 8000元）,否,发病率约为0.006%-0.008%,78%,8-12周,https://tag.120ask.com/jibing/dyxmxyxy/
内科,消化内科,大肠湿热,中医科、消化内科,腹痛、里急后重、便后肛门灼热不适、小便短赤、便质粘腻、苔黄腻,所有人群,药物治疗,根据不同医院，收费标准不一致，市三甲医院约（1000 —— 3000元）,否,发病率为1-2%,60-80%,4-6周,https://tag.120ask.com/jibing/dcsr/
内科,消化内科,高原红细胞增多症,血液内科,头痛、头晕、气短、乏力、记忆力障碍、精神萎靡、心悸、睡眠障碍、耳鸣、食欲较差、发绀、结膜充血,多见于高原移居人群，少见于高原世居人群，男性发病率明显高于女性,药物、血液稀释治疗,根据不同医院，收费标准不一致，市三甲医院约（5000 —— 10000元）,否,25%(平原地去高原生活着多见),95%,3-6个月,https://tag.120ask.com/jibing/gyhxbzdz/
内科,消化内科,大肠息肉,消化内科、肛肠外科,大便习惯改变、排便频率异常、大便粘腻、便血、腹痛、贫血,幼年性息肉多见于儿童,手术治疗,根据不同医院，收费标准不一致，市三甲医院约（5000 —— 10000元）,否,50岁以上患病概率0.06%,,1-2周,https://tag.120ask.com/jibing/dcxr/
内科,消化内科,胆囊-结肠肝曲粘连综合征,消化内科,食欲异常、腹痛、恶心与呕吐、钝痛、食欲不振、右上腹压痛,所有人群,药物治疗,根据不同医院，收费标准不一致，市三甲医院约2000-5000元,否,0.001%,65%,10-30天,https://tag.120ask.com/jibing/dnjcgqzlzhz/
内科,消化内科,附红细胞体病,血液科,淋巴结肿大、发烧、肝脾肿大、贫血、腹泻、皮肤瘙痒,所有人群,药物治疗,根据不同医院，收费标准不一致，市三甲医院约2000-5000元,否,0.0001%,30%,10-30天,https://tag.120ask.com/jibing/fhxbtb/
内科,消化内科,大网膜扭转,普外科,逐渐加重的右侧腹痛，伴厌食恶心、发烧、恶心与呕吐、腹部肿块、腹痛、右下腹压痛、腹肌紧张,所有人群,药物治疗,根据不同医院，收费标准不一致，市三甲医院约2000-4000元,否,0.0035%,70%,2-4周,https://tag.120ask.com/jibing/dwmnz/
内科,消化内科,胆囊切除术后综合征,消化内科、肝胆外科,右上腹痛、术后腹胀、恶心呕吐、腹鸣、便秘、烧心、嗳气、对多脂饮食不能耐受、食欲异常、胃肠气胀、术后发热,有过胆囊切除病史的患者,药物、手术治疗,根据不同医院，收费标准不一致，市三甲医院约（1000 —— 5000元）,否,0.0035%,60%,3个月,https://tag.120ask.com/jibing/dnqcshzhz/
内科,消化内科,大网膜肿瘤,肿瘤科、普外科,腹部肿块、腹胀、腹痛、腹水、体重减轻、消瘦、贫血、恶病质,所有人群,药物、化学、放射、手术治疗,根据不同医院，收费标准不一致，市三甲医院约（20000 —— 50000元）,否,0.001%,60%,1--3周,https://tag.120ask.com/jibing/dwmzl/
内科,消化内科,胆热,中医科,右胁或两胁疼痛、黄疸、尿短黄赤、口苦咽干、寒热往来、或恶心呕吐、或头痛眩晕、易怒,肝胆病患者,药物治疗,根据不同医院，收费标准不一致，市三甲医院约（5000 —— 8000元）,否,0.003%,89.9%,15天,https://tag.120ask.com/jibing/danre/
内科,消化内科,胆汁淤积性黄疽,消化内科、胃肠外科,肝肿大、黄疸、瘙痒、食欲不振、乏力,大量饮酒者,饮食、药物治疗,根据不同医院，收费标准不一致，市三甲医院约（5000 —— 10000元）,否,妊娠合并肝内胆汁淤积发生率为 2.4%,60%,2-4周,https://tag.120ask.com/jibing/dzyjxhj/
内科,消化内科,胆石,消化内科、肝胆外科,胆绞痛、腹痛、恶心与呕吐、消化不良、畏寒、黄疸、高热寒战、上腹部压痛、上腹部疼痛,所有人群,药物治疗,根据不同医院，收费标准不一致，市三甲医院约2000-5000元,否,0.03%,90%,1-2个月,https://tag.120ask.com/jibing/danshi/
内科,消化内科,蛋白丢失性胃肠病,消化内科,低蛋白血症、下肢水肿、消化不良、腹泻、维生素缺乏、免疫功能障碍,所有人群,饮食、药物、手术治疗,根据不同医院，收费标准不一致，市三甲医院约（5000 —— 10000元）,否,0.005%,95%,3个月,https://tag.120ask.com/jibing/dbdsxwcb/
内科,消化内科,胆道运动功能障碍,胃肠外科,腹痛、消化不良、腹部不适、右上腹痛、嗳气、腹胀、食欲不振,本病多见于女性,饮食、运动、药物、手术治疗,根据不同医院，收费标准不一致，市三甲医院约（5000 —— 10000元）,否,0.0001%,50%,10-30天,https://tag.120ask.com/jibing/ddydgnza/
内科,消化内科,等孢球虫病,消化内科、传染科,腹泻、黏液便、腹痛、发烧、食欲减退、腹部不适、恶心与呕吐、昏迷,所有人群,药物治疗,根据不同医院，收费标准不一致，市三甲医院约300-6000元,否,0.002%,30%,1-2个月,https://tag.120ask.com/jibing/dqcb/
内科,消化内科,镉中毒,急诊科,中毒早期表现咽痛﹑咳嗽﹑胸闷﹑气短﹑头晕﹑恶心﹑全身酸痛﹑无力﹑发热等症状、严重者可出现中毒性肺水肿或化学性肺炎、有明显的呼吸困难﹑胸痛﹑咯大量泡沫血色痰、可因急性呼吸衰竭而死亡,所有人群均可发病,药物治疗、,根据不同医院，收费标准不一致，市三甲医院约（3000 —— 10000元）,否,多见于镉工业工作人员或者水质被污染的居民，发病率约为0.0004%-0.0007%,45%-55%,3-6个月,https://tag.120ask.com/jibing/gezhongdu/
内科,消化内科,蛋白丧失胃肠综合征,消化内科,胃肠道功能差、消瘦、异性蛋白反应、恶心呕吐、胸腔积液、水肿、口苦、腹痛、腹水,所有人群,饮食、药物治疗,根据不同医院，收费标准不一致，市三甲医院约（2000 —— 5000元）,否,0.002%,40%,1-3个月,https://tag.120ask.com/jibing/dbsswczhz/
内科,消化内科,呃逆症,中医科,呃逆、嗳气、腹胀、胃部隐痛,女性,中医药物治疗、西医药物治疗,根据不同医院，收费标准不一致，市三甲医院约（500 —— 3000元）,否,0.013%,90%,1-7天,https://tag.120ask.com/jibing/nizheng/
内科,消化内科,迪厄拉富瓦病,消化内科,呕血、柏油便、出血、休克,所有人群,内镜治疗、激光治疗、手术治疗,根据不同医院，收费标准不一致，市三甲医院约（10000 —— 50000元）,否,0.00001%,3%,7天,https://tag.120ask.com/jibing/delfwb/
内科,消化内科,放射病,神经内科,食欲减退、腹泻、共济失调、定向力障碍、全身衰竭、恶心、呕吐、肢体震颤、乏力、头晕、休克、疲乏,所有人群,药物治疗,根据不同医院，收费标准不一致，市三甲医院约2000-4000元,否,0.00325%,,治疗周期约4-6周,https://tag.120ask.com/jibing/fangshebing/
内科,消化内科,恶心和呕吐,消化内科,呕吐、反胃、吞酸、眩晕、口臭,饮食积滞者、晕车晕船人群、食物中毒人群,中医药物治疗,根据不同医院，收费标准不一致，市三甲医院约（500-6000元）,否,0.5%,80%,2--7天,https://tag.120ask.com/jibing/exhot/
内科,消化内科,敌鼠中毒,急诊科,恶心呕吐、腹痛、食欲不振、精神萎靡、鼻出血、血尿、腰背痛、肌肉跳动、腹泻,所有人群,催吐、洗胃、导泻、药物治疗,根据不同医院，收费标准不一致，市三甲医院约（5000 —— 10000元）,否,0.01%,60%,2-4周,https://tag.120ask.com/jibing/dszd/
内科,消化内科,放射性肠炎,消化内科,肠粘膜坏死溃疡、腹痛、恶心、呕吐、腹泻、脓血便、阴道内出现粪质和血性分泌,放射治疗后多发,饮食、药物、手术治疗,根据不同医院，收费标准不一致，市三甲医院约（10000 —— 50000元）,否,0.001%,70%,7天,https://tag.120ask.com/jibing/fsxcy/
内科,消化内科,淀粉样变病的胃肠道表现,消化内科,恶心与呕吐、便秘、腹泻、吸收不良综合征、食欲不振、巨舌、溃疡穿孔或出血、腹痛、肠道转运障碍、腹部不适、肠道功能紊乱,所有人群,原发病治疗,根据不同医院，收费标准不一致，市三甲医院约2000-5000元,否,0.001%--0.005%,20%--30%,14--30天,https://tag.120ask.com/jibing/dfybbdwcdbx/
内科,消化内科,放射性食管炎,消化内科,胸痛、呛咳、呕血、呼吸异常、烧心、呕吐、发烧,所有群体,药物治疗,根据不同医院，收费标准不一致，市三甲医院约（1000-3000元）,否,发病率约为0.004%-0.008%,65%,4-8周,https://tag.120ask.com/jibing/fsxsgy/
内科,消化内科,丁型病毒性肝炎,肝病科,乏力、食欲下降、肝肿大、黄疸、肝区隐痛，肝掌、蜘蛛痣,乙肝携带者,药物治疗,根据不同医院，收费标准不一致，市三甲医院约（20000 —— 50000元）,否,本病少见，必须依附在乙肝患者基础之上，乙肝患者中合并丁肝感染率约为0.04%-0.05%,,终身间歇性治疗,https://tag.120ask.com/jibing/dxbdxgy/
内科,消化内科,非01霍乱弧菌肠炎,消化内科,腹泻、呕吐、脱水、烦躁不安、便血、腹痛、粪便黑色并带有血液、排便频率异常、分泌性腹泻、排便感、腹胀,所有人群,药物治疗,根据不同医院，收费标准不一致，市三甲医院约2000-4000元,否,0.00001%,30%,3-7天,https://tag.120ask.com/jibing/f01hlhjcy/
内科,消化内科,儿童胰腺功能不全并中性粒细胞,消化内科,腹泻、恶心与呕吐、中性粒细胞增高、粥样泻,儿童,药物治疗,根据不同医院，收费标准不一致，市三甲医院约（2000-4000元）,否,儿童发病率约为0.006%-0.008%,65%,8-12周,https://tag.120ask.com/jibing/etyxgnbqbzxlxbjszzhz/
内科,消化内科,毒蕈中毒,急诊科,恶心与呕吐、腹痛、腹泻、毒物致肝损害、昏迷、晕厥、瞳孔异常、胸痛、头痛、呼吸异常、黄疸、转氨酶增高,所有人群,药物治疗,根据不同医院，收费标准不一致，市三甲医院约1000-3000元,否,0.002%,60%,2-4周,https://tag.120ask.com/jibing/dzd/
内科,消化内科,非霍乱弧菌感染,传染科,腹泻、水样便、里急后重、腹痛、继发感染、分泌性腹泻、发烧,所有人群,药物治疗,根据不同医院，收费标准不一致，市三甲医院约（3000 —— 8000元）,否,发病率约为0.006%--0.007%,60-70%,1-2个月,https://tag.120ask.com/jibing/fhlhjgr/
内科,消化内科,二糖酶缺乏症,消化内科,腹鸣、腹痛、腹泻、水样便、脱水、蔗糖-异麦芽糖吸收不良、呕吐、腹胀、代谢性酸中毒、氨基酸尿症、海藻糖酶缺乏,新生儿,药物治疗,根据不同医院，收费标准不一致，市三甲医院约（3000 —— 8000元）,否,0.0003%,65%,3-6月,https://tag.120ask.com/jibing/etmqfz/
内科,消化内科,对乙酰氨基酚中毒,急诊科,厌食、恶心与呕吐、出汗异常、肝区痛、黄疸、血清中高水平的谷草转氨酶(AST)、肾功能衰竭、肝功能异常,所有人群,药物治疗,根据不同医院，收费标准不一致，市三甲医院约（1000 —— 5000元）,否,0.003%,81%,14天,https://tag.120ask.com/jibing/dyajfzd/
内科,消化内科,非寄生虫性肝囊肿,感染科,腹痛、恶心与呕吐、肝肿大、上腹不适、胃部隐痛、上腹部肿块及腹胀、肝功能受损,所有人群,药物治疗,根据不同医院，收费标准不一致，市三甲医院约（3000 —— 8000元）,否,0.005%,85%,1-3月,https://tag.120ask.com/jibing/fjscxgnz/
内科,消化内科,Felty综合征,风湿免疫科,厌食、脾肿大、周身不适、消瘦、小腿溃疡、淋巴结肿大、紫癜,老年人群（多为50～70岁有长期典型类风湿关节炎者）,药物治疗,根据不同医院，收费标准不一致，市三甲医院约（3000 —— 8000元）,否,0.002%,65%,2-4个月,https://tag.120ask.com/jibing/feltyzhz/
内科,消化内科,多发性消化道息肉综合征,胃肠外科,腹痛、恶心呕吐、腹泻、刺痛、腹部不适、厌食、水样便、便血、指（趾）甲颜色改变,发病年龄多在30～86岁，男性多于女性,药物、手术治疗,根据不同医院，收费标准不一致，市三甲医院约（1000 —— 5000元）,否,本病常见病发生率在9%左右,99%治愈,20-40天,https://tag.120ask.com/jibing/dfxxhdxrzhz/
内科,消化内科,非酒精性脂肪肝病,消化内科,乏力、疲劳、肝脾肿大、肝区痛、消化不良,所有群体,药物治疗,根据不同医院，收费标准不一致，市三甲医院约（3000-5000元）,否,0.003,85%,2-4月,https://tag.120ask.com/jibing/fjjxzfgb/
内科,消化内科,发芽马铃薯中毒,急诊科,咽喉干燥、灼热感、恶心、呕吐、腹痛、腹泻、脱水、失水、昏迷,所有人群,催吐、洗胃、导泻、药物治疗,根据不同医院，收费标准不一致，市三甲医院约（5000 —— 10000元）,否,0.0004-0.0008%,70-80%,1个月,https://tag.120ask.com/jibing/fymlszd/
内科,消化内科,多房棘球蚴病,消化内科、传染科,腹痛伴黄疸、腹部肿块、肝肿大、食欲不振、腹水,所有人群,药物治疗,根据不同医院，收费标准不一致，市三甲医院约2000-4000元,否,0.003%,60%,1-3个月,https://tag.120ask.com/jibing/dfjqb/
内科,消化内科,非溃疡消化不良,消化内科,恶心、反酸、腹泻、腹胀,所有人群,药物治疗、心理疏导,根据不同医院，收费标准不一致，市三甲医院约1000 —— 3000元）,否,0.13%,95%,7-10天,https://tag.120ask.com/jibing/fkyxhbl/
内科,消化内科,发作性嗜睡强食综合征,神经内科、精神病科,发作性嗜睡和食欲亢进、易激惹、昏睡、多肥胖、进食量极大,常见青年男性,药物、心理治疗,根据不同医院，收费标准不一致，市三甲医院约（3000 —— 8000元）,否,0.001%-0.002%,70%,8-12周,https://tag.120ask.com/jibing/fzxssqszhz/
内科,消化内科,呃逆,消化内科,呃逆、腹胀、气逆、食欲缺乏,所有恩群,饮食、药物、中医治疗,根据不同医院，收费标准不一致，市三甲医院约（3000 —— 5000元）,否,0.0001%,95%,20天,https://tag.120ask.com/jibing/ni/
内科,消化内科,分流性高胆红素血症综合征,消化内科,黄疸、脾肿大、尿胆原排泻增加、胆红素升高、红细胞增多,所有人群,药物治疗,根据不同医院，收费标准不一致，市三甲医院约2000-5000元,否,0.003%,40%,1-3个月,https://tag.120ask.com/jibing/flxgdhsxzzhz/
内科,消化内科,腹部肿块,普外科,腹痛、腹泻、便秘、腹部隆起,所有人群,手术治疗、药物治疗,根据不同医院，收费标准不一致，市三甲医院约20000---100000元,否,发病率约为0.001%-0.002%,,4-8周,https://tag.120ask.com/jibing/fbzk/
内科,消化内科,酚类中毒,消化内科,口及咽部烧灼感、吞咽困难、便血、恶心与呕吐、腹痛、腹泻、头痛、中毒严重、尿毒症、尿液呈黑色、黄疸、全身骨骼肌痉挛,所有群体,对症治疗,根据不同医院，收费标准不一致，市三甲医院约（1000-5000元）,否,0.5%,80%,2-4周,https://tag.120ask.com/jibing/flzd/
内科,消化内科,腹膜假黏液瘤,消化内科、普外科,腹胀、恶心与呕吐、消瘦、腹痛、呼吸困难、胸闷憋气、翻身困难、食欲减退、乏力、肝脏肿大,大多为中年、老年,手术治疗,根据不同医院，收费标准不一致，市三甲医院约（20000 —— 50000元）,否,0.006%,80%,2-4月,https://tag.120ask.com/jibing/fmjyl/
内科,消化内科,腹肌缺如综合征,胃肠外科,腹壁薄如纸、腹内脏器依稀可见、肋骨下部皮肤发红、,所有人群,药物、手术治疗,根据不同医院，收费标准不一致，市三甲医院约（20000 —— 50000元）,否,0.003%,75%,1-2个月,https://tag.120ask.com/jibing/fjqrzhz/
内科,消化内科,粪类圆线虫病,感染科,皮肤瘙痒、恶心与呕吐、腹泻、腹痛、便秘、发烧、肠穿孔、咳嗽、烦躁不安,所有人群,药物治疗,根据不同医院，收费标准不一致，市三甲医院约（3000 —— 8000元）,是,发病率约为0.004%-0.007%,65%,2-4个月,https://tag.120ask.com/jibing/flyxcb/
内科,消化内科,腹膜间皮瘤,普外科、肿瘤科,消瘦、贫血、便秘、腹部包块、发热、腹痛、腹泻、恶心、呕吐、腹水、腹胀,45-64岁之间,饮食、药物、手术治疗,根据不同医院，收费标准不一致，市三甲医院约（10000 —— 50000元）,否,0.0055%,60%,1-3月,https://tag.120ask.com/jibing/fmjpl/
内科,消化内科,腹绞痛综合征,消化内科、普外科,腹痛、绞痛、阵发性肠绞痛、持续性肠绞痛、突发性右上腹绞痛,多见于中、老年男性患者,饮食、运动、药物治疗,根据不同医院，收费标准不一致，市三甲医院约（1000 —— 5000元）,否,0.001%,70%,1-3周,https://tag.120ask.com/jibing/fjtzhz/
内科,消化内科,风秘,中医科,眩晕、腹胀、排便困难、便秘,风热感冒患者或中风胃肠积热患者,药物治疗,根据不同医院，收费标准不一致，市三甲医院约（1000 —— 3000元）,否,0.02%--0.07%,70-80%,1-2周,https://tag.120ask.com/jibing/fengmi/
内科,消化内科,腹膜后感染与脓肿,普外科,后腹膜纤维化、腹痛、恶心与呕吐、腰大肌阴影消失、脓毒性血栓、发烧,所有人群,药物治疗,根据不同医院，收费标准不一致，市三甲医院约2000-5000元,否,0.2%,85%,1-3月,https://tag.120ask.com/jibing/fmhgrynz/
内科,消化内科,福尔马林中毒,急诊科,口及咽部烧灼感、流涎、吞咽困难、大便呈褐色、肠穿孔、口腔糜烂、胃糜烂、头晕、蹒跚步态、昏迷、呼吸困难,所有人群,手术治疗（催吐、洗胃、导泻）药物治疗、支持疗法,根据不同医院，收费标准不一致，市三甲医院约（3000 —— 5000元）,否,患病率约为0.002%,,正规治疗周期20天,https://tag.120ask.com/jibing/femlzd/
内科,消化内科,腹膜转移癌,消化内科、肿瘤科,腹痛、恶心与呕吐、消瘦、腹胀、腹水、食欲不振、乏力、贫血,所有人群,药物治疗、手术治疗、化疗,根据不同医院，收费标准不一致，市三甲医院约2000-5000元,否,0.0004%-0.0006%,50%,2-3个月,https://tag.120ask.com/jibing/fmzya/
内科,消化内科,腹膜后间隙出血,消化内科,腹膜刺激征、恶心与呕吐、腹痛、腰大肌阴影消失,所有人群,药物治疗,根据不同医院，收费标准不一致，市三甲医院约2000-5000元,否,0.002%,60%,1-2个月,https://tag.120ask.com/jibing/fmhjxcx/
内科,消化内科,腹腔动脉压迫综合征,普外科,腹痛、恶心与呕吐、腹泻、收缩期杂音,所有人群,药物治疗,根据不同医院，收费标准不一致，市三甲医院约3000-6000元,否,0.002%-0.003%,60%,3-6个月,https://tag.120ask.com/jibing/fqdmypzhz/
内科,消化内科,腹膜后淋巴结炎,普外科,十二指肠有切迹或狭窄、淋巴结疼痛、后腹膜纤维化、恶心与呕吐、腹痛、发烧、腹胀、腹部有局部或广泛触痛、反跳痛,所有人群,药物治疗,根据不同医院，收费标准不一致，市三甲医院约（5000 —— 20000元）,否,0.004%,65%,治疗周期14天,https://tag.120ask.com/jibing/fmhlbjy/
内科,消化内科,复发性腹膜后肿瘤,消化内科、肿瘤科,腹部肿块、腹胀、腹痛、隐痛、剧烈疼痛,所有人群,药物治疗,根据不同医院，收费标准不一致，市三甲医院约10000-30000元,否,0.0021%,55%,10-30天,https://tag.120ask.com/jibing/ffxfmhzl/
内科,消化内科,卡他莫拉菌感染,呼吸内科,脓肿 、语言发育迟缓、咳嗽、咳痰、呼吸困难、细菌感染,所有人群,药物治疗,根据不同医院，收费标准不一致，市三甲医院约（3000 —— 8000元）,是,0.001%,60%,3个月,https://tag.120ask.com/jibing/ktmljgr/
内科,消化内科,腹膜后腔液体渗病,消化内科,腰大肌阴影消失、休克、腹痛、腹泻,所有人群,药物治疗,根据不同医院，收费标准不一致，市三甲医院约（5000 —— 20000元）,否,0.0007%,60%,1个月,https://tag.120ask.com/jibing/fmhqytsb/
内科,消化内科,复发性溃疡,消化科,疼痛、恶心、呕吐、吻合口水肿、痉挛或幽门管、十二指肠球部出口梗阻,胃肠手术患者,西医药物治疗,根据不同医院，收费标准不一致，市三甲医院约（5000-10000元）,否,1.3%,80%,3-10天,https://tag.120ask.com/jibing/ffxky/
内科,消化内科,腹水,消化内科,面色潮红、发热、腹部压痛,急慢性肾病、心病患者,西医药物治疗,根据不同医院，收费标准不一致，市三甲医院约（5000-10000元）,否,0.005%,60%,2-4月,https://tag.120ask.com/jibing/fushui/
内科,消化内科,腹膜后疝,消化内科,发烧、恶心与呕吐、腹痛、腹胀,所有人群,药物治疗   手术治疗,根据不同医院，收费标准不一致，市三甲医院约1000-3000元,否,0.0062%,80%,1-3周,https://tag.120ask.com/jibing/fmh/
内科,消化内科,老年低温症,急诊科,面部浮肿、寒战、低血压、昏睡、幻觉、共济失调、痴呆、低热、面色苍白、发绀、声音嘶哑、谵妄,65岁以上老人多见,药物治疗,根据不同医院，收费标准不一致，市三甲医院约（3000 —— 8000元）,否,50岁以上中老年人群中发病率约为0.006%-0.01%，多继发于甲减患者,75%-85%,1-3个月,https://tag.120ask.com/jibing/lndwz/
内科,消化内科,副溶血性弧菌食物中毒,消化内科、急诊科,畏寒、腹部不适、恶心与呕吐、腹痛、腹泻、脱水、水样便、失水、休克、脓血便、循环衰竭、声音嘶哑,所有人群,药物治疗,根据不同医院，收费标准不一致，市三甲医院约2000-5000元,否,0.003%-0.005%,85%,4-8周,https://tag.120ask.com/jibing/frxxhjswzd/
内科,消化内科,腹壁坏死性筋膜炎,普外科,肌肉坏死、浅筋膜炎、坏死性筋膜炎、小腿或前臂间隙综合征、皮下深部筋膜进行性坏死性感染、腹胀、腹痛、非血性腹水、筋膜疼痛、胸腹壁浅在条索伴疼痛或牵扯痛,所有人群,药物治疗,根据不同医院，收费标准不一致，市三甲医院约（5000 —— 8000元）,否,0.003%-0.004%,60%-75%,1-3个月,https://tag.120ask.com/jibing/fbhsxjmy/
内科,消化内科,腹膜后脂肪瘤,胃肠外科、肿瘤科,腹部肿块、腹部不适、腹胀、恶心、呕吐、尿频、尿急、尿痛、血尿、排尿困难、尿潴留,所有人群,手术治疗,根据不同医院，收费标准不一致，市三甲医院约（10000 —— 50000元）,否,0.01%--0.05%,60--80%,2--6周,https://tag.120ask.com/jibing/fmhzfl/
内科,消化内科,腹型偏头痛综合征,神经内科,头跳痛、单侧头痛、电击样痛或刺痛的头痛、发烧、儿童偏头痛、口唇周围麻木感刺痛、一过性全面性遗忘、中度痛、牵涉性头痛、恶心与呕吐、清晨或上午头痛、腹痛,所有人群,药物治疗,根据不同医院，收费标准不一致，市三甲医院约（3000 —— 8000元）,否,0.0003%,70%,1-3年,https://tag.120ask.com/jibing/fxpttzhz/
内科,消化内科,腹型癫痫综合征,神经内科,阵发性腹痛、腹痛、意识障碍、食欲不振、腹泻、癫痫性头痛、恶心与呕吐、继发性癫痫,儿童,药物治疗,根据不同医院，收费标准不一致，市三甲医院约（4000 —— 8000元）,否,0.005%,40%,3个月,https://tag.120ask.com/jibing/fxzhz/
内科,消化内科,咖啡因与氨茶碱中毒,急诊科,恶心呕吐、腹痛、呕血、便血、头痛头昏、耳鸣、烦躁、昏迷、休克、尿多、或有血尿,过量或误服氨茶碱类药或咖啡因患者,手术治疗（催吐、洗胃）、药物治疗,根据不同医院，收费标准不一致，市三甲医院约（3000 —— 5000元）,否,0.0025%,60%,1-3周,https://tag.120ask.com/jibing/kfyyacjzd/
内科,消化内科,腹胀,消化内科,腹胀、消化不良,所有人群,药物治疗,根据不同医院，收费标准不一致，市三甲医院约（3000 —— 5000元）,否,100%,100%,1-3天,https://tag.120ask.com/jibing/fuzhang/
内科,消化内科,肝肺综合症,消化内科、呼吸内科,腹水、直立位型呼吸困难、低氧血症、紫绀,原有肝病患者,药物、手术治疗,根据不同医院，收费标准不一致，市三甲医院约（20000 —— 50000元）,否,肝病患者本病发病率约为0.02%-0.1%，多见于重症肝病者,65%,1-3个月,https://tag.120ask.com/jibing/gfzhz/
内科,消化内科,老年人感染性休克,呼吸内科、心血管内科,肺部感染（多见）、恶心呕吐、腹胀、腹泻、神志恍惚、表情淡漠、低热、低血压、心动过速、晕厥,体虚老年人,药物治疗、支持疗法,根据不同医院，收费标准不一致，市三甲医院约（20000 —— 50000元）,否,多见于有慢性肺部疾病的老年人，发病率5-10%,60%,1-6月,https://tag.120ask.com/jibing/lnrgrxxk/
内科,消化内科,肝腺瘤,肝胆外科,腹部肿块、腹胀、右上腹痛、纳差、恶心、腹肌紧张、腹痛、黄疸,育龄妇女，发病年龄大多为21～48岁,药物、手术治疗,根据不同医院，收费标准不一致，市三甲医院约（10000 ——50000元）,否,0.003%,60%,一个月,https://tag.120ask.com/jibing/ganxianliu/
内科,消化内科,腹主动脉血栓形成综合征,心血管内科,身痛、男子性功能障碍、心脏排血受阻、门静脉血流郁滞、下肢血压偏低,所有人群,药物治疗,根据不同医院，收费标准不一致，市三甲医院约（3000 —— 8000元）,否,0.0001%,47%,30天,https://tag.120ask.com/jibing/fzdmxsxczhz/
内科,消化内科,肝海绵状血管瘤,消化内科、肝胆外科,恶心呕吐、消化不良、吞咽困难、腹胀、腹水、脾肿大、腹部肿块、嗳气、肝肿大,30～50 岁多见,药物、手术治疗,根据不同医院，收费标准不一致，市三甲医院约（10000 —— 50000元）,否,0.0023%,70%,10-30天,https://tag.120ask.com/jibing/ghmzxgl/
内科,消化内科,肝性卟啉病,消化内科,腹痛、恶心、呕吐和便秘、周围神经受损表现为肢体上行性瘫痪、感觉异常、腱反射消失、多汗、心动过速等,成年人多见,药物治疗,根据不同医院，收费标准不一致，市三甲医院约（1000 —— 8000元）,否,本病罕见，发病率约为0.0001%,,终身治疗,https://tag.120ask.com/jibing/ganxingbing/
内科,消化内科,腹卒中综合征,消化内科,休克、下腹部反跳痛、低血压、恶心与呕吐、腹痛、腹部压痛、腹肌紧张,所有人群,药物治疗,根据不同医院，收费标准不一致，市三甲医院约（3000 —— 8000元）,否,发病率约为0.001%-0.002%,75%,8-12周,https://tag.120ask.com/jibing/fzzzhz/
内科,消化内科,肝-甲状腺综合征,消化内科,腹水、脾肿大、蜘蛛痣、发热伴关节肿痛、淋巴结肿大,所有人群,药物治疗,根据不同医院，收费标准不一致，市三甲医院约（3000 —— 8000元）,否,0.0021%,70%,3--8周,https://tag.120ask.com/jibing/gjzxzhz/
内科,消化内科,肝性脊髓病,神经内科、消化内科,上消化道出血、腹壁静脉怒张、腹胀、截瘫、意识障碍、纳差、乏力、肝脾肿大、腹水、蜘蛛痣、单项ALT升高、行为及情绪异常,所有人群,药物治疗,根据不同医院，收费标准不一致，市三甲医院约（3000 —— 8000元）,否,本病在特定群中发病比例在0.1%--0.2%,,一般周期3-6月,https://tag.120ask.com/jibing/gxjsb/
内科,消化内科,Gardner综合征,消化内科,腹泻、便血、结肠息肉、皮下囊肿、身痛、骨囊肿,所有人群,药物治疗,根据不同医院，收费标准不一致，市三甲医院约（3000 —— 8000元）,否,0.001%,70%,2--7周,https://tag.120ask.com/jibing/gardnerzhz/
内科,消化内科,肝结核,消化内科,乏力、肝肿大、恶心与呕吐、腹泻、消瘦、腹胀、盗汗 、肝区痛、黄疸、畏寒、食欲不振、低热,所有人群,药物治疗,根据不同医院，收费标准不一致，市三甲医院约（3000 —— 8000元）,否,0.002%,75%,1-3个月,https://tag.120ask.com/jibing/ganjiehe/
内科,消化内科,肝包虫囊肿,消化内科,腹痛、胃肠气胀、腹部肿块、腹胀、黄疸、败血症、上腹囊性肿块,所有人群,药物治疗,根据不同医院，收费标准不一致，市三甲医院约（1000 —— 5000元）,否,0.0021%,75%,30天,https://tag.120ask.com/jibing/gbcnz/
内科,消化内科,肝大,消化科,压痛、消瘦、黄疸、腹水、蜘蛛痣和肝掌,男性,药物治疗,根据不同医院，收费标准不一致，市三甲医院约（50000 —— 100000元）,否,发病率在特定人群0.25%,80%能够有效治愈,3-6月,https://tag.120ask.com/jibing/ganda/
内科,消化内科,肝肾综合征,肝病科、肾内科,黄疸、腹水、少尿、无尿、血尿、发烧、食欲不振、乏力、发烧,原有肝病患者,药物、手术、血液净化、肝移植治疗,根据不同医院，收费标准不一致，市三甲医院约（10000 ——50000元）,否,肝硬化后1年内发病率为18%,50%,3个月,https://tag.120ask.com/jibing/gszhz/
内科,消化内科,肝血虚证,中医科,头昏眩晕、两眼干涩、咽干口苦、月经失调、高血压、肢体抽搐、失眠多梦、脾气暴躁或压抑,所有人群,药物治疗,根据不同医院，收费标准不一致，市三甲医院约（5000 ——10000元）,否,0.0032%,90%,10天,https://tag.120ask.com/jibing/gxxz/
内科,消化内科,肝损伤,消化内科、肝胆外科,面色苍白、手足厥冷、出冷汗、肝区痛、脉搏细速、黄疸、腹痛、腹肌紧张、压痛、反跳痛、乏力、食欲不振、厌食、恶心、呕吐,所有人群,药物、手术治疗,根据不同医院，收费标准不一致，市三甲医院约（10000 —— 50000元）,否,0.002%,50%,7-21天,https://tag.120ask.com/jibing/gansunshang/
内科,消化内科,肝炎后综合征,消化内科,乏力、头晕、头胀、胸闷、心慌、失眠、多梦、食欲不振、隐痛、上腹不适,所有人群,药物治疗,根据不同医院，收费标准不一致，市三甲医院约（3000 —— 8000元）,否,0.001%,40%,30天,https://tag.120ask.com/jibing/gyhzhz/
内科,消化内科,老年人酒精性心脏病,心血管内科,无特殊原因的疲劳、气急、心悸、运动时咳嗽、运动耐量减退、夜尿多、继而出现夜间阵发性呼吸困难,老年人,药物治疗,根据不同医院，收费标准不一致，市三甲医院约（3000 —— 8000元）,否,0.01%,20%,1--3个月,https://tag.120ask.com/jibing/laonrjjxxzb/
内科,消化内科,肝外胆管损伤,肝胆外科,胆囊积水、胆管断裂、胆囊运动障碍、黄疸、小胆管扭曲、腹腔积血、腹痛、发烧,所有人群,药物治疗,根据不同医院，收费标准不一致，市三甲医院约20000-40000元,否,0.005%,68%,3-6月,https://tag.120ask.com/jibing/gwdgss/
内科,消化内科,肝炎双重感染,消化内科,黄疸、恶心与呕吐、小三阳、呕血与黑便、肝肿大、疲劳,所有人群,药物治疗,根据不同医院，收费标准不一致，市三甲医院约（3000 —— 8000元）,否,0.003%--0.007%,60%,对于病毒性肝炎患者需要终身治疗,https://tag.120ask.com/jibing/gyszgr/
内科,消化内科,肝胃不和,中医科,恶心、呕吐、胁痛、腹泻,情志抑郁之人、胃肠气虚之人,中医药物治,根据不同医院，收费标准不一致，市三甲医院约（500-1000元）,否,1.6%,95%,7-10天,https://tag.120ask.com/jibing/gwbh/
内科,消化内科,链杆菌病,呼吸内科,高热寒战、头痛、呕吐、斑丘疹 、关节疼痛、发烧、斑疹、细菌性心内膜炎,所有人群,药物治疗,根据不同医院，收费标准不一致，市三甲医院约2000-4000元,是,人群患病概率0.0069%,,治疗周期14-21天,https://tag.120ask.com/jibing/lgjb/
内科,消化内科,肝硬化男性性功能减弱综合征,消化内科,男性乳房大、男子性功能障碍、睾丸萎缩、性欲减退、蜘蛛痣、肝掌、胆汁性肝硬化、乳房胀痛,所有人群,药物治疗,根据不同医院，收费标准不一致，市三甲医院约2000-5000元,否,肝硬化男性患者中发病率约为65%，与雌激素灭活障碍有关,45%,3-6个月,https://tag.120ask.com/jibing/gyhnxxgnjrzhz/
内科,消化内科,肝硬化性肾损害,消化内科、肾病科,全身乏力、黄疸、脾大、腹水、呕血、黑便、水肿、高血压、少尿、血尿,肝炎患者,药物治疗、支持疗法,根据不同医院，收费标准不一致，市三甲医院约（30000 —— 50000元）,否,0.003%-0.005%,65%,3-6个月,https://tag.120ask.com/jibing/gyhxssh/
内科,消化内科,肝淀粉样变性,消化内科,肝肿大、上腹部疼痛、上腹不适、纳差、肝淤血、肝掌、肝纤维化、肝积水、腹胀、腹水、腹部不适、肝淀粉样变性,所有群体,药物治疗,根据不同医院，收费标准不一致，市三甲医院约（5000-10000元）,否,0.02%,80%,2-4月,https://tag.120ask.com/jibing/gdfybx/
内科,消化内科,肝脏局灶性结节性增生,肝胆外科,腹部肿块、肝肿大、压痛、右上腹痛、上腹部包块,所有人群,药物治疗,根据不同医院，收费标准不一致，市三甲医院约2000-5000元,否,0.9%,60%,1-3个月,https://tag.120ask.com/jibing/gzjzxjjxzs/
内科,消化内科,膈膨出和麻痹,消化内科,心悸、反复肺炎、晕厥、咳嗽、头痛、昏迷、桶状胸、呼吸异常、心律失常、腹痛、恶心与呕吐、膈麻痹,所有人群,药物治疗,根据不同医院，收费标准不一致，市三甲医院约2000-5000元,否,0.01%,50%,2个月,https://tag.120ask.com/jibing/pchmb/
内科,消化内科,肝豆状核变性伴发的精神障碍,神经内科,脾肿大、肝肿大、智能减退、肌张力过高、抑郁、共济失调、严重情绪障碍、喜怒无常、易激动、情感淡漠、焦虑,肝豆状核变性患者,药物治疗,根据不同医院，收费标准不一致，市三甲医院约（1000-5000元）,否,0.005%,20%,2-4个月,https://tag.120ask.com/jibing/gdzhbxbfdjsza/
内科,消化内科,肝脏炎性假瘤,肝胆外科,疲劳、恶心与呕吐、腹痛、发烧、消瘦、周身不适,所有人群,药物治疗,根据不同医院，收费标准不一致，市三甲医院约2000-5000元,否,0.01%-0.03%,65%,8-12周,https://tag.120ask.com/jibing/gzyxjl/
内科,消化内科,老年性昏迷,神经内科,意识障碍、缄默症、昏迷、觉醒状态丧失、对光反应消失,老年人,药物治疗,根据不同医院，收费标准不一致，市三甲医院约（5000 —— 10000元）,否,0.005%,50%,2-4周,https://tag.120ask.com/jibing/lnxhm/
内科,消化内科,膈扑动,心胸外科,气急、胸痛、进食困难,所有人群,药物治疗,根据不同医院，收费标准不一致，市三甲医院约（3000 —— 8000元）,否,0.003%,65%,2-4周,https://tag.120ask.com/jibing/pudong/
内科,消化内科,肝肺综合征,呼吸内科、消化内科,口唇和指尖紫绀、杵状指，活动后呼吸困难，站立时加重,中老年人,手术治疗、药物治疗,根据不同医院，收费标准不一致，市三甲医院约（5000 —— 20000元）,否,0.005%,40%,3个月,https://tag.120ask.com/jibing/ganfeizhonghezheng/
内科,消化内科,肝著,消化内科、中医科,食欲不振、嗳气、腹胀、干胁痛、大便溏泄、乏力,所有人群,药物、中医治疗,根据不同医院，收费标准不一致，市三甲医院约（5000 —— 10000元）,是,发病率约为0.005%-0.007%,65%,4-6周,https://tag.120ask.com/jibing/ganzhu/
内科,消化内科,老年休克,急诊科、老年科,意识障碍、脉搏细速、血压下降、皮肤湿冷、烦躁不安、呼吸异常、晕厥、休克、心脏骤停、昏迷、气息异常,老年人,药物治疗,根据不同医院，收费标准不一致，市三甲医院约（5000 —— 10000元）,否,50岁以上老年人发病率约为0.01%-0.02%，多见于有心血管疾病患者,75%-85%,4周,https://tag.120ask.com/jibing/lnxk/
内科,消化内科,肝紫癜病,血液科,发烧、肝肿大、腹痛、腹泻、腹胀、腹部肿块、发绀、肝淤血、脾肿大、紫癜、脾紫癜,所有人群,药物治疗,根据不同医院，收费标准不一致，市三甲医院约2000-5000元,否,0.005%,85%,3-5月,https://tag.120ask.com/jibing/gzb/
内科,消化内科,膈下脓肿,普外科,乏力、上腹部疼痛、持续发烧、脓肿 、高热、脉率增快、舌苔厚腻、贫血、衰弱、盗汗 、厌食,原有腹腔疾病患者,药物、手术治疗,根据不同医院，收费标准不一致，市三甲医院约（20000 —— 50000元）,否,0.005%,80%,2-4月,https://tag.120ask.com/jibing/xnz/
内科,消化内科,流感嗜血杆菌感染,呼吸内科,痉挛性咳嗽、脑膜炎、咽痛、发烧、头痛、嗜睡、昏迷、惊厥、颈强直,所有人群,药物治疗,根据不同医院，收费标准不一致，市三甲医院约1000-3000元,否,人群患病概率67%,,治疗周期7天,https://tag.120ask.com/jibing/lgsxgjgr/
内科,消化内科,肛管、直肠、结肠狭窄,普外科,肛门区红肿及痛性硬块,所有人群,药物治疗,根据不同医院，收费标准不一致，市三甲医院约2000-5000元,否,0.5--0.8%,50%--70%,2--6周,https://tag.120ask.com/jibing/ggzcjcxz/
内科,消化内科,膈先天性缺损,普外科,膈膨升、紫绀、桶状胸、呼吸异常,以婴幼儿多见，男性多于女性,药物治疗、手术治疗,根据不同医院，收费标准不一致，市三甲医院约（10000 —— 50000元）,否,婴幼儿发病率约为0.03%-0.08%,,1-2年，可能需要多次修补,https://tag.120ask.com/jibing/xtxqs/
内科,消化内科,肛管损伤,肛肠外科,直肠与肛门狭窄、肛门剧痛、肛周囊肿、外痔、肛门畸形、便秘、肛周软瘊、出血、肛门失禁、排便困难,所有人群,药物、手术治疗,根据不同医院，收费标准不一致，市三甲医院约（5000 —— 10000元）,否,臀部外伤患者中发病率约5%--8%,,1-2个月,https://tag.120ask.com/jibing/ggss/
内科,消化内科,钩虫性十二指肠炎综合征,消化内科,多食、体重减轻、胃部隐痛、腹胀、食欲不振、恶心与呕吐,所有人群,药物治疗,根据不同医院，收费标准不一致，市三甲医院约（3000 —— 8000元）,是,0.005%,60%,1-2个月,https://tag.120ask.com/jibing/gcxsezcyzhz/
内科,消化内科,锰中毒,急诊科,口腔溃疡、恶心与呕吐、胃痛、下肢无力、发烧、便血、肌肉震颤麻痹、咳嗽、咽痛、精神障碍、休克、气急,锰化合物产业工人,手术治疗（催吐、洗胃、导泻）、药物治疗,根据不同医院，收费标准不一致，市三甲医院约（5000 —— 8000元）,否,0.0035%,75%,3-8周,https://tag.120ask.com/jibing/mengzhongdu/
内科,消化内科,孤立性直肠溃疡综合征,普外科,腹泻、腹痛、便血、脓血便、黏液便、排便困难、里急后重、压痛,所有人群,手术治疗、西药治疗、中药治疗,根据不同医院，收费标准不一致，市三甲医院约1000--5000元,否,0.1%,85%,2-4月,https://tag.120ask.com/jibing/glxzckyzhz/
内科,消化内科,庚型病毒性肝炎,肝病科,纳差、恶心、右上腹部不适、疼痛、黄疸、肝肿大、肝区压痛,所有人群,药物治疗、支持疗法,根据不同医院，收费标准不一致，市三甲医院约（10000 —— 30000元）,是,0.01%-0.02%,90%,1-3个月,https://tag.120ask.com/jibing/gxbdxgy/
内科,消化内科,高锰酸钾中毒,急诊科,口及咽部烧灼感、腹痛、恶心与呕吐、吞咽困难、呼吸困难、血性腹泻、震颤、言语障碍、步态异常,所有人群,手术治疗（催吐、洗胃）,根据不同医院，收费标准不一致，市三甲医院约（3000 —— 5000元）,否,发病率0.005%,89%治愈,3-7周,https://tag.120ask.com/jibing/gmsjzd/
内科,消化内科,鼓胀,消化内科、中医科,腹胀、脉络暴露、肝掌、便血、腹痛、神疲乏力、出血倾向、黄疸,原有肝病患者,药物、中医、手术治疗,根据不同医院，收费标准不一致，市三甲医院约（5000 ——10000元）,否,0.23%,70%,14-30天,https://tag.120ask.com/jibing/guzhang/
内科,消化内科,广州管圆线虫病,传染科,头痛、表情淡漠、大小便失禁、视力障碍、食欲下降、恶心与呕吐、浑身酸痛、昏迷、发烧、丘疹、胸痛,所有人群,药物治疗,根据不同医院，收费标准不一致，市三甲医院约（3000 —— 8000元）,是,0.01%,40%,1-3个月,https://tag.120ask.com/jibing/gzgyxcb/
内科,消化内科,功能性呕吐,消化内科,恶心呕吐、进食异常、营养不良,所有人群,药物、心理治疗,根据不同医院，收费标准不一致，市三甲医院约（3000 —— 8000元）,否,0.02%,80%,7--10天,https://tag.120ask.com/jibing/gnxot/
内科,消化内科,后壁穿孔性溃疡,消化外科,中上腹痛、冒酸、打嗝、黑大便,既往有十二指肠溃疡者多见,手术治疗、药物输液治疗、禁食,根据不同医院，收费标准不一致，市三甲医院约（5000 —— 10000元）,否,0.15%,70%,2-4周,https://tag.120ask.com/jibing/hbckxky/
内科,消化内科,含亚硝酸盐类植物性食物中毒,急诊科,紫绀、腹泻、恶心与呕吐,所有群体,药物治疗,根据不同医院，收费标准不一致，市三甲医院约（1000-5000元）,否,0.001%,50%,1个月,https://tag.120ask.com/jibing/hyxsylzwxswzd/
内科,消化内科,螺菌病,感染科,局部淋巴结肿大、关节疼痛、淋巴结肿大、发绀、水泡、疼痛、溃疡、压痛、高热寒战、头痛、疲乏、恶心、呕吐,所有人群,药物治疗,根据不同医院，收费标准不一致，市三甲医院约（10000 —— 30000元）,是,0.002%,60%,2个月,https://tag.120ask.com/jibing/luojunbing/
内科,消化内科,寒湿泄泻,中医科,恶寒、形寒肢冷、神疲乏力、腹痛腹泻、水样便、或顽固不化,所有人群,药物治疗,根据不同医院，收费标准不一致，市三甲医院约（500 —— 1000元）,否,发病率约为0.0021%-0.0042%,85%,4-8周,https://tag.120ask.com/jibing/hsxx/
内科,消化内科,黑色素斑-胃肠多发性息肉综合,消化内科,腹痛、色素性皮损、色素斑、息肉,所有人群,药物治疗,根据不同医院，收费标准不一致，市三甲医院约2000-5000元,否,0.05%,85%,2-3月,https://tag.120ask.com/jibing/hssbwcdfxxrzhz/
内科,消化内科,化脓性汗腺炎,皮肤科,发烧、周身不适、淋巴结疼痛、淋巴结肿大、消瘦、贫血,肥胖人群尤其是女性20-40岁肥胖人群,皮下脓肿、蜂窝组织炎,根据不同医院，收费标准不一致，市三甲医院约2000-5000元,否,0.002%,60%,1-3个月,https://tag.120ask.com/jibing/hnxhxy/
内科,消化内科,横膈下结肠嵌入综合征,消化内科,恶心与呕吐、膈膨升、腹痛,所有群体,对症治疗,根据不同医院，收费标准不一致，市三甲医院约（100-500元）,否,0.002%,75%,1-3个月,https://tag.120ask.com/jibing/hxjcqrzhz/
内科,消化内科,皮肌炎与多发性肌炎,神经内科,双上眼睑的水肿性紫红色斑、肌肉酸痛、吞咽困难、呼吸困难、发烧、胸闷、食欲不振、畏寒、乏力、皮肌炎Gottron征、肌性肌无力,所有群体,病因治疗,根据不同医院，收费标准不一致，市三甲医院约（5000-10000元）,否,0.014%,60%,1-2个月,https://tag.120ask.com/jibing/pjyydfxjy/
内科,消化内科,化脓性门静脉炎,消化内科、ICU,肝肿大、肝区痛、弛张热、畏寒、黄疸、腹肌紧张、腹胀、呕血与黑便、腹泻,所有人群,药物治疗,根据不同医院，收费标准不一致，市三甲医院约1000-3000元,否,0.004%-0.008%,80%,2-4周,https://tag.120ask.com/jibing/hnxmjmy/
内科,消化内科,其他病毒肺炎,呼吸内科,发烧、咽痛、鼻塞、头痛、呼吸困难、发绀、三凹征、鼻翼扇动、肺部可闻及干湿啰音及哮鸣音、心力衰竭、急性肾衰竭、休克,所有人群,药物治疗,根据不同医院，收费标准不一致，市三甲医院约1000-5000元,否,0.00003%,40-50%,1-3个月,https://tag.120ask.com/jibing/qtbdfy/
内科,消化内科,化脓性食管炎,消化内科,颈部疼痛、吞咽困难、胸骨后疼痛、发热伴寒战、高热、败血症、吞咽痛、咽痛、脓肿 、反酸,所有群体,药物治疗、手术治疗,根据不同医院，收费标准不一致，市三甲医院约（1000-3000元）,否,0.005%,60%,1-3个月,https://tag.120ask.com/jibing/hnxsgy/
内科,消化内科,急性肠系膜淋巴结炎,消化内科,咽痛、倦怠不适、发热、腹痛、呕吐、食欲不振、有时伴腹泻或便秘、伴或不伴颈部淋巴结肿大,儿童人群,药物治疗、手术治疗,根据不同医院，收费标准不一致，市三甲医院约（5000 —— 8000元）,否,0.0023%,65%,4周,https://tag.120ask.com/jibing/jxcxmlbjy/
内科,消化内科,内脏利什曼病,呼吸内科、传染科,持续性发热、肝肿大、脾肿大、淋巴结肿大、牵涉痛、内脏痛、头痛、鼻出血、出汗疲乏、全身不适、无力,人类对本病有普遍的易感性，但10岁以下儿童更为易感,饮食、药物、手术治疗,根据不同医院，收费标准不一致，市三甲医院约（10000 —— 50000元）,是,0.0001%,20--40%,1--3个月,https://tag.120ask.com/jibing/nzlsmb/
内科,消化内科,黏多糖贮积症Ⅰ型,内分泌科,运动障碍、智力不足、鼻梁宽而平、眼距宽、唇厚、舌大、耳低位、牙齿小而稀疏,1-2岁儿童,西医药物治疗,根据不同医院，收费标准不一致，市三甲医院约（8000-14000元）,否,0.0003%,20%,6个月,https://tag.120ask.com/jibing/dtzjzyix/
内科,消化内科,坏疽性脓皮症,皮肤科,发烧、斑疹、脓疱、水肿、结节、溃疡,所有群体,药物治疗,根据不同医院，收费标准不一致，市三甲医院约（5000-10000元）,否,0.001%-0.005%,70-80%,6-12周,https://tag.120ask.com/jibing/hjxnpz/
内科,消化内科,急性肠系膜上动脉梗死,普外科,腹痛、呕吐、腹泻、呼吸困难、弥漫性脐周疼痛、发烧、低血压、腹胀、意识模糊、肠鸣音亢进、腹肌紧张,多见于60～80岁的老人，男多于女,药物治疗,根据不同医院，收费标准不一致，市三甲医院约（5000 —— 10000元）,否,0.005%,60%,3-6月,https://tag.120ask.com/jibing/jxcxmsdmgs/
内科,消化内科,蛔虫性急性胰腺炎,消化内科,腹痛、恶心呕吐、腹胀、持续性发热、低血压、突发性右上腹绞痛、休克、脱水,发生于卫生条件较差的地区，常见于儿童,药物治疗、手术治疗,根据不同医院，收费标准不一致，市三甲医院约（10000 —— 50000元）,否,儿童发病率约为0.004%-0.007%,85%,4-6周,https://tag.120ask.com/jibing/hcxjxyxy/
内科,消化内科,急性肠系膜上动脉栓塞或血栓形,血管外科,腹痛、呕吐、呕血、腹膜刺激征、恶心与呕吐、腹泻、血栓性赘生物、骨内损害、腹胀、肠麻痹软瘫、皮温降低、微血栓形成,所有群体,病因治疗,根据不同医院，收费标准不一致，市三甲医院约（5000-10000元）,否,0.0002%-0.0005%,55%-65%,1-3个月,https://tag.120ask.com/jibing/jxcxmsdmsshxsxc/
内科,消化内科,哕,中医科,呕吐、食欲差、腹胀、腹泻,所有人群均可发病,药物治疗,根据不同医院，收费标准不一致，市三甲医院约（100 —— 300元）,否,0.16%,90%,3-7天,https://tag.120ask.com/jibing/yue/
内科,消化内科,黄曲霉素中毒,急诊科,胃部不适、腹胀、呕吐、肠鸣音亢进、水肿、便血、脾大变硬、肝脏肿大、肝区疼痛、一过性发热及黄疸,误食发霉食品,手术治疗（催吐、洗胃）药物治疗,根据不同医院，收费标准不一致，市三甲医院约（3000 —— 5000元）,否,0.002%,40%,1-3个月,https://tag.120ask.com/jibing/hqmszd/
内科,消化内科,急性出血坏死型胰腺炎,消化内科,腹痛、腰背部、肩胛部放射痛、上腹部压痛反跳痛、腹肌紧张、脐或腰背部皮肤颜色青紫、恶心呕吐、发热,暴饮暴食、酗酒患者,药物治疗、手术治疗,根据不同医院，收费标准不一致，市三甲医院约（5000 —— 10000元）,否,0.05%，多见于胆囊炎感染者,70%,14-21天,https://tag.120ask.com/jibing/jxcxhsxyxy/
内科,消化内科,惠普尔病,消化内科,腹痛、恶心呕吐、厌食、腹泻、头痛、胸痛、发烧、腹部不适、咳嗽、关节疼痛、呕吐、腹部肿块、体重下降、疲劳、发热,以30～50 岁发病者为多,运动、饮食、药物治疗,根据不同医院，收费标准不一致，市三甲医院约（1000 —— 5000元）,否,0.006%-0.008%,65%,4-8周,https://tag.120ask.com/jibing/hpeb/
内科,消化内科,回盲瓣综合征,普外科,反复发作性腹泻、右下腹疼痛、体重下降、食欲减退、腹胀、消化功能紊乱、肌紧张、腹泻与便秘交替出现、右下腹包块,所有群体,对症治疗,根据不同医院，收费标准不一致，市三甲医院约（3000-5000元）,否,0.003%,60%,3个月,https://tag.120ask.com/jibing/hmbzhz/
内科,消化内科,急性出血性坏死性肠炎,普外科,发热寒战、恶心呕吐、腹胀、腹痛腹泻、便血、呼吸急促、嗜睡、全身乏力,所有人群,药物治疗、手术治疗,根据不同医院，收费标准不一致，市三甲医院约（5000 —— 8000元）,否,0.014%,70%,7-14天,https://tag.120ask.com/jibing/jxcxxhsxcy/
内科,消化内科,活动盲肠综合征,普外科,腹泻、便秘、腹痛、便秘与腹泻交替出现,所有人群,药物、手术治疗,根据不同医院，收费标准不一致，市三甲医院约（5000 —— 10000元）,否,0.05%,70%,2-4周,https://tag.120ask.com/jibing/hdmczhz/
内科,消化内科,急性出血性坏死性小肠炎,消化内科,腹痛、胃肠气胀、便血、发烧、恶心呕吐、腹胀、休克、肠穿孔、腹泻、周身不适、发热,所有人群,饮食、药物、手术治疗,根据不同医院，收费标准不一致，市三甲医院约（5000 —— 10000元）,否,人群患病概率0.013%,,治疗周期10天,https://tag.120ask.com/jibing/jxcxxhsxxcy/
内科,消化内科,获得性免疫缺陷综合征的消化系,传染科,口腔溃疡、吞咽困难、咽痛、上消化道出血、腹部不适、腹泻、儿童期消化性溃疡、腹部肿块、免疫损害、恶心与呕吐、消化不良、指甲有黄色细点,艾滋病患者,预防治疗、药物治疗,根据不同医院，收费标准不一致，市三甲医院约50000--100000,是,0.001%,10%,终身间歇性对症治疗,https://tag.120ask.com/jibing/hdxmyqxzhzdxhxtsh/
内科,消化内科,急性腹型-高脂血症综合征,消化内科,摄入脂肪时即可诱发、表现为上腹部不适、厌食、腹痛、压痛、腹肌紧张、肝脾肿大、黄色瘤,儿童人群,药物治疗、支持疗法,根据不同医院，收费标准不一致，市三甲医院约（3000 —— 8000元）,否,0.020%,70%,3-6月,https://tag.120ask.com/jibing/jxfxgzxzzhz/
内科,消化内科,急性单纯性胃炎,消化科,上腹部不适、隐痛或胀痛、恶心、呕吐，中上腹局部可有触痛,所有人群,药物治疗,根据不同医院，收费标准不一致，市三甲医院约（5000 —— 10000元）,否,0.3%-0.5%,90%,2-4周,https://tag.120ask.com/jibing/jxdcxwy/
内科,消化内科,霍乱样综合征,消化内科、感染科,心动过速、发烧、脱水、谵妄、毒血症、恶心与呕吐、休克、腹痛、低血压、腹泻,所有群体,对症治疗,根据不同医院，收费标准不一致，市三甲医院约（1000-5000元）,是,0.0001%,10%,3-7天,https://tag.120ask.com/jibing/hlyzhz/
内科,消化内科,Q热肺炎,呼吸内科、感染科,弛张热、恶心、肺实变、腹痛、腹泻、干咳、肝脾肿大、高热,所有人群,药物治疗,根据不同医院，收费标准不一致，市三甲医院约（1000 —— 5000元）,是,0.005%,80%,3-6周,https://tag.120ask.com/jibing/qrfy/
内科,消化内科,急性胆囊炎,肝胆外科,突发性右上腹绞痛、持续性剧痛并向右肩部放射、压痛反跳痛、腹肌紧张、纳差、恶心与呕吐、黄疸、发热畏寒,所有人群,药物治疗、手术治疗,根据不同医院，收费标准不一致，市三甲医院约（20000 —— 50000元）,否,0.036%,90%,7-14天,https://tag.120ask.com/jibing/jxdny/
内科,消化内科,农药中毒所致的精神障碍,精神心理科,意识障碍、毒蕈碱样症状、癔症步态、躯体性疾病所致的精神障碍、恶心与呕吐、眩晕、头痛、精神障碍、癫痫的全身强直阵挛发作,农药中毒者,药物治疗、心理治疗,根据不同医院，收费标准不一致，市三甲医院约（500 —— 2000元）,否,0.001%,30%,30天,https://tag.120ask.com/jibing/nyzdszdjsza/
内科,消化内科,畸形性吞咽困难,消化内科,吞咽困难、食管反流、新生儿气促、新生儿喉喘鸣、呼吸异常、吞咽障碍、吞咽发呛,所有人群,饮食、药物、手术治疗,根据不同医院，收费标准不一致，市三甲医院约（10000 —— 50000元）,否,0.001%,40%,3个月,https://tag.120ask.com/jibing/jxxtykn/
内科,消化内科,急性化脓性胃炎,消化内科,上腹部疼痛、寒战发热、恶心与呕吐、呕吐物为脓血样物、上腹不适、便血、腹肌紧张、压痛及反跳痛,所有人群,药物治疗,根据不同医院，收费标准不一致，市三甲医院约（5000 —— 8000元）,否,0.035%,90%,3-6周,https://tag.120ask.com/jibing/jxhnxwy/
内科,消化内科,急性胆源性胰腺炎,肝胆外科,腹痛、恶心与呕吐、腹胀、黄疸、发烧、腹痛伴恶心、呕吐、上腹部疼痛、右上腹持续性剧痛并向右肩部放射、左上腹痛、休克,所有群体,中西医结合治疗,根据不同医院，收费标准不一致，市三甲医院约（3000-5000元）,否,0.001%,80%,3--8周,https://tag.120ask.com/jibing/jxdyxyxy/
内科,消化内科,吉尔伯特综合征,消化内科,疲劳、黄疸,以15－20岁男性为多见,药物治疗,根据不同医院，收费标准不一致，市三甲医院约（3000 —— 8000元）,否,0.098%,85%,4-8周,https://tag.120ask.com/jibing/jebtzhz/
内科,消化内科,急性结肠假性梗阻综合征,消化内科,胃肠气胀、腹胀、恶心与呕吐,手术后、创伤患者,手术治疗（胃肠减压、结肠镜下减压）,根据不同医院，收费标准不一致，市三甲医院约（20000 —— 50000元）,否,0.005%--0.008%,60-70%,2-4周,https://tag.120ask.com/jibing/jxjcjxgzzhz/
内科,消化内科,上腔静脉综合征,心血管内科,水肿、吞咽困难、胸痛、咳嗽、紫绀、发绀、声音嘶哑、腹水、黄疸、肝肿大,所有人群,药物、手术治疗治疗,根据不同医院，收费标准不一致，市三甲医院约（5000 ——10000元）,否,0.0033%,60%,7-14天,https://tag.120ask.com/jibing/sqjmzhz/
内科,消化内科,急性腐蚀性胃炎,消化内科,吞咽痛、吞咽困难、恶心与呕吐、胃粘膜充血、休克、胃黏膜充血水肿、中上腹持续性疼痛、胃粘膜损伤、口腔粘膜色素沉着、溃疡、上腹部疼痛、胃慢性出血,所有群体,药物治疗、手术治疗,根据不同医院，收费标准不一致，市三甲医院约（3000-5000元）,否,0.34%,79%,14天,https://tag.120ask.com/jibing/jxfsxwy/
内科,消化内科,急性阑尾炎,普外科,转移性或右下腹腹痛、恶心与呕吐、发热畏寒、右下腹压痛反跳痛、腹肌紧张、便秘或腹泻,所有人群,手术治疗,根据不同医院，收费标准不一致，市三甲医院约（5000 —— 8000元）,否,0.85%,90%,3-6周,https://tag.120ask.com/jibing/jxlwy/
内科,消化内科,急性胃粘膜病变,消化内科,黑便、呕血、食欲减退、休克、上腹部不适、烧灼感、疼痛、恶心、呕吐、反酸,所有人群,饮食、药物治疗,根据不同医院，收费标准不一致，市三甲医院约（1000 —— 5000元）,否,人群患病概率0..4%,,治疗周期30天,https://tag.120ask.com/jibing/jxwzmbb/
内科,消化内科,汽油中毒,急诊科,头晕、头痛、心悸、四肢无力、恶心、呕吐、视物模糊、酩酊感、易激动、步态不稳、短暂意识伤失,所有人群,洗胃、药物治疗,根据不同医院，收费标准不一致，市三甲医院约（5000 —— 10000元）,否,人群患病概率0.02%,,治疗周期10天,https://tag.120ask.com/jibing/qyzd/
内科,消化内科,间插血吸虫病,消化内科、传染科,便血、里急后重、腹泻、肝肿大、腹痛、感染性发热、烂桃样血痰,所有人群,药物治疗,根据不同医院，收费标准不一致，市三甲医院约10000-30000元,是,0.0002%,70%,3-6个月,https://tag.120ask.com/jibing/jcxxcb/
内科,消化内科,急性糜烂性胃炎,消化内科,上腹部疼痛、上腹不适、恶心、胃肠道症状、上消化道出血、便如柏油、柏油便、呕血、休克,所有群体,药物治疗,根据不同医院，收费标准不一致，市三甲医院约（1000-3000元）,否,0.24%,90%,3-10天,https://tag.120ask.com/jibing/jxmlxwy/
内科,消化内科,乳酸性酸中毒,消化内科,恶心与呕吐、紫绀、口唇发绀、血压下降、腹痛、代谢性酸中毒、乳酸蓄积过多、休克、头痛、脑缺氧、食欲不振、头晕,所有群体,药物治疗,根据不同医院，收费标准不一致，市三甲医院约（3000-5000元）,否,15%,99%,2-4周,https://tag.120ask.com/jibing/rsxszd/
内科,消化内科,集聚肠杆菌感染,消化内科、传染科,畏寒、寒战、高热、头晕、头痛、腹泻、发烧、腹痛、腹胀、淋巴液流出、痰黏稠或脓性可有腥臭味、伤口感染,所有群体,药物治疗,根据不同医院，收费标准不一致，市三甲医院约（1000-5000元）,是,发病率约为0.002%--0.003%,60-70%,4-8周,https://tag.120ask.com/jibing/jjcgjgr/
内科,消化内科,煎厥,中医科、神经内科,传导性耳鸣、耳鸣,所有人群,药物治疗,根据不同医院，收费标准不一致，市三甲医院约（1000 —— 5000元）,否,发病率约为0.006%，50岁以上中老年人群多见,60%,3-5个月,https://tag.120ask.com/jibing/jian/
内科,消化内科,继发性腹膜炎,普外科,腹痛、恶心与呕吐、腹膜炎、咳嗽、面色苍白、呼吸急促、口唇发绀、血压下降、代谢性酸中毒、休克、急性病容、腹胀,所有群体,对症治疗、手术治疗,根据不同医院，收费标准不一致，市三甲医院约（5000-10000元）,否,0.004%-0.007%(继发于胆道系统疾病),60%-80%,3-6个月,https://tag.120ask.com/jibing/jfxfmy/
内科,消化内科,结、直肠黑变病,肛肠外科,结肠黑变,所有人群,药物治疗、手术治疗,根据不同医院，收费标准不一致，市三甲医院约（3000 —— 8000元）,否,0.01%--0.02%,60-70%,1-2年,https://tag.120ask.com/jibing/jzchbb/
内科,消化内科,软化斑,皮肤科,柔软、黄色、微隆起的斑块、低热、惊厥、嗜睡、重度贫血、肝肿大、肝脏肿大、双肾肿大、肾功能减退,最常见于有慢性尿路感染的中年妇女,药物、手术治疗,根据不同医院，收费标准不一致，市三甲医院约（5000 —— 10000元）,否,0.004%,75%,25-50天,https://tag.120ask.com/jibing/ruanhuaban/
内科,消化内科,继发性化脓性腹膜炎,消化内科,腹痛、腹胀、恶心与呕吐、败血症的征象、急性腹痛、皮膨胀如鼓、强迫仰卧位、左腹屈曲、产后下腹坠痛或阴道坠胀感、腹壁反射减弱或消失、非血性腹水、排气障碍,所有人群,药物治疗,根据不同医院，收费标准不一致，市三甲医院约（3000 —— 8000元）,否,0.0013%,70%,10-15天,https://tag.120ask.com/jibing/jfxhnxfmy/
内科,消化内科,曲霉病,感染科,咯血、咳痰、咳嗽、发烧、耳痛、黏膜损害、出血利坏死、咳出棕色痰栓,所有人群,药物治疗,根据不同医院，收费标准不一致，市三甲医院约（3000 —— 8000元）,否,0.00352%,75%,4-6周,https://tag.120ask.com/jibing/qumeibing/
内科,消化内科,家族性地中海热,风湿免疫科,腹泻、关节疼痛、关节肿胀、斑疹、腹膜炎、急性疼痛、心包炎、紫斑、脾大、淀粉样变性、脾肿大、蛋白尿,所有人群,药物治疗,根据不同医院，收费标准不一致，市三甲医院约（3000 —— 8000元）,否,0.002%,65%,1-3个月,https://tag.120ask.com/jibing/jzxdzhr/
内科,消化内科,结肠闭锁,普外科,腹胀呃逆、粪样呕吐物、腹胀明显,新生儿,手术治疗,根据不同医院，收费标准不一致，市三甲医院约（5000-10000元）,否,0.0001%,60%,10-15天,https://tag.120ask.com/jibing/jcbs/
内科,消化内科,家族性结肠息肉,肛肠外科,贫血、黏液便、脓血便、腹部不适、消瘦、乏力、腹痛、色素斑,多见于家族史患者,药物治疗、手术治疗,根据不同医院，收费标准不一致，市三甲医院约（3000 —— 8000元）,否,0.01%,60%,1个月,https://tag.120ask.com/jibing/jzxjcxr/
内科,消化内科,结肠憩室病,消化内科,腹泻、便血、下腹疼痛、腹胀、黏液便、里急后重、体重减轻、食欲减退、贫血、腹痛伴腹泻、消瘦,所有人群,药物治疗、手术治疗,根据不同医院，收费标准不一致，市三甲医院约（3000 —— 8000元）,否,0.0031%,70%,10-14天,https://tag.120ask.com/jibing/jcsb/
内科,消化内科,结肠粪性穿孔,肛肠外科,腹痛、便秘,所有人群,药物治疗、手术治疗,根据不同医院，收费标准不一致，市三甲医院约（3000 —— 8000元）,否,0.03%--0.08%,45-65%(外科手术治疗),2-4个月,https://tag.120ask.com/jibing/jcfxck/
内科,消化内科,诺卡菌病,呼吸内科,皮下结节、脓肿 、溃疡、肺部感染、发烧、休克、昏迷、脑膜刺激征、抽筋、呕吐、腹痛、身痛,中年以后为多见。男性约为女性的2倍。,药物治疗,根据不同医院，收费标准不一致，市三甲医院约（3000 —— 8000元）,否,发病率约为0.003%-0.005%,65%,1-3个月,https://tag.120ask.com/jibing/nkjb/
内科,消化内科,结肠损伤,消化内科、肛肠外科,腹痛、恶心呕吐、便血、腹部压痛、腹肌紧张、肠鸣音消失,所有人群,药物、手术治疗,根据不同医院，收费标准不一致，市三甲医院约（3000 —— 8000元）,否,腹部外伤患者发病率约1-2%,80%,1个月,https://tag.120ask.com/jibing/jcss/
内科,消化内科,结肠过敏症,消化内科,腹泻、腹痛、肠鸣、便秘、黏液便、肠痉挛,所有人群,药物治疗,根据不同医院，收费标准不一致，市三甲医院约（3000 —— 8000元）,否,0.5%,80%,2-4周,https://tag.120ask.com/jibing/jcgmz/
内科,消化内科,结肠黑变病,消化内科,腹胀、便秘、排便困难、下腹痛、食欲较差、胃肠功能不良、低血钾、低钠血症、低钙血症、水肿、结肠黑变,所有人群,药物治疗,根据不同医院，收费标准不一致，市三甲医院约（5000 —— 20000元）,否,0.005%,78%,1-3个月,https://tag.120ask.com/jibing/jchbb/
内科,消化内科,贾第虫病,消化内科、感染科,腹泻、腹泻为水样带黏液恶臭无脓血、腹痛、恶心与呕吐、腹胀、水样便、恶心、发烧,所有人群,药物治疗,根据不同医院，收费标准不一致，市三甲医院约（3000 —— 8000元）,是,0.03%,85%,2-4月,https://tag.120ask.com/jibing/jdcb/
内科,消化内科,结肠血管畸形,消化内科、胃肠外科,便血、贫血、下消化道少量出血、腹痛,所有人群,药物、手术治疗,根据不同医院，收费标准不一致，市三甲医院约（5000 —— 10000元）,否,0.0001%,65%,3--8周,https://tag.120ask.com/jibing/jcxgjx/
内科,消化内科,假膜性肠炎,消化内科,发烧、腹泻、腹痛、腹胀、毒血症、休克、食欲减退、高热、心动过速,所有人群,药物治疗,根据不同医院，收费标准不一致，市三甲医院约（3000 —— 8000元）,否,0.0026%,70%,10天,https://tag.120ask.com/jibing/jmxcy/
内科,消化内科,结肠脂肪瘤,消化内科、肛肠外科,便血、腹部肿块、腹痛、大便习惯改变、肠套叠,好发于50～69岁，女性多于男性,手术治疗,根据不同医院，收费标准不一致，市三甲医院约（5000 —— 10000元）,否,本病罕见，发病率约为0.0003%--0.0005%,,2-4周,https://tag.120ask.com/jibing/jczfl/
内科,消化内科,结肠扭转,消化内科,急性腹痛、右上腹痛、腹胀、恶心、呕吐、腹部压痛、肠鸣、气过水声、腹肌紧张、下腹部反跳痛、肠鸣音消失、肛门无排气排便,以老年男性多见,手术治疗、高压盐水灌肠、钡剂灌肠,根据不同医院，收费标准不一致，市三甲医院约（10000 —— 50000元）,否,约占肠扭转发病率的20%,70%,1个月,https://tag.120ask.com/jibing/jcnz/
内科,消化内科,结石性胆囊炎,肝胆外科,右上腹痛、反酸、嗳气、腹胀、消化不良、压痛、下腹部反跳痛、黄疸、下腹痛、腹痛、恶心与呕吐,发病的高峰年龄为40～50 岁,药物、手术治疗,根据不同医院，收费标准不一致，市三甲医院约（10000 —— 50000元）,否,0.21%,82%,7天,https://tag.120ask.com/jibing/jsxdny/
内科,消化内科,结肠直肠损伤,肛肠外科,胃肠气胀、腹痛、腹泻、呕吐、肠鸣音消失、腹膜炎,所有人群,药物治疗、手术治疗,根据不同医院，收费标准不一致，市三甲医院约（3000 —— 8000元）,否,特定人群10%,80%,2-4月,https://tag.120ask.com/jibing/jczcss/
内科,消化内科,噤口痢,中医科,痢疾样大便、痢疾、口角下垂、口有溴味及咸味、口角皲裂,所有人群,药物治疗,根据不同医院，收费标准不一致，市三甲医院约（1000 —— 5000元）,否,0.001%,30%,7-10天,https://tag.120ask.com/jibing/kouli/
内科,消化内科,结缔组织性肠炎,消化内科,肠穿孔、肠壁水肿增厚、腹痛、恶心与呕吐、类风湿关节炎、腹部不适、腹胀、腹鸣、食欲减退、腹泻与便秘交替、肠道功能紊乱、胃肠道症状,所有人群,药物治疗,根据不同医院，收费标准不一致，市三甲医院约（3000 —— 8000元）,否,0.0005%,70%,1-3年,https://tag.120ask.com/jibing/jdzzxcy/
内科,消化内科,α1-抗胰蛋白酶缺乏症,消化内科,黄疸、上消化道出血、肝昏迷、门脉高压、胆汁性肝硬化,所有人群,药物治疗,根据不同医院，收费标准不一致，市三甲医院约（1000 —— 5000元）,否,0.005%,80%,2-4月,https://tag.120ask.com/jibing/k1ydbmqfz/
内科,消化内科,痉挛性肠梗阻,普外科,便秘、腹胀、恶心呕吐、突发性右上腹绞痛、停止排气,本病多见于神经质的女性，以中年人居多,药物、手术治疗,根据不同医院，收费标准不一致，市三甲医院约（10000 —— 50000元）,否,中年人患病概率0.05%,,手术治疗周期7天,https://tag.120ask.com/jibing/jlxcgz/
内科,消化内科,天冬氨酰葡萄糖胺尿症,内分泌科,反复上呼吸道感染、腹泻、智力发育迟缓、异常矮小、言语紊乱、肝肿大、咳嗽、面颊明显内陷、脾肿大、体型异常、鼻梁平塌、短颈,所有人群,药物治疗,根据不同医院，收费标准不一致，市三甲医院约（3000 —— 8000元）,否,0.005%,75%,3-6月,https://tag.120ask.com/jibing/tdapttanz/
内科,消化内科,结核性肠系膜淋巴结炎,消化内科、感染科,发烧、腹部不适、右下腹痛、消瘦、腹股沟淋巴结肿大、腹泻、淋巴结疼痛、恶心与呕吐、低热、便秘、淋巴结肿大、营养不良,所有人群,药物治疗,根据不同医院，收费标准不一致，市三甲医院约（3000 —— 8000元）,否,0.05%,80%,3-7周,https://tag.120ask.com/jibing/jhxcxmlbjy/
内科,消化内科,久泄,消化内科、中医科,腹泻为水样带黏液恶臭无脓血、腹痛伴腹泻、发热伴有腹痛、腹泻、恶心、呕吐,虚寒体质的人群,药物治疗,根据不同医院，收费标准不一致，市三甲医院约（300 —— 2000元）,否,5%,65%,10-60天,https://tag.120ask.com/jibing/jiuxie/
内科,消化内科,酒精性肝病,消化内科,指甲呈扇形、皮肤老化、黄疸、嗜酒、鼻子发黑、恶心、呕吐、黄疸、肝脏肿大和压痛,嗜酒者,饮食、药物治疗,根据不同医院，收费标准不一致，市三甲医院约（5000 —— 10000元）,否,5-8%,40-50%,1-2年,https://tag.120ask.com/jibing/jjxgb/
内科,消化内科,结节性脂肪坏死,消化内科,腹痛、溃疡、皮下结节、红斑结节、不明原因发热、畏寒、恶心呕吐、腹胀、黄疸,胰腺功能异常患者,药物治疗,根据不同医院，收费标准不一致，市三甲医院约（5000 —— 10000元）,否,发病率约0.05%--0.07%,65%,1-2个月,https://tag.120ask.com/jibing/jjxzfhs/
内科,消化内科,可拉明中毒,急诊科,恶心呕吐、头痛头晕、出汗、咳嗽、呼吸加深加快、呼吸困难、腹泻腹痛、尿道烧灼感、抽搐惊厥,大剂量或连续多次注射较大剂量可拉明患者,药物治疗、支持疗法,根据不同医院，收费标准不一致，市三甲医院约（5000 —— 8000元）,否,0.05%,80%,3-6周,https://tag.120ask.com/jibing/klmzd/
内科,消化内科,嗜水气单胞菌感染,感染科,腹泻、腹痛、水样便、溃疡、发烧、淋巴液流出、咳嗽、咳痰、伤口感染、腹胀,所有群体,药物治疗,根据不同医院，收费标准不一致，市三甲医院约（1000-5000元）,是,0.001%,80%,2-4月,https://tag.120ask.com/jibing/ssqdbjgr/
内科,消化内科,局部麻醉药中毒,急诊科,头晕、谵妄、恶心呕吐、昏迷、休克、幻想失去时间和空间感觉、头痛、惊厥,新生儿,药物治疗,根据不同医院，收费标准不一致，市三甲医院约（5000 —— 10000元）,否,0.002%-0.004%,85%,1周,https://tag.120ask.com/jibing/jbmzyzd/
内科,消化内科,溃疡病穿孔,消化外科,腹痛、面色苍白、四肢发冷、呃逆、恶心、呕吐带血,胃肠溃疡病患者,西药治疗、手术治疗,根据不同医院，收费标准不一致，市三甲医院约20000--30000元,否,0.0006%,98%,3-7周,https://tag.120ask.com/jibing/kybck/
内科,消化内科,克里格勒-纳贾尔综合征,消化内科,黄疸、惊厥、婴儿痉挛症、角弓反张、腹部不适,所有群体,对症治疗,根据不同医院，收费标准不一致，市三甲医院约（5000-10000元）,否,0.001%,70%,1-3个月,https://tag.120ask.com/jibing/klglnjezhz/
内科,消化内科,巨膀胱-小结肠-肠蠕动不良综,消化内科,腹胀、巨大膀胱、小肠扩张、蠕动减弱,所有群体,病因治疗、对症治疗,根据不同医院，收费标准不一致，市三甲医院约（1000-5000元）,否,0.0005%,80%,1-3月,https://tag.120ask.com/jibing/jbxjccrdblzhz/
内科,消化内科,溃疡病大出血,消化内科,黑大便、吐血、中上腹痛、恶心,既往有胃溃疡者多见,手术治疗、三腔囊止血、药物治疗,根据不同医院，收费标准不一致，市三甲医院约（20000 —— 50000元）,否,0.003%,92%,8-12周,https://tag.120ask.com/jibing/kybdcx/
内科,消化内科,巨大肥厚性胃炎,消化内科,上腹部疼痛、食欲下降、恶心与呕吐、体重减轻、脂肪泻、水肿、无力、恶病质、低蛋白血症,所有人群,药物治疗,根据不同医院，收费标准不一致，市三甲医院约（3000 —— 8000元）,否,0.006%-0.008%,,终身间歇性治疗,https://tag.120ask.com/jibing/jdfhxwy/
内科,消化内科,溃疡病急性穿孔,普外科,便秘、腹痛、休克、恶心、呕吐、发烧、腹胀,溃疡病患者,手术治疗、药物治疗,根据不同医院，收费标准不一致，市三甲医院约（50000--10000元）,否,0.05%,80%,10-15天,https://tag.120ask.com/jibing/kybjxck/
内科,消化内科,克罗恩病关节炎,消化内科,腹痛、恶心与呕吐、紫绀、发烧、结节、溃疡、眩晕、贫血、丘疹、关节疼痛、瘙痒、斑疹,所有人群,药物治疗,根据不同医院，收费标准不一致，市三甲医院约（3000 —— 8000元）,否,0.002%,40%,1-3个月,https://tag.120ask.com/jibing/klebgjy/
内科,消化内科,巨吻棘头虫病,传染科,腹泻、恶心与呕吐、腹痛、贫血,儿童,药物治疗,根据不同医院，收费标准不一致，市三甲医院约（3000 —— 8000元）,是,0.02%,85%,1-3月,https://tag.120ask.com/jibing/jwjtcb/
内科,消化内科,空肠、回肠憩室,消化内科,消化不良、腹胀、腹部不适、肠鸣、恶心、腹泻、胃肠道胀气、肠胀气、憩室出血、空肠憩室、贫血,所有群体,药物治疗、手术治疗,根据不同医院，收费标准不一致，市三甲医院约（1000-5000元）,否,0.05%,75%,3-6周,https://tag.120ask.com/jibing/kchcs/
内科,消化内科,水、电解质紊乱伴发的精神障碍,内分泌科、精神病科,脱水、幻觉、水中毒、精神障碍、瘫痪、抽搐、腱反射亢进、眩晕、震颤、胸闷、昏迷、心力衰竭,所有人群,药物治疗,根据不同医院，收费标准不一致，市三甲医院约2000-5000元,否,0.01%--0.05%,60%--80%,7--14天,https://tag.120ask.com/jibing/sdjzwlbfdjsza/
内科,消化内科,溃疡性结肠炎性关节炎,风湿免疫科,非对称性、一过性、游走性周围关节炎、腰背部、胸、颈或臀部疼痛、腰和颈部运动受限、持续性腹痛、可扪及包块,年轻人多见,药物治疗、手术治疗,根据不同医院，收费标准不一致，市三甲医院约10000--30000元,否,0.002%,30%,3个月,https://tag.120ask.com/jibing/kyxjcyxgjy/
内科,消化内科,奎宁中毒,急诊科,头痛、腹痛、恶心与呕吐、耳鸣、腹泻、视力障碍、出汗异常、休克、幻想失去时间和空间感觉、瞳孔异常、听觉障碍、药物过敏反应,所有群体,药物治疗,根据不同医院，收费标准不一致，市三甲医院约（3000-5000元）,否,0.005%,60%,1-3个月,https://tag.120ask.com/jibing/knzd/
内科,消化内科,蜡样芽孢杆菌食物中毒,急诊科,恶心与呕吐、腹泻、腹痛、水样便、出血利坏死、杨梅样舌、腭舌咽呼吸肌呈对称性弛缓性轻瘫、排便频率异常、全身皮肤及粘膜呈现不同程度青紫色、脂肪泻,所有群体,药物治疗,根据不同医院，收费标准不一致，市三甲医院约（500-1000元）,否,人群患病概率0.001%,,治疗周期7天,https://tag.120ask.com/jibing/lyygjswzd/
内科,消化内科,溃疡病出血,消化内科,中上腹痛、黑大便、恶心、呕吐,饮酒、暴饮暴食者多见,药物治疗、手术治疗,根据不同医院，收费标准不一致，市三甲医院约2000----5000元,否,0.02%,80%,7--14天,https://tag.120ask.com/jibing/kybcx/
内科,消化内科,卫氏并殖吸虫病,感染科,腹痛、胸痛、铁锈色痰、咳痰、发烧、腹泻、咳嗽、呼吸异常、啰音、恶心与呕吐、烂桃样血痰,所有群体,药物治疗,根据不同医院，收费标准不一致，市三甲医院约（1000-3000元）,否,本病少见，发病率约为0.001%-0.002%,45%-65%,8-12周,https://tag.120ask.com/jibing/wsbzxcb/
内科,消化内科,老年急性阑尾炎,普外科,右下腹绞痛、恶心与呕吐、发热寒战、右下腹压痛反跳痛,老年患者,手术治疗、药物治疗,根据不同医院，收费标准不一致，市三甲医院约（5000 —— 10000元）,否,0.005%--0.01%,98%,7-15天,https://tag.120ask.com/jibing/lnjxlwy/
内科,消化内科,阑尾寄生虫病,消化内科、感染科,右下腹压痛、腹痛、阑尾穿孔、脐周阵发性绞痛、阑尾壁缺血坏死、腹膜炎,所有群体,病因治疗,根据不同医院，收费标准不一致，市三甲医院约（500-1000元）,否,0.003%--0.005%,99%,2-3周,https://tag.120ask.com/jibing/lwjscb/
内科,消化内科,老年人急腹症,普外科,腹痛、恶心、呕吐、休克、感染性发热、腹疼不食,所有人群,药物、手术治疗,根据不同医院，收费标准不一致，市三甲医院约（5000 —— 10000元）,否,50岁以上老年人发病率约为0.03%--0.05%,,4-8周,https://tag.120ask.com/jibing/lnrjfz/
内科,消化内科,蓝色橡皮泡痣综合症,血管外科,蓝色橡皮大疱痣、呕血与黑便、便血,所有人群,药物治疗,根据不同医院，收费标准不一致，市三甲医院约2000-5000,否,0.5%,78%,2-4周,https://tag.120ask.com/jibing/lsxppzhz/
内科,消化内科,老年人病毒性肝炎,肝病科,出血倾向、大便色浅、胆红素升高、胆结石、低热、肝掌、恶心、乏力,老年人群,药物治疗,根据不同医院，收费标准不一致，市三甲医院约（1000—— 3000元）,是,特定人群1%,80%,2-4月,https://tag.120ask.com/jibing/lnrbdxgy/
内科,消化内科,老年人急性阑尾炎,普外科,阑尾周围脓肿、便秘伴剧烈腹痛、下腹绞痛、阑尾穿孔、发烧、腹痛、右下腹痛伴呕吐、腹胀、急腹症、右上腹持续性剧痛并向右肩部放射、右背部痛、右下腹压痛,老年人,手术治疗,根据不同医院，收费标准不一致，市三甲医院约（5000-10000元）,否,老年人中比例约0.2%--0.4%,70%,2-4周,https://tag.120ask.com/jibing/lnrjxlwy/
内科,消化内科,蓝氏贾第鞭毛虫病,感染科,腹痛、腹泻、腹胀、呕吐、发热厌食,儿童发病高于成人,药物治疗,根据不同医院，收费标准不一致，市三甲医院约（300-500元）,是,0.0001%,60%,7--14天,https://tag.120ask.com/jibing/lsjdbmcb/
内科,消化内科,老年人肠易激综合征,消化内科,腹痛、腹泻,老年人,西医药物治疗,根据不同医院，收费标准不一致，市三甲医院约（2000-3000元）,否,0.01%,60%,7-10天,https://tag.120ask.com/jibing/lnrcyjzhz/
内科,消化内科,弹性假黄瘤,心血管内科,高血压、视网膜出血、视力障碍、关节松弛、结节、丘疹、皮损皮黄到橙色、心力衰竭、猝死、心肌梗死、上消化道出血、皮肤弹性差,所有群体,对症治疗,根据不同医院，收费标准不一致，市三甲医院约（1000-5000元）,否,0.0001%,75%,1-2个月,https://tag.120ask.com/jibing/dxjhl/
内科,消化内科,老年人急性胰腺炎,消化内科、肝胆外科,腹痛伴恶心、呕吐、腹痛伴休克、发烧、脐周皮肤青紫色斑、皮肤苍白、血压下降、出冷汗、黄疸、腹胀,老年人,药物治疗、手术治疗,根据不同医院，收费标准不一致，市三甲医院约（5000-10000元）,否,0.0004%,60%,1-2个月,https://tag.120ask.com/jibing/lnrjxyxy/
内科,消化内科,郎-奥韦综合征,消化内科,呕血与黑便、腹痛、鼻出血、毛细血管扩张症、血尿、贫血,所有群体,药物治疗、手术治疗,根据不同医院，收费标准不一致，市三甲医院约（5000-10000元）,否,发病率约为0.004%--0.005%,50-70%,2-3个月,https://tag.120ask.com/jibing/lawzhz/
内科,消化内科,老年人胆石症,肝胆外科,胆绞痛、畏寒、发烧、恶心呕吐、腹痛、黄疸、胆结石、嗳气、呼吸急促、低氧血症、高热寒战、神志恍惚,老年人,饮食、药物、手术治疗,根据不同医院，收费标准不一致，市三甲医院约（10000 —— 50000元）,否,0.84%,91.3%,14天,https://tag.120ask.com/jibing/lnrdsz/
内科,消化内科,老年人假膜性小肠结肠炎,消化内科,腹泻、腹痛、发热,老年人,西药治疗,根据不同医院，收费标准不一致，市三甲医院约（2000—— 5000元）,否,0.001%,70%,10天,https://tag.120ask.com/jibing/lnrjmxxcjcy/
内科,消化内科,老年人上消化道出血,消化内科,呕血、黑便、便血、循环衰竭、心悸、皮肤湿冷、疲乏、无力、精神萎靡、烦躁不安、反应迟钝、血压下降,老年人,药物治疗、手术治疗,根据不同医院，收费标准不一致，市三甲医院约（3000-5000元）,否,0.001%(多见于胃溃疡、门脉高压，肝硬化等情况。),60%,1-7天,https://tag.120ask.com/jibing/lnrsxhdcx/
内科,消化内科,老年人肝性脑病,神经内科,注意力不集中、意识障碍、睡眠障碍、扑翼样震颤、幻觉、恐惧、运动失调、昏睡、神志不清、惊厥、踝阵挛,老年人群,药物治疗、透析治疗,根据不同医院，收费标准不一致，市三甲医院约10000--50000,否,0.075%，多见于乙肝肝硬化患者,,4-8周,https://tag.120ask.com/jibing/lnrgxnb/
内科,消化内科,老年人结肠憩室,消化外科,腹痛、发烧、恶心与呕吐、腹胀、便秘、腹泻、下腹疼痛,老年人群,药物治疗,根据不同医院，收费标准不一致，市三甲医院约（3000 —— 8000元）,否,0.002%,60%,10-30天,https://tag.120ask.com/jibing/lnrjcs/
内科,消化内科,细粒棘球蚴病,消化内科,腹部肿块、脾肿大、腹泻、咳嗽、胸痛、腹痛、恶心与呕吐、腹胀、黄疸、肝肿大,所有群体,药物治疗、手术治疗,根据不同医院，收费标准不一致，市三甲医院约（1000-3000元）,是,0.0001%,80%,10天,https://tag.120ask.com/jibing/xljqb/
内科,消化内科,老年人食管裂孔疝,消化外科,胸骨后疼痛、反酸、吞咽困难、吞咽痛、心悸、心律失常、胃嵌顿、吞咽时胸痛、呕血与黑便、气道和食管之间的瘘管、突发性疼痛,老年人,手术治疗,根据不同医院，收费标准不一致，市三甲医院约（5000-10000元）,否,0.001%,70%,4周,https://tag.120ask.com/jibing/lnrsglk/
内科,消化内科,老年人肝硬化,消化内科,蜘蛛痣、肝掌、毛细血管扩张症、黄疸、闭经、性欲减退、睾丸萎缩、糖代谢紊乱、脾大、腹水、胸腔积液、乏力,老年人群,药物治疗,根据不同医院，收费标准不一致，市三甲医院约（8000 —— 20000元）,否,0.05%-0.08%,70%,1-2年,https://tag.120ask.com/jibing/lnrgyh/
内科,消化内科,老年人结肠息肉,消化内科,便血、黏液便、腹痛、结肠息肉、贫血、腹泻、排便困难、黏液分泌亢进、失水、低钠血症、低钾血症、昏迷,老年人群,药物治疗、手术治疗,根据不同医院，收费标准不一致，市三甲医院约（3000 —— 8000元）,否,0.5%,90%,3-5周,https://tag.120ask.com/jibing/lnrjcxr/
内科,消化内科,老年人胃食管反流病,消化内科,烧心、反胃、吞咽困难、吞咽痛、胸痛、窒息、呕吐、反酸、嗳气、贫血,老年人群,药物治疗、生活调理、手术治疗,根据不同医院，收费标准不一致，市三甲医院约（10000--50000元）,否,0.025%,60%,10天,https://tag.120ask.com/jibing/lnrwsgflb/
内科,消化内科,老年人酒精性肝病,消化内科,肝肿大、肝区痛、食欲不振、消瘦、恶心呕吐、脾肿大、疲劳、乏力、腹水、肝功能异常,长期饮酒的中青年人,药物治疗,根据不同医院，收费标准不一致，市三甲医院约（10000 —— 50000元）,否,老年人患病概率0.01%,45%,需要终身治疗,https://tag.120ask.com/jibing/lnrjjxgb/
内科,消化内科,小儿X-连锁高免疫球蛋白M血,风湿免疫科,反复上呼吸道感染、口腔溃疡、淋巴结肿大、腹泻、肝脾肿大、血小板减少、咳嗽,儿童,药物治疗,根据不同医院，收费标准不一致，市三甲医院约（5000 —— 10000元）,否,发病率誉为0.0001%—0.0004%,,终身治疗,https://tag.120ask.com/jibing/xexlsgmyqdbmxz/
内科,消化内科,老年人消化性溃疡,消化内科,胃痛、胃胀、恶心、黑便,经常饮酒，暴饮暴食，饮食不规律的人群,药物治疗,根据不同医院，收费标准不一致，市三甲医院约（1000-3000元）,否,10%,70%,3个月,https://tag.120ask.com/jibing/lnrxhxky/
内科,消化内科,老年人环咽肌功能障碍,消化内科,吞咽困难、吞咽发呛、咳嗽、体重减轻、声音嘶哑、吸气时上气道陷闭、消瘦、指甲呈扁平形、仰卧呼吸,老年人环咽肌功能障碍,病因治疗、对症治疗,根据不同医院，收费标准不一致，市三甲医院约（1000-5000元）,否,0.001%,70%,10-30天,https://tag.120ask.com/jibing/lnrhyjgnza/
内科,消化内科,老年人炎症性肠病,消化内科,腹泻、体重减轻、腹痛、发烧、便血鲜红、肛门疼痛,老年人群,药物治疗,根据不同医院，收费标准不一致，市三甲医院约5000--10000,否,0.03%--0.09%,70-80%,1-3个月,https://tag.120ask.com/jibing/lnryzxcb/
内科,消化内科,老年人慢性胃炎,消化内科,腹胀、上腹不适、嗳气、胃部隐痛、反酸、恶心呕吐、食欲不振、体重减轻,吸烟、饮酒老年患者,药物治疗,根据不同医院，收费标准不一致，市三甲医院约（2000 —— 3000元）,否,0.03%,70%,10-30天,https://tag.120ask.com/jibing/lnrmxwy/
内科,消化内科,痢疾后综合症,消化内科,关节疼痛、尿频伴尿急和尿痛、结膜充血、多形红斑样皮疹、局限性肌张力障碍,所有人群,药物治疗,根据不同医院，收费标准不一致，市三甲医院约5000--10000,否,发病率约0.002%--0.004%，夏季多发,70-80%,2-4周,https://tag.120ask.com/jibing/ljhzhz/
内科,消化内科,小儿X-连锁严重联合免疫缺陷,儿内科,反复感染、口腔溃疡、口腔念珠菌感染、皮炎、胸腺缺如、会阴溃疡、贫血、消化不良、免疫力下降、腹泻、胃肠道症状、口腔黏膜白斑,儿童,手术治疗,根据不同医院，收费标准不一致，市三甲医院约（3000 —— 8000元）,否,本病罕见，发病率约为0.0001%,,3-6个月,https://tag.120ask.com/jibing/xexlsyzlhmyqxb/
内科,消化内科,老年人药物性肝病,消化内科,黄疸、恶心与呕吐、皮肤呈浅黄或深金黄色、皮肤老化、斑疹、肝病面容、指甲呈扇形,老年人群,药物治疗,根据不同医院，收费标准不一致，市三甲医院约10000--50000,否,60岁以上老年人发病率约为0.8%-2%,75%,3-6个月,https://tag.120ask.com/jibing/lnrywxgb/
内科,消化内科,小儿病毒相关吞噬血细胞综合征,儿科,高热、丘疹、盗汗 、发烧、体重减轻,儿童人群,药物治疗,根据不同医院，收费标准不一致，市三甲医院约（1000-5000元）,否,0.05%,80%,3-5月,https://tag.120ask.com/jibing/xebdxgtsxxbzhz/
内科,消化内科,老年人缺血性结肠炎,消化内科,便血、肠穿孔、肠鸣、恶心、腹部压痛、腹膜炎、腹痛、腹泻,老年人,支持治疗、药物治疗、手术治疗,根据不同医院，收费标准不一致，市三甲医院约（1000—— 5000元）,否,0.005%,50%,1-3个月,https://tag.120ask.com/jibing/lnrqxxjcy/
内科,消化内科,老年人胰腺癌,肿瘤科,腹痛、消瘦、黄疸、腹部肿块、脂肪泻、体重减轻、内脏痛、神经痛、胀痛、隐痛、钝痛、右上腹痛,老年人,手术治疗,根据不同医院，收费标准不一致，市三甲医院约（5000-10000元）,否,0.0025%,75%,1-2个月,https://tag.120ask.com/jibing/lnryxa/
内科,消化内科,小儿白塞病,儿科,口腔溃疡、反复生殖器溃疡、角膜炎、黏膜损害、会阴溃疡、外阴溃疡、食欲下降、眼痛、疲劳、口、眼、生殖器损害、关节疼痛、颅内高压,婴幼儿,药物治疗,根据不同医院，收费标准不一致，市三甲医院约（500-1000元）,否,0.001%,35%,10-21天,https://tag.120ask.com/jibing/xebsb/
内科,消化内科,良性阵发性腹膜炎综合征,消化内科,感染性发热、胸痛、腹痛、关节疼痛、肝肿大、反射性呕吐、腹膜刺激征、腹膜炎、腹水、胃肠气胀,所有群体,药物治疗,根据不同医院，收费标准不一致，市三甲医院约（1000-3000元）,否,0.002%,75%,6个月,https://tag.120ask.com/jibing/lxzfxfmyzhz/
内科,消化内科,氯喹中毒,急诊科,恶心与呕吐、头痛、头晕、耳鸣、心律失常、口及咽部烧灼感、视力障碍、皮肤瘙痒、紫癜、紫绀,所有人,药物治疗,根据不同医院，收费标准不一致，市三甲医院约（5000-10000元）,否,本病发病率约为0.0007%-0.0009%,75%,2-3个月,https://tag.120ask.com/jibing/lzd/
内科,消化内科,淋巴结-胆道综合征,消化内科,发烧、淋巴结疼痛、胆囊运动障碍、胆囊收缩功能不良、黄疸、腹痛、恶心与呕吐,所有人群,药物治疗,根据不同医院，收费标准不一致，市三甲医院约（1000-5000元）,否,发生率约0.001%--0.0025%,,1-3个月,https://tag.120ask.com/jibing/lbjddzhz/
内科,消化内科,轮状病毒所致胃肠炎,消化内科,腹痛伴腹泻、恶心与呕吐、腹胀,婴幼儿,药物治疗,根据不同医院，收费标准不一致，市三甲医院约（500-1000元）,否,婴幼儿患病概率0.0033%,,治疗周期7-14天,https://tag.120ask.com/jibing/lzbdszwcy/
内科,消化内科,淋巴细胞减少症,血液科,反复感染、免疫缺陷、扁桃体小或缺如、脱发、湿疹、毛细血管扩张症、皮肤苍白、紫癜、黄疸、口腔溃疡、淋巴结肿大、脾肿大,所有群体,药物治疗,根据不同医院，收费标准不一致，市三甲医院约（1000-5000元）,否,这个疾病的一般在女性常见，发病率在15%左右。,,国内最认可的治疗手段治疗周期在30天内。,https://tag.120ask.com/jibing/lbxbjsz/
内科,消化内科,类癌,肿瘤科,咳嗽、咳痰、腹部肿块、腹痛、腹泻、剧烈运动后哮喘、肝肿大、右下腹痛、肠鸣、恶心与呕吐、上消化道出血、咯血,所有群体,手术治疗,根据不同医院，收费标准不一致，市三甲医院约（5000-10000元）,否,0.01%,70%,2--6周,https://tag.120ask.com/jibing/leiai/
内科,消化内科,淋菌性肛门直肠炎,消化内科、性病科,里急后重、肛门瘙痒、脓性分泌物、脓血便,成年人居多,药物治疗,根据不同医院，收费标准不一致，市三甲医院约5000--12000,是,0.2%,85%,3-6周,https://tag.120ask.com/jibing/ljxgmzcy/
内科,消化内科,小儿非内脂性网状内皮增殖综合,皮肤科,头颅骨病变、眼球突出、多饮、多尿、肝肿大、脾肿大、咳嗽、淋巴结肿大、丘疹、气喘、尿崩、斑疹,儿童,药物治疗,根据不同医院，收费标准不一致，市三甲医院约（1000 —— 5000元）,否,0.03%(有遗传病史的小儿人群，发病率较高),80%,2-4月,https://tag.120ask.com/jibing/xefnzxwznpzzzhz/
内科,消化内科,小儿结节性多动脉炎,儿科,发烧、乏力、消瘦、腹痛、管型尿、肾功能衰竭、便血、脂肪泻、体重减轻、急腹症、黄疸、关节痛,婴幼儿,药物治疗,根据不同医院，收费标准不一致，市三甲医院约（1000-5000元）,否,0.0005%,95%,1-3月,https://tag.120ask.com/jibing/xejjxddmy/
内科,消化内科,磷中毒,急诊科,头痛头晕、乏力、食欲不振、恶心呕吐、肝区疼痛、血尿、肝脏明显肿大及压痛、呼吸困难、腹痛腹泻、便血,所有人群,手术治疗（洗胃）、药物治疗,根据不同医院，收费标准不一致，市三甲医院约（3000 —— 5000元）,否,0.002%-0.005%(误服有机磷农药患者，致病率100%),60%-95%,30天,https://tag.120ask.com/jibing/linzhongdu/
内科,消化内科,曼陀罗中毒,急诊科,口干、吞咽困难、嗜睡、幻觉、谵妄、幻听、抽搐、意识障碍、昏睡、血压下降、休克、昏迷,所有人群,洗胃、催吐、药物治疗,根据不同医院，收费标准不一致，市三甲医院约（5000 —— 10000元）,否,0.0005%,60%,3周,https://tag.120ask.com/jibing/mtlzd/
内科,消化内科,Milk-Alkali综合征,消化内科,代谢性碱中毒、夜尿增多、高钙血症,所有群体,对症治疗,根据不同医院，收费标准不一致，市三甲医院约（5000-10000元）,否,0.001%,75%,1-2个月,https://tag.120ask.com/jibing/milkalkalizhz/
内科,消化内科,慢性胆囊炎,肝胆外科,反复发作性上腹部疼痛、食后饱胀不适、嗳气、厌油腻食物、胃部灼热、胆囊压痛、伴或不伴黄疸、恶心呕吐,急性胆囊炎反复发作患者,药物治疗、支持疗法,根据不同医院，收费标准不一致，市三甲医院约（5000 —— 8000元）,否,0.3%,80%,5-15天,https://tag.120ask.com/jibing/mxdny/
内科,消化内科,Mirizzi综合征,消化内科,胆绞痛、腹痛、黄疸、高热寒战,所有人群,药物治疗,根据不同医院，收费标准不一致，市三甲医院约（3000 —— 8000元）,否,0.05%,80%,2-4月,https://tag.120ask.com/jibing/mirizzizhz/
内科,消化内科,旅行者腹泻,消化内科,腹痛、腹泻、水样便、便血、排便频率异常、口唇泛黑、水肿、脂肪泻、吐逆滑泄,所有人群,药物治疗,根据不同医院，收费标准不一致，市三甲医院约（3000 —— 8000元）,是,人群患病概率0.89%,,治疗周期14天,https://tag.120ask.com/jibing/lxzfx/
内科,消化内科,氯丙嗪类中毒,急诊科,头晕、嗜睡、软弱、精神失常、恶心呕吐、腹痛腹胀、黄疸、心悸、四肢发冷、抽搐、休克,儿童人群,手术治疗（洗胃、催吐）、药物治疗、支持疗法,根据不同医院，收费标准不一致，市三甲医院约（5000 —— 8000元）,否,0.003%,90%,1个月,https://tag.120ask.com/jibing/lblzd/
内科,消化内科,麻黄碱中毒,急诊科,头痛、眩晕、耳鸣、烦躁不安、震颤、焦虑、失眠、心悸、心动过速、视物模糊、高血压,过量服用麻黄碱药物患者,手术治疗（洗胃、催吐、导泻）、药物治疗、支持疗法,根据不同医院，收费标准不一致，市三甲医院约（5000 —— 8000元）,否,0.04%,83%,15天,https://tag.120ask.com/jibing/mhjzd/
内科,消化内科,盲襻综合征,消化内科,腹泻、贫血、体重减轻、脂肪泻、消瘦、腹部不适、腹胀,所有群体,药物治疗,根据不同医院，收费标准不一致，市三甲医院约（5000-10000元）,否,0.002%,30%,1-3个月,https://tag.120ask.com/jibing/mzhz/
内科,消化内科,慢性溃疡性非肉芽肿性空肠回肠,消化科,腹泻、水样便、脂肪泻、腹痛、腹部压痛、消瘦,成年人,药物治疗,根据不同医院，收费标准不一致，市三甲医院约（100—— 2000元）,否,0.0003%,80%,2-3月,https://tag.120ask.com/jibing/mxkyxfryzxkchcy/
内科,消化内科,马桑果中毒,急诊科,恶心与呕吐、腹痛、头晕、乏力、流涎、出汗异常、休克、昏迷、瞳孔异常、头痛、紫绀,所有群体,药物治疗,根据不同医院，收费标准不一致，市三甲医院约（5000-10000元）,否,0.002%,40%,2-4周,https://tag.120ask.com/jibing/msgzd/
内科,消化内科,慢性溃疡性结肠炎,消化内科,腹痛、便血、体重减轻、里急后重、呕吐、高热,所有人群,药物治疗、手术治疗,根据不同医院，收费标准不一致，市三甲医院约8000--15000,否,0.2%,80%,3-6周,https://tag.120ask.com/jibing/mxkyxjcy/
内科,消化内科,小儿嘌呤核苷酸磷酸化酶缺乏,神经内科,偏瘫、震颤、共济失调、生长缓慢、智力发育迟缓、心包炎、反复感染、溶血性贫血、血小板减少性紫癜,婴幼儿,药物治疗,根据不同医院，收费标准不一致，市三甲医院约（3000 —— 8000元）,否,本病罕见，儿童发病率约为0.001%-0.002%,,终身间歇性治疗,https://tag.120ask.com/jibing/xehslshmqf/
内科,消化内科,麦胶性肠病,消化内科,腹痛、腹泻、体重减轻、营养不良、脂肪泻、粪便量多、恶臭便、腹部压痛、腹胀、恶心与呕吐、乏力、消瘦,所有群体,药物治疗,根据不同医院，收费标准不一致，市三甲医院约（1000-5000元）,否,0.03%,80%,1-3月,https://tag.120ask.com/jibing/mjxcb/
内科,消化内科,毛石肠梗阻综合征,消化内科,原发性便秘、孕妇非妊娠原因的腹痛、蛔虫性肠梗阻、便秘伴剧烈腹痛、排便障碍、结肠梗阻、恶心与呕吐、小肠扩张充气、排气障碍、停止排气、直肠与肛门狭窄、脉搏细速,多为女性，以青少年为多见,手术治疗,根据不同医院，收费标准不一致，市三甲医院约（5000-10000元）,否,0.3%,80%,1-3月,https://tag.120ask.com/jibing/mscgzzhz/
内科,消化内科,弥漫性空回肠溃疡,消化内科,腹泻、腹痛、排气障碍、分泌物恶臭,老年人群,药物治疗、手术治疗,根据不同医院，收费标准不一致，市三甲医院约5000--12000,否,0.003%-0.005%,75%(外科手术治疗),1-3个月,https://tag.120ask.com/jibing/mmxkhcky/
内科,消化内科,毛圆线虫病,消化内科、感染科,贫血、食欲缺乏、腹痛、腹胀、腹泻、营养不良、头昏、乏力、失眠,所有群体,药物治疗,根据不同医院，收费标准不一致，市三甲医院约（500-1000元）,是,0.003%,40%,1-2个月,https://tag.120ask.com/jibing/myxcb/
内科,消化内科,小儿普通易变型免疫缺陷,儿内科,淋巴结肿大、脾肿大,所有人群,药物治疗,根据不同医院，收费标准不一致，市三甲医院约2000-5000,否,0.005%,75%,2-3月,https://tag.120ask.com/jibing/xeptybxmyqx/
内科,消化内科,小儿急性血行播散型肺结核,感染科,高热、盗汗 、食欲不振、小儿咳嗽、咳嗽、发绀、消瘦、紫癜、头痛,所有人群,药物治疗,根据不同医院，收费标准不一致，市三甲医院约10000--50000,是,0.001%,70%,30天,https://tag.120ask.com/jibing/xejxxxbsxfjh/
内科,消化内科,弥漫性食管痉挛,消化内科,胸骨后疼痛、吞咽困难、食管痉挛、反胃、吞咽时发生晕厥、呛咳、胸痛、吞咽时胸痛,所有人群,药物治疗,根据不同医院，收费标准不一致，市三甲医院约1000-3000元,否,0.06%,90%,2-4周,https://tag.120ask.com/jibing/mmxsgjl/
内科,消化内科,湄公血吸虫病,消化内科、传染科,发烧、腹泻、腹痛、肝脾肿大、肝肿大、脾肿大、腹胀、烂桃样血痰、右下腹压痛、感染性发热,所有人群,药物治疗,根据不同医院，收费标准不一致，市三甲医院约2000-5000元,是,0.0001%,30%,30天,https://tag.120ask.com/jibing/gxxcb/
内科,消化内科,盲肠肉芽肿,肛肠外科,腹痛、腹泻、右下腹可触及柔软腊肠样肿块、大便次数增多、稀糊状大便,多见于青壮年,饮食、药物、手术治疗,根据不同医院，收费标准不一致，市三甲医院约（3000 —— 8000元）,否,0.05%,90%,3-6周,https://tag.120ask.com/jibing/mcryz/
内科,消化内科,棉子中毒,急诊科,恶心与呕吐、头痛、腹痛、腹胀、便秘、发烧、腹泻、咽痛、食欲不振,所有人群,药物治疗,根据不同医院，收费标准不一致，市三甲医院约2000-5000元,否,0.0001%,80%,2-4周,https://tag.120ask.com/jibing/mzzd/
内科,消化内科,盲袢综合征,普外科,腹痛、腹胀、恶心、呕吐,所有人群均可发病,手术治疗,根据不同医院，收费标准不一致，市三甲医院约（3000 —— 8000元）,否,0.002%,40%,1-2个月,https://tag.120ask.com/jibing/mangzonghezheng/
内科,消化内科,灭虫灵中毒,急诊科,有灭虫灵药物接触史、头痛头晕、恶心呕吐、腹痛腹泻、乏力、精神萎靡、面色苍白、口唇青紫、抽搐,所有人群,洗胃治疗、导泻催吐治疗、对症治疗,根据不同医院，收费标准不一致，市三甲医院约（3000 —— 10000元）,否,误服灭虫灵或者使用灭虫灵打虫人员，发生率约3-5%,70-80%,4-6周,https://tag.120ask.com/jibing/mclzd/
内科,消化内科,门静脉高压性胃病,消化内科、胃肠外科,贫血、胃镜下表现出广泛黏膜红斑、呕血、黑便、上消化道出血,门脉高压症患者,药物、介入治疗,根据不同医院，收费标准不一致，市三甲医院约（5000 —— 10000元）,否,肝病患者中本病发生率约为0.3%-0.5%,,1-3个月,https://tag.120ask.com/jibing/mjmgyxwb/
内科,消化内科,小儿内脏幼虫移行症,儿科,发烧、气短、咳嗽、头痛、咳痰、疲劳、牵涉痛、咯血,儿童,药物治疗,根据不同医院，收费标准不一致，市三甲医院约（1000 —— 5000元）,否,0.0001%--0.0003%,60-70%,3-6个月,https://tag.120ask.com/jibing/xenzycyxz/
内科,消化内科,尼曼－匹克氏病,神经内科,贫血、营养不良、食欲不振、震颤、惊厥、痴呆、眼肌瘫痪 、呕吐、婴儿喂养困难,先天婴幼儿,药物治疗、中药治疗、手术治疗,根据不同医院，收费标准不一致，市三甲医院约10000--50000,否,0.00001%,80%,1--6个月,https://tag.120ask.com/jibing/nmpksb/
内科,消化内科,门静脉海绵样变,血管外科,反复呕血、柏油便、脾功能亢进、脾大、阻塞性黄疸,所有人群,药物治疗,根据不同医院，收费标准不一致，市三甲医院约（3000 —— 8000元）,否,0.008%,70%,3-6月,https://tag.120ask.com/jibing/mjmhmyb/
内科,消化内科,拟除虫菊类农药中毒,急诊科,口及咽部烧灼感、恶心与呕吐、腹痛、斑疹、丘疹、瞳孔固定、昏迷、头痛、肌肉跳动,所有人群,药物治疗,根据不同医院，收费标准不一致，市三甲医院约（3000 —— 8000元）,否,0.01%,60%,1-2周,https://tag.120ask.com/jibing/nccjlnyzd/
内科,消化内科,木薯中毒,急诊科,心悸、四肢无力、疲乏、恶心与呕吐、腹痛、头晕、嗜睡、呼吸困难、心跳加快、对光反应消失、心音低钝、肝脏肿大,所有人群,药物治疗,根据不同医院，收费标准不一致，市三甲医院约（3000 —— 8000元）,否,0.0001%,70%,1-7天,https://tag.120ask.com/jibing/mszd/
内科,消化内科,门脉高压性肠病,消化内科,便血、胃肠道出血、腹部不适、腹痛、门脉高压、脾肿大,所有人群,药物治疗,根据不同医院，收费标准不一致，市三甲医院约（3000 —— 8000元）,否,0.001%,10%,1-2个月,https://tag.120ask.com/jibing/mmgyxcb/
内科,消化内科,小儿维斯科特-奥尔德里奇综合,儿科、血液科,出血倾向、反复感染、湿疹、淋巴结肿大、脑膜炎、咯血、免疫缺陷、败血症、溶血性贫血、血管炎、肝肿大、血小板减少,婴幼儿,手术治疗,根据不同医院，收费标准不一致，市三甲医院约（5000-10000元）,否,0.002%,40%,1-3个月,https://tag.120ask.com/jibing/xewsktaedlqzhz/
内科,消化内科,囊性纤维化,消化内科、肝胆外科,肝肿大、门脉高压、阻塞性黄疸,所有人群,药物治疗,根据不同医院，收费标准不一致，市三甲医院约3000-5000元,否,0.01%,50%,2--8周,https://tag.120ask.com/jibing/nxxwh/
内科,消化内科,Plummer-Vinson综合征,消化内科,吞咽困难、咽部异物感、贫血、匙状指（趾）、心悸、疲劳、食欲异常、舌炎、咽炎、舌炎、龈炎,所有人群,药物治疗,根据不同医院，收费标准不一致，市三甲医院约（3000 —— 8000元）,否,0.05%,60%,2-5月,https://tag.120ask.com/jibing/plummervinsonzhz/
内科,消化内科,膀胱气痛,泌尿外科,妇女妊娠期间及产后心痛、小腹痛、血气痛,女性人群,中医药物治疗,根据不同医院，收费标准不一致，市三甲医院约2000-5000元,否,0.5%,75%,2-4周,https://tag.120ask.com/jibing/bqt/
内科,消化内科,脑肝肾综合征,神经内科,颅面骨畸形、面部畸形、眶周水肿、抽搐、黄疸、肝肿大,婴幼儿,支持疗法,根据不同医院，收费标准不一致，市三甲医院约（10000-50000元）,否,特定人群20%,80%,3-4月,https://tag.120ask.com/jibing/ngszhz/
内科,消化内科,贲门失弛缓症,心胸外科,吞咽困难、胃食管反流症状、胸骨后疼痛、中上腹持续性疼痛、贲门弛缓、食管体平滑肌部分蠕动停止、食管蠕动功能减弱、胸骨下端压痛、体重减轻,20~50岁的青壮年,　手术治疗,根据不同医院，收费标准不一致，市三甲医院约（5000-10000元）,否,0.012%,70%,7-10天,https://tag.120ask.com/jibing/mschz/
内科,消化内科,小儿原发性免疫缺陷病,血液科,反复感染、湿疹、脱发、脓疱、免疫力下降、血小板减少性紫癜、溶血性贫血、感染性发热、感染性鼻炎、眼部感染、细菌感染、肺部感染,婴幼儿,药物治疗,根据不同医院，收费标准不一致，市三甲医院约（10000-50000元）,否,0.01%,80%,3个月,https://tag.120ask.com/jibing/xeyfxmyqxb/
内科,消化内科,脾劳,中医科,心腹痞满、呕吐吞酸、面色痿黄、心腹常痛、大便泄利、手足逆冷、骨节酸疼、日渐消瘦,所有人群,药物治疗,根据不同医院，收费标准不一致，市三甲医院约（1000 —— 3000元）,否,0.01%,70%,1-3个月,https://tag.120ask.com/jibing/pilao/
内科,消化内科,盆底综合征,普外科,便秘、里急后重、排便困难、疼痛、直肠脱垂,所有群体,药物治疗、手术治疗,根据不同医院，收费标准不一致，市三甲医院约（5000-10000元）,否,发病率约为0.004%-0.006%,,1-2个月,https://tag.120ask.com/jibing/pdzhz/
内科,消化内科,脾囊肿,消化内科,腹胀、腹部肿块、腹痛、消化不良,中青年、青年多见,药物、手术治疗,根据不同医院，收费标准不一致，市三甲医院约（10000 —— 50000元）,否,0.01%,70%,2周--6个月,https://tag.120ask.com/jibing/pinangzhong/
内科,消化内科,硼酸中毒,急诊科,恶心与呕吐、腹痛、腹泻、便血、发烧、休克、粪便带绿色、脱水、脱皮、剥脱性皮炎、充血、视力障碍,所有群体,药物治疗,根据不同医院，收费标准不一致，市三甲医院约（3000-5000元）,否,0.02%,95%,3-6周,https://tag.120ask.com/jibing/pszd/
内科,消化内科,诺瓦克病毒性胃肠炎,消化内科,腹泻、呕吐、恶心、水样便、稀便、食欲减退、乏力、低热、头痛、腹痛,所有群体,药物治疗,根据不同医院，收费标准不一致，市三甲医院约（500-1000元）,否,0.003%,50%,3个月,https://tag.120ask.com/jibing/nwkbdxwcy/
内科,消化内科,诺沃克类病毒胃肠炎,消化内科,呕吐、腹泻、黄色稀水便、低热、头痛、肌痛、乏力及食欲减退,所有人群,药物治疗,根据不同医院，收费标准不一致，市三甲医院约（500 —— 1000元）,是,本病发病率约为0.002%-0.004%，夏季多见,70%,1-3个月,https://tag.120ask.com/jibing/nwklbdwcy/
内科,消化内科,脾虚泄泻,中医科、消化内科,脘痞腹胀、腹满便溏、泻下不消化物、消瘦、身弱怯冷、面色萎黄、手足皆冷、纳差、疲乏无力,所有人群,药物治疗,根据不同医院，收费标准不一致，市三甲医院约（1000 —— 3000元）,否,0.01%,80%,3个月,https://tag.120ask.com/jibing/pxxx/
内科,消化内科,脾大,消化内科,左侧腹痛、腹胀、头晕、右上腹痛,有肝病、血液病的患者易发,手术治疗、药物治疗,根据不同医院，收费标准不一致，市三甲医院约5000--10000元,否,0.1%,90%,180天,https://tag.120ask.com/jibing/pida/
内科,消化内科,脾约,中医科,小便多、大便硬、数日不行、口干口臭、腹胀,所有人群,药物治疗,据不同医院，收费标准不一致，市三甲医院约（1000 —— 3000元）,否,0.01%,99%,15-30天,https://tag.120ask.com/jibing/piyue/
内科,消化内科,脾-肝综合征,消化内科,腹泻、肝功能受损、脾肿大、脾大、贫血、乏力、消化不良、腹胀、厌食、恶心、全血细胞减少、肝脏肿大,所有群体,药物治疗、手术治疗,根据不同医院，收费标准不一致，市三甲医院约（1000-5000元）,否,0.0001%,50%,3个月,https://tag.120ask.com/jibing/pgzhz/
内科,消化内科,小儿遗传性血管神经性水肿,儿内科、心血管内科,喉头水肿、腹泻、水肿、呕吐、肠痉挛、皮下组织水肿,婴幼儿,药物治疗,根据不同医院，收费标准不一致，市三甲医院约（5000-10000元）,否,有家族史，总体发病率约0.0001%,,5-10年,https://tag.120ask.com/jibing/xeycxxgsjxsz/
内科,消化内科,痞满,中医科,胃脘胸膈闷胀、压之不痛、饮食减少、进食加重、大便不调,生活不规律、暴饮暴食、情绪抑郁人群,药物治疗,根据不同医院，收费标准不一致，市三甲医院约（200 —— 1000元）,否,0.01%,90%,1个月,https://tag.120ask.com/jibing/piman/
内科,消化内科,其他弧菌感染,消化内科,腹泻、腹痛、腹胀、发烧、淋巴液流出、脱水、伤口感染、反复高热,所有人群,药物治疗,根据不同医院，收费标准不一致，市三甲医院约（2000 —— 5000元）,否,本病一般饮食不当引起，一般概率在2%左右,,1周时间可以治愈。,https://tag.120ask.com/jibing/qthjgr/
内科,消化内科,葡萄球菌性食物中毒,消化内科、急诊科,恶心与呕吐、上腹部疼痛、腹泻、水样便、腹胀、脱水、排便频率异常、腹痛、肌肉痉挛,所有群体,药物治疗,根据不同医院，收费标准不一致，市三甲医院约（1000-5000元）,否,0.32%,80%,1-7天,https://tag.120ask.com/jibing/ptqjxswzd/
内科,消化内科,其他沙门菌感染,消化内科,恶心与呕吐、腹痛、腹泻、水样便、发热伴寒战、休克、食欲缺乏,所有人群,药物治疗,根据不同医院，收费标准不一致，市三甲医院约（2000 —— 5000元）,否,人群患病概率8%,,治疗周期7天,https://tag.120ask.com/jibing/qtsmjgr/
内科,消化内科,脐膨出-巨舌-巨大躯体综合征,消化内科,腹胀、脐突、消瘦、肢体过度肥大、言语功能的部分丧失、低血糖症、脐尿管残余、抽搐、意识丧失、颜面的火焰状母斑、膈肌缺损 、阴蒂肥大,所有人群,药物治疗,根据不同医院，收费标准不一致，市三甲医院约（3000 —— 8000元）,否,0.003%,40%,1-3个月,https://tag.120ask.com/jibing/qpcjsjdqtzhz/
内科,消化内科,嵌杯样病毒胃肠炎,消化内科、感染科,恶心与呕吐、腹泻、腹痛、头痛、周身不适、发烧、皮疹,所有人群,药物治疗,根据不同医院，收费标准不一致，市三甲医院约2000-5000元,是,0.001%,45%,1年,https://tag.120ask.com/jibing/qbybdwcy/
内科,消化内科,干呕,消化内科,呕而有声无物吐出、口苦、腹胀、腹满、腹痛、舌苔黄、口淡不渴、厌食、大便溏泄,所有人群,饮食、药物、中医治疗,根据不同医院，收费标准不一致，市三甲医院约（1000 —— 5000元）,否,40%,90%,20-30天,https://tag.120ask.com/jibing/ganou/
内科,消化内科,脐炎,普外科,脐带脱落后伤口不愈并溢液、脐残端黏液或脓性分泌物、脐周疼痛、脐周红肿变硬、脐周肿胀、发烧、脐窝内积脓、发热、脐窝湿润有臭味、脐窝内有肉芽组织增生、面色苍白,新生儿、成人均可见,药物、理疗、引流治疗,根据不同医院，收费标准不一致，市三甲医院约（1000 —— 5000元）,否,0.3%--0.5%,85%治愈,2-5周,https://tag.120ask.com/jibing/qiyan/
内科,消化内科,强碱类中毒,消化内科,皮肤弥漫性红肿、水泡、溃疡、咽痛、口吐白沫、恶心与呕吐、肺含水量增加、腹痛、咽炎、舌炎、龈炎、头痛、呕血与黑便、口腔痛,所有群体,病因治疗,根据不同医院，收费标准不一致，市三甲医院约（5000-10000元）,否,0.008%-0.01%(多为蓄意自杀者),70%,4-8周,https://tag.120ask.com/jibing/qjlzd/
内科,消化内科,气痢,中医科,排水样血性大便、腹胀、肠鸣、里急后重、小便不易排空,儿童,药物治疗,根据不同医院，收费标准不一致，市三甲医院约（1000 —— 5000元）,否,0.005%,70%,1-3周,https://tag.120ask.com/jibing/qili/
内科,消化内科,强酸、强碱中毒,急诊科,口咽部水疱状损害、口腔溃疡、咽部灼热疼痛、口及咽部烧灼感、腹痛、腹泻、口痛、头痛、急性肾衰竭、紫绀、昏迷、晕厥,所有人群,药物治疗,根据不同医院，收费标准不一致，市三甲医院约2000-5000元,否,0.001%,68%,6-12周,https://tag.120ask.com/jibing/qsqjzd/
内科,消化内科,缺血性肝炎,消化内科,口唇发黄、大块肝细胞坏死、右上腹痛、乙肝e抗体（抗HBe）阳性、肝糖异生增加、腹痛、乙肝e抗原（HBeAg）阳性、食欲下降、炎性细胞浸润、肝被膜紧张、黄疸、球蛋白异常,所有群体,对症治疗,根据不同医院，收费标准不一致，市三甲医院约（1000-5000元）,否,0.1%,60%,30天,https://tag.120ask.com/jibing/qxxgy/
内科,消化内科,气秘,消化内科、中医科,大便粘腻、胀感、排便困难、下腹胀痛、腹痛,所有人群,药物治疗,根据不同医院，收费标准不一致，市三甲医院约100-300,否,3%,90%,3-6周,https://tag.120ask.com/jibing/qimi/
内科,消化内科,倾倒综合征,消化内科,稍食即饱感、上腹部胀满不适、恶心呕吐、腹部绞痛、肠鸣音增加、腹泻、心悸、心动过速、出汗、眩晕、苍白、发热、无力、血压降低,发生于任何类型的胃部手术之后，以Billroth Ⅱ式胃大部切除术后更为多见,饮食、药物治疗,根据不同医院，收费标准不一致，市三甲医院约（3000 —— 8000元）,否,35%(胃大部切除者本病的发生率约为35%),85%(改善饮食习惯即可),终身治疗,https://tag.120ask.com/jibing/qdzhz/
内科,消化内科,缺血性结肠炎,胃肠外科,腹胀、肠鸣、腹部压痛、发热、腹痛、腹泻、恶心、呕吐、结肠膨胀、高热,多在五十岁以上,药物、手术治疗,根据不同医院，收费标准不一致，市三甲医院约（3000 —— 8000元）,否,0.014%,60%,7-21天,https://tag.120ask.com/jibing/qxxjcy/
内科,消化内科,气胀,消化内科,胀感、麻痹性肠梗阻、结肠梗阻、腹胀、胃肠气胀,所有 人群,药物治疗,根据不同医院，收费标准不一致，市三甲医院约500-1000元,否,0.001%,80%,5天,https://tag.120ask.com/jibing/qizhang/
内科,消化内科,心原性肝硬化,肝病科,黄疸、全身乏力、纳差、恶心呕吐、呕血、蜘蛛痣、腹水、颈静脉怒张、腹壁静脉怒张、脾大、心悸胸闷,肝病患者,药物治疗、支持疗法,根据不同医院，收费标准不一致，市三甲医院约（3000 —— 8000元）,否,0.0004%,,终身间歇性对症治疗,https://tag.120ask.com/jibing/xyxgyh/
内科,消化内科,纤维化综合征,风湿免疫科,便秘、肠出血、恶心、腹膜后纤维化、腹痛、腹泻、全腹痛、吞咽困难,中老年人,药物治疗,根据不同医院，收费标准不一致，市三甲医院约（400 —— 1000元）,否,0.0002%,30%,3个月,https://tag.120ask.com/jibing/xwhzhz/
内科,消化内科,汽油、煤油中毒,急诊科,烧灼性疼痛、恶心与呕吐、腹痛、便血、腹泻、胸痛、头痛、休克、晕厥、咳嗽、紫绀、心悸,所有人群,药物治疗,根据不同医院，收费标准不一致，市三甲医院约2000-5000元,否,0.5%,90%(本病经过有效治疗后大部分能够缓解),2-5周,https://tag.120ask.com/jibing/qymyzd/
内科,消化内科,驱蛔灵中毒,急诊科,恶心与呕吐、面色苍白、头痛、高热、支气管痉挛、血压下降、眩晕、共济失调、舞蹈病样动作、听力减退、眼球震颤、惊厥,所有群体,病因治疗、对症治疗,根据不同医院，收费标准不一致，市三甲医院约（1000-5000元）,否,发病率约为0.001%--0.002%多见于儿童，因服用驱虫剂过多所致,80-90%，对症治疗,1-2周,https://tag.120ask.com/jibing/qhlzd/
内科,消化内科,热带口炎性腹泻,消化内科,腹痛、腹泻、粪便量多、口炎、乏力,好发于热带居民，任何年龄均可罹病,饮食、药物治疗,根据不同医院，收费标准不一致，市三甲医院约（3000 —— 8000元）,否,发病率约为0.05%-0.07%，见于热带雨林旅游人群,90%,1周,https://tag.120ask.com/jibing/rdkyxfx/
内科,消化内科,憩室病,消化内科,腹痛伴便血、急性腹痛、排便困难、排便障碍、腹痛伴腹泻、腹泻,所有群体,病因治疗、对症治疗,根据不同医院，收费标准不一致，市三甲医院约（1000-5000元）,否,0.0001%,60%,10-30天,https://tag.120ask.com/jibing/shibing/
内科,消化内科,缺铁性吞咽困难,消化科,食用硬的食物时感觉梗阻感，间歇性的吞咽困难,青壮年妇女,药物治疗、内窥镜治疗,根据不同医院，收费标准不一致，市三甲医院约（200 —— 1000元）,否,0.006%--0.009%(多见于缺铁性贫血患者),72%,10天-20天,https://tag.120ask.com/jibing/qtxtykn/
内科,消化内科,热带性口炎性腹泻,消化内科,体重减轻、腹泻、乏力、口炎、舌炎、唇干裂、营养代谢缺乏、贫血、营养不良性水肿、脂肪泻,所有群体,药物治疗,根据不同医院，收费标准不一致，市三甲医院约（100-500元）,否,0.001%,90%,1-2周,https://tag.120ask.com/jibing/rdxkyxfx/
内科,消化内科,妊娠合并急性阑尾炎,产科、普外科,孕妇非妊娠原因的腹痛、阑尾穿孔、腹膜炎、阵发性子宫收缩,孕妇,手术治疗,根据不同医院，收费标准不一致，市三甲医院约（5000-10000元）,否,0.006%,80%,7-14天,https://tag.120ask.com/jibing/rshbjxlwy/
内科,消化内科,缺血性肠绞痛,胃肠外科,腹痛、腹部不适、恶心呕吐、体重减轻、绞痛、营养不良、腹泻、消瘦、腹胀,大于45岁,药物、手术治疗,根据不同医院，收费标准不一致，市三甲医院约（10000 —— 50000元）,否,0.005%,60%,3个月,https://tag.120ask.com/jibing/qxxcjt/
内科,消化内科,热秘,中医科,便秘、大便干结呈算盘珠状、口臭、口干、小便短赤、口舌生疮、面红目赤,所有人群,药物治疗,根据不同医院，收费标准不一致，市三甲医院约（1000 —— 3000元）,否,1%,90%,15-30天,https://tag.120ask.com/jibing/remi/
内科,消化内科,妊娠合并急性胰腺炎,肝胆外科、产科,腹胀、腹痛伴恶心、呕吐、腹痛发热及黄疸、上腹部疼痛、上腹及腰背部有“束带感”、脐周皮肤青紫色,孕妇人群,手术治疗、药物治疗,根据不同医院，收费标准不一致，市三甲医院约5000--10000,否,0.005%,89%,3-6周,https://tag.120ask.com/jibing/rshbjxyxy/
内科,消化内科,乳头状腺瘤,乳腺外科,脱水、排便不尽感、排出粘液、解大便未尽感觉、循环衰竭、酸中毒,所有群体,手术治疗,根据不同医院，收费标准不一致，市三甲医院约（10000-30000元）,否,0.003%,40%,1-3个月,https://tag.120ask.com/jibing/rtzxl/
内科,消化内科,妊娠合并肠梗阻,产科、普外科,孕妇非妊娠原因的腹痛、腹胀、胃肠气胀、呕吐、排便障碍、停止排气,孕妇,病因治疗、对症治疗,根据不同医院，收费标准不一致，市三甲医院约（1000-5000元）,否,发病率约为0.008%-0.01%,,4-6周,https://tag.120ask.com/jibing/rshbcgz/
内科,消化内科,妊娠合并消化性溃疡,消化内科、普外科,中上腹痛、冒酸、打嗝、黑大便,情绪长期紧张、胃酸过多的人群易发,药物治疗、饮食调节、生活习惯改善,根据不同医院，收费标准不一致，市三甲医院约（1000—— 5000元）,否,在特定人群发病率在0.5%,,2-5周,https://tag.120ask.com/jibing/rshbxhxky/
内科,消化内科,妊娠合并肝硬化,消化内科、产科,乏力、食欲减退、上腹部疼痛、肝掌、蜘蛛痣、脾大、呕血与黑便、膨胀性肝脏搏动、肝细胞坏死 、腹壁静脉怒张,孕妇,对症治疗,根据不同医院，收费标准不一致，市三甲医院约（5000-10000元）,否,0.001%,1.3%,30天,https://tag.120ask.com/jibing/rshbgyh/
内科,消化内科,妊娠期肝血肿及破裂,肝胆外科、产科,右上腹痛、肝被膜紧张、肝被膜血肿破裂 、腹膜刺激征、移动性浊音、腹腔出血,孕妇,药物治疗、手术治疗,根据不同医院，收费标准不一致，市三甲医院约（5000-10000元）,否,妊娠妇女发病率约为0.01%--0.02%,75-85%,1-2个月,https://tag.120ask.com/jibing/rsqgxzjpl/
内科,消化内科,鹦鹉热衣原体肺炎,呼吸内科,发烧、头痛、寒战、咯血、身痛、小儿发热、脾肿大、呼吸衰竭、咳血痰、心音异常、肝肿大、肺源性呼吸困难,所有群体,药物治疗,根据不同医院，收费标准不一致，市三甲医院约（1000-5000元）,否,0.003%,60%,2-4个月,https://tag.120ask.com/jibing/ryytfy/
内科,消化内科,瑞氏综合症,神经内科,低血糖症、头痛、昏迷、脱水、晕厥、恶心与呕吐、肝肿大、呼吸异常、脑水肿、烦躁不安、嗜睡、惊厥,所有群体,病因治疗,根据不同医院，收费标准不一致，市三甲医院约（5000-10000元）,否,0.0001%,30%,3个月,https://tag.120ask.com/jibing/rszhz/
内科,消化内科,SARS的胃肠道感染,消化内科,恶心与呕吐、食欲减退、腹泻、水样便、发烧、腹痛,所有人群,药物治疗,根据不同医院，收费标准不一致，市三甲医院约（3000 —— 8000元）,是,0.002%-0.004%,65%-75%,4-8周,https://tag.120ask.com/jibing/sarsdwcdgr/
内科,消化内科,上消化道出血,消化内科,呕血与黑便、心悸、冷汗、烦躁不安、面色苍白、心率增快、血压下降、易昏厥、消化不良、粪便黑色并带有血液、大便呈褐色、便血,所有群体,药物治疗、手术治疗,根据不同医院，收费标准不一致，市三甲医院约（5000-10000元）,否,2%,90%,2-4月,https://tag.120ask.com/jibing/sxhdcx/
内科,消化内科,妊娠性急性阑尾炎,产科,右下腹痛、恶心、呕吐、恶心与呕吐、阑尾组织纤维化、右上腹持续性剧痛并向右肩部放射、妊娠时伴有腹痛的阴道流血、妊娠时持续性腹痛或腰酸腰痛、妊娠晚期或临产时无痛性反复阴道流血、孕妇非妊娠原因的腹痛、孕晚期腹痛、腹胀,孕妇,手术治疗,根据不同医院，收费标准不一致，市三甲医院约（5000-10000元）,否,0.1--0.3%,50--80%,7--21天,https://tag.120ask.com/jibing/rsxjxlwy/
内科,消化内科,药物性呼吸衰竭,呼吸内科,呼吸困难、昏迷、呼吸异常、烦躁不安、呼吸性碱中毒、呼吸速率减慢且规则、心脏功能突然失代偿、肺癌胸水、劳力性呼吸困难、气息异常、代谢性酸中毒、叹息样呼吸,所有群体,对症治疗,根据不同医院，收费标准不一致，市三甲医院约（5000-10000元）,否,0.001%,70%,10--21天,https://tag.120ask.com/jibing/ywxhxsj/
内科,消化内科,砷中毒,急诊科,咽部灼热疼痛、咳声嘶哑、腹痛、惊厥、呼吸困难、四肢麻木、无力、衰弱、肢体远端出现腕垂踝垂、皮肤潮红肿胀、食欲不振、口燥咽干,所有群体,药物治疗,根据不同医院，收费标准不一致，市三甲医院约（3000-5000元）,否,0.01%,5-10%,15--30天,https://tag.120ask.com/jibing/shenzhongdu/
内科,消化内科,日本血吸虫病,消化内科、传染科,皮炎、皮肤瘙痒、腹胀、肝脾肿大、疲劳、恶心与呕吐、胸痛、丘疹、红斑样皮疹、呕吐、脾肿大、咳嗽,所有群体,药物治疗,根据不同医院，收费标准不一致，市三甲医院约（500-1000元）,是,0.05%,85%,2-4月,https://tag.120ask.com/jibing/rbxxcb/
内科,消化内科,肉孢子虫病,感染科,腹泻、腹痛、恶心与呕吐、肌痛、发烧、疲劳,所有群体,药物治疗,根据不同医院，收费标准不一致，市三甲医院约（500-1000元）,否,0.002%,70%,1-3月,https://tag.120ask.com/jibing/rzcb/
内科,消化内科,神经性肠梗阻综合症,消化内科,便秘伴剧烈腹痛、蛔虫性肠梗阻、排便障碍、孕妇非妊娠原因的腹痛、原发性便秘、直肠重复畸形、气过水声、小肠扩张充气、腹部肿块、直肠与肛门狭窄、结肠梗阻、排气障碍,所有群体,对症治疗,根据不同医院，收费标准不一致，市三甲医院约（1000-5000元）,否,0.01%,60%,3-7天,https://tag.120ask.com/jibing/sjxcgzzhz/
内科,消化内科,肾上腺素中毒,肾内科,恶心与呕吐、面色苍白、心动过速、肌肉纤维震颤、惊厥、步态不稳、高热寒战、出汗异常、心脏震颤、休克、瞳孔异常、头痛,所有群体,药物治疗,根据不同医院，收费标准不一致，市三甲医院约（3000-5000元）,否,0.0013%,70%,1-7天,https://tag.120ask.com/jibing/ssxszd/
内科,消化内科,乙醚中毒,急诊科,恶心与呕吐、面色青紫、血压下降、呼吸不规则、颅内出血、蛋白尿、管型尿、流涎、胃扩张、颜面潮红、呼吸困难、惊厥,所有群体,药物治疗,根据不同医院，收费标准不一致，市三甲医院约（1000-3000元）,否,0.06%,30%,7-10天,https://tag.120ask.com/jibing/ymzd/
内科,消化内科,十二指肠白点综合征,消化内科,恶心与呕吐、食欲异常、纳差、嗳气、脂肪泻、上腹部疼痛、消化性溃疡,所有人群,药物治疗,根据不同医院，收费标准不一致，市三甲医院约（1000 —— 3000元）,否,0.002%-0.003%,60%,3-6个月,https://tag.120ask.com/jibing/sezcbdzhz/
内科,消化内科,杀鼠剂中毒,急诊科,抽搐、惊厥、烦躁不安、腹痛、恶心与呕吐、咯血、便血、出血倾向、血尿、鼻出血、呕血,所有群体,病因治疗,根据不同医院，收费标准不一致，市三甲医院约（1000-5000元）,否,0.01%,20--50%,7-21天,https://tag.120ask.com/jibing/ssjzd/
内科,消化内科,阴沟肠杆菌感染,消化内科,发烧、皮肤软组织感染、泌尿系感染、免疫力降低、休克、昏迷、恶心与呕吐、尿频伴尿急和尿痛、腰酸背痛、菌血症、败血症、呼吸急促,所有群体,药物治疗,根据不同医院，收费标准不一致，市三甲医院约（1000-5000元）,是,0.004%--0.005%,60-75%,4-8周,https://tag.120ask.com/jibing/ygcgjgr/
内科,消化内科,十二指肠憩室梗阻性黄疸综合征,普外科,间歇性腹部疼痛、饱胀感、反酸、嗳气、偶可引起上消化道出血、梗阻性黄疸、继发胰腺炎可以出现腹部剧烈疼痛、恶心、呕吐及腹泻,中老年人群,药物治疗、手术治疗,根据不同医院，收费标准不一致，市三甲医院约（10000—— 30000元）,否,人群患病概率0.004%,,手术治疗周期14天,https://tag.120ask.com/jibing/sezcsgzxhzhz/
内科,消化内科,十二指肠结核,消化内科、感染科,腹痛、呕吐、胃脘饱胀、上腹不适、消瘦、排便频率异常、粪便黑色并带有血液、心音遥远、腹胀、无活动性结核病灶、十二指肠狭窄、邪恋正虚,所有群体,药物治疗,根据不同医院，收费标准不一致，市三甲医院约（1000-5000元）,是,人群患病概率0.096%,,治疗周期9个月,https://tag.120ask.com/jibing/sezcjh/
内科,消化内科,沙门氏菌属食物中毒,急诊科,畏寒、发热伴有腹痛、腹泻、恶心、呕吐、便血、排便频率异常、水样便、黏液便、脓血便、弛张热、稽留热、缓脉、肠出血、肠穿孔,所有群体,病因治疗、对症治疗,根据不同医院，收费标准不一致，市三甲医院约（1000-5000元）,否,0.002%-0.004%,99%能够治愈,5-10天,https://tag.120ask.com/jibing/smsjsswzd/
内科,消化内科,十二指肠静脉曲张,胃肠外科,静脉曲张、呕血、便血、股三角区压痛、休克、黑便、局部静脉压痛,所有人群,外科、内镜、导管治疗,根据不同医院，收费标准不一致，市三甲医院约（10000 —— 50000元）,否,0.02%,80%,2-3月,https://tag.120ask.com/jibing/sezcjmqz/
内科,消化内科,痧气,中医科,腹痛、胸闷、呕吐、腹泻、皮疹、瘀斑,所有人群均可发病,中药治疗,根据不同医院，收费标准不一致，市三甲医院约（1000 —— 5000元）,否,0.021%,95%,3-7天,https://tag.120ask.com/jibing/shaqi/
内科,消化内科,十二指肠胃反流及胆汁反流性胃,消化内科,中上腹持续性疼痛、呕吐、贫血、体重减轻、心悸,所有人群,药物治疗,根据不同医院，收费标准不一致，市三甲医院约（3000--8000元）,否,0.035%,90%,2-4周,https://tag.120ask.com/jibing/sezcwfljdzflxwy/
内科,消化内科,伤食泄泻,中医科,腹泻、腹痛、肠鸣、便下恶臭、腹胀、嗳腐、食欲不振、恶心呕吐,所有人群,药物治疗,根据不同医院，收费标准不一致，市三甲医院约（500 —— 1000元）,否,36%,93%,5天,https://tag.120ask.com/jibing/ssxx/
内科,消化内科,十二指肠先天性缺如、闭锁和狭,普外科,恶心与呕吐、脱水、消瘦、营养不良,所有人群,药物治疗、手术治疗,根据不同医院，收费标准不一致，市三甲医院约（3000 —— 8000元）,否,0.008%,75%,10-30天,https://tag.120ask.com/jibing/sezcxtxqrbshxz/
内科,消化内科,十二指肠血管性压迫综合征,胃肠外科,消瘦、脱水、急性胃扩张、呕吐、腹胀、腹部不适、乏力、厌食、营养不良,所有人群,药物治疗,根据不同医院，收费标准不一致，市三甲医院约（5000 —— 10000元）,否,0.002%-0.005%,75%,3-6个月,https://tag.120ask.com/jibing/sezcxgxypzhz/
内科,消化内科,食管白斑,消化内科,吞咽困难、胸骨后疼痛、黏膜白斑,所有群体,对症治疗,根据不同医院，收费标准不一致，市三甲医院约（500-1000元）,否,0.005%,80%,1-3个月,https://tag.120ask.com/jibing/sgbb/
内科,消化内科,食管化学性烧伤,急诊科,流涎、呕吐、吞咽痛、吞咽困难、食管溃疡、发烧、消化道狭窄、肺含水量增加、胸痛、咽颊部烧伤、轻度烧伤、红斑性烧伤,所有群体,病因治疗,根据不同医院，收费标准不一致，市三甲医院约（5000-10000元）,否,0.001%,70%,2-4周,https://tag.120ask.com/jibing/sghxxss/
内科,消化内科,十二指肠炎,消化内科,消化不良、胃脘饱胀、反酸、嗳气、腹痛伴便血、压痛、粪便黑色并带有血液、消瘦、上腹部疼痛、贫血、恶心与呕吐、腹痛,所有群体,药物治疗,根据不同医院，收费标准不一致，市三甲医院约（1000-5000元）,否,人群患病概率13%,,治疗周期60天,https://tag.120ask.com/jibing/sezcy/
内科,消化内科,食管瘢痕性狭窄,心胸外科,消化道狭窄、脱水、呼吸异常、咽颊部烧伤、食管重复、发烧、吞咽障碍、食管腔梗阻、恶心与呕吐、食管痉挛、休克、挛缩性瘢痕,所有群体,手术治疗,根据不同医院，收费标准不一致，市三甲医院约（5000-10000元）,否,0.005%,70%,2-4月,https://tag.120ask.com/jibing/sghxxz/
内科,消化内科,食管结核,消化内科、感染科,吞咽困难、吞咽痛、胸骨后疼痛、呕血、疲乏、无力、消瘦、盗汗,所有群体,药物治疗、手术治疗,根据不同医院，收费标准不一致，市三甲医院约（500-1000元）,否,0.021%,82%,9个月,https://tag.120ask.com/jibing/sgjh/
内科,消化内科,十二指肠壅积症,消化内科,呃逆、恶心与呕吐、消瘦、脱水、营养不良,所有群体,药物治疗、手术治疗,根据不同医院，收费标准不一致，市三甲医院约（10000-50000元）,否,0.05%,90%,2-4月,https://tag.120ask.com/jibing/sezcjz/
内科,消化内科,食管贲门黏膜撕裂综合征,心胸外科,呕吐、反复呕血、呕血与黑便、食管痉挛,所有群体,药物治疗、手术治疗,根据不同医院，收费标准不一致，市三甲医院约（1000-5000元）,否,0.005%-0.008%,75%-85%,2-3个月,https://tag.120ask.com/jibing/sgmmslzhz/
内科,消化内科,食管克罗恩病,消化内科,阴部溃疡、咽部溃疡、口腔溃疡、溃疡、吞咽困难、胸痛、贫血、关节疼痛、呕吐、发烧、咽痛、便秘、腹部包块,儿童多见,药物治疗,根据不同医院，收费标准不一致，市三甲医院约（3000 —— 8000元）,否,0.001%,40%,1-3个月,https://tag.120ask.com/jibing/sgkleb/
内科,消化内科,十二指肠淤积症,消化内科,腹痛、恶心与呕吐、胸痛、便血、呕血与黑便、便秘,所有群体,药物治疗、手术治疗,根据不同医院，收费标准不一致，市三甲医院约（1000-5000元）,否,0.0006%,80%,4-6周,https://tag.120ask.com/jibing/sezcyjz/
内科,消化内科,食管贲门粘膜撕裂综合征,消化内科,呕血、上消化道出血、呕吐,所有群体,药物治疗、手术治疗,根据不同医院，收费标准不一致，市三甲医院约（5000-10000元）,否,0.0001%,10%,10-30天,https://tag.120ask.com/jibing/sgmzmslzhz/
内科,消化内科,食管类癌,消化内科,吞咽时胸骨后不适或噎痛感、腹泻、噎痛感、吞咽障碍、颜面潮红、气喘、水肿,食管类癌多见男性，发病年龄26～77岁，平均54岁,手术治疗,根据不同医院，收费标准不一致，市三甲医院约（5000-10000元）,否,0.1%--0.2%,,2-4月,https://tag.120ask.com/jibing/sgla/
内科,消化内科,石膏综合征,消化内科,恶心与呕吐、腹痛上腹饱满膨胀、震水声、全腹弥漫性压痛,所有群体,对症治疗,根据不同医院，收费标准不一致，市三甲医院约（1000-5000元）,否,0.1%,80%,1个月,https://tag.120ask.com/jibing/sgzhz/
内科,消化内科,食管穿孔,普外科,吞咽困难、胸痛、吞咽痛、颈部疼痛、压痛、声音嘶哑、呼吸困难、呕血、发绀、捻发音、心动过速、呼吸急促,所有群体,药物治疗、手术治疗,根据不同医院，收费标准不一致，市三甲医院约（5000-10000元）,否,0.003%,80%,7-14天,https://tag.120ask.com/jibing/sgck/
内科,消化内科,食管蹼和食管环,消化内科,吞咽困难、消瘦、皮肤苍白、舌质红绛、脾肿大、食管痉挛、气道和食管之间的瘘管、贫血、仰颈时吞咽困难,40岁以上,药物治疗、正确进食方法,根据不同医院，收费标准不一致，市三甲医院约3000-5000元,否,0.001%-0.005%,70%,3-6个月,https://tag.120ask.com/jibing/sghsgh/
内科,消化内科,食管穿透性损伤,消化内科,胸骨后疼痛、腹痛、发烧、吞咽困难、皮下气肿、呕血与黑便、食管瘘,所有群体,药物治疗,根据不同医院，收费标准不一致，市三甲医院约（1000-5000元）,否,0.005%,60%,3-5个月,https://tag.120ask.com/jibing/sgctxss/
内科,消化内科,食管梅毒,消化内科,吞咽困难、体重减轻、脱水、贫血、恶病质、气管食管树胶样肿、呛咳、食管溃疡、水肿,所有群体,药物治疗,根据不同医院，收费标准不一致，市三甲医院约（5000-10000元）,是,0.0001%,30%,1--3个月,https://tag.120ask.com/jibing/sgmd/
内科,消化内科,食管腐蚀性灼伤,消化内科,咽颊部烧伤、吞咽困难、吞咽痛、胸骨后疼痛、咽部异物感、食管溃疡、吞咽障碍、恶心与呕吐、消化道狭窄、黑便、食管痉挛,所有群体,手术治疗,根据不同医院，收费标准不一致，市三甲医院约（5000-10000元）,否,0.0020%(误食强酸强碱性化学药品导致本病发生率为100%，胃食管返流症所致本病发生率约10%),70-80%,1-3个月,https://tag.120ask.com/jibing/sgfsxzs/
内科,消化内科,食管囊肿,胃肠外科,咳嗽、呼吸困难、喘息、呼吸窘迫综合症、食管腔梗阻、吞咽障碍、吞咽困难、气管间隙形成肿块、食管间隙形成肿块、恶心与呕吐、食管梗阻、消瘦,所有群体,药物治疗、手术治疗,根据不同医院，收费标准不一致，市三甲医院约（5000-10000元）,否,0.1%,80%,10天,https://tag.120ask.com/jibing/sgnz/
内科,消化内科,食管肉瘤,肿瘤科,咽部异物感、吞咽困难、声音嘶哑、胸骨后烧灼样痛,所有群体,手术治疗,根据不同医院，收费标准不一致，市三甲医院约（5000-10000元）,否,0.005%,20%,2-6月,https://tag.120ask.com/jibing/sgrl/
内科,消化内科,食管管型,消化内科,上腹不适、咽部灼热疼痛、胸闷、嗳气、胸骨后烧灼样痛、吞咽困难、咽部异物感、呕吐,所有群体,对症治疗,根据不同医院，收费标准不一致，市三甲医院约（100-500元）,否,0.0002%,80%,40天,https://tag.120ask.com/jibing/sggx/
内科,消化内科,食管黏膜损伤,消化内科,咽部异物感、咳嗽、吞咽困难、吞咽痛、恶心与呕吐、胸骨后疼痛、胸骨后烧灼样痛、呕吐、高热,所有群体,药物治疗,根据不同医院，收费标准不一致，市三甲医院约（500-1000元）,否,0.001%,60%,7天,https://tag.120ask.com/jibing/sgmss/
内科,消化内科,食管过短,普外科,吞咽困难、吞咽障碍、吞咽痛、呕吐、咽痛、食管腔狭窄、仰颈时吞咽困难,所有人群,药物、手术治疗,根据不同医院，收费标准不一致，市三甲医院约（3000 —— 8000元）,否,人群患病概率0.001%,,手术治疗周期14天,https://tag.120ask.com/jibing/sggd/
内科,消化内科,食管平滑肌瘤,消化内科、心胸外科,恶心与呕吐、吞咽困难、食欲不振、反胃、嗳气、上腹部疼痛、胃脘饱胀、咳嗽、呼吸困难,所有群体,手术治疗,根据不同医院，收费标准不一致，市三甲医院约（5000-10000元）,否,0.2%--0.5%,,>50天,https://tag.120ask.com/jibing/sgphjl/
内科,消化内科,食管损伤,普外科,"吞咽困难、食管出血、呕吐、胸痛、皮下气肿、呕吐,下胸痛,下颈部皮下气肿",所有群体,药物治疗、手术治疗,根据不同医院，收费标准不一致，市三甲医院约（1000-5000元）,否,人群患病概率1.4%,,治疗周期14天,https://tag.120ask.com/jibing/sgss/
内科,消化内科,食管破裂,消化内科,呼吸异常、紫绀、胸痛、发烧、气促、呼吸困难、颈部疼痛、吞咽困难、声音嘶哑、液气胸,所有群体,手术治疗,根据不同医院，收费标准不一致，市三甲医院约（5000-10000元）,否,0.001%,70%,2--4周,https://tag.120ask.com/jibing/sgpl/
内科,消化内科,食管外压和牵拉,心胸外科,胸痛、不能进食、面色苍白、血压下降,所有人群,手术治疗、药物治疗,根据不同医院，收费标准不一致，市三甲医院约（20000 —— 40000元）,否,0.005%-0.006%,75%,1-2个月,https://tag.120ask.com/jibing/sgwyhql/
内科,消化内科,食管源性胸痛,消化内科,胸痛、烧心、吞咽困难、反酸、食管痉挛、呕吐、腹痛、咳嗽、咳痰、钝痛、疼痛、吞咽痛,所有群体,病因治疗、对症治疗,根据不同医院，收费标准不一致，市三甲医院约（1000-5000元）,否,0.01%,85%,30天,https://tag.120ask.com/jibing/sgyxxt/
内科,消化内科,双胃,消化内科,呕吐、上腹痛、便血、便秘、体重不增、上腹部可触及囊性肿物、腹胀、上腹压痛、贫血及脱水、呕血、便血、上腹痛,儿童和青少年、女性多于男性,手术治疗,根据不同医院，收费标准不一致，市三甲医院约(30000-70000元),否,人群患病概率0.09%,,治疗周期15天,https://tag.120ask.com/jibing/shuangwei/
内科,消化内科,食管胃底静脉曲张及其破裂出血,消化内科,静脉曲张、消瘦、乏力、食欲减退、蜘蛛痣、肝掌、脾大、水肿、腹泻、腹水,所有群体,药物治疗、手术治疗,根据不同医院，收费标准不一致，市三甲医院约（1000-5000元）,否,0.0002%,60%,1-3周,https://tag.120ask.com/jibing/sgwdjmqzjqplcx/
内科,消化内科,食积胃病,中医科,腹胀嗳腐、食欲不振、便秘、恶心呕吐,所有人群,药物治疗,根据不同医院，收费标准不一致，市三甲医院约（500 —— 1000元）,否,0.005%--0.008%,60-80%,2-4周,https://tag.120ask.com/jibing/sjwb/
内科,消化内科,食管血管瘤,消化内科、心胸外科,吞咽困难、胸骨后疼痛、吞咽不适,40～70 岁多见，男性多于女性,手术治疗、放射治疗,根据不同医院，收费标准不一致，市三甲医院约（10000 —— 50000元）,否,0.001%,10%,7-14天,https://tag.120ask.com/jibing/sgxgl/
内科,消化内科,食瘕,中医科,口中常有水出、四肢洒洒如疟、饮食不能、郁郁而痛,成年女性、瘦长体型或长期卧床者多见,中医药物治疗、西医药物治疗,根据不同医院，收费标准不一致，市三甲医院约（500 —— 1000元）,否,0.01%,60%,3个月,https://tag.120ask.com/jibing/shi/
内科,消化内科,水合氯醛中毒,急诊科,紫绀、昏睡、体温过低、瞳孔异常、血尿、蛋白尿、黄疸、昏迷、恶心与呕吐、肝肿大、腹泻、头痛,所有群体,药物治疗,根据不同医院，收费标准不一致，市三甲医院约（1000-5000元）,否,0.001%,50%,1-3周,https://tag.120ask.com/jibing/shlqzd/
内科,消化内科,食管异位组织,消化内科,吞咽困难、呼吸困难、反胃、钟摆征、食管痉挛、呛咳、发绀,所有群体,手术治疗,根据不同医院，收费标准不一致，市三甲医院约（1000-5000元）,否,0.0001%,75%,10-30天,https://tag.120ask.com/jibing/sgywzz/
内科,消化内科,食物变应性和不耐受性,消化内科,乳糖耐受不良、遗传性果糖不耐受、婴儿厌食,所有群体,病因治疗、对症治疗,根据不同医院，收费标准不一致，市三甲医院约（500-1000元）,否,本病少见，发病率约0.001%,,3-5年,https://tag.120ask.com/jibing/swbyxhbnsx/
内科,消化内科,水杨酸类中毒,急诊科,恶心与呕吐、头痛、嗜睡、四肢麻木、腹痛、昏迷、腹泻、咳嗽、耳鸣、咯血、呕血、便血,所有群体,药物治疗,根据不同医院，收费标准不一致，市三甲医院约（1000-5000元）,否,0.002%,60%,2-4周,https://tag.120ask.com/jibing/syslzd/
内科,消化内科,食物中毒,急诊科,腹痛、腹泻、恶心、呕吐、面色苍白、休克、口干、眼窝下陷、皮肤弹性消失、肢体冰凉,所有人群,催吐、导泻、药物治疗,根据不同医院，收费标准不一致，市三甲医院约（3000 —— 8000元）,否,3.2%,97%,7天,https://tag.120ask.com/jibing/swzd/
内科,消化内科,四川并殖吸虫病,传染科,水肿、皮下结节、肝区痛、肝肿大、咳嗽、发烧、腹泻、恶心与呕吐、腹痛、烂桃样血痰、脾肿大、腹胀,所有群体,药物治疗,根据不同医院，收费标准不一致，市三甲医院约（1000-5000元）,是,0.0002%--0.0003%,60-70%,3-6个月,https://tag.120ask.com/jibing/scbzxcb/
内科,消化内科,食滞胃脘主证,消化内科、中医科,吞酸、呕吐、胀痛、呕恶纳呆、嗳气、便下恶臭、舌苔厚腻、腹胀嗳腐,所有人群,药物治疗,根据不同医院，收费标准不一致，市三甲医院约1000-3000元,否,10%,98%,1-2周,https://tag.120ask.com/jibing/szwzz/
内科,消化内科,四氯化碳中毒,急诊科,恶心与呕吐、神志模糊、肝肿大、肝区痛、头痛、腹水、腹泻、急性肾衰竭、腹痛,所有群体,病因治疗 、对症治疗,根据不同医院，收费标准不一致，市三甲医院约（5000-10000元）,否,0.00001%,10--30%,2--4周,https://tag.120ask.com/jibing/slhtzd/
内科,消化内科,糖尿病性胃轻瘫,消化内科,呕吐、腹胀、早饱、烧心、腹痛、恶心、腹泻、胃食管反流、便秘、胃排空延缓、反酸,糖尿病患者,饮食、运动、药物治疗,根据不同医院，收费标准不一致，市三甲医院约（3000 —— 8000元）,否,0.097%,83%,45天,https://tag.120ask.com/jibing/tnbxwqt/
内科,消化内科,Turcot综合征,消化内科,便血、恶心、腹部不适、腹痛、腹泻、贫血、头痛、头晕,年轻人多见,手术治疗,根据不同医院，收费标准不一致，市三甲医院约（20000 —— 50000元）,否,0.002%,40%,4周,https://tag.120ask.com/jibing/turcotzhz/
内科,消化内科,糖原累积症,消化内科,肌无力、脾肿大、肝肿大、心脏增大、肌张力降低、肌肉萎缩、静脉曲张、肝功能不全,先天性酶缺陷患者,饮食、药物治疗,根据不同医院，收费标准不一致，市三甲医院约（10000 —— 50000元）,否,0.001%,70%,3个月,https://tag.120ask.com/jibing/tyljz/
内科,消化内科,嗜酸细胞性胃肠炎,消化内科,发烧、食欲减退、恶心与呕吐、胃肠道功能不好、腹痛、腹痛伴腹泻、上腹部疼痛、腰背痛、湿疹,所有群体,药物治疗,根据不同医院，收费标准不一致，市三甲医院约（500-1000元）,否,0.05%--0.08%,80%,3-6年,https://tag.120ask.com/jibing/ssxbxwcy/
内科,消化内科,陶瓷样胆囊,肝胆外科,胆绞痛、嗳气、胃肠气胀、上腹不适、腹痛、黄疸、胆囊运动障碍、胆囊收缩功能不良、胆囊增大、胆囊体积缩小、胆囊壁纤维化、腹部不适,所有人群,药物治疗、手术治疗,根据不同医院，收费标准不一致，市三甲医院约（3000 —— 8000元）,否,0.005%,50%,1-2个月,https://tag.120ask.com/jibing/tcydn/
内科,消化内科,手术后反流性胃炎,消化内科,上腹部疼痛、口苦、胆汁返流、食欲不振、泛酸、呕吐苦水、体重减轻,所有人群,药物治疗,根据不同医院，收费标准不一致，市三甲医院约3000-5000元,否,0.001%-0.005%,80%,3-6月,https://tag.120ask.com/jibing/sshflxwy/
内科,消化内科,铊中毒,急诊科,恶心、呕吐、食欲减退、腹绞痛或隐痛、顽固性便秘、后期腹泻、也可见到口腔炎、舌炎、牙龈糜烂、胃肠道出血、肢体麻木、疼痛、头痛、视力下降、脱发,成年人,药物治疗,根据不同医院，收费标准不一致，市三甲医院约（3000 —— 8000元）,否,0.00001%,10%,1--6个月,https://tag.120ask.com/jibing/tazhongdu/
内科,消化内科,特发性非硬化性门脉高压综合征,消化内科,门脉高压、呕血与黑便、上消化道出血、食管下段静脉曲张、脾肿大,所有人群,药物治疗,根据不同医院，收费标准不一致，市三甲医院约（3000 —— 8000元）,否,0.001%,50%,3个月,https://tag.120ask.com/jibing/tfxfyhxmmgyzhz/
内科,消化内科,输入袢综合征,消化内科,腹痛、腹胀、恶心与呕吐、上腹部压痛,所有群体,手术治疗,根据不同医院，收费标准不一致，市三甲医院约（1000-5000元）,否,胃大部切除术后，并发症发病率约为10%--15%,,1-3个月,https://tag.120ask.com/jibing/srzhz/
内科,消化内科,胎粪性便秘,消化内科,小儿哭闹不安、拒食、呕吐、新生儿便秘、排便障碍、腹胀,新生儿,对症治疗,根据不同医院，收费标准不一致，市三甲医院约（500-1000元）,否,0.002%,99%,2-5周,https://tag.120ask.com/jibing/tfxbm/
内科,消化内科,特发性腹膜后纤维化,消化内科,腰背痛、腹痛、消瘦、疲劳、多尿,所有群体,药物治疗、手术治疗,根据不同医院，收费标准不一致，市三甲医院约（1000-5000元）,否,0.0005%,70%,3个月,https://tag.120ask.com/jibing/tfxfmhxwh/
内科,消化内科,吐失,消化内科、中医科,发热伴有腹痛、腹泻、恶心、呕吐、粪样呕吐物、神经性呕吐,所有人群,粘液性水肿、糖尿病、嗜铬细胞瘤、硬皮病、皮肌炎、系统性红斑狼疮、肌强直性营养不良、进行性肌营养不良,根据不同医院，收费标准不一致，市三甲医院约2000-5000元,否,发病率约为0.01%--0.02%,60-80%,2-4周,https://tag.120ask.com/jibing/tushi/
内科,消化内科,特发性胃肠道嗜酸性细胞浸润综,消化内科,腹痛、恶心与呕吐、腹泻、上消化道出血、吸收不良综合征、缺铁性贫血、体重减轻、结肠梗阻、消化性溃疡、肠套叠,所有群体,对症治疗,根据不同医院，收费标准不一致，市三甲医院约（1000-5000元）,否,0.002%,75%,3个月,https://tag.120ask.com/jibing/tfxwcdssxxbjrzhz/
内科,消化内科,网膜扭转,普外科,腹痛、下腹部包块、肠鸣音亢进、腹部肿块,所有群体,手术治疗,根据不同医院，收费标准不一致，市三甲医院约（1000-5000元）,否,0.05%,85%,1-3月,https://tag.120ask.com/jibing/wmnz/
内科,消化内科,锑中毒,急诊科,恶心、腹痛、腹泻、肝功能衰竭、高热、关节疼痛、黄疸、昏迷,儿童,洗胃、药物治疗,根据不同医院，收费标准不一致，市三甲医院约（6000—— 10000元）,否,0.001%--0.002%,85%以上,2-4周,https://tag.120ask.com/jibing/tizhongdu/
内科,消化内科,网膜炎,消化内科,腹部肿块、腹痛、腹膜炎、腹胀、恶心与呕吐、食欲不振、压痛,所有人群,药物治疗,根据不同医院，收费标准不一致，市三甲医院约（3000 —— 8000元）,否,0.05%,50%,1-3个月,https://tag.120ask.com/jibing/wangmoyan/
内科,消化内科,吞入异物,急诊科,恶心与呕吐、咽部异物感、吞咽困难,所有群体,病因治疗,根据不同医院，收费标准不一致，市三甲医院约（5000-10000元）,否,0.08%,80%,8-12周,https://tag.120ask.com/jibing/tryw/
内科,消化内科,网膜原发性节段性梗死,消化内科,腹水、腹痛、腹部肿块,所有群体,手术治疗,根据不同医院，收费标准不一致，市三甲医院约（5000-10000元）,否,0.0005%,75%,10-30天,https://tag.120ask.com/jibing/wmyfxjdxgs/
内科,消化内科,吞咽困难,消化内科,咽部、胸骨后有团块样堵塞感,口咽疾病患者、食管疾病患者,手术治疗,根据不同医院，收费标准不一致，市三甲医院约（4000-8000元）,否,0.001%,30%,1-2个月,https://tag.120ask.com/jibing/tykn/
内科,消化内科,铁线虫病,感染科,腹泻、尿急、尿频、尿痛、膀胱刺激症、热痛、消化不良、血尿,所有人群,手术治疗、药物治疗,根据不同医院，收费标准不一致，市三甲医院约（500—— 2000元）,是,0.005%,80%,2-4月,https://tag.120ask.com/jibing/txcb/
内科,消化内科,网膜肿瘤,肿瘤科,腹部肿块、贫血、腹痛、腹水、全身消瘦型、恶病质,所有人群,药物治疗,根据不同医院，收费标准不一致，市三甲医院约（10000-50000元）,否,0.0006%-0.001%,45%(手术治疗),3-6个月,https://tag.120ask.com/jibing/wmzl/
内科,消化内科,Whipple病,风湿免疫科,关节疼痛、腹泻、小肠扩张充气、淋巴结肿大、脾肿大,所有人群,药物治疗,根据不同医院，收费标准不一致，市三甲医院约（3000 —— 8000元）,否,0.0002%,30%,3-6个月,https://tag.120ask.com/jibing/whippleb/
内科,消化内科,维生素B1缺乏病,营养科,厌食、呕吐、腹胀、腹泻或便秘、全身软弱无力、深浅反射减弱、气促、烦躁、尖叫、呛咳、出冷汗、紫绀,儿童人群,药物治疗、支持疗法,根据不同医院，收费标准不一致，市三甲医院约（1000 ——3000元）,否,0.1%,70%,1-2个月,https://tag.120ask.com/jibing/wssb1qfb/
内科,消化内科,啘,中医科,恶心、干呕、胃部不适,成年人,药物治疗,根据不同医院，收费标准不一致，市三甲医院约（200 —— 500元）,否,0.1%,60%,1-3个月,https://tag.120ask.com/jibing/wa/
内科,消化内科,伪膜性肠炎,消化内科,发烧、腹痛、恶心与呕吐、腹泻、腹胀、脉搏加速、血压下降、呼吸急促、脱水、腹部压痛、腹肌紧张、肠胀气,所有群体,药物治疗,根据不同医院，收费标准不一致，市三甲医院约（500-1000元）,否,0.01%,90%,3-6周,https://tag.120ask.com/jibing/wmxcy/
内科,消化内科,外阴克罗恩病,妇科,外阴肿胀、外阴压痛、外阴溃疡、发烧、腹痛、多形红斑样皮疹、腹胀、会阴瘘管或窦道形成、腹部肿块、外阴瘙痒、腹泻,女性,药物治疗,根据不同医院，收费标准不一致，市三甲医院约（100-500元）,否,0.05%,80%,30天,https://tag.120ask.com/jibing/wykleb/
内科,消化内科,外阴血吸虫病,感染科、妇科,外阴瘙痒、外阴皮肤肿胀、外阴烧灼刺激感、日轻夜重的瘙痒、丘疹、血管性水肿、淋巴结肿大、发烧、脾肿大、腹痛、感染性发热、腹泻,女性,药物治疗,根据不同医院，收费标准不一致，市三甲医院约（500-1000元）,是,0.001%,60%,3周,https://tag.120ask.com/jibing/wyxxcb/
内科,消化内科,胃肠道癌转移卵巢,肿瘤科,腹胀、腹痛、白带增多、阴道出血、盆腔肿块、腹水、胃肠道症状,癌症患者,药物治疗、手术治疗,根据不同医院，收费标准不一致，市三甲医院约（10000-50000元）,否,发病率约为0.005%--0.008%,,2-3个月,https://tag.120ask.com/jibing/wcdazylc/
内科,消化内科,弯曲菌肠炎,消化内科,发烧、脓血便、腹泻、腹痛、脑膜刺激征、反射性呕吐,所有群体,药物治疗,根据不同医院，收费标准不一致，市三甲医院约（500-1000元）,否,0.001%--0.003%,50--70%,7--14天,https://tag.120ask.com/jibing/wqjcy/
内科,消化内科,胃肠道伴癌综合征,普外科、肿瘤科,肠绒毛萎缩、休克、腹泻、胃肠粘膜的通透性增高、胃肠淋巴回流受阻、淋巴管淤积、淋巴管破裂、低蛋白血症、水肿、失水,所有人群,药物治疗,根据不同医院，收费标准不一致，市三甲医院约（10000 —— 50000元）,否,本病发病率约为0.0003%--0.0009%,,3-6个月,https://tag.120ask.com/jibing/wcdbazhz/
内科,消化内科,胃、十二指肠溃疡出血,消化内科,上腹痛、腹胀、腹肌紧张、压痛反跳痛、黑便、呕血、面色苍白,胃肠炎、消化性溃疡患者,药物治疗,根据不同医院，收费标准不一致，市三甲医院约（5000 —— 8000元）,否,0.12%,80%,10-30天,https://tag.120ask.com/jibing/wsezckycx/
内科,消化内科,网膜囊肿,普外科,腹部胀满感、腹痛、恶心、呕吐、腹部可扪及肿块、腹水,所有人群均可发病,手术治疗,根据不同医院，收费标准不一致，市三甲医院约（3000 —— 8000元）,否,0.03%,70%,3-6月,https://tag.120ask.com/jibing/wangmonangzhong/
内科,消化内科,胃肠道功能紊乱,消化内科,神经性厌食、神经性呕吐、腹泻、便下恶臭、大便色青、腹胀嗳腐、吞气、肠痉挛、食管痉挛,所有群体,药物治疗,根据不同医院，收费标准不一致，市三甲医院约（100-500元）,否,1%,80%,2-4周,https://tag.120ask.com/jibing/wcdgnwl/
内科,消化内科,胃、十二指肠溃疡急性穿孔,普外科,突发性上腹部刀割样疼痛、以右上腹明显、很快弥漫全腹多数伴恶心、呕吐、腹肌紧张、肠鸣音减弱或消失、便血,胃肠炎、消化性溃疡患者,药物治疗，手术治疗,根据不同医院，收费标准不一致，市三甲医院约（5000 —— 10000元）,否,酗酒人群中发病率约为0.1%--0.3%,,1-3个月,https://tag.120ask.com/jibing/wsezckyjxck/
内科,消化内科,胃肠道外瘘,普外科,口苦、腹痛、休克、发烧、脓尿、持续性发热、腹部压痛,所有人群,药物治疗,根据不同医院，收费标准不一致，市三甲医院约（3000 —— 8000元）,否,0.003%,85%,1-3月,https://tag.120ask.com/jibing/wcdw/
内科,消化内科,胃反应性淋巴增生,消化内科,腹部不适、腹胀、恶心与呕吐、厌食、体重减轻、疼痛、呕血与黑便,所有群体,手术治疗,根据不同医院，收费标准不一致，市三甲医院约（10000-50000元）,否,0.005%-0.006%,65%,4-6个月,https://tag.120ask.com/jibing/wfyxlbzs/
内科,消化内科,胃类癌瘤,普外科,呕吐、类癌综合征、呕血、黑便、左上腹肿块伴有呕血、黑便、腹痛、反胃、腹部不适,所有群体,手术治疗,根据不同医院，收费标准不一致，市三甲医院约（5000-10000元）,否,0.005%,40%,2-4月,https://tag.120ask.com/jibing/wlal/
内科,消化内科,胃肠积液,消化内科,腹痛、空腹时腹部有振水声者、纳差、气短、大便溏泄、大便干结呈算盘珠状、头昏、神疲乏力、消瘦、反胃、呕吐、腹胀,所有群体,对症治疗,根据不同医院，收费标准不一致，市三甲医院约（1000-5000元）,否,0.01%,80%,4-8周,https://tag.120ask.com/jibing/wcjy/
内科,消化内科,胃隔膜,消化内科,腹痛、恶心与呕吐、胃重复畸形、腹胀,所有群体,手术治疗,根据不同医院，收费标准不一致，市三甲医院约（5000-10000元）,否,0.0002%-0.0003%,60%,1-3个月,https://tag.120ask.com/jibing/weigemo/
内科,消化内科,胃良性肿瘤,普外科、肿瘤科,胃区不适、疼痛,青壮年,中医药物治疗、西医药物治疗、手术治疗,根据不同医院，收费标准不一致，市三甲医院约（5000 —— 20000元）,否,发病率约为0.0003%-0.0005%，多为平滑肌瘤,,1-3个月,https://tag.120ask.com/jibing/wlxzl/
内科,消化内科,胃肠食物不耐受症,消化内科,水肿、呼吸异常、恶心与呕吐、休克、打嗝、低血压、绞痛、紫癜、晕厥,所有人群,药物治疗,根据不同医院，收费标准不一致，市三甲医院约（3000 —— 8000元）,否,5%,70%,1个月,https://tag.120ask.com/jibing/wcswbnsz/
内科,消化内科,胃寒呕吐,消化内科,畏寒喜热，不思饮食，遇冷即呕，四肢清冷，二便清利,老年人,中医药物治疗、西医药物治疗,根据不同医院，收费标准不一致，市三甲医院约（500 —— 1000元）,否,人群患病概率58%,,治疗周期15天,https://tag.120ask.com/jibing/whot/
内科,消化内科,胃梅毒,消化内科,上腹部疼痛、消瘦、腹胀、恶心与呕吐、腹痛、乏力,所有群体,药物治疗,根据不同医院，收费标准不一致，市三甲医院约（500-1000元）,是,多性伴侣者发病率约为2%--5%,85%治愈,3-7月,https://tag.120ask.com/jibing/weimeidu/
内科,消化内科,胃畸胎瘤,胃肠外科,贫血、高促胃泌素血症、呕血与黑便、腹部肿块、反胃、腹部不适、巨胃窦症、左上腹肿块伴有呕血、黑便、胃内翻腾或搅拌感,所有群体,手术治疗,根据不同医院，收费标准不一致，市三甲医院约（5000-10000元）,否,0.01%--0.02%,99%,15-30天,https://tag.120ask.com/jibing/wjtl/
内科,消化内科,胃窦血管扩张症,普外科,呕血与黑便、缺铁性贫血,所有群体,对症治疗、手术治疗,根据不同医院，收费标准不一致，市三甲医院约（500-1000元）,否,发病率约为0.001%--0.004%,,3个月,https://tag.120ask.com/jibing/wxgkzz/
内科,消化内科,胃急性扩张,消化内科,腹痛、腹胀、恶心与呕吐、面色苍白、精神淡漠、烦躁不安、眼窝凹陷、皮肤四肢厥冷,暴饮暴食或创伤、手术等病史患者,药物治疗、手术治疗、支持疗法,根据不同医院，收费标准不一致，市三甲医院约（5000 —— 8000元）,否,0.15%,97%,7天,https://tag.120ask.com/jibing/wjxkz/
内科,消化内科,胃内隔膜,消化内科,呕吐、胃脘饱胀、腹痛、食欲减退、消瘦,所有人群,药物治疗,根据不同医院，收费标准不一致，市三甲医院约（3000 —— 8000元,否,0.0002%-0.0003%,85%,1-3个月,https://tag.120ask.com/jibing/wngm/
内科,消化内科,胃恶性淋巴瘤,普外科、肿瘤科,呕吐、腹痛、腹部肿块、体重减轻、贫血、上腹不适、上腹部包块,中老年人群,手术治疗、放射治疗、化学治疗、药物治疗,根据不同医院，收费标准不一致，市三甲医院约30000--50000,否,0.001%,20%,1-3个月,https://tag.120ask.com/jibing/wexlbl/
内科,消化内科,胃节律紊乱综合征,消化内科,间歇发作性恶心、呕吐、上腹疼痛、早饱,多发生腹部手术后人群,药物治疗,根据不同医院，收费标准不一致，市三甲医院约3000--8000,否,0.01%,90%,1个月,https://tag.120ask.com/jibing/wjlwlzhz/
内科,消化内科,胃内异物,急诊科,中上腹痛、消化不良、呕吐、恶心,儿童多见,手术、胃镜取出异物、药物抗感染治疗,根据不同医院，收费标准不一致，市三甲医院约（2000 —— 5000元）,否,儿童发病率约为0.001%--0.002%，3岁以下多见,85-90%,2-4周,https://tag.120ask.com/jibing/wnyw/
内科,消化内科,胃结核,消化内科、感染科,上腹部疼痛、反酸、嗳气、发烧、恶心、呕吐,晚期结核病人,药物治疗,根据不同医院，收费标准不一致，市三甲医院约（8000-10000元）,否,发病率约约0.01%--0.02%，肺结核患者并发本病发病率约2-6%,70%,2年,https://tag.120ask.com/jibing/weijiehe/
内科,消化内科,胃憩室,消化内科,上腹部疼痛、恶心与呕吐、吞咽困难、钝痛,所有群体,药物治疗、手术治疗,根据不同医院，收费标准不一致，市三甲医院约（1000-5000元）,否,发病率约为0.004%--0.008%,,1-2个月,https://tag.120ask.com/jibing/weishi/
内科,消化内科,胃纳呆滞,中医科、消化内科,食欲下降，进食减少,老年人,中医药物治疗、西医药物治疗,根据不同医院，收费标准不一致，市三甲医院约（500 —— 1000元）,否,老年人患病概率1.2%,,治疗周期30天,https://tag.120ask.com/jibing/wndz/
内科,消化内科,胃空肠输入袢综合征,消化内科,恶心与呕吐、腹痛,所有群体,手术治疗,根据不同医院，收费标准不一致，市三甲医院约（1000-5000元）,否,0.002%,40%,2个月,https://tag.120ask.com/jibing/wkcsrzhz/
内科,消化内科,胃切除后胆汁返流性胃炎,消化内科,腹痛、恶心与呕吐、胸骨后烧灼样痛、呕吐、腹泻、压痛、贫血、消瘦、舌炎,所有群体,药物治疗,根据不同医院，收费标准不一致，市三甲医院约（500-1000元）,否,发病率约为0.004%-0.009%,75%,8-12周,https://tag.120ask.com/jibing/wqchdzflxwy/
内科,消化内科,胃黏膜脱垂,消化内科,胃粘膜脱垂、腹痛、上消化道出血、腹胀、腹部不适、嗳气、恶心与呕吐、贫血、食欲不振、消瘦,所有群体,病因治疗,根据不同医院，收费标准不一致，市三甲医院约（5000-10000元）,否,发病率约为0.003%-0.005%，多见于50岁以上的老年人,75%,1-3个月,https://tag.120ask.com/jibing/wmtc/
内科,消化内科,胃溃疡出血,消化内科,呕血、便血、腹痛、虚脱无力、多汗、晕厥,胃十二指肠疾病继发,药物治疗、输血治疗、手术治疗,根据不同医院，收费标准不一致，市三甲医院约10000--30000元,否,人群患病概率0.48%,,手术治疗周期15天,https://tag.120ask.com/jibing/wkycx/
内科,消化内科,胃切除后吸收不良综合征,消化内科,营养不良、腹泻、贫血、骨质疏松、消瘦、吸收不良综合征、小胃综合征、腹部不适,所有人群,药物治疗,根据不同医院，收费标准不一致，市三甲医院约1000-3000元,否,本病属于胃大部切除后并发症，胃大部切除术后本病发病率约为20%,,终身间歇性治疗,https://tag.120ask.com/jibing/wqchxsblzhz/
内科,消化内科,胃扭转,普外科,呕血与黑便、胃肠气胀、腹痛、压痛、呼吸困难、胸痛、消化不良、烧灼性疼痛、腹胀、腹鸣,所有群体,手术治疗,根据不同医院，收费标准不一致，市三甲医院约（5000-10000元）,否,0.0004%,30%,7-10天,https://tag.120ask.com/jibing/weiniuzhuan/
内科,消化内科,胃溃疡性穿孔,消化外科,上腹刀割样剧痛向全腹扩散、面色白苍、冷汗、肢体发冷、恶心、呕吐,所有人群,手术治疗、药物治疗,根据不同医院，收费标准不一致，市三甲医院约20000--40000元,否,0.0051%,85%,10-30天,https://tag.120ask.com/jibing/wkyxck/
内科,消化内科,胃平滑肌肉瘤,普外科,呕血与黑便、腹痛、上腹不适、上腹部包块、食欲不振、恶心与呕吐、急腹症、腹膜刺激征、上消化道出血、发烧、消瘦,所有群体,手术治疗,根据不同医院，收费标准不一致，市三甲医院约（10000-50000元）,否,0.005%,40%,1个月,https://tag.120ask.com/jibing/wphjrl/
内科,消化内科,胃神经纤维瘤,消化内科,呕血、黑便、腹痛、反胃、消化不良、食欲减退、腹部不适,多见于中年人，男女性别无明显差异,手术治疗,根据不同医院，收费标准不一致，市三甲医院约（10000 —— 50000元）,否,0.003%-0.005%,,终身间歇性对症治疗,https://tag.120ask.com/jibing/wsjxwl/
内科,消化内科,吸收不良综合征,消化内科,吸收不良综合征、腹泻、脂肪泻、消瘦、贫血、身体瘦弱、恶心与呕吐、腹鸣、腹胀、腹部不适、食欲不振、乏力,所有群体,药物治疗,根据不同医院，收费标准不一致，市三甲医院约（500-1000元）,否,0.12%,80%,10-30天,https://tag.120ask.com/jibing/xsblzhz/
内科,消化内科,胃真菌病,消化内科,胃痛、呕吐、其他异常,所有群体,药物治疗、手术治疗,根据不同医院，收费标准不一致，市三甲医院约（1000-5000元）,否,发病率约为0.001%-0.002%，多见于体质低下或者有口腔念珠菌感染者,80%,3-6个月,https://tag.120ask.com/jibing/wzjb/
内科,消化内科,胃石症,胃肠外科,腹胀、腹痛、恶心、呕吐、腹部不适、上腹部疼痛、呕吐咖啡样物、上腹部包块、口臭、食欲不振,小儿多见,药物、手术治疗,根据不同医院，收费标准不一致，市三甲医院约（10000 —— 50000元）,否,0.5%,70%,1-2个月,https://tag.120ask.com/jibing/weishizheng/
内科,消化内科,细菌性肝脓肿,消化内科,肝区痛、压痛、脓肿 、多汗症、脉率增快、乏力、食欲不振、精神萎靡、腹泻、腹胀、顽固性呃逆、胸腔积液,所有群体,药物治疗、手术治疗,根据不同医院，收费标准不一致，市三甲医院约（5000-10000元）,否,0.1%,80%,30天,https://tag.120ask.com/jibing/xjxgnz/
内科,消化内科,胃脂肪瘤,普外科,上腹饱胀不适、疼痛、间歇性呕吐、呕血、黑便,所有人群,一般治疗、手术治疗,根据不同医院，收费标准不一致，市三甲医院约（3000——20000元）,否,0.2%,79%,3-6周,https://tag.120ask.com/jibing/wzfl/
内科,消化内科,胃损伤,消化内科,胃粘膜损伤、呃逆、心胃胀满、上腹部疼痛、休克,所有人群,药物治疗,根据不同医院，收费标准不一致，市三甲医院约1000-3000元,否,1%,85%,3-6月,https://tag.120ask.com/jibing/weisunshang/
内科,消化内科,胃潴留,消化内科,恶心、呕吐、腹胀、腹痛,长期不规律饮食者,手术、胃肠减压、补液,根据不同医院，收费标准不一致，市三甲医院约（4000 —— 8000元）,否,0.80%,85%可以治愈,2-5周,https://tag.120ask.com/jibing/weiliu/
内科,消化内科,吻合口溃疡,普外科,发作性腹痛、纳差、恶心、呕吐、体重减轻,胃肠手术患者,手术治疗、药物治疗、预防治疗,根据不同医院，收费标准不一致，市三甲医院约10000--30000元,否,0.0065%,70%,3-6周,https://tag.120ask.com/jibing/whkky/
内科,消化内科,下消化道出血,消化内科,急性腹痛、腹水、消化道出血,大量喝酒、饮食不规律，绝食者好发,西医药物治疗、手术治疗,根据不同医院，收费标准不一致，市三甲医院约（2000 —— 5000元）,否,0.003%--0.005%,60-80%,1-3个月,https://tag.120ask.com/jibing/xxhdcx/
内科,消化内科,无机磷中毒,急诊科,恶心与呕吐、黄疸、烧灼性疼痛、神志模糊、腹泻、头痛、心悸、腹痛、昏迷、胃肠道症状、头晕、抽搐,所有群体,药物治疗,根据不同医院，收费标准不一致，市三甲医院约（5000-10000元）,否,见于磷矿工厂工作人员，发病率约为0.02%--0.04%，无保护措施者发病率约为2-4%,60-70%,1-2个月,https://tag.120ask.com/jibing/wjlzd/
内科,消化内科,胃心综合征,消化内科,胃部不适、反射性引起心前区不适或隐痛、胸闷、气短,胃病患者,药物治疗,根据不同医院，收费标准不一致，市三甲医院约（1000 —— 3000元）,否,0.003%,85%,8-12周,https://tag.120ask.com/jibing/wxzhz/
内科,消化内科,先天性肠闭锁与狭窄,消化外科,呕吐、脱水、急性肠扭转、肠套叠、肠穿孔,所有群体,手术治疗,根据不同医院，收费标准不一致，市三甲医院约（10000-50000元）,否,0.05%,75%,2-4月,https://tag.120ask.com/jibing/xtxcbsyxz/
内科,消化内科,五氯酚钠中毒,急诊科,头痛、头晕、食欲减退、恶心与呕吐、出汗异常、腹泻、潜在中毒、腹痛、眩晕、昏迷、食欲异常、发烧,所有群体,药物治疗,根据不同医院，收费标准不一致，市三甲医院约（1000-5000元）,否,0.005%,40%,1-3个月,https://tag.120ask.com/jibing/wlfnzd/
内科,消化内科,先天性肠旋转异常,消化内科,消瘦、休克、发烧、脱水、恶心与呕吐、便血,所有群体,对症治疗,根据不同医院，收费标准不一致，市三甲医院约（5000-10000元）,否,0.0001%,70%,3--8周,https://tag.120ask.com/jibing/xtxcxzyc/
内科,消化内科,戊型病毒性肝炎,肝病专科,尿黄、眼睛黄、皮肤黄、发热、乏力、食欲减退、厌油、恶心呕吐、上腹不适、肝区痛、皮肤发痒、大便灰白,所有人群,药物治疗、手术治疗,根据不同医院，收费标准不一致，市三甲医院约（10000 —— 30000元）,是,0.0035%,70%,1-2个月,https://tag.120ask.com/jibing/wxbdxgy/
内科,消化内科,先天性肝囊肿,肝胆外科,上腹部肿块及腹胀、腹痛、呕吐、黄疸、腹部不适、腹水、腹部肿块、卵巢囊肿、食欲减退,所有群体,药物治疗、手术治疗,根据不同医院，收费标准不一致，市三甲医院约（5000-10000元）,否,0.01%-0.02%,85%,2-4周,https://tag.120ask.com/jibing/xtxgnz/
内科,消化内科,西伯利亚立克次体斑疹热,消化内科、传染科),发烧、浑身酸痛、肌肉酸痛、食欲缺乏、淋巴结肿大、疲劳、昏迷、低热消疲 、局部灼热、外斐氏试验阴性,所有群体,多西环素、药物治疗,根据不同医院，收费标准不一致，市三甲医院约（1000-5000元）,是,0.0005%,85%,2-4月,https://tag.120ask.com/jibing/xblylkctbzr/
内科,消化内科,先天性肝纤维化,消化内科,便血、腹胀、发烧、贫血、腹痛、呕血与黑便、肝脾肿大,所有群体,对症治疗,根据不同医院，收费标准不一致，市三甲医院约（10000-50000元）,否,0.05%,60%,3-5月,https://tag.120ask.com/jibing/xtxgxwh/
内科,消化内科,先天性胆总管囊肿,肝胆外科,上腹部包块、上腹部疼痛、黄疸、腹部肿块,新生儿,药物治疗、手术治疗,根据不同医院，收费标准不一致，市三甲医院约（3000 —— 8000元）,否,发病率约为0.002%-0.003%,,1-3个月,https://tag.120ask.com/jibing/xtxdzgnz/
内科,消化内科,先天性非溶血性黄疸,消化内科、内科,黄疸、疲劳、消化不良、腹部不适、情绪起伏大、持续性发热,新生儿,药物治疗,根据不同医院，收费标准不一致，市三甲医院约（300 —— 800元）,否,0.03%,80%,10-15天,https://tag.120ask.com/jibing/xtxfrxxh/
内科,消化内科,腺病毒性肠炎,消化内科,发热、腹泻、水样便、头痛、恶心与呕吐、腹痛、伴有咳嗽咳痰、鼻塞流涕,所有人群,药物治疗,根据不同医院，收费标准不一致，市三甲医院约（1000 —— 3000元）,否,0.016%,92%,7-10天,https://tag.120ask.com/jibing/xbdxcy/
内科,消化内科,先天性梅毒性肝硬化,消化内科,黄疸、肝肿大、发烧、肝区痛、乏力、恶心、呕吐、皮肤瘙痒、关节疼痛,所有群体,药物治疗,根据不同医院，收费标准不一致，市三甲医院约（8000 —— 50000元）,是,多性伴侣者发病率约为5%,75%,2-4周,https://tag.120ask.com/jibing/xtxmdxgyh/
内科,消化内科,小肠瘘,胃肠外科,腹胀、恶心与呕吐、腹痛、周身不适、大便溏泄、脱水、消瘦、营养不良,胃肠手术史患者,手术治疗、药物治疗,根据不同医院，收费标准不一致，市三甲医院约（8000 ——20000元）,否,0.0012%,70%,7-14天,https://tag.120ask.com/jibing/xiaochang/
内科,消化内科,小肠损伤,普外科,明显的腹部外伤史、如为开放性腹部外伤引起肠破裂可自伤口流出小肠液、腹部剧烈疼痛、腹膜刺激征,所有人群,手术治疗,根据不同医院，收费标准不一致，市三甲医院约（1000—— 3000元）,否,0.02%—0.05%,95%,3-7周,https://tag.120ask.com/jibing/xcss/
内科,消化内科,消化道憩室病,消化内科,吞咽困难、吞咽发呛、食管反流症状、食管痉挛、口吐血沫、消化不良、消化道憩室、消化道激惹、腹痛、儿童期消化性溃疡、胃肠气胀、腹泻,所有人群,药物治疗,根据不同医院，收费标准不一致，市三甲医院约（5000 —— 20000元）,否,0.03%,75%,3-4月,https://tag.120ask.com/jibing/xhdsb/
内科,消化内科,先天性食管狭窄,普外科,吞咽发呛、溢乳、生长缓慢、胎儿生长发育迟缓、消化道狭窄、食管腔狭窄、吞咽障碍,所有群体,手术治疗,根据不同医院，收费标准不一致，市三甲医院约（10000-50000元）,否,人群患病概率0.003%,,手术治疗周期14天,https://tag.120ask.com/jibing/xtxsgxz/
内科,消化内科,小肠吸收不良综合征,消化内科,腹泻、大便色浅、消瘦、腹部压痛、舌头上有长时间不愈溃疡、凹甲、腓肠肌压痛,所有群体,对症治疗,根据不同医院，收费标准不一致，市三甲医院约（500-1000元）,否,0.001%,40%,3个月,https://tag.120ask.com/jibing/xcxsblzhz/
内科,消化内科,消化道重复畸形,普外科,消化不良、恶心与呕吐、直肠重复畸形、胃重复畸形、呕血与黑便、脓胸、胃脘饱胀、溃疡穿孔或出血、排便困难,所有群体,手术治疗,根据不同医院，收费标准不一致，市三甲医院约（5000-10000元）,否,发病率约为0.001%-0.002%,,8-12周,https://tag.120ask.com/jibing/xhdzfjx/
内科,消化内科,先天性胃壁肌层缺损,消化内科,急腹症、拒食、呕吐、腹胀、呼吸困难、腹痛、紫绀、复合性溃疡、休克、胃肠道排空表现、水肿、呼吸异常,所有群体,手术治疗,根据不同医院，收费标准不一致，市三甲医院约（5000-10000元）,否,0.003%-0.005%,65%,3-6个月,https://tag.120ask.com/jibing/xtxwbjcqs/
内科,消化内科,小肠系膜损伤,普外科,腹痛膈、下游离气体,所有群体,手术治疗,根据不同医院，收费标准不一致，市三甲医院约（5000-10000元）,否,0.005%,90%,3-6月,https://tag.120ask.com/jibing/xcxmss/
内科,消化内科,消化系癌伴血液病综合征,血液科,微血管溶血性贫血、红细胞增多、嗜酸性粒细胞增多、皮肤粘膜红紫、结膜充血、血液粘滞度增高、疲乏、耳鸣、眼花、健忘、血小板增多、血小板减少性紫癜,所有群体,病因治疗、对症治疗,根据不同医院，收费标准不一致，市三甲医院约（5000-10000元）,否,0.002%-0.003%,30%,终身间歇性对症治疗,https://tag.120ask.com/jibing/xhxabxybzhz/
内科,消化内科,先天性胃出口梗阻,普外科,呕吐、食欲减退、消瘦、腹胀、代谢性碱中毒、胃肠气胀、脱水,所有群体,手术治疗,根据不同医院，收费标准不一致，市三甲医院约（5000-10000元）,否,0.002%,60%,1-3个月,https://tag.120ask.com/jibing/xtxwckgz/
内科,消化内科,小肠虚寒,中医科,小腹时常隐痛、痛时喜按、肠鸣泄泻、小便频数不利、神疲乏力,所有人群,药物治疗,根据不同医院，收费标准不一致，市三甲医院约（1000 —— 3000元）,否,0.001%,95%,10天,https://tag.120ask.com/jibing/xcxh/
内科,消化内科,消化系统疾病伴发的精神障碍,消化内科、精神心理科,意识障碍、抑郁、反应迟钝、不自主运动、黄疸、幻觉、儿童期消化性溃疡、腹胀、脾肿大、惊厥、消化不良、食欲异常,所有群体,病因治疗、对症治疗,根据不同医院，收费标准不一致，市三甲医院约（500-1000元）,否,0.001%,60%,30天,https://tag.120ask.com/jibing/xhxtjbbfdjsza/
内科,消化内科,先天性直肠肛门畸形,肛肠外科,肛门直肠畸形、便秘、肛门畸形、排便困难、结肠内形成坚硬的粪石,所有人群,药物治疗、手术治疗,根据不同医院，收费标准不一致，市三甲医院约（3000 —— 5000元,否,0.002%,80%,3个月,https://tag.120ask.com/jibing/xtxzcgmjx/
内科,消化内科,小肠异物,普外科,腹胀、便秘、呕吐、腹痛、溃疡、感染性发热、肠穿孔、腹膜炎,所有群体,手术治疗,根据不同医院，收费标准不一致，市三甲医院约（5000-10000元）,否,0.003%,85%,4-6周,https://tag.120ask.com/jibing/xcyw/
内科,消化内科,小袋纤毛虫病,感染科,腹泻、腹痛、便血、发烧、肠鸣音亢进、消瘦、贫血、消耗性体重下降、易激动、失眠,所有群体,药物治疗,根据不同医院，收费标准不一致，市三甲医院约（100-500元）,是,本病罕见，发病率约为0.007%-0.008%,65%-75%,8-12周,https://tag.120ask.com/jibing/xdxmcb/
内科,消化内科,消中,中医科、内分泌科,善渴善饥、能食而瘦,成年人,中医药物治疗、西医药物治疗,根据不同医院，收费标准不一致，市三甲医院约（500 —— 1000元）,否,50岁以上患病概率5%,,治疗周期终身,https://tag.120ask.com/jibing/xiaozhong/
内科,消化内科,小儿半乳糖血症,内分泌科,营养障碍、智力发育迟缓、肝肿大、脾肿大、智力减低、水肿、呕吐、黄疸、腹水、婴儿喂养困难、肝脏轻度脂肪变性、腹泻,儿童,药物治疗,根据不同医院，收费标准不一致，市三甲医院约（3000 —— 8000元）,否,0.0016%,60%,3个月,https://tag.120ask.com/jibing/xebrtxz/
内科,消化内科,小肠过敏性紫癜,消化内科,紫癜、腹痛、腹部不适、头痛、水肿、网状青斑和坏疽、全身性血管损害、恶心与呕吐、关节疼痛、发烧,婴幼儿,病因治疗、对症治疗,根据不同医院，收费标准不一致，市三甲医院约（5000-10000元）,否,0.01%,80%,2-5周,https://tag.120ask.com/jibing/xcgmxz/
内科,消化内科,小儿X-连锁淋巴组织增生性疾,儿内科,钙化、肝功能衰竭、疱疹、贫血、球蛋白异常、肉芽肿,儿童,药物治疗,根据不同医院，收费标准不一致，市三甲医院约（3000 ——8000元）,否,0.005%,70%,4-8月,https://tag.120ask.com/jibing/xexlslbzzzsxjb/
内科,消化内科,小儿贲门失弛缓症,儿科,吞咽困难、胸闷、呕吐、胸痛、胃食管反流症状、腹痛、贫血、食管出血,婴幼儿,药物治疗,根据不同医院，收费标准不一致，市三甲医院约（500-1000元）,否,0.0002%,70%,3-5月,https://tag.120ask.com/jibing/xemschz/
内科,消化内科,小肠结肠炎耶尔森菌肠炎,感染科,腹痛、 腹泻、 水样便,所有人群,中医药物治疗、西医药物治疗,根据不同医院，收费标准不一致，市三甲医院约（5000 —— 10000元）,是,0.003%,40%,2-4月,https://tag.120ask.com/jibing/xcjcyyesjcy/
内科,消化内科,小儿动脉肝脏发育异常综合征,儿科,黄疸、瘙痒、眼球内陷、智力发育迟缓、丘疹,婴幼儿,病因治疗、对症治疗,根据不同医院，收费标准不一致，市三甲医院约（1000-5000元）,否,0.0002%-0.0005%,55%-65%,8-12周,https://tag.120ask.com/jibing/xedmgzfyyczhz/
内科,消化内科,小儿腹泻病,儿科,腹泻、稀便、水样便、脓血便、婴儿褐色或暗绿色的粘液便、排便频率异常、代谢性酸中毒、低钙血症、恶心与呕吐、食欲不振、面色苍白、烦躁不安,婴幼儿,病因治疗、对症治疗,根据不同医院，收费标准不一致，市三甲医院约（1000-5000元）,否,28.3%,99%,7天,https://tag.120ask.com/jibing/xefxb/
内科,消化内科,小儿肠吸收不良综合征,普外科,吸收不良综合征、腹泻、水肿、乏力、体重减轻、贫血、腹胀、腹部不适、恶病质、营养不良、出血倾向、夜盲,婴幼儿,病因治疗、对症治疗,根据不同医院，收费标准不一致，市三甲医院约（1000-5000元）,否,0.003%,87%,14天,https://tag.120ask.com/jibing/xecxsblzhz/
内科,消化内科,小儿家族性非溶血性黄疸综合征,儿科,巩膜黄染腹胀、黄疸、消化不良、胆红素升高,婴幼儿人群,药物治疗,根据不同医院，收费标准不一致，市三甲医院约（200—— 500元）,否,0.0001%,60%,1-2个月,https://tag.120ask.com/jibing/xejzxfrxxhzhz/
内科,消化内科,小儿肠系膜淋巴结结核,儿科,食欲减退、恶心与呕吐、腹痛、便秘、腹胀、低热、舌苔黄、腹水、腹泻、消瘦,儿童人群,药物治疗,根据不同医院，收费标准不一致，市三甲医院约10000--50000,否,0.001%,60%,30天,https://tag.120ask.com/jibing/xecxmlbjjh/
内科,消化内科,小儿贾第虫病,感染科,腹泻、吸收不良综合征、水样便、黏液便、贫血、腹痛、腹胀、生长缓慢、低热、食欲不振、恶心与呕吐、乏力,婴幼儿,药物治疗,根据不同医院，收费标准不一致，市三甲医院约（50-100元）,是,0.0001%,60--80%,10--14天,https://tag.120ask.com/jibing/xejdcb/
内科,消化内科,小儿疳痢,儿科,盗汗、腹痛、面色灰暗、毛发干枯、里急后重、粪便脓血,婴幼儿,药物治疗,根据不同医院，收费标准不一致，市三甲医院约（200 —— 1000元）,否,1%,100%,2个月,https://tag.120ask.com/jibing/xel/
内科,消化内科,小儿肠旋转不良,普外科,败血症、便血、腹膜炎、腹痛、腹泻、腹胀、黑便、慢性腹痛,婴儿及儿童,手术治疗,根据不同医院，收费标准不一致，市三甲医院约（5000—— 20000元）,否,0.0001%,50%,3--8周,https://tag.120ask.com/jibing/xecxzbl/
内科,消化内科,小儿功能性消化不良,小儿内科,恶心与呕吐、嗳气、腹痛、腹胀、烧心、吞气、消化不良、厌食,儿童,中医药物治疗、西医药物治疗,根据不同医院，收费标准不一致，市三甲医院约（500—— 2000元）,否,0.5 %(占儿科门诊消化系统疾病比例的百分之十),95%,1-2周,https://tag.120ask.com/jibing/xegnxxhbl/
内科,消化内科,小儿丁型病毒性肝炎,肝病科,黄疸、肝肿大、肝功能受损,婴幼儿,药物治疗,根据不同医院，收费标准不一致，市三甲医院约（1000-5000元）,是,0.0006%,,终身治疗,https://tag.120ask.com/jibing/xedxbdxgy/
内科,消化内科,小儿结节性脂膜炎,儿内科,皮肤损害于下腰、股、臀、上臂、腹、面部分批出现直径约为12cm、儿童以面部好发播散性皮下疼痛性结节为特点。,儿童,西药治疗,根据不同医院，收费标准不一致，市三甲医院约（5000—— 10000元）,否,儿童发病率约为0.0001%--0.0002%,20-40%,3-5年,https://tag.120ask.com/jibing/xejjxzmy/
内科,消化内科,小儿汞中毒,急诊科,精神-神经异常、齿龈炎、震颤,儿童,西医药物治疗,根据不同医院，收费标准不一致，市三甲医院约（10000-12000元）,否,0.005%--0.006%(多见于体温计破损后误服汞所致，发病率约为0.005%-0.006%),85%,1个月,https://tag.120ask.com/jibing/xegzd/
内科,消化内科,小儿慢性充血性脾肿大,消化内科,脾大、腹部不适、消化不良、乏力、皮肤苍白、便血、腹痛、腹水,儿童人群,手术治疗、药物治疗,根据不同医院，收费标准不一致，市三甲医院约10000--30000,否,0.005%,80%,3个月,https://tag.120ask.com/jibing/xemxcxxpzd/
内科,消化内科,小儿慢性胰腺炎,普外科,腹痛、吸收障碍和发育不良,儿童,西药治疗,根据不同医院，收费标准不一致，市三甲医院约（5000 —— 10000元）,否,0.2%(有胰腺和胆道功能障碍人群发病率较高),98%,2-3月,https://tag.120ask.com/jibing/xemxyxy/
内科,消化内科,小儿盘肠气痛,儿科,腹痛、腹胀、面色苍白、热痛、舌苔厚腻、手脚冰凉、弦脉,儿童,中医药物治疗、西医药物治疗,根据不同医院，收费标准不一致，市三甲医院约（300 —— 600元）,否,1%-2%,100%,1-3天,https://tag.120ask.com/jibing/xepcqt/
内科,消化内科,小儿回盲肠综合征,儿科,发热、腹痛、腹胀、腹泻、血便、恶心、呕吐等。,3--10岁儿童,西医药物治疗,根据不同医院，收费标准不一致，市三甲医院约（5000—— 10000元）,否,0.002%,50%,3个月,https://tag.120ask.com/jibing/xehmczhz/
内科,消化内科,小儿霉甘蔗中毒,急诊科,恶心与呕吐、头痛、眩晕、惊厥、复视、昏迷、视力障碍、腹痛、腹泻、出汗异常、步态异常,儿童人群,药物治疗,根据不同医院，收费标准不一致，市三甲医院约1000--3000,否,0.0001%,80%,20天,https://tag.120ask.com/jibing/xemgzzd/
内科,消化内科,小儿片吸虫病,儿科,畏寒、发热、肝区疼痛、乏力、食欲不振、恶心、厌油、胀气、呕吐腹泻或便秘,小儿,西医药物治疗,根据不同医院，收费标准不一致，市三甲医院约（1000-5000元）,是,0.0001%,50%,7-10天,https://tag.120ask.com/jibing/xepxcb/
内科,消化内科,小儿砷中毒,急诊科,剧烈的恶心、呕吐、腹痛、腹泻、头痛、失眠、食欲不振、消化不良、体重减轻、多发性神经炎,儿童,洗胃、药物治疗、血液透析,根据不同医院，收费标准不一致，市三甲医院约（10000-50000元）,否,0.001%-0.002%,60-70%,4-8周,https://tag.120ask.com/jibing/xeszd/
内科,消化内科,小儿石膏综合征,儿科,腹痛、腹胀、恶心与呕吐、腹水、低血钾、脱水、急性胃扩张、低血容量休克、呕吐、呃逆、低钾血症,所有群体,对症治疗,根据不同医院，收费标准不一致，市三甲医院约（2000-5000元）,否,0.002%,80%,40天,https://tag.120ask.com/jibing/xesgzhz/
内科,消化内科,小儿细菌性痢疾,消化内科,发烧、腹泻、腹痛、脓血便、痢疾、呼吸衰竭、惊厥、休克、里急后重、恶心与呕吐、腹痛伴便血,婴幼儿人群,药物治疗,根据不同医院，收费标准不一致，市三甲医院约（1000 —— 3000元,否,婴幼儿患病概率2.3%,,治疗周期7天,https://tag.120ask.com/jibing/xexjxlj/
内科,消化内科,小儿其他沙门菌感染,儿内科、感染科,呕吐、腹痛、腹泻、高热、黏液、脓血便、伴有脱水、水和电解质紊乱，精神萎靡、严重者伴有肝脾增大，黄疸，肠穿孔、昏迷,小儿,药物治疗、对症支持治疗,根据不同医院，收费标准不一致，市三甲医院约（2000 —— 5000元）,是,0.1%,98%,2-6周,https://tag.120ask.com/jibing/xeqtsmjgr/
内科,消化内科,小儿时期常见的呕吐,儿内科,鼻衄、恶心、溢乳、幽门狭窄,婴幼儿、儿童,对症治疗 、药物治疗、饮食治疗,根据不同医院，收费标准不一致，市三甲医院约（200—— 700元）,否,1.5%,100%,2-3周,https://tag.120ask.com/jibing/xesqcjdot/
内科,消化内科,小儿先天性胆总管囊肿,儿外科,黄疸、腹痛、腹部肿块、恶心与呕吐、绞痛、发烧、腹膜炎、高热、腹胀、休克,婴幼儿,手术治疗,根据不同医院，收费标准不一致，市三甲医院约（5000-10000元）,否,0.05%,90%,2-3月,https://tag.120ask.com/jibing/xextxdzgnz/
内科,消化内科,小儿迁延与慢性腹泻,儿内科,腹泻、水样便、黏液便、脓血便、消瘦、褐色或暗绿色尿、脚气,儿童人群,药物治疗,根据不同医院，收费标准不一致，市三甲医院约（5000--10000元）,否,婴幼儿患病概率0.04%,,治疗周期15天,https://tag.120ask.com/jibing/xeqyymxfx/
内科,消化内科,小儿食积,中医科,食欲不振、烦躁不安、疲乏无力、纳差、腹满、呕吐、大便溏泄或便秘、脘腹胀满,儿童人群,药物治疗,根据不同医院，收费标准不一致，市三甲医院约（1000 —— 3000元）,否,27%,97%,15天,https://tag.120ask.com/jibing/xesj/
内科,消化内科,小儿铅中毒,急诊科,恶心与呕吐、腹痛、口中有金属甜味、流涎、腹泻、黑便、癫痫和癫痫样发作、头痛、头晕、心悸、肝肿大、抽搐,婴幼儿,药物治疗,根据不同医院，收费标准不一致，市三甲医院约（2000-5000元）,否,婴幼儿患病概率0.079%,,治疗周期30天,https://tag.120ask.com/jibing/xeqzd/
内科,消化内科,小儿食物变态反应,变态反应科,恶心与呕吐、腹痛、腹泻、阵发性肠绞痛、全身过敏反应、胎儿生长发育迟缓、斑疹、腹胀、吸收不良综合征、过敏性皮炎 、缺铁性贫血、腹水,婴幼儿,对症治疗,根据不同医院，收费标准不一致，市三甲医院约（500-1000元）,否,上述为婴幼儿患病概率10%,98%,5天,https://tag.120ask.com/jibing/xeswbtfy/
内科,消化内科,小儿消化道出血,消化内科,便血、肠出血、氮质血症、低血容量休克、恶心、乏力、腹痛、黑便,儿童,对症治疗、手术治疗,根据不同医院，收费标准不一致，市三甲医院约（2000—— 5000元）,否,幼儿出现此病的几率较少，一般在0.001%--0.003%左右。,,周期一般在20-30天时间。,https://tag.120ask.com/jibing/xexhdcx/
内科,消化内科,小儿热带巨脾综合征,普外科,低热、脾肿大、贫血、肝肿大、脾功能亢进、发烧、红细胞寿命缩短,婴幼儿,药物治疗,根据不同医院，收费标准不一致，市三甲医院约（1000-5000元）,否,发病率约为0.003%-0.005%,65%-75%,1-3个月,https://tag.120ask.com/jibing/xerdjpzhz/
内科,消化内科,小儿食物中毒,急诊科,恶心与呕吐、腹泻、腹痛、脱水、昏迷、代谢性酸中毒、惊厥、头痛、休克、稀便、乏力、脓血便,婴幼儿,病因治疗、对症治疗,根据不同医院，收费标准不一致，市三甲医院约（2000-5000元）,否,0.02%,80%,7--21天,https://tag.120ask.com/jibing/xeswzd/
内科,消化内科,小儿乳积,儿内科,口臭口酸、大便黄色或带绿色腹泻、腹胀、发热、呕吐,婴幼儿,中药治疗、推拿治疗,根据不同医院，收费标准不一致，市三甲医院约（500 —— 1000元）,否,5%,90%,1-2周,https://tag.120ask.com/jibing/xerj/
内科,消化内科,小儿水杨酸盐类中毒,急诊科,恶心与呕吐、腹痛、腹泻、皮肤苍白、口唇发绀、头痛、呼吸衰竭、视力障碍、幻觉、粉红色泡沫痰、呕血与黑便、惊厥,婴幼儿,药物治疗,根据不同医院，收费标准不一致，市三甲医院约（1000-5000元）,否,0.005%,70%,3个月,https://tag.120ask.com/jibing/xesysylzd/
内科,消化内科,小儿泄泻,中医科,发热伴有腹痛、腹泻、恶心、呕吐、腹泻为水样带黏液恶臭无脓血、烦渴多饮、神疲乏力、皮肤干燥,儿童人群,药物治疗,根据不同医院，收费标准不一致，市三甲医院约（500 —— 2000元）,否,1.2%,95%,3-10天,https://tag.120ask.com/jibing/xexx/
内科,消化内科,小儿糖吸收不良,消化内科,呈泡沫样有腥臭味稀便、婴儿臀部红、腹泻、脱水、营养不良、消瘦、吸收不良综合征、代谢性酸中毒、腹胀、蔗糖-异麦芽糖吸收不良、小肠扩张充气,所有人群,药物治疗,根据不同医院，收费标准不一致，市三甲医院约2000-5000元,否,0.001%,60%,30天,https://tag.120ask.com/jibing/xetxsbl/
内科,消化内科,小儿亚硝酸盐中毒,急诊科,紫绀、青紫舌、口唇青紫、烦躁不安、全身皮肤及粘膜呈现不同程度青紫色、发烧、腹痛、酮症酸中毒、昏迷、头痛、呼吸异常、呕血与黑便,婴幼儿,药物治疗,根据不同医院，收费标准不一致，市三甲医院约（1000-5000元）,否,0.01%,70%,2-4周,https://tag.120ask.com/jibing/xeyxsyzd/
内科,消化内科,小儿幽门螺杆菌感染,消化内科,烦躁不安、食欲差、恶心、突然呕血、黑便、呕吐反酸、贫血、腹痛、脐周腹痛,儿童人群,药物治疗,根据不同医院，收费标准不一致，市三甲医院约（3000 —— 5000元）,是,0.005%,95%,2-6周,https://tag.120ask.com/jibing/xeymlgjgr/
内科,消化内科,小儿炎症性肠病,儿内科,婴儿体重增长缓慢或不增加、生长缓慢、神经性厌食、里急后重、腹肌紧张、感染性发热、肛旁脓肿、腹泻、便血、肝肿大、便血鲜红、溃疡,所有人群,药物治疗,根据不同医院，收费标准不一致，市三甲医院约（3000 —— 8000元）,否,儿童发病率约为0.03%--0.05%,70-80%，小部分发展成为慢性肠炎,3-6个月,https://tag.120ask.com/jibing/xeyzxcb/
内科,消化内科,小儿戊型病毒性肝炎,传染科,黄疸、食欲下降、肝区痛、发热、恶心与呕吐、腹痛、活动耐力下降,儿童人群,药物治疗,根据不同医院，收费标准不一致，市三甲医院约6000--12000,是,0.0017%,60%,30天,https://tag.120ask.com/jibing/xewxbdxgy/
内科,消化内科,小儿有机磷农药中毒,急诊科,抽搐、恶心、腹痛、腹泻、流涎、麻痹、神志不清、头痛,儿童,药物治疗、全身治疗,根据不同医院，收费标准不一致，市三甲医院约（500 —— 1000元）,否,0.002%,,治疗周期14天,https://tag.120ask.com/jibing/xeyjlnyzd/
内科,消化内科,蝎子螫伤,急诊科,头晕、头痛、嗜睡、流涎、畏光、流泪、恶心呕吐、口与舌肌强直、大汗淋漓、呼吸急促、血压升高、脉搏细弱和肌肉痉挛,所有人群均可发生,药物治疗,根据不同医院，收费标准不一致，市三甲医院约（300 —— 800元）,否,1%,90%,1个月,https://tag.120ask.com/jibing/xzzs/
内科,消化内科,小儿遗传性果糖不耐受,儿科,出冷汗、出血倾向、低血糖症、腹水、腹痛、腹泻、肝功能衰竭、黄疸,新生儿,饮食疗法、药物治疗,根据不同医院，收费标准不一致，市三甲医院约（300 —— 600元）,否,0.001%,40%,2--4周,https://tag.120ask.com/jibing/xeycxgtbns/
内科,消化内科,小儿再发性腹痛,消化内科、内科,腹痛、阵发性腹痛、小儿哭闹不安、面色苍白、手足厥冷、小儿右上腹阵发性绞痛、脐周疼痛、反复发烧、持续发烧、黄疸、便血、呕血,儿童,药物治疗,根据不同医院，收费标准不一致，市三甲医院约200-2000元,否,0.02%,80%,3-10天,https://tag.120ask.com/jibing/xezfxft/
内科,消化内科,心血管和血栓栓塞综合征,心血管内科,窒息、心悸、憋闷疼痛,冠心病患者、高血压患者、高血脂患者,中医药物治疗,根据不同医院，收费标准不一致，市三甲医院约（8000-10000元）,否,0.01%,50%,1个月,https://tag.120ask.com/jibing/xxghxssszhz/
内科,消化内科,小儿再发性呕吐,小儿内科,低钾血症、乏力、腹痛、精神萎靡、嗜睡、头痛、脱水、反复呕吐,儿童,药物治疗,根据不同医院，收费标准不一致，市三甲医院约（300 ——800元）,否,0.001%,70%,7-10天,https://tag.120ask.com/jibing/xezfxot/
内科,消化内科,新生儿呕血和便血,新生儿科,呕血、便血、黑便、柏油便、溃疡、肝脾肿大、呕血与黑便、恶心与呕吐、腹泻、败血症、维生素K缺乏、上消化道出血,新生儿,药物治疗,根据不同医院，收费标准不一致，市三甲医院约（500 —— 1000元）,否,0.005%-0.008%,,1-2个月,https://tag.120ask.com/jibing/xseoxhbx/
内科,消化内科,小儿脂肪吸收不良,小儿内科,患儿食欲不振、发育落后、体重减轻、消瘦、精神倦怠、好哭、营养不良、腹泻,儿童,药物治疗,根据不同医院，收费标准不一致，市三甲医院约（5000 —— 10000元）,否,0.005%,75%,3个月,https://tag.120ask.com/jibing/xezfxsbl/
内科,消化内科,新生儿迁延性胆汁淤积性黄疸,新生儿科,胎儿生长发育迟缓、婴儿喂养困难生长缓慢、食欲不振、腹水、腹胀、肝功能异常、肝细胞坏死、黄疸,新生儿,保守治疗、病因治疗、手术治疗,根据不同医院，收费标准不一致，市三甲医院约（6000 —— 10000元）,否,0.005%,60%,1-3个月,https://tag.120ask.com/jibing/xseqyxdzyjxh/
内科,消化内科,小儿中毒型痢疾,感染科,精神萎靡面色苍白、口唇发绀、发绀、烦躁不安、腹泻、高热、呼吸困难、昏迷,儿童,中医药物治疗、西医药物治疗,根据不同医院，收费标准不一致，市三甲医院约（500 —— 2000元）,是,1.6%(上述为婴幼儿患病概率),93%,7天,https://tag.120ask.com/jibing/xezdxlj/
内科,消化内科,新生儿Rh血型不合溶血病,儿内科,水肿、出血倾向、黄疸、贫血,新生儿,预防治疗、药物治疗、输血治疗,根据不同医院，收费标准不一致，市三甲医院约10000--30000元,否,0.002%,98%,3-6月,https://tag.120ask.com/jibing/xserhxxbhrxb/
内科,消化内科,新生儿生理性黄疸,新生儿科,黄疸、无其他不适,新生儿,药物治疗,根据不同医院，收费标准不一致，市三甲医院约（200—— 1000元）,否,5%,98%,7-14天,https://tag.120ask.com/jibing/xseslxh/
内科,消化内科,小儿猪带绦虫病和囊虫病,消化内科,癫痫样发作、头痛、恶心、呕吐、眩晕、耳鸣、颅内压增高、感觉障碍、猝死、脑积水、肌性肌无力、腹泻,所有人群,药物治疗,根据不同医院，收费标准不一致，市三甲医院约（300 —— 800元）,是,0.0006%,60%,3-6个月,https://tag.120ask.com/jibing/xezdtcbhncb/
内科,消化内科,五更泄,中医科,尿频、疲乏、无力、腹泻、四肢发冷、腰膝酸软、夜尿增多,老年人,艾灸治疗、中医药物治疗、饮食治疗,根据不同医院，收费标准不一致，市三甲医院约（1000—— 3000元）,否,0.001%,90%,7-14天,https://tag.120ask.com/jibing/wugengxie/
内科,消化内科,新生儿胃穿孔,儿外科,发绀、反胃、腹膜炎、腹痛、呼吸困难、拒食、口唇青紫、皮肤花纹,新生儿,手术治疗、支持疗法,根据不同医院，收费标准不一致，市三甲医院约（1000-5000元）,否,0.00052%,60%,2-4周,https://tag.120ask.com/jibing/xsewck/
内科,消化内科,小儿纵隔压迫综合征,心胸外科,胸闷、胸痛、吞咽困难、咽痛、肌无力、腹水,儿童人群,手术治疗、药物治疗,根据不同医院，收费标准不一致，市三甲医院约50000--100000,否,0.0001%,65%,10-30天,https://tag.120ask.com/jibing/xezgypzhz/
内科,消化内科,新生儿肝脾肿大,小儿内科,脾大、肝大而硬、败血症、低血糖惊厥、呕吐、阻塞性黄疸、腹胀、出血倾向,新生儿,药物治疗,根据不同医院，收费标准不一致，市三甲医院约（1000 —— 3000元）,否,0.003%--0.004%,50-70%,1-3个月,https://tag.120ask.com/jibing/xsegpzd/
内科,消化内科,新生儿先天性胆道闭锁,肝胆外科,黄疸、哭闹、食欲不好、呕吐,所有新生儿可见,手术治疗,根据不同医院，收费标准不一致，市三甲医院约（10000 —— 50000元）,否,新生婴儿发病率0.05%,85%,3-5月,https://tag.120ask.com/jibing/xsextxddbs/
内科,消化内科,休息痢,消化内科、感染科,腹泻、里急后重、便血、腹痛、神疲乏力、食欲不振、形体消瘦、四肢不温、贫血,所有人群,药物治疗,根据不同医院，收费标准不一致，市三甲医院约（3000 —— 5000元）,是,0.08%,70%,1-3个月,https://tag.120ask.com/jibing/xiuxili/
内科,消化内科,新生儿肝炎综合征,消化内科,黄疸、 肝脾肿大、 尿黄似浓茶、灰白大便、呕吐、婴儿厌食、婴儿体重增长缓慢,新生儿,中医药物治疗、西医药物治疗,根据不同医院，收费标准不一致，市三甲医院约（5000 —— 10000元）,否,本病在特定群中发病比例在1%--2%,,周期1-3月,https://tag.120ask.com/jibing/xsegyzhz/
内科,消化内科,新生儿消化道重复症,儿外科,呕吐、腹胀、呕血与黑便、贫血、腹痛、消化不良、便秘、儿童期消化性溃疡、囊性肿块、便血、新生儿青紫,新生儿,手术治疗,根据不同医院，收费标准不一致，市三甲医院约（10000 —— 50000元）,否,本病罕见，发病率约为0.0001%--0.0003%,,3-6个月,https://tag.120ask.com/jibing/xsexhdzfz/
内科,消化内科,溴氯菊酯中毒,急诊科,烧灼感、恶心、呕吐、腹痛、红斑、丘疹、头痛、头昏、乏力、食欲不振、肌肉跳动、严重中毒者流涎、视力模糊、肌肉纤维震颤、昏迷、抽搐、昏迷,所有人群,药物治疗、碱性液体清洗,根据不同医院，收费标准不一致，市三甲医院约（5000-10000元）,否,0.035%,80%,7--14天,https://tag.120ask.com/jibing/ljzd/
内科,消化内科,新生儿咽下综合征,新生儿科,呕吐、黑便,所有人群,药物治疗,根据不同医院，收费标准不一致，市三甲医院约（3000 —— 5000元,否,5%,95%,1-2周,https://tag.120ask.com/jibing/xseyxzhz/
内科,消化内科,溴中毒,急诊科,患者口中有溴味及咸味恶心、呕吐、腹痛、便秘或腹泻、便血不安、乏力、失眠或嗜睡、头痛、眩晕、意识障碍、定向力丧失等其后发生情绪异常、激动严重者有躁狂、谵妄、幻觉、昏迷,所有人群均可发病,药物治疗,根据不同医院，收费标准不一致，市三甲医院约（3000 —— 8000元）,否,0.0001%,20%,2--8周,https://tag.120ask.com/jibing/xiuzhongdu/
内科,消化内科,新生儿流行性腹泻,新生儿科,水样便、深黄色或带绿色的水样便、排水样血性大便、腹泻为水样带黏液恶臭无脓血、食欲不振、腹胀、呕吐、左下腹痛、呈泡沫样有腥臭味稀便、失水、便秘、食欲异常,新生儿,药物治疗,根据不同医院，收费标准不一致，市三甲医院约（500-1000元）,是,0.05%-0.08%,70%,2-4周,https://tag.120ask.com/jibing/xselxxfx/
内科,消化内科,新生儿乙型肝炎,新生儿科、感染科,黄疸、食欲下降、恶心与呕吐、脾肿大、消化不良、嗜睡、肝肿大、尿黄似浓茶、巩膜黄染,新生儿,病因治疗,根据不同医院，收费标准不一致，市三甲医院约（500-1000元）,是,0.01%,85%,2-3月,https://tag.120ask.com/jibing/xseyxgy/
内科,消化内科,虚寒呕吐,消化内科、中医科,元气虚弱、呕恶纳呆、腹胀、口淡不渴、四肢不温、畏寒、小便清长、白带增多、小便不利、舌淡胖嫩、脉沉弦,年老体弱人群,药物治疗,根据不同医院，收费标准不一致，市三甲医院约（1000 —— 3000元）,否,0.012%,80%,3-15天,https://tag.120ask.com/jibing/xhot/
内科,消化内科,性病相关性胃肠道感染,消化内科,腹泻、水样便、吞咽痛、发烧、腹胀、腹痛、消瘦、脓血便、黏液便、恶心、咽喉疼痛、扁桃体发炎,所有群体,药物治疗,根据不同医院，收费标准不一致，市三甲医院约（5000-10000元）,是,0.001%,80%,7-21天,https://tag.120ask.com/jibing/xbxgxwcdgr/
内科,消化内科,血色病,血液科,皮肤色素沉着糖尿病、肝硬化和性腺功能减退,所有人群,药物治疗,根据不同医院，收费标准不一致，市三甲医院约（5000 —— 10000元）,否,0.002%,40%,3个月,https://tag.120ask.com/jibing/xuesebing/
内科,消化内科,药物性食管炎,消化内科,胸骨后疼痛、吞咽痛、吞咽困难、发烧、持续性疼痛、放射性疼痛、低热、食管溃疡、黏膜损害、呕血与黑便、咽部异物感,所有群体,药物治疗,根据不同医院，收费标准不一致，市三甲医院约（1000-5000元）,否,0.002%-0.005%,60%-80%,3-6个月,https://tag.120ask.com/jibing/ywxsgy/
内科,消化内科,胰腺假囊肿,肝胆外科,上腹部疼痛、食欲减退、恶心与呕吐、体重减轻、上腹部肿块及腹胀、腹部压痛、脾大,所有群体,药物治疗、手术治疗,根据不同医院，收费标准不一致，市三甲医院约（5000-10000元）,否,本病通常继发于胰腺炎患者，发病率约为0.003%-0.008%,,1-2个月,https://tag.120ask.com/jibing/yxjnz/
内科,消化内科,血吸虫肠病,消化内科、感染科,持续性发热、皮炎、肝肿大、粪内或直肠乙状结肠黏膜活检找到血吸虫卵、脾大、慢性腹痛、便血、嗜酸性粒细胞增多、腹泻、消瘦,所有群体,药物治疗,根据不同医院，收费标准不一致，市三甲医院约（500-1000元）,否,发病率约为0.0003%-0.0008%,75%-85%,1-3个月,https://tag.120ask.com/jibing/xxccb/
内科,消化内科,药物性胃病,消化内科,胃纳差、胃酸过多、恶心与呕吐、用药过程中出现胃部症状、胃糜烂、腹痛、上腹不适、胃脘不适、食欲减退、黏膜出现出血点、炎性细胞浸润、胃粘膜充血,所有群体,对症治疗,根据不同医院，收费标准不一致，市三甲医院约（500-1000元）,否,0.0851%,92%,14天,https://tag.120ask.com/jibing/ywxwb/
内科,消化内科,亚硝酸盐中毒,急诊科,紫绀、头痛、心悸、腹痛、腹泻、全身皮肤及粘膜呈现不同程度青紫色、胸痛、休克、疲劳、恶心与呕吐、昏迷,所有群体,药物治疗,根据不同医院，收费标准不一致，市三甲医院约（1000-5000元）,否,0.001%,30%,1-7天,https://tag.120ask.com/jibing/yxsyzd/
内科,消化内科,噎膈,中医科,吞咽困难、饮食难下、食入即吐,老年男性,中医药物治疗、西医药物治疗,根据不同医院，收费标准不一致，市三甲医院约（5000 —— 10000元）,否,0.004%,75%,1-2个月,https://tag.120ask.com/jibing/ye/
内科,消化内科,胰腺囊性纤维性变,消化内科,贫血、水肿、低蛋白血症、结膜干燥斑、心力衰竭、腹泻、呼吸衰竭、胰腺外分泌功能不良  、气胸、角膜干燥斑,所有群体,病因治疗、对症治疗,根据不同医院，收费标准不一致，市三甲医院约（1000-5000元）,否,0.004%-0.008%,65%,2-4周,https://tag.120ask.com/jibing/yxnxxwxb/
内科,消化内科,炎性肠病性关节炎相关巩膜炎,消化内科,巩膜外层炎、葡萄膜炎、角膜炎、便秘、恶心、腹泻、食欲不振、体重减轻、脱水,所有人群,药物治疗、手术治疗,根据不同医院，收费标准不一致，市三甲医院约（3000——5000元）,否,发病率约为0.002%-0.006%,75%,8-12周,https://tag.120ask.com/jibing/yxcbxgjyxggmy/
内科,消化内科,液脱,中医科,高热、高血压、汗出如油、少尿、神志淡漠、无尿、血压下降、口干渴难忍,小儿,中医药物治疗、西医药物治疗,根据不同医院，收费标准不一致，市三甲医院约（500 —— 1000元）,否,0.005%--0.008%,85-90%,2-4周,https://tag.120ask.com/jibing/yetuo/
内科,消化内科,胰腺脑病综合征,神经内科,上腹部疼痛、恶心、呕吐、发烧、血压下降、尿淀粉酶升高、烦躁不安、幻觉、定向力障碍、谵妄、震颤、颅神经麻痹,所有群体,对症治疗,根据不同医院，收费标准不一致，市三甲医院约（5000-10000元）,否,0.0005%--0.001%,30--50%,3--6个月,https://tag.120ask.com/jibing/yxnbzhz/
内科,消化内科,噫气,消化内科、中医科,嗳气频作、脘腹胀满、纳呆食少、胃脘痛,成年人、女性多见,药物治疗,根据不同医院，收费标准不一致，市三甲医院约（300 —— 500元）,否,0.0003%,60-70%,8-12周,https://tag.120ask.com/jibing/yiqi/
内科,消化内科,药物性肝硬化,消化内科、肝病科,食欲减退、腹胀、黄疸、腹水、黑便、消瘦、脾大、门脉高压,长期服药者,对症治疗、饮食治疗,根据不同医院，收费标准不一致，市三甲医院约（1000 —— 5000元）,否,0.001%,10%,2--6周,https://tag.120ask.com/jibing/ywxgyh/
内科,消化内科,胰胆管合流异常综合征,消化内科,腹痛、身痛、自发性出血、全身瘀血斑、血肿,遗传性疾病,手术治疗、对症治疗,根据不同医院，收费标准不一致，市三甲医院约（5000-10000元）,否,发病率约0.005%--0.008%,,3-6个周,https://tag.120ask.com/jibing/ydghlyczhz/
内科,消化内科,胰腺真性囊肿,普外科,上腹不适、恶心与呕吐、腹胀、下肢水肿、下肢浅静脉曲张、肾盂积水、门脉高压、消瘦、体重减轻、脂肪泻、畏寒、感染性发热,所有群体,病因治疗、对症治疗,根据不同医院，收费标准不一致，市三甲医院约（5000-10000元）,否,0.001%,70%,1-3个月,https://tag.120ask.com/jibing/yxzxnz/
内科,消化内科,胰胆汁综合征,消化内科,肝肿大、腹痛、恶心与呕吐、腹水、黄疸、腹胀、体重减轻,所有人群,药物治疗,根据不同医院，收费标准不一致，市三甲医院约（3000 —— 8000元）,否,0.025%,60%,1-3个月,https://tag.120ask.com/jibing/ydzzhz/
内科,消化内科,乙型肝炎病毒相关性肾炎,传染科、肝病科,低热、乏力、食欲减退、恶心、呕吐、厌油、腹胀、肝区疼痛、尿黄,以青中年多见,药物治疗、支持治疗,根据不同医院，收费标准不一致，市三甲医院约（5000 —— 8000元）,是,10%,30%,5-6个月,https://tag.120ask.com/jibing/yxgybdxgxsy/
内科,消化内科,移植物抗宿主病,移植免疫科,红斑样皮疹、 丘疹 、色素沉着,骨髓移植后人群,药物治疗,根据不同医院，收费标准不一致，市三甲医院约（5000-10000元）,否,0.002%,30%,1-2个月,https://tag.120ask.com/jibing/yzwkszb/
内科,消化内科,胰石病,消化内科,腹痛、脂肪泻、营养不良,慢性胰腺炎患者,西医药物治疗,根据不同医院，收费标准不一致，市三甲医院约（6000-8000元）,否,0.006%-0.007%,65%-80%,8-12周,https://tag.120ask.com/jibing/yishibing/
内科,消化内科,异尖线虫病,消化内科、感染科,胃痛、恶心与呕吐、腹痛、低热、腹泻、喉咙痒、咳嗽、咳痰,所有群体,药物治疗、手术治疗,根据不同医院，收费标准不一致，市三甲医院约（1000-5000元）,是,0.0003%-0.0004%,60-70%,4-6周,https://tag.120ask.com/jibing/yjxcb/
内科,消化内科,乙胺嘧啶中毒,急诊科,恶心与呕吐、 腹痛 、头痛、腹泻、烦躁不安、发烧、紫绀、呼吸异常、瞳孔固定,所有人群,中医药物治疗、西医药物治疗,根据不同医院，收费标准不一致，市三甲医院约（5000 —— 10000元）,否,0.0004%--0.0007%,70-80%,8-12周,https://tag.120ask.com/jibing/yazd/
内科,消化内科,胰腺分裂,消化内科,腹痛、黄疸、发烧、恶心与呕吐、胰酶分泌或排出量降低、腹部不适、腹胀,所有群体,药物治疗、手术治疗,根据不同医院，收费标准不一致，市三甲医院约（1000-5000元）,否,少见，酗酒人群中发病率约0.1%--0.3%,60%,2-3个月,https://tag.120ask.com/jibing/yxfl/
内科,消化内科,异位ACTH综合征,内分泌科,满月脸、向心性肥胖、皮肤紫纹、痤疮样皮疹,多见于癌症患者,药物治疗,根据不同医院，收费标准不一致，市三甲医院约（5000 —— 10000元）,否,0.005%,75%,3-6月,https://tag.120ask.com/jibing/ywacthzhz/
内科,消化内科,鱼胆中毒,急诊科,恶心、头痛、嗜睡、神志模糊、谵语、抽搐、昏迷、呕吐、腹痛、腹泻、黄疸、乏力、纳差,所有人群,药物、催吐、洗胃、导泻、透析治疗,根据不同医院，收费标准不一致，市三甲医院约（3000 —— 8000元）,否,0.001%,50%,7--21天,https://tag.120ask.com/jibing/ydzd/
内科,消化内科,乙酰苯胺类中毒,急诊科,恶心与呕吐、紫绀、头痛、耳鸣、腹痛、眩晕、出汗异常、昏迷,所有人群,应急治疗、对症治疗、药物治疗,根据不同医院，收费标准不一致，市三甲医院约5000--10000,否,0.002%,80%,1-3月,https://tag.120ask.com/jibing/ybalzd/
内科,消化内科,鹦鹉热,呼吸内科、感染科,高热、 恶寒、 头痛、肌痛、咳嗽、周身不适、厌食、咽痛、胸痛、干咳,所有人群,中医药物治疗、西医药物治疗,根据不同医院，收费标准不一致，市三甲医院约（1000 —— 2000元）,是,0.003%,40%,3个月,https://tag.120ask.com/jibing/re/
内科,消化内科,阴结,中医科、消化内科,阴寒固结，以不欲食，手足冷，大便秘结，脉沉,所有人群,中医药物治疗,根据不同医院，收费标准不一致，市三甲医院约(500-1000元),否,1%,80%,2-4周,https://tag.120ask.com/jibing/yinjie/
内科,消化内科,原发性肠系膜肿瘤,肿瘤科,腹部肿块、腹部持续性隐痛或钝痛、体重减轻、腹水可致腹胀,所有人群,手术治疗、西药治疗、化疗、放疗,根据不同医院，收费标准不一致，市三甲医院约20000--50000元,否,0.02%--0.07%,60%,1年,https://tag.120ask.com/jibing/yfxcxmzl/
内科,消化内科,银杏中毒,急诊科,头痛、头晕、烦躁不安、呼吸急促、呼吸困难、恶心与呕吐、食欲异常、恐惧、肢体僵硬感、惊厥、四肢无力、抽搐,所有群体,药物治疗,根据不同医院，收费标准不一致，市三甲医院约（1000-5000元）,否,0.0001%,50%,21--30天,https://tag.120ask.com/jibing/yxzd/
内科,消化内科,营养不良性肝硬化,消化内科,乙肝表面抗体（抗HBs）阳性、肝星状细胞增生、肝质地硬、肝叶萎缩、第二性征改变、球蛋白异常、肝功能异常、肝脏轻度脂肪变性、肝细胞坏死 、肝大而硬、生长缓慢、肝腹水,所有群体,药物治疗,根据不同医院，收费标准不一致，市三甲医院约（1000-5000元）,否,0.05-0.08%,30%,1-6个月,https://tag.120ask.com/jibing/yyblxgyh/
内科,消化内科,原发性腹膜后肿瘤,普外科、肿瘤科,恶心与呕吐、腹部肿块、消瘦、腹胀、腹痛、食欲不振、便秘、腹泻、食管下段静脉曲张、尿频、尿急、排尿困难及尿潴留,所有群体,手术治疗,根据不同医院，收费标准不一致，市三甲医院约（10000-50000元）,否,0.003%,40%,3个月,https://tag.120ask.com/jibing/yfxfmhzl/
内科,消化内科,硬化剂治疗引起的食管损害,消化内科,呕吐、呕血、吞咽困难、胸骨后疼痛、溃疡、发烧、仰颈时吞咽困难、胸痛、食管溃疡,所有群体,病因治疗、对症治疗 暂无,根据不同医院，收费标准不一致，市三甲医院约（1000-5000元）,否,0.0021%,70%,1-3个月,https://tag.120ask.com/jibing/yhjzlyqdsgsh/
内科,消化内科,原发性腹膜炎,普外科,发烧、腹痛、腹膜炎、腹水、腹胀、腹肌紧张、突发性绞痛、左、右腰腹痛、急性腹痛,所有群体,药物治疗,根据不同医院，收费标准不一致，市三甲医院约（1000-5000元）,否,人群患病概率0.21%,,治疗周期30天,https://tag.120ask.com/jibing/yfxfmy/
内科,消化内科,硬皮病食管,消化内科,吞咽困难、烧心、食管反流症状、呕吐、胃排空延缓,所有群体,对症治疗,根据不同医院，收费标准不一致，市三甲医院约（1000-5000元）,否,0.002%,50%,1-3个月,https://tag.120ask.com/jibing/ypbsg/
内科,消化内科,原发性肝内硬化综合征,消化内科,皮肤瘙痒、黄疸、重度黄疸、脂肪泻、骨质疏松、病理性骨折、肝脾肿大,原肝脏疾病患者继发,药物治疗、中药治疗、生活调理,根据不同医院，收费标准不一致，市三甲医院约（10000--50000元）,否,0.002%,50%,1-3个月,https://tag.120ask.com/jibing/yfxgnyhzhz/
内科,消化内科,幽门螺杆菌感染,消化内科,腹痛、胃痛、腹胀、恶心、反酸、呕吐、食欲不振,所有人群,药物治疗,根据不同医院，收费标准不一致，市三甲医院约（2000 —— 5000元）,是,人群患病概率9.7%,,治疗周期30天,https://tag.120ask.com/jibing/ymlgjgr/
内科,消化内科,Zieve综合征,消化内科,恶心与呕吐、腹痛、肝肿大、巩膜黄染、贫血、酒精中毒性偏执状态、黄疸,所有群体,病因治疗,根据不同医院，收费标准不一致，市三甲医院约（1000-5000元）,否,0.001%,30%,3个月,https://tag.120ask.com/jibing/zievezhz/
内科,消化内科,原发性食管恶性黑色素瘤,心胸外科、肿瘤科,吞咽困难、吞咽痛、胸骨后疼痛、上腹不适、呕血与黑便、食管左壁形成压足跡、食管闭锁、色素性皮损、食管溃疡、色素沉着与色素减退、皮肤转移、淋巴结肿大,所有群体,手术治疗,根据不同医院，收费标准不一致，市三甲医院约（10000-50000元）,否,0.001%,,30天,https://tag.120ask.com/jibing/yfxsgexhssl/
内科,消化内科,有机氯杀虫剂中毒,急诊科,头痛、眩晕、恐惧、雾视、感觉障碍、腹痛、腹泻、晕厥、休克、瞳孔异常、视力障碍、瞳孔固定,所有群体,药物治疗,根据不同医院，收费标准不一致，市三甲医院约（5000-10000元）,否,0.005%，务农者发病率高达0.2%,60-80%,1-3个月,https://tag.120ask.com/jibing/yjlscjzd/
内科,消化内科,原发性食管恶性淋巴瘤,心胸外科、肿瘤科,消瘦、咳嗽、食欲不振、上腹部疼痛、声音嘶哑、发烧,所有群体,手术治疗,根据不同医院，收费标准不一致，市三甲医院约（5000-10000元）,否,0.002%,40%,3个月,https://tag.120ask.com/jibing/yfxsgexlbl/
内科,消化内科,造口旁疝,普外科,腹部肿块、疝区的疼痛或坠胀感、钝痛,所有群体,病因治疗、对症治疗,根据不同医院，收费标准不一致，市三甲医院约（5000-10000元）,否,0.004%-0.005%,70%,3-6个月,https://tag.120ask.com/jibing/zkp/
内科,消化内科,原发性小肠溃疡,消化内科,腹胀、嗳气、恶心、呕吐、肠鸣、脐周阵发性绞痛,所有人群,西药治疗、手术治疗,根据不同医院，收费标准不一致，市三甲医院约8000--10000元,否,0.04%,85%,3-6周,https://tag.120ask.com/jibing/yfxxcky/
内科,消化内科,鱼肝中毒,急诊科,恶寒、恶心、烦躁不安、腹痛、腹泻、脑膜刺激症状、嗜睡、头痛,所有人群,中医药物治疗、西医药物治疗,根据不同医院，收费标准不一致，市三甲医院约（500—— 5000元）,否,0.5%,98%,2-3周,https://tag.120ask.com/jibing/ygzd/
内科,消化内科,真菌性肠炎,消化内科,腹泻、腹痛、脓血便、便血、低热、呕吐、呕血与黑便、发烧、消化不良,所有人群,药物治疗,根据不同医院，收费标准不一致，市三甲医院约（3000 —— 5000元）,是,多见于体质低下或者HIV感染等免疫缺陷人群，发病率约为0.001%-0.005%,75%-85%,3-6个月,https://tag.120ask.com/jibing/zjxcy/
内科,消化内科,原发性小肠淋巴管扩张症,普外科,水肿、腹泻、脂肪泻、腹部不适,所有人群,药物治疗、饮食治疗、手术治疗,根据不同医院，收费标准不一致，市三甲医院约3000--5000,否,0.005%,75%,2-4月,https://tag.120ask.com/jibing/yfxxclbgkzz/
内科,消化内科,真菌性食管炎,消化内科,口炎、吞咽困难、厌食、吞咽痛、咽痛,多见于肿瘤患者,药物治疗,根据不同医院，收费标准不一致，市三甲医院约（1500 —— 3000元）,否,0.01%,70%,1-3个月,https://tag.120ask.com/jibing/zjxsgy/
内科,消化内科,真菌性食物中毒,消化内科、急诊科,黄疸、肝肿大、腹痛、胃肠道症状、血尿伴蛋白尿、神经症性反应、真菌感染,所有群体,活性炭及硫酸镁，洗胄液可选择1：20()O或1：5()00的高锰酸钾液(有消化道山血者应谨慎);口服生人蒜一头，对食人未杀死真菌的食物者，应给予抗真菌药，如制霉菌素、二性霉素,根据不同医院，收费标准不一致，市三甲医院约（1000-5000元）,否,0.001%,70-80%,7-21天,https://tag.120ask.com/jibing/zjxswzd/
内科,消化内科,志贺菌病,传染科,畏寒、发热、呕吐、腹痛、腹泻、里急后重感、粘液脓血便、惊厥、头痛、全身肌肉酸痛,多见于老年、体弱、营养不良患者,西药治疗、中药治疗,根据不同医院，收费标准不一致，市三甲医院约（7000--15000元）,是,夏秋季发病率约为0.1%-0.3%，多为进食不洁食物所致,85%,2-4周,https://tag.120ask.com/jibing/zhjb/
内科,消化内科,真菌中毒症,急诊科,抽搐、低热、恶心、腹痛、腹泻、腹胀、肝脏肿大、黄疸,所有人群,饮食治疗、药物治疗,根据不同医院，收费标准不一致，市三甲医院约（3000 —— 8000元）,否,0.002%,50%,2个月,https://tag.120ask.com/jibing/zjzdz/
内科,消化内科,致死性肝内胆汁淤积综合征,肝胆外科,于新生儿期出现反复性黄疸、且渐加深、皮肤瘙痒、鼻衄、肝脾肿大、脂肪痢、粪便恶臭而色淡、也可于出生后数月才发生黄疸、患者烦躁不安、吸收不良、发育不良、佝偻病,多见于新生儿,药物治疗,根据不同医院，收费标准不一致，市三甲医院约（5000-10000元）,否,0.003%,50%,1-2个月,https://tag.120ask.com/jibing/zsxgndzyjzhz/
内科,消化内科,中满,中医科,胀气、痞积、满闷、胀痛,所有人群,药物治疗,根据不同医院，收费标准不一致，市三甲医院约（1000 —— 2000元）,否,0.1%,85%,2-4周,https://tag.120ask.com/jibing/zhongman/
内科,消化内科,肿瘤性息肉,肛肠外科,便血、粘液便、稀便、腹部不适、消瘦、贫血、脓性分泌物、息肉,所有人群，中老年为主,西医药物治疗、中医药物治疗、手术治疗,根据不同医院，收费标准不一致，市三甲医院约（5000——10000元）,否,5%(特定肿瘤人群60%，大众人群5%),96%,3-6周,https://tag.120ask.com/jibing/zlxxr/
内科,消化内科,卓－艾氏综合征,消化内科,乏力、腹部压痛、腹痛、腹泻、甲状旁腺功能亢进、溃疡、水样便、糖尿,所有人群、中老年多见,药物治疗、手术治疗,根据不同医院，收费标准不一致，市三甲医院约（10000-50000元）,否,发病率约为0.005%--0.008%,,1-3个月,https://tag.120ask.com/jibing/zaszhz/
内科,消化内科,紫绀-杵状指-肝病综合征,消化内科,呼吸困难、紫绀、杵状指（趾）、肝硬化,男女均可罹患、可见于任何年龄、以儿童为多见,对症治疗、病因治疗,根据不同医院，收费标准不一致，市三甲医院约（1000-5000元）,否,0.0051%,75%,30天,https://tag.120ask.com/jibing/zzzgbzhz/
内科,消化内科,自发性食管破裂,消化内科,呕吐、恶心、上腹部疼痛、胸痛、呕血、气短、呼吸困难、紫绀、上腹部压痛、腹肌紧张、板状腹、胸骨后疼痛,所有群体,药物治疗、手术治疗,根据不同医院，收费标准不一致，市三甲医院约（1000-5000元）,否,0.007%,60-70%,1-3个月,https://tag.120ask.com/jibing/zfxsgpl/
内科,消化内科,自身免疫性胰腺炎,消化内科,腹痛、背痛、阻塞性黄疸,所有群体,药物治疗、手术治疗,根据不同医院，收费标准不一致，市三甲医院约（1000-5000元）,否,0.5%,95%,3-6周,https://tag.120ask.com/jibing/zsmyxyxy/
内科,消化内科,胆总管结石,肝胆外科,胆总管结石、胆绞痛、黄疸、突发性右上腹绞痛、肝脏肿大、肝质地硬、消瘦、瘙痒、腹痛,所以人群,药物治疗、手术治疗,根据不同医院，收费标准不一致，市三甲医院约（3000 —— 8000元）,否,0.3%,97%,7天,https://tag.120ask.com/jibing/dzgjs/
内科,消化内科,老年大便失禁,消化内科,较虚弱的状态下同时常存在便秘或小便失禁,中老年人群常见,药物治疗,根据不同医院，收费标准不一致，市三甲医院约（1000 —— 5000元）,否,50岁以上患病概率2%,,治疗周期30天,https://tag.120ask.com/jibing/lndbsj/
内科,消化内科,积滞,中医科,不思乳食，食而不化，腹部胀满，大便不调,儿童,中医药物治疗、西医药物治疗,根据不同医院，收费标准不一致，市三甲医院约（500 —— 2000元）,否,2%,85%,1-2周,https://tag.120ask.com/jibing/jizhi/
内科,消化内科,片吸虫病,感染科,肝区痛、胸痛、腹痛、腹胀、腹泻、肝肿大、恶心与呕吐、脾肿大、贫血、感染性发热、荨麻疹样皮疹、高热,所有人群,药物治疗,根据不同医院，收费标准不一致，市三甲医院约（3000 —— 8000元）,是,0.005%,40%,1-3个月,https://tag.120ask.com/jibing/pxcb/
内科,消化内科,星形病毒胃肠炎,消化内科、传染科,腹痛伴腹泻、腹痛、恶心与呕吐、水样便、深黄色或带绿色的水样便、胸膈间烧灼嘈杂感、复合性溃疡、缓脉、粪便黑色并带有血液、排便频率异常、肠粘膜有坏死溃疡、杨梅样舌,7岁以下儿童多见,药物治疗,根据不同医院，收费标准不一致，市三甲医院约（3000 —— 8000元）,是,发病率约为0.05%--0.06%,80-90%,2-4周,https://tag.120ask.com/jibing/xxbdwcy/
内科,消化内科,酒精伴发的精神障碍,精神心理科,酒精成瘾、 恶心与呕吐、 嗜睡、昏迷、口齿不清、颜面潮红、幻觉、意识障碍,大量饮酒的人,中医药物治疗、西医药物治疗,根据不同医院，收费标准不一致，市三甲医院约（1000 —— 3000元）,否,0.0013%,60%,10-30天,https://tag.120ask.com/jibing/jjbfdjsza/
内科,消化内科,营养代谢疾病伴发的精神障碍,精神科,有烦躁、焦虑、自责自罪、企图自杀、严重时意识模糊、昏睡、谵妄、或错乱状态,所有人群,西药治疗,根据不同医院，收费标准不一致，市三甲医院约（5000—— 10000元）,否,0.03%,80%,60天,https://tag.120ask.com/jibing/yydxjbbfdjsza/
内科,消化内科,胃溃疡恶变,普外科、肿瘤科,呕吐、吐血、消瘦,饮酒过量、饮食不均匀人群、久病老人,中医药物治疗,根据不同医院、收费标准不一致、市三甲医院约（2000-50000元）,否,0.5%,95%,2-4月,https://tag.120ask.com/jibing/wkyeb/
内科,消化内科,厌食,内科（找到内科科的专家就诊 ）,偏食、恶心、呕吐,缺锌的儿童，减肥人群,中医药物治疗、西医药物治疗,根据不同医院，收费标准不一致，市三甲医院约（500 —— 1000元）,否,0.1%,65%,10-30天,https://tag.120ask.com/jibing/yanshi/
内科,消化内科,食道炎,消化内科,吞咽痛、 胸骨后疼痛 、心口灼热痛、 吞咽困难,所有人群,药物治疗,根据不同医院，收费标准不一致，市三甲医院约（3000 —— 5000元）,否,0.005%,65%,1-2个月,https://tag.120ask.com/jibing/shidaoyan/
内科,消化内科,丙型肝炎,传染病科,发热、全身乏力、食欲下降、恶心、呕吐、腹痛、尿色深、大便颜色变浅、关节酸痛、黄疸,年轻人,药物治疗,根据不同医院，收费标准不一致，市三甲医院约（3000 —— 8000元）,是,1%,50%,1年,https://tag.120ask.com/jibing/bxgy/
内科,消化内科,乙肝相关肾炎,感染科,血尿、蛋白尿、尿混浊,乙型肝炎患者比较多见,药物治疗,根据不同医院，收费标准不一致，市三甲医院约3000-5000元,是,5%-10%,45%,1-10年,https://tag.120ask.com/jibing/ygxgsy/
内科,消化内科,功能性大便失禁,内科,肛门会阴部长期潮湿不洁、腹泻、大便失禁、便急、便秘、尿失禁,儿童、老年人,药物治疗,根据不同医院，收费标准不一致，市三甲医院约（1000 — 2000元）,否,0.001%,30%,10天,https://tag.120ask.com/jibing/gnxdbsj/
内科,消化内科,比-桑二氏综合征,肿瘤科,哮喘、呼吸困难、皮肤泛红,成年人,药物治疗,根据不同的医院，收费标准不一致，市三甲医院约（12000-60000元）,否,0.1%,76%,30天,https://tag.120ask.com/jibing/bseszhz/
内科,消化内科,炎性肠病,消化内科,腹泻、腹痛、便血,不洁饮食者好发,药物治疗,根据不同医院，收费标准不一致，市三甲医院约1000-2000元,否,5%-10%,80%,8-12天,https://tag.120ask.com/jibing/yxcb/
内科,消化内科,皮革胃,消化内科,腹痛、腹泻、便秘、消化不良,胃癌患者发病率较高,药物治疗、手术治疗,根据不同医院，收费标准不一致，市三甲医院约2000-5000元,否,0.5%-1.0%,80%,8-12周,https://tag.120ask.com/jibing/pgw/
内科,消化内科,直肠肛管疾病,肛肠科,腹痛、便后出血、便时剧痛,久坐不运动的人群，如驾驶员。,药物治疗、手术治疗,根据不同医院，收费标准不一致，市三甲医院约2000-5000元,否,5%-7%,75%,2-8周,https://tag.120ask.com/jibing/zcggjb/
内科,消化内科,肠易激综合症,消化内科,腹痛、腹泻、头痛,青中年女性,药物治疗,根据不同医院，收费标准不一致，市三甲医院约500-2000元,否,5-10%,50%-70%,1-2年,https://tag.120ask.com/jibing/changyjzhz/
内科,消化内科,肠疾病,消化内科,腹痛、腹泻、便秘,普遍好发,药物治疗,根据不同医院，收费标准不一致，市三甲医院约3000-10000元,否,0.5%-30%,60%-90%,1周-3月,https://tag.120ask.com/jibing/cjb/
内科,消化内科,胃底静脉曲张,胃肠外科,腹痛、呕血、便血,肝病患者多见,药物治疗、手术治疗,根据不同医院，收费标准不一致，市三甲医院约5000-30000元,否,0.6%-1%,55%-60%,1-4周,https://tag.120ask.com/jibing/sgwdjmqz/
内科,消化内科,胃肠道异物,胃肠外科,腹痛、腹胀、呕吐、肛门停止排气排便,异食癖人群好发,手术治疗、药物治疗,根据不同医院，收费标准不一致，市三甲医院约2-3万元,否,1%,78%,2-4周,https://tag.120ask.com/jibing/wcdyw/
内科,消化内科,胰腺疾病,消化内科,腹痛、腹泻、恶心、呕吐、胸背痛,胆囊炎及肥胖者多见,药物治疗,根据不同医院，收费标准不一致，市三甲医院约2-5万元,否,0.5%-2.5%,70%,1-2月,https://tag.120ask.com/jibing/yxjb/
内科,消化内科,迷走胰腺,内科,胆道梗阻、粘膜萎缩、肠套叠,成年人,药物治疗,根据不同医院，收费标准不一致，市三甲医院约（10000 — 20000元）,否,0.01%,95%,14天,https://tag.120ask.com/jibing/mzyx/
内科,消化内科,食管静脉曲张,外科,呕血、休克,乙肝病人,药物治疗、手术治疗,根据不同医院，收费标准不一致，市三甲医院约（5000—— 30000元）,否,0.03-0.05%,30%,2-4周,https://tag.120ask.com/jibing/sgjmqz/
内科,消化内科,习惯性便秘,内科,面色昏黯、臃肿、排便次数减少、排便困难、大便干燥,老年人,药物治疗,根据不同医院，收费标准不一致，市三甲医院约（300 —— 500元）,否,30%,90%,7-10天,https://tag.120ask.com/jibing/xgxbm/
内科,消化内科,侏儒症,内分泌科,脸部外型发育受阻、长骨发育障碍、性发育较迟、智能低下,儿童,中医治疗、西药治疗、手术治疗、放射治疗,根据不同医院，收费标准不一致，市三甲医院15000--30000元,否,儿童患病率0.02%,80%,3年,https://tag.120ask.com/jibing/zrz/
内科,消化内科,肛门失禁,外科,排便功能紊乱,老年人,药物治疗,根据不同医院，收费标准不一致，市三甲医院约（3000—— 8000元）,否,1%,95%,30天,https://tag.120ask.com/jibing/gmsj/
内科,消化内科,非酒精性脂肪性肝病,肝病科,肝区疼痛、发热、厌食、恶心、呕吐,喜欢饮酒的人多见,药物治疗,根据不同医院，收费标准不一致，市三甲医院约2000-3000元,否,3%-5%,70%,1-2年,https://tag.120ask.com/jibing/fjjxzfxgb/
内科,消化内科,肝硬化腹水,内科,轻度乏力、腹胀、肝脾轻度肿大、轻度黄疸、肝掌、蜘蛛痣、双下肢水肿,肝脏疾病的人群,一般疗法、药物疗法、手术疗法、放疗,根据不同医院，收费标准不一致，市三甲医院约5000-10000元,否,既往有肝脏疾病的患者的发病率2%,78%,120天,https://tag.120ask.com/jibing/gyhfs/
内科,消化内科,功能性胃肠病,内科,腹胀、腹痛、腹泻、便秘,老年人,药物治疗,根据不同医院，收费标准不一致，市三甲医院约（1000—— 2000元）,否,10%,98%,60天,https://tag.120ask.com/jibing/gnxwcb/
内科,消化内科,病毒性胃肠炎,内科,起病急、多先吐后泻、腹痛、伴轻、中度发热、腹泻每日十到数十次不等、大便多为水样、或呈黄绿色稀便、常伴轻或中度脱水及代谢性中毒,婴幼儿多见,药物治疗,根据不同医院，收费标准不一致，市三甲医院约（1000—— 3000元）,是,0.01%,90%,7天,https://tag.120ask.com/jibing/bdxwcy/
内科,消化内科,胰腺结核,传染病科,发热、盗汗、腹痛、腹部肿块、消瘦、贫血、黄疸,成年人,手术治疗、药物治疗,根据不同医院，收费标准不一致，市三甲医院约（20000—— 30000元）,是,0.01%,95%,1年,https://tag.120ask.com/jibing/yxjh/
内科,消化内科,弯曲菌性肠炎,内科,发热、腹痛、腹泻、恶心、呕吐,任何年龄,一般疗法、饮食疗法、药物疗法,根据不同医院，收费标准不一致，市三甲医院约1000-3000元,否,0.098%,87%,20天,https://tag.120ask.com/jibing/wqjxcy/
内科,消化内科,小肠气痛,外科,面色苍白、恶心、冷汗、肠鸣,成年人,药物治疗,根据不同医院，收费标准不一致，市三甲医院约（500 — 1000元）,否,1%,100%,7天,https://tag.120ask.com/jibing/xcqt/
内科,消化内科,输血后肝炎,传染病科,全身乏力、不想吃饭、发烧、恶心、呕吐,成年人,药物治疗,根据不同医院，收费标准不一致，市三甲医院约（3000—— 8000元）,否,1%,90%,1个月,https://tag.120ask.com/jibing/sxhgy/
内科,消化内科,病毒性肠炎,传染病科,恶心、呕吐、腹痛、腹泻，排水样便,7岁以下儿童,药物治疗,根据不同医院，收费标准不一致，市三甲医院约（2000 ——5000元）,是,0.01%,80%,2-3周,https://tag.120ask.com/jibing/bdxcy/
内科,消化内科,过敏性结肠炎,内科,腹痛、腹胀、腹泻、便秘、粘液便、头痛、乏力、失眠、心悸、出汗,多见于青年、女性多于男性,药物治疗,根据不同医院，收费标准不一致，市三甲医院约（1000—— 2000元）,否,0.001%,87%,10天,https://tag.120ask.com/jibing/gmxjcy/
内科,消化内科,空肠弯曲菌肠炎,消化内科,肌肉酸痛、 发热伴有腹痛、腹泻、恶心、呕吐、 惊厥、 腹痛,成年人,药物治疗,根据不同医院，收费标准不一致，市三甲医院约（3000—— 8000元）,否,5%,100%,10天,https://tag.120ask.com/jibing/kcwqjcy/
内科,消化内科,糜烂性胃炎,内科,上腹隐痛、反酸、餐后饱胀、食欲减退、呕血,任何年龄,一般疗法、饮食疗法、药物疗法,根据不同医院，收费标准不一致，市三甲医院约100-300元,否,0.99%,98%,20天,https://tag.120ask.com/jibing/mlxwy/
内科,消化内科,乙型病毒性肝炎,内科,黄疸、乏力、畏食、恶心、腹胀、肝区疼痛、蜘蛛痣、肝掌,青壮年,一般疗法、饮食疗法、药物疗法、手术疗法,根据不同医院，收费标准不一致，市三甲医院约1000-8000元,是,青壮年的患病率9%,98%,120天,https://tag.120ask.com/jibing/yxbdxgy/
内科,消化内科,淤胆型肝炎,内科,肝脏肿大、皮肤瘙痒、大便色浅、尿色深黄,成年人,药物治疗,根据不同医院，收费标准不一致，市三甲医院约（3000 —— 8000元）,否,1%,98%,2个月,https://tag.120ask.com/jibing/ydxgy/
内科,消化内科,缺血性肠炎,内科,腹痛、便秘、腹泻、便血、腹部压痛、肌紧张,中老年,药物治疗,根据不同医院，收费标准不一致，市三甲医院约（1000 —— 3000元）,否,0.01%,80%,10天,https://tag.120ask.com/jibing/qxxcy/
内科,消化内科,肛门异物感,肛肠科,肛门坠胀、疼痛、有异物感,成年人,药物治疗,根据不同医院，收费标准不一致，市三甲医院约（3000—— 5000元）,否,2%,100%,15天,https://tag.120ask.com/jibing/gmywg/
内科,消化内科,老年便秘,内科,排便次数减少、排便困难、腹痛、腹胀,老年人,药物治疗,根据不同医院，收费标准不一致，市三甲医院约（500 —— 800元）,否,1%,60%,10天,https://tag.120ask.com/jibing/lnbm/
内科,消化内科,胆汁淤积性黄疸,内科,黄疸、皮肤骚样、食欲不振、乏力,中青年,药物治疗,根据不同医院，收费标准不一致，市三甲医院约（3000 —— 8000元）,否,0.001%,85%,15天,https://tag.120ask.com/jibing/dzyjxhd/
内科,消化内科,慢性糜烂性胃炎,内科,上腹隐痛、反酸、餐后饱胀、食欲减退、、恶心呕吐、乏力,中青年,药物治疗,根据不同医院，收费标准不一致，市三甲医院约（500 —— 1000元,否,0.1%,90%,15天,https://tag.120ask.com/jibing/mxmlxwy/
内科,消化内科,中毒性细菌性痢疾,内科,起病急骤、突然高热、反复惊厥、嗜睡、呕吐、迅速发生休克、昏迷,多见于2—7岁儿童,药物治疗,根据不同医院，收费标准不一致，市三甲医院约（3000 —— 8000元）,是,0.001%,70%,10天,https://tag.120ask.com/jibing/zdxxjxlj/
内科,消化内科,抗生素诱发的肠炎,消化内科,恶心、便血、呕吐,婴幼儿,药物治疗,根据不同医院，收费标准不一致，市三甲医院约（500 —— 1000元）,否,10%,100%,10天,https://tag.120ask.com/jibing/kssyfdcy/
内科,消化内科,巴瑞特综合征,内科,胸骨后疼痛、咽下困难、呕吐、呕血、黑粪,中老年人,药物治疗,根据不同医院，收费标准不一致，市三甲医院约（3000—— 8000元）,否,1%,100%,15天,https://tag.120ask.com/jibing/brtzhz/
内科,消化内科,慢性肠炎,内科,间断性腹部隐痛、腹胀、腹痛、腹泻、肛门下坠、大便不爽、精神不振、少气懒言、四肢乏力、喜温怕冷,中老年,药物治疗,根据不同医院，收费标准不一致，市三甲医院约（500 —— 1000元）,否,0.1%,90%,10天,https://tag.120ask.com/jibing/manxcy/
内科,消化内科,老年人脂肪肝,内科,肝区隐痛、纳差、恶心、呕吐、腹胀、腹泻、阳痿、鼻出血、蜘蛛痣、男性乳房增大,老年人,药物治疗,根据不同医院，收费标准不一致，市三甲医院约（3000—— 8000元）,否,5%,90%,180天,https://tag.120ask.com/jibing/lnrzfg/
内科,消化内科,慢性细菌性痢疾,内科,腹痛、腹泻、腹胀,学龄前儿童,药物治疗、食疗,根据不同医院，收费标准不一致，市三甲医院约200-500元,否,0.2%,80%,20天,https://tag.120ask.com/jibing/mxxjxlj/
内科,消化内科,溃疡性肠炎,内科,白水样稀粪、腹痛,免疫力低下人群,药物治疗,根据不同医院，收费标准不一致，市三甲医院约100-150元,否,1%,85%,15天,https://tag.120ask.com/jibing/kyxcy/
内科,消化内科,急性糜烂出血性胃炎,内科,上腹部隐痛不适、烧灼感、呕血,青年男性,药物治疗,根据不同医院，收费标准不一致，市三甲医院约（3000 —— 8000元）,否,1%,95%,15天,https://tag.120ask.com/jibing/jxmlcxxwy/
内科,消化内科,十二指肠血管压迫综合征,内科,肠梗阻、腹痛、呕吐、脱水,体质消瘦、体型瘦长的人群,胃肠减压、洗胃、手术,根据不同医院，收费标准不一致，市三甲医院约（10000-20000元）,否,0.1%,98%,15天,https://tag.120ask.com/jibing/sezcxgypzhz/
内科,消化内科,急性感染性胃炎,内科,上腹痛、腹胀、食欲减退、恶心、呕吐,青年男性,药物治疗,根据不同医院，收费标准不一致，市三甲医院约（3000—— 8000元）,否,1%,100%,14天,https://tag.120ask.com/jibing/jxgrxwy/
内科,消化内科,迟发性倾倒综合征,消化内科,胃痛、异物感、头晕,成年人,药物治疗,根据不同的医院，收费标准不一致，市三甲医院约（2000-10000元）,否,0.1%,91%,120天,https://tag.120ask.com/jibing/cfxqdzhz/
内科,消化内科,胃柿石症,消化内科,上腹不适、食欲不振、口臭、恶心,成年人,药物治疗,根据不同的医院，收费标准不一致，市三甲医院约（5000-12000元）,否,0.2%,97%,160天,https://tag.120ask.com/jibing/wssz/
内科,消化内科,消化性溃疡病,内科,疼痛、恶心、呕吐、体重减轻,青年男性,药物治疗,根据不同医院，收费标准不一致，市三甲医院约（1000 —— 3000元）,否,5%,99%,30天,https://tag.120ask.com/jibing/xhxkyb/
内科,消化内科,急性细菌性痢疾,内科,腹痛、腹泻、里急后重,7岁以下儿童,药物治疗,根据不同医院，收费标准不一致，市三甲医院约（300 —— 2000元）,是,0.1%,80%,5-7天,https://tag.120ask.com/jibing/jxxjxlj/
内科,消化内科,新型肠道病毒感染,传染病科,倦怠、乏力、低热,儿童,药物治疗,根据不同医院，收费标准不一致，市三甲医院约（3000 —— 1000元）,是,5%,99%,14天,https://tag.120ask.com/jibing/xxcdbdgr/
内科,消化内科,急性乙型肝炎,传染病科,疲乏、食欲不振、恶心呕吐、黄疸,青壮年人群,药物治疗,根据不同医院，收费标准不一致，市三甲医院约（3000—— 20000元）,否,0.02-0.05%,20%,3-6个月,https://tag.120ask.com/jibing/jxyxgy/
内科,呼吸内科,病毒性肺炎,呼吸内科,咽干、咽痛、喷嚏、流涕、发热、头痛、纳差、全身酸痛、气喘、发热、呼吸频率增快,所有群体,药物治疗,根据不同医院，收费标准不一致，市三甲医院约（1000-5000元）,否,10%,,治疗周期7天,https://tag.120ask.com/jibing/bdxfy/
内科,呼吸内科,尘肺,呼吸内科,气短 、咳嗽   、呼吸困难、胸痛,所有人群,药物治疗、氧气治疗,根据不同医院，收费标准不一致，市三甲医院约（3000 —— 5000元,否,0.0055%,60%,3个月,https://tag.120ask.com/jibing/chenfei/
内科,呼吸内科,成人呼吸窘迫综合征,呼吸内科、心血管内科,呼吸窘迫综合症、活动后气促、紫绀、烦躁不安、焦虑、出汗异常、呼吸异常,所有人群,药物治疗,根据不同医院，收费标准不一致，市三甲医院约（5000 —— 10000元）,否,3%,85%,2-4月,https://tag.120ask.com/jibing/crhxjpzhz/
内科,呼吸内科,非典,呼吸内科、感染科,发烧、咳嗽、腹泻、恶心与呕吐、关节疼痛、畏寒、肌肉酸痛、乏力、干咳、胸闷、呼吸异常、头痛,所有人群,药物治疗,公众卫生事件 、归为甲类传染病、国家免费治疗,是,0.00001%,40%,1-3月,https://tag.120ask.com/jibing/feidian/
内科,呼吸内科,肺部肿瘤,肿瘤科,咳嗽 、咯血、发热 、胸痛、气急或胸腔有积液,吸烟人群、肺部疾病患者,手术治疗,根据不同医院，收费标准不一致，市三甲医院约（10000-20000元）,否,吸烟人群中发病率约为0.02%--0.05%，非吸烟人群约为0.001%--0.002%,,3-6个月,https://tag.120ask.com/jibing/fbzl/
内科,呼吸内科,肺结核,感染科,低热、咳嗽、盗汗、消瘦、乏力,多见于20岁到40岁女性不接种卡介苗的集体生活人群,化学治疗,该病属于乙类多发传染病，一经确诊国家医院免费治疗,是,0.12%,79%,3-6个月,https://tag.120ask.com/jibing/feijiehe/
内科,呼吸内科,肺念珠菌病,呼吸内科,畏寒、咳嗽、啰音、血丝痰、休克、发烧、畏寒、发热、咳嗽较剧、痰呈白色黏稠胶冻状、有时带血丝或为脓性痰,所有群体,药物治疗,根据不同医院，收费标准不一致，市三甲医院约（1000-5000元）,否,0.005%,80%,2-6周,https://tag.120ask.com/jibing/fnzjb/
内科,呼吸内科,肺脓肿,呼吸内科,畏寒、高热、咳嗽、咳痰、咯血、胸痛、语音震颤增强、湿咳、痰有恶臭味、肺性肥大、烂桃样血痰、脓胸,中老年群体,药物治疗、手术治疗,根据不同医院，收费标准不一致，市三甲医院约（10000-20000元）,否,0.1%--1.5%,70%,8-12周,https://tag.120ask.com/jibing/feinongzhong/
内科,呼吸内科,肺气肿,呼吸内科,咳嗽、咳痰、呼吸困难,50岁以上中老年人,西医治疗、中医治疗,根据不同医院，收费标准不一致，市三甲医院约（10000 —— 30000元）,否,0.001%,0.5%,>120天,https://tag.120ask.com/jibing/feiqizhong/
内科,呼吸内科,肺栓塞,呼吸内科,急性呼吸困难、肺栓塞、发绀、胸痛、心肺栓塞、晕厥、咯血、右心衰竭、肢端湿冷、胸膜摩擦音、胸腔积液、惊恐发作,所有人群,药物治疗,根据不同医院，收费标准不一致，市三甲医院约（20000-100000元）,否,0.005%,60%,1个月,https://tag.120ask.com/jibing/feishuansai/
内科,呼吸内科,肺心病,呼吸内科、心血管内科,长期反复咳嗽、咳痰、遇冷病情加重、活动时气喘、胸闷心悸发作或加剧、唇指发绀,中老年人,药物治疗、支持治疗,根据不同医院，收费标准不一致，市三甲医院约（20000 —— 50000元）,否,0.003%,75%,1-3个月,https://tag.120ask.com/jibing/feixinbing/
内科,呼吸内科,肺性脑病,呼吸内科、神经内科,头痛、头昏、记忆力障碍、意识障碍、嗜睡、昏睡、颅内压增高、肌阵挛、言语增多、幻觉、昏迷,所有人群,药物治疗,根据不同医院，收费标准不一致，市三甲医院约（3000 —— 8000元）,否,0.012%,70%,10-30天,https://tag.120ask.com/jibing/fxnb/
内科,呼吸内科,肺炎,呼吸内科,咳嗽、咳痰、胸痛、呼吸困难、发热,所有人群,药物治疗,根据不同医院，收费标准不一致，市三甲医院约（1000-3000元）,否,0.06%,95%,7-10天。,https://tag.120ask.com/jibing/feiyan/
内科,呼吸内科,肺炎衣原体肺炎,呼吸内科,咽痛、胸痛、咳嗽、头痛、啰音、疲劳、周身不适、感染性发热,所有群体,药物治疗,根据不同医院，收费标准不一致，市三甲医院约（500-1000元）,否,患病率约0.5%-5%,60-70%,1个月,https://tag.120ask.com/jibing/fyyytfy/
内科,呼吸内科,感冒,呼吸内科,流清涕、打喷嚏、发烧、咳嗽、畏寒、易疲乏、流鼻涕、浑身酸痛、喉痒咳嗽、喉部有痰、带血粘脓鼻涕、无力,所有人群,药物治疗,根据不同医院，收费标准不一致，市三甲医院约（500-1000元）,是,0.6%,97%,7-14天,https://tag.120ask.com/jibing/ganmao/
内科,呼吸内科,呼吸道感染,内科,咳嗽、咳痰、发热,婴幼儿、60岁以上老年人,药物治疗,根据不同医院，收费标准不一致，市三甲医院约（300 —— 1000元）,否,10-30%,90%,1-2周,https://tag.120ask.com/jibing/hxdgr/
内科,呼吸内科,急性呼吸窘迫综合征,呼吸内科,紫绀、烦躁不安、湿啰音、焦虑、呼吸性碱中毒、心脏停搏、呼吸困难、低氧血症、过度通气、水肿、混合型酸碱平衡紊乱、代谢性酸中毒,所有群体,药物治疗、手术治疗,根据不同医院，收费标准不一致，市三甲医院约（20000-50000元）,否,发生在原有呼吸道感染的患者，发病率约0.03%--0.05%,60-85%,1-3个月,https://tag.120ask.com/jibing/jxhxjpzhz/
内科,呼吸内科,间质性肺疾病,呼吸内科,呼吸急促、咳嗽、疲劳、干咳胸骨后疼痛、结节、呼吸异常、咳痰,多见于老年人,药物治疗、生活调理,根据不同医院，收费标准不一致，市三甲医院约10000--30000元,否,0.0005%,75%,1-3个月,https://tag.120ask.com/jibing/jzxfjb/
内科,呼吸内科,流感,呼吸内科,咳嗽、咳痰、流鼻涕、发热、乏力,所有人群,药物治疗,根据不同医院，收费标准不一致，市三甲医院约（200—— 1000元）,是,10%,90%,7-14天,https://tag.120ask.com/jibing/liugan/
内科,呼吸内科,流行性感冒,呼吸内科,高热、畏寒、头痛、浑身酸痛、咽喉疼痛,所有人群,药物治疗,根据不同医院，收费标准不一致，市三甲医院约（500-1000元）,是,人群患病概率87%,,治疗周期14天,https://tag.120ask.com/jibing/lxxgm/
内科,呼吸内科,慢性支气管炎,呼吸内科,咳嗽、咳痰、气短、喘息、冬春季的慢性咳嗽咳痰和喘息、哮鸣音、粘液腺体肥大、鼻煽、咳泡沫黏液痰、痰呈粘液脓性、小支气管痉挛、痰鸣气促,所有人群,药物治疗,根据不同医院，收费标准不一致，市三甲医院约（3000-5000元）,否,0.31%,90%,10-30天,https://tag.120ask.com/jibing/mxzqgy/
内科,呼吸内科,慢性阻塞性肺疾病,呼吸内科,咳嗽、咳痰、气短、呼吸困难、喘息、胸闷、慢性咳嗽、食欲减退、桶状胸、咯血,多于中年时起病,生活方式（戒烟）、药物治疗,根据不同医院，收费标准不一致，市三甲医院约（1000 —— 5000元）,否,0.21%,,需要终身治疗,https://tag.120ask.com/jibing/mxzsxfjb/
内科,呼吸内科,慢阻肺,呼吸内科,咳嗽咳痰、呼吸困难、胸闷气促、食欲减退、唇指发绀、鼻翼扇动、桶状胸,老年人,药物治疗,根据不同医院，收费标准不一致，市三甲医院约（10000 —— 30000元）,否,0.003%,75%,1-3个月,https://tag.120ask.com/jibing/manzufei/
内科,呼吸内科,葡萄球菌肺炎,呼吸内科,咳血痰、呼吸困难、高热、寒战、休克、脓痰、发绀、谵妄、昏迷、肺部啰音,婴幼儿,药物治疗,根据不同医院，收费标准不一致，市三甲医院约（2000-5000元）,否,0.003%,80%,7-21天,https://tag.120ask.com/jibing/ptqjfy/
内科,呼吸内科,气管炎,呼吸内科,反复咳嗽、咯白色粘痰、呼吸困难、喘息,中老年人,药物治疗、中医治疗、针灸治疗、食疗,根据不同医院，收费标准不一致，市三甲医院约（3000--8000元）,否,0.46%,95%,7-10天,https://tag.120ask.com/jibing/qiguanyan/
内科,呼吸内科,伤风,呼吸内科,头痛、流鼻涕、反复感冒、打喷嚏、舌苔黄、咽痛、口燥咽干、咳嗽,所有群体,药物治疗,根据不同医院，收费标准不一致，市三甲医院约（100-500元）,否,50%,98%,7天,https://tag.120ask.com/jibing/sf/
内科,呼吸内科,睡眠呼吸暂停综合征,神经内科,白天嗜睡夜间失眠、打鼾、头痛、智力减低、心律失常、男子性功能障碍、呼吸速率减慢且规则、呼吸异常、呼吸反射调节受损、疲劳、病理性REM睡眠、气息异常,肥胖人群，老年人,手术治疗,根据不同医院，收费标准不一致，市三甲医院约（3000 —— 8000元）,否,肥胖人群中发病率可达15%,75%,4-6月,https://tag.120ask.com/jibing/smhxztzhz/
内科,呼吸内科,细菌性肺炎,呼吸内科,发烧、持续高烧、咳嗽、咳痰、胸痛、畏寒、黏液脓性痰、咳出黄色痰液	、咳铁锈色痰、头痛、肌肉酸痛、乏力,所有人群,药物治疗,根据不同医院，收费标准不一致，市三甲医院约（3000 —— 8000元）,否,人群患病概率0.033%,,治疗周期7天,https://tag.120ask.com/jibing/xjxfy/
内科,呼吸内科,哮喘,呼吸内科,小支气管平滑肌挛缩、气喘、鼻煽、喉鸣声、干咳、紫绀、呼吸困难、端坐呼吸、抬肩以助呼吸、吐泡沫痰、剧烈运动后哮喘、活动后气促,所有人群,药物治疗,根据不同医院，收费标准不一致，市三甲医院约（5000-10000元）,否,0.30%(中国哮喘患者约3000万，在某些特定人群特定年龄段中该病的发病率( 20岁以下患病概率0.30%）),80%(当今的治疗手段可使接近80%的哮喘患者疾病得到非常好的控制，工作生活几乎不受疾病的影响。),15天(国内最认可的有效治疗手段的该病治疗周期为15天左右，在春季容易复发，治疗周期会适当延长。),https://tag.120ask.com/jibing/xiaochuan/
内科,呼吸内科,胸膜炎,呼吸内科、胸外科,剧烈胸痛、咳嗽、胸闷、气急、呼吸困难,青壮年人群,药物治疗,根据不同医院，收费标准不一致，市三甲医院约（3000-5000元）,否,0.3%-0.5%,80--90%,10-30天,https://tag.120ask.com/jibing/xiongmoyan/
内科,呼吸内科,支气管肺炎,呼吸内科,不规则发烧或高烧、咳嗽咳痰、呼吸困难、食欲不振、腹泻、呕吐,所有人群,西药治疗、中药治疗、饮食调理,根据不同医院，收费标准不一致，市三甲医院约3000--6000元,否,患病率20%,,治疗周期10-20天,https://tag.120ask.com/jibing/zqgfy/
内科,呼吸内科,支气管扩张,呼吸内科,慢性咳嗽、大量脓痰、反复咯血,儿童和青年,药物治疗,根据不同医院，收费标准不一致，市三甲医院约（3000-5000元）,否,0.6%,80%,2-3月,https://tag.120ask.com/jibing/zqgkz/
内科,呼吸内科,支气管炎,呼吸内科,咳嗽、咳痰、气喘,所有人群,药物治疗、支持疗法,根据不同医院，收费标准不一致，市三甲医院约（2000 —— 5000元）,否,0.07%,80%,1-6个月,https://tag.120ask.com/jibing/zqgy/
内科,呼吸内科,支原体肺炎,呼吸内科,阵发性刺激性干咳、或者咳少量粘痰、发热畏寒、全身乏力、酸痛,所有人群,药物治疗、支持疗法,根据不同医院，收费标准不一致，市三甲医院约（5000 —— 8000元）,否,0.02%,60-80%,6-8周,https://tag.120ask.com/jibing/zytfy/
内科,呼吸内科,肺癌,肿瘤科,刺激性咳嗽、痰中带血,40岁以上男性,手术治疗、化学治疗,根据不同医院，收费标准不一致，市三甲医院约（50000-100000元）,否,0.05%(吸烟男性发病率极高),40%,1-2个月,https://tag.120ask.com/jibing/feiai/
内科,呼吸内科,甲型H1N1流感,传染科,发烧、周身不适、咳嗽、咽痛、食欲异常、咳痰、右胸痛、流感样症状、一过性的流感样症状、咽喉炎,所有人群,药物治疗,根据不同医院，收费标准不一致，市三甲医院约（10000 —— 20000元）,是,0.003%,70%,1-3周,https://tag.120ask.com/jibing/jxh1n1lg/
内科,呼吸内科,新生儿喉喘鸣,新生儿科,呼吸困难、发绀、声音嘶哑,儿童人群,药物治疗,根据不同医院，收费标准不一致，市三甲医院约5000--10000,否,0.002%,80%,3-6个月,https://tag.120ask.com/jibing/xsehcm/
内科,呼吸内科,扁桃体肿大,耳鼻喉科,咽干咽痒、咽痛、嗓子痛,所有人群,药物治疗,根据不同医院，收费标准不一致，市三甲医院约（800—— 1000元）,否,0.37%,95%,7-10天,https://tag.120ask.com/jibing/bttzd/
内科,呼吸内科,变应性鼻炎,耳鼻喉科,鼻内发痒、打喷嚏、鼻粘膜苍白水肿、流清涕、咳嗽,所有人群,药物治疗、物理治疗,根据不同医院，收费标准不一致，市三甲医院约（5000--10000元）,否,0.002%,75%,1-2个月,https://tag.120ask.com/jibing/byxby/
内科,呼吸内科,一氧化碳中毒,急诊科,头痛 、 无力 、 眩晕 、口唇呈樱桃 红色可有恶心 、 呕吐 、 意识模糊 、虚脱或昏迷 伴有高热 、四肢肌张力增强和阵发性或强直性痉挛,使用煤火或可能接触一氧化碳的人群,吸氧、西药,根据病情及就诊医院不同，收费标准不一致，市三甲医院约（2000 —— 10000）,否,5%,60%,1-3天,https://tag.120ask.com/jibing/yyhtzd/
内科,呼吸内科,吸入性肺炎,呼吸内科,痉挛性咳嗽、呼吸困难、发绀、咳泡沫黏液痰、血丝痰、肺部可闻及干湿啰音及哮鸣音、低氧血症、急性呼吸窘迫综合征、代谢性酸中毒、吸入综合征、水肿,所有人群,药物治疗,根据不同医院，收费标准不一致，市三甲医院约（3000 —— 8000元）,否,0.05%,95%,1-3月,https://tag.120ask.com/jibing/xrxfy/
内科,呼吸内科,过敏性哮喘,呼吸内科,打喷嚏、流鼻涕、胸闷、紫绀、咳嗽、吐泡沫痰,所有人群,药物治疗,根据不同医院，收费标准不一致，市三甲医院约（3000 —— 5000元）,否,0.13%,30%,7-14天,https://tag.120ask.com/jibing/gmxxc/
内科,呼吸内科,呼吸道异物,呼吸内科、急诊科,气喘、痰鸣、窒息,呛食人群、感冒患者、哮喘患者,中医药物治疗、清金化痰汤,根据不同医院，收费标准不一致，市三甲医院约（500-1000元）,否,0.002%,70%,1个月,https://tag.120ask.com/jibing/hxdyw/
内科,呼吸内科,Goodpasture综合征,呼吸内科、风湿科,咯血、呼吸困难、血尿、肾功能衰竭、啰音、蛋白尿、咳嗽、急性肾衰竭、胸痛,所有人群,药物治疗,根据不同医院，收费标准不一致，市三甲医院约2000-4000元,否,发病率约为0.004%--0.007%,40-60%,6-12周,https://tag.120ask.com/jibing/goodpasturezhz/
内科,呼吸内科,热伤风,呼吸内科、中医科,流黄鼻涕、足趾发凉怕冷，呈苍白色或紫红色、头痛、四肢酸痛无力、腹痛伴恶心、呕吐、高热不退、口渴喜饮、五心烦热,所有群体,药物治疗,根据不同医院，收费标准不一致，市三甲医院约（50-100元）,否,10%,90%,1-2周,https://tag.120ask.com/jibing/reshangfeng/
内科,呼吸内科,呼吸性碱中毒,急诊科,发热、头晕胸闷、呼吸快深、严重者出现昏厥、意识障碍、手足面部麻木、肌肉震颤、四肢抽搐,所有人群,药物治疗、支持疗法,根据不同医院，收费标准不一致，市三甲医院约（10000 —— 30000元）,否,0.3%,80%,1-7天,https://tag.120ask.com/jibing/hxxjzd/
内科,呼吸内科,胸壁结核,心胸外科、感染科,感染性发热、脓肿 、消瘦、乏力、盗汗 、低热、虚弱无力、疼痛,20-40岁的青、中年人，男性较多,药物、手术治疗,根据不同医院，收费标准不一致，市三甲医院约（9000 ——10000元）,是,0.0035%,70%,2-4个月,https://tag.120ask.com/jibing/xbjh/
内科,呼吸内科,肺大疱,心胸外科,胸痛、胸闷、气短、呼吸困难、剧烈运动后哮喘、寒战、持续性发热、发绀、心悸、疲劳、咳嗽、紫绀,所有群体,药物治疗、手术治疗,根据不同医院，收费标准不一致，市三甲医院约（5000-10000元）,否,发病率约为0.003%-0.007%，多见于吸烟人群,,2-4周,https://tag.120ask.com/jibing/feida/
内科,呼吸内科,妊娠合并肺栓塞,呼吸内科、产科,呼吸困难、面色苍白、出冷汗、急性疼痛、右心衰竭、脑缺氧、妊娠期胸痛、休克、咳嗽、晕厥,孕妇,药物治疗,根据不同医院，收费标准不一致，市三甲医院约（1000 —— 5000元）,否,孕妇中发病率约0.01%,60-70%,1-3个月,https://tag.120ask.com/jibing/rshbfss/
内科,呼吸内科,妊娠合并肺炎,呼吸内科,发热伴寒战、胸痛、咳痰、肌痛、头痛、湿啰音,孕妇,药物治疗,根据不同医院，收费标准不一致，市三甲医院约（3000 —— 8000元）,否,0.021%,90%,7-10天,https://tag.120ask.com/jibing/rshbfy/
内科,呼吸内科,妊娠合并哮喘,呼吸内科,孕妇胸闷气短、胸闷、喘息、呼吸困难、咳嗽伴哮鸣音、咳嗽、焦虑、端坐呼吸,孕妇,药物治疗,根据不同医院，收费标准不一致，市三甲医院约（3000 —— 8000元）,否,0.0025%,60%,10天,https://tag.120ask.com/jibing/rshbxc/
内科,呼吸内科,新生儿窒息,新生儿科,面色青紫、新生儿反应低下、呼吸不规则、新生儿少哭、新生儿青紫、异常体位所致的窒息、窒息、新生儿气促、新生儿心力衰竭、新生儿发绀、胎儿窘迫、面色苍白,新生儿,药物治疗、手术治疗,根据不同医院，收费标准不一致，市三甲医院约（3000-5000元）,否,1%,80%,1-2周,https://tag.120ask.com/jibing/xsezx/
内科,呼吸内科,新生儿呼吸窘迫综合征,新生儿科,呼吸困难、新生儿青紫、呼气困难、三凹征、呼吸衰竭、急性呼吸窘迫综合征、呻吟,新生儿,药物治疗、手术治疗,根据不同医院，收费标准不一致，市三甲医院约（3000-10000元）,否,0.05%,85%,2-4月,https://tag.120ask.com/jibing/xsehxjpzhz/
内科,呼吸内科,新生儿衣原体感染,新生儿科,眼睛发红、咳嗽、鼻塞、新生儿气促、咽炎、舌炎、龈炎、发烧、眼痛、反复高热、咳痰、新生儿鼻塞,儿童人群,药物治疗,根据不同医院，收费标准不一致，市三甲医院约（3000 —— 5000元）,是,0.0004%，多见于母亲有衣原体感染性尿道炎,90%,10-30天,https://tag.120ask.com/jibing/xseyytgr/
内科,呼吸内科,百日咳,儿内科,犬吠样咳嗽、发热、流鼻涕、口唇发绀、流泪、抽搐、大小便失禁、水肿、吸气时有蝉鸣音,儿童人群,药物治疗,根据不同医院，收费标准不一致，市三甲医院约（3000 —— 5000元）,是,0.005%,60%-80%,1-2个月,https://tag.120ask.com/jibing/bairike/
内科,呼吸内科,大量羊水吸入,新生儿科,胎儿窘迫、呼吸困难、新生儿青紫、紫绀,胎儿在宫内或分娩过程中,药物治疗,根据不同医院，收费标准不一致，市三甲医院约（1000 —— 5000元）,否,0.001%,85%,1-3周,https://tag.120ask.com/jibing/dlysxr/
内科,呼吸内科,胎粪吸入综合征,新生儿科,呼吸急促、呼吸困难、发绀、鼻翼扇动、呻吟、湿啰音、新生儿青紫、意识障碍、惊厥、红细胞增多,多见于足月儿和过期产儿,药物、手术治疗,根据不同医院，收费标准不一致，市三甲医院约（10000 —— 15000元）,否,0.25%,90%,7-14天,https://tag.120ask.com/jibing/tfxrzhz/
内科,呼吸内科,乳汁吸入性肺炎,儿科,呛咳、咳嗽、青紫、气促、紫绀,新生儿,手术治疗（气管插管吸净气管内奶汁）、药物治疗,根据不同医院，收费标准不一致，市三甲医院约（10000 —— 30000元）,否,0.3%,90%,7-10天,https://tag.120ask.com/jibing/rzxrxfy/
内科,呼吸内科,小儿流行性感冒,儿科,咳嗽、鼻涕、发烧、声音嘶哑、哭闹、喉部有痰、喉痒咳嗽、精神疲乏、结膜充血、流泪、淋巴结肿大、惊厥、恶心呕吐,1岁以内的婴儿,饮食、运动、药物、中医治疗,根据不同医院，收费标准不一致，市三甲医院约（500 —— 1000元）,否,80%,,治疗周期7天,https://tag.120ask.com/jibing/xelxxgm/
内科,呼吸内科,小儿结核病,传染科,低热、盗汗、乏力、胃纳减退、消瘦、失眠,原发性结核好发于青少年,药物治疗、手术治疗、支持治疗,根据不同医院，收费标准不一致，市三甲医院约（5000 —— 10000元）,是,0.0001%,75%,3-6个月,https://tag.120ask.com/jibing/xejhb/
内科,呼吸内科,小儿急性支气管炎,儿内科,发热、咳嗽咳痰、气喘、发作性喘憋、呼吸困难、胸骨后疼痛、力、食欲不振、呕吐,儿童人群,药物治疗、支持疗法,根据不同医院，收费标准不一致，市三甲医院约（5000 —— 8000元）,否,婴幼儿发病率约为40%,,治疗周期7天,https://tag.120ask.com/jibing/xejxzqgy/
内科,呼吸内科,新生儿肺不张,新生儿科,高热、发绀、胸痛、心悸、呼吸异常、脉速而无力、发烧、膈肌移高,新生儿,药物治疗,根据不同医院，收费标准不一致，市三甲医院约（5000 —— 10000元）,否,0.001%,10%,1-3天,https://tag.120ask.com/jibing/xsefbz/
内科,呼吸内科,腺病毒肺炎,呼吸内科,咳嗽、鼻翼扇动、三凹征、肺泡出血、高热、咽部充血、喘息、口唇青紫、爪甲青紫、呼吸音减弱、管性呼吸音、干啰音,所有人群,药物治疗,根据不同医院，收费标准不一致，市三甲医院约（3000 —— 8000元）,否,0.0035%,70%,10-30天,https://tag.120ask.com/jibing/xbdfy/
内科,呼吸内科,汞中毒,急诊科,咽喉干燥及灼热感、齿龈炎、口腔溃疡、牙龈肿胀、发烧、化学性支气管炎、肺部感染、呼吸衰竭、肾功能衰竭、皮炎、红斑样皮疹、牙龈出血,所有人群,药物治疗,根据不同医院，收费标准不一致，市三甲医院约2000-5000元,否,0.003%,30%,10天,https://tag.120ask.com/jibing/gongzhongdu/
内科,呼吸内科,光气中毒,急诊科,恶心呕吐、咳嗽、头晕、胸痛、胸闷、心悸、咯血、呼吸异常、眩晕、咳痰、疲劳,职业接触者,药物治疗,根据不同医院，收费标准不一致，市三甲医院约（5000 —— 10000元）,否,0.00001%,10--30%,3--8周,https://tag.120ask.com/jibing/gqzd/
内科,呼吸内科,硫化氢中毒,急诊科,流泪、流鼻涕、咳嗽、溃疡、窒息、眼睛刺痛、结膜充血、干啰音、头晕、乏力、恶心、胸闷,职业接触者,药物治疗,根据不同医院，收费标准不一致，市三甲医院约（5000 —— 10000元）,否,发病罕见，发生率约为0.002%--0.005%,60-70%,1-3个月,https://tag.120ask.com/jibing/lhqzd/
内科,呼吸内科,苯中毒,急诊科,恶心与呕吐、头晕头疼、步态不稳、幻觉、意识丧失、抽搐、血压下降、呼吸异常、谵妄、昏迷,所有人群,药物治疗、支持疗法,根据不同医院，收费标准不一致，市三甲医院约（5000 —— 8000元）,否,0.065%，多见于制鞋工人,75%,2-4周,https://tag.120ask.com/jibing/benzhongdu/
内科,呼吸内科,减压病,呼吸内科,皮肤瘙痒、肢体疼痛、骨无菌性坏死、截瘫、大小便失禁、关节疼痛、腹痛、头痛、皮肤型屈肢症、肺含水量增加,所有人群,药物治疗,根据不同医院，收费标准不一致，市三甲医院约2000-5000元,否,0.0001%,60%,1--3周,https://tag.120ask.com/jibing/jianyabing/
内科,呼吸内科,疱疹性咽峡炎,呼吸内科、耳鼻喉科,咽喉疼痛、厌食、口腔小水疱、口腔溃疡、吞咽困难、四肢酸痛无力、流鼻涕、烦躁不安,所有人群,药物治疗,根据不同医院，收费标准不一致，市三甲医院约（500 —— 1000元）,否,50%-70%,90%,2-4周,https://tag.120ask.com/jibing/zxyxy/
内科,呼吸内科,军团病,呼吸内科、传染科,高热、寒战、肌肉酸痛、胸痛、失眠、恶心与呕吐、咳嗽、头痛、腹泻、休克、胸腔积液、腹痛,所有人群,药物治疗,根据不同医院，收费标准不一致，市三甲医院约1000-3000元,否,0.003%,75%,2-6周,https://tag.120ask.com/jibing/juntuanbing/
内科,呼吸内科,禽流感,传染病科,发热、流涕、鼻塞、咳嗽、咽痛、头痛、全身不适,所有人群,西药治疗、中药治疗,根据不同医院，收费标准不一致，市三甲医院约(10000--30000元),是,0.0001%--0.0005%(具有流行性),75%,7-14天,https://tag.120ask.com/jibing/qinliugan/
内科,呼吸内科,甲流,感染科,高热、畏寒、头痛、咳嗽咳痰血、喉痛、身体疼痛、呼吸困难、精神疲惫、四肢乏力,所有人群,西药治疗、中药治疗,根据不同医院，收费标准不一致，市三甲医院约10000--30000元,否,0.06%,80%,2--4周,https://tag.120ask.com/jibing/jialiu/
内科,呼吸内科,咽峡炎,耳鼻喉科,咽痛、发热、恶心、呕吐,15岁以下儿童,药物治疗,根据不同医院，收费标准不一致，市三甲医院约（100 —— 300元）,否,1-5%,90%,5-7天,https://tag.120ask.com/jibing/yxy/
内科,呼吸内科,衣原体感染,感染科,尿道内不适、刺痛、烧灼感、尿频、尿急、尿痛,所有人群,药物治疗,根据不同医院，收费标准不一致，市三甲医院约（3000--5000元）,是,0.006%,80%,14-30天,https://tag.120ask.com/jibing/yytgr/
内科,呼吸内科,尘肺病,职业病科,胸闷、 气短 、咳嗽 、咳痰 、胸痛,矿工人群,手术治疗、保守治疗,根据不同医院，收费标准不一致，市三甲医院约（3000 —— 5000元）,否,0.0035%,10%,终身间歇性治疗,https://tag.120ask.com/jibing/cfb/
内科,呼吸内科,乳糜胸,心胸外科,胸痛、呼吸异常、气息异常、胸腔积液、呼吸困难、营养不良、免疫功能障碍,所有人群,药物治疗,根据不同医院，收费标准不一致，市三甲医院约（3000 —— 8000元）,否,0.001%,80%,1-2个月,https://tag.120ask.com/jibing/rumixiong/
内科,呼吸内科,高原性心脏病,心血管内科,头痛、疲乏、食欲不振、咳嗽、指甲床发绀、心悸、颈静脉怒张、烦躁不安、口唇发绀、精神萎靡、呼吸急促、水肿,高原生活群体,药物治疗、高压氧疗,根据不同医院，收费标准不一致，市三甲医院约（50000-80000元）,否,0.001%-0.003%,60%,10天-15天,https://tag.120ask.com/jibing/gyxxzb/
内科,呼吸内科,脑型肺吸虫病,呼吸内科、感染科,腹痛、腹泻、咳嗽、咳铁锈色痰、胸痛、头痛、颅内压增高、癫痫和癫痫样发作,无特殊发病群体,药物治疗、手术治疗,根据不同医院，收费标准不一致，市三甲医院约（5000-10000元）,是,0.0001%-0.0002%,70%,>30天,https://tag.120ask.com/jibing/nxfxcb/
内科,呼吸内科,咳嗽,呼吸内科,咳痰、咳痰,所有人群,药物治疗,根据不同医院，收费标准不一致，市三甲医院约（300 —— 800元）,否,40%(40%),95%(小部分发展成为慢性咳嗽而迁延不愈),1-6个月,https://tag.120ask.com/jibing/kesu/
内科,呼吸内科,间质性肺炎,呼吸内科,胸闷、乏力、咳嗽、咳痰、呼吸衰竭、烦躁不安、呼吸困难,所有群体,药物治疗,根据不同医院，收费标准不一致，市三甲医院约（3000-5000元）,否,0.001%,50%,1-3个月,https://tag.120ask.com/jibing/jzxfy/
内科,呼吸内科,急性上呼吸道感染,呼吸内科,畏寒发热、咳嗽咳痰、全身酸痛、鼻塞流涕,所有人群,药物治疗,根据不同医院，收费标准不一致，市三甲医院约（300 — 2000元）,否,100%,100%,5--7天,https://tag.120ask.com/jibing/jxshxdgr/
内科,呼吸内科,呼吸衰竭,呼吸内科、ICU,呼吸困难、呼吸急促、紫绀、意识障碍,心脏血管患者,药物治疗、手术治疗,根据不同医院，收费标准不一致，市三甲医院约（3000-10000元）,否,0.005%,70%,1-2个月,https://tag.120ask.com/jibing/hxsj/
内科,呼吸内科,小细胞肺癌,心胸外科,咳嗽、咯血、喘鸣、胸闷、气急、体重下降、发热,所以人群,药物治疗,根据不同医院，收费标准不一致，市三甲医院约（20000—— 50000元）,否,0.015%,40%-60%,1-5年,https://tag.120ask.com/jibing/xxbfa/
内科,呼吸内科,肺水肿,呼吸内科,阵发性夜间呼吸困难、端坐呼吸、口唇发绀、粉红色泡沫痰、全身持续性水肿、肺门阴影增多、咳嗽、肾源性水肿、皮下组织水肿、紫绀、水中毒、弥漫性鼓音,所有人群,药物治疗,根据不同医院，收费标准不一致，市三甲医院约（6000 —— 20000元）,否,0.05%，多见于重症肺炎、COPD,75%治愈率,3-6周,https://tag.120ask.com/jibing/feishuizhong/
内科,呼吸内科,肺淋巴管平滑肌瘤,肿瘤科,呼吸困难进行性加重、咳嗽较轻、干咳或有少量白色泡沫样痰、咳血,主要在绝经期妇女,药物治疗、手术治疗,根据不同医院，收费标准不一致，市三甲医院约30000--50000元,否,发病率约为0.05%-0.08%,,4-6周,https://tag.120ask.com/jibing/flbgphjl/
内科,呼吸内科,特发性肺纤维化,呼吸内科,干咳、咳痰、咳嗽、呼吸困难、紫绀、呼吸衰竭、鼻翼扇动、消瘦、杵状指（趾）、右心衰竭、乏力、食欲不振,所有群体,药物治疗,根据不同医院，收费标准不一致，市三甲医院约（5000-10000元）,否,0.00025%，60岁以上老年男性多见，多有吸烟史,70%,1-3个月,https://tag.120ask.com/jibing/tfxfxwh/
内科,呼吸内科,小叶性肺炎,呼吸内科,发热、咳嗽、呼吸困难和发绀、全身疲乏无力、食欲减退、肺部可闻及中、小湿罗音,所有人群,药物治疗,根据不同医院，收费标准不一致，市三甲医院约（5000 —— 8000元）,否,0.0035%,85%,2-4周,https://tag.120ask.com/jibing/xyxfy/
内科,呼吸内科,组织细胞增多症X,血液内科,斑丘疹、喘息、大小便失禁、低热、多尿、多饮、腹泻、干咳,所有人群,病灶局部手术清除、局部放疗、化疗及免疫治疗,根据不同医院，收费标准不一致，市三甲医院约（50000 —— 100000元）,否,发病罕见，约0.001%,,3-6年,https://tag.120ask.com/jibing/zzxbzdzX/
内科,呼吸内科,肺纤维化,呼吸内科,呼吸困难、紫绀、咳嗽、咳痰、呼吸衰竭、干咳、关节酸痛,所有人群,药物治疗,根据不同医院，收费标准不一致，市三甲医院约（3000 —— 5000元,否,"50 岁以上的男性,发病率接近0.01%",60%,3个月,https://tag.120ask.com/jibing/fxwh/
内科,呼吸内科,矽肺,呼吸内科,呼吸困难、咳嗽、咳痰、胸闷、胸痛,沙石厂工人,药物治疗,根据不同医院，收费标准不一致，市三甲医院约（3000-5000元）,否,0.001%,85%,1-3年,https://tag.120ask.com/jibing/xifei/
内科,呼吸内科,慢性嗜酸性粒细胞性肺炎,呼吸内科、急诊科,低热、出汗异常、体重减轻、咳嗽、咳痰、呼吸困难、呼吸衰竭、咯血,所有人群,药物治疗,根据不同医院，收费标准不一致，市三甲医院约（3000 —— 5000元）,否,0.005%,40%,3个月,https://tag.120ask.com/jibing/mxssxlxbxfy/
内科,呼吸内科,大叶性肺炎,呼吸内科,高热寒战、胸痛、咳嗽、咳铁锈色痰、紫绀、腹胀、腹泻、烦躁不安、谵妄、呼吸急促、鼻翼扇动、咳痰,青壮年,药物治疗,根据不同医院，收费标准不一致，市三甲医院约（2000-5000元）,否,0.4%,90%,7天,https://tag.120ask.com/jibing/dyxfy/
内科,呼吸内科,肺泡蛋白质沉积症,呼吸内科,发热伴咳嗽、咯痰、胸痛、干咳、乏力、胸痛、体重减轻、紫绀、呼吸困难、杵状指,男性青壮年,药物治疗、手术治疗,根据不同医院，收费标准不一致，市三甲医院约（ 5000——15000 元）,否,0.002%,40%,3个月,https://tag.120ask.com/jibing/fpdbzcjz/
内科,呼吸内科,肺曲菌病,呼吸内科,喘息、咳嗽、咳痰、发烧、咯血、胸痛、呼吸困难,所有人群,药物治疗,根据不同医院，收费标准不一致，市三甲医院约（3000 —— 5000元）,否,0.024%,85%,1-3月,https://tag.120ask.com/jibing/fqjb/
内科,呼吸内科,肺炎球菌肺炎,呼吸内科,高热、肌肉酸痛、胸痛、咳痰、铁锈色痰、小支气管粘膜水肿、脓胸、肺部感染、寒战、嗜睡、昏迷、腹痛,所有群体,药物治疗,根据不同医院，收费标准不一致，市三甲医院约（500-1000元）,否,发病率约3-5%,80%,1个月,https://tag.120ask.com/jibing/fyqjfy/
内科,呼吸内科,急性支气管炎,呼吸内科,咳嗽、鼻塞、寒战、低热、干咳、脓痰、呼吸困难、支气管分泌物增加、胸骨后烧灼样痛、捻发音、哮鸣音,婴幼儿,药物治疗,根据不同医院，收费标准不一致，市三甲医院约（500-1000元）,否,100%,99%,治疗周期7天,https://tag.120ask.com/jibing/jxzqgy/
内科,呼吸内科,克雷白杆菌肺炎,呼吸内科,高热寒战、胸痛、咳嗽咳痰、腹泻、黄疸、恶心、呕吐、休克,所有人群,药物治疗,根据不同医院，收费标准不一致，市三甲医院约4000--7000元,否,在人群发生率在0.0065%,,7-14天。,https://tag.120ask.com/jibing/klbgjfy/
内科,呼吸内科,感染性休克,急诊科,血管内凝血、视网膜水肿、视乳头水肿、皮肤苍白、收缩压下降、脉压小、少尿、血小板减少、白细胞减少、肝功能受损、昏迷、甲皱毛细血管袢数减少,所有群体,药物治疗,根据不同医院，收费标准不一致，市三甲医院约（10000-30000元）,否,0.15%,98%,3-6周,https://tag.120ask.com/jibing/grxxk/
内科,呼吸内科,气胸,呼吸内科、胸外科,气急、血胸、紫绀、休克,所有人群,药物治疗、手术治疗,根据不同医院，收费标准不一致，市三甲医院约（3000 —— 5000元）,否,0.23%,86.2%,15天,https://tag.120ask.com/jibing/qixiong/
内科,呼吸内科,气管肿瘤,心胸外科,咳嗽、溃疡、瘤细胞浸润、痰中带血、气短、呼吸困难、声音嘶哑、吞咽困难、肺部化脓性感染、继发感染、气管阻塞、食管气管瘘,所有人群,药物治疗,根据不同医院，收费标准不一致，市三甲医院约（3000 —— 5000元）,否,本病罕见，发病率约为0.0002%-0.0004%,,4-8周,https://tag.120ask.com/jibing/qgzl/
内科,呼吸内科,妊娠合并肺结核,产科、感染科,消瘦、孕妇乏力、咯血伴胸痛、发热伴咳嗽、咯痰、胸痛、盗汗,所有人群,药物治疗,根据不同医院，收费标准不一致，市三甲医院约（3000 —— 5000元）,是,发病率约0.02%--0.05%,80%,2年,https://tag.120ask.com/jibing/rshbfjh/
内科,呼吸内科,小儿急性喉炎,儿内科、耳鼻喉科,犬吠样咳嗽、小儿咳嗽、三凹征、咳声嘶哑、发烧、吸气困难、失音、咽喉炎、鼻翼扇动、出冷汗、脉搏加速、口鼻周围发绀,婴幼儿,药物治疗,根据不同医院，收费标准不一致，市三甲医院约（100-300元）,否,2%(婴幼儿患病概率2%),99%,7天,https://tag.120ask.com/jibing/xejxhy/
内科,呼吸内科,肺部疾病,呼吸内科,咳嗽、胸闷、咳血、发热,儿童、老年人,西药治疗,根据不同医院，收费标准不一致，市三甲医院约（5000—— 10000元）,否,1--5%,50--70%,1年,https://tag.120ask.com/jibing/fbjb/
内科,呼吸内科,军团菌肺炎,呼吸内科,周身不适、肌痛、胸痛、干咳、高热、呼吸困难、定向力障碍、昏迷、呕吐、腹泻为水样带黏液恶臭无脓血、急性面容、呼吸急促,中老年或有慢性疾病患者,药物治疗,根据不同医院，收费标准不一致，市三甲医院约（500-1000元）,是,0.058%,91%,7天,https://tag.120ask.com/jibing/jtjfy/
内科,呼吸内科,卡氏肺囊虫肺炎,呼吸内科,呼吸急促、咳嗽、紫绀、三凹征、呼吸困难、烦躁不安、恶心与呕吐、腹泻、发烧、干咳,儿童,药物治疗,根据不同医院，收费标准不一致，市三甲医院约（500-1000元）,否,0.002%,60%,3个月,https://tag.120ask.com/jibing/ksfncfy/
内科,呼吸内科,结核性胸膜炎,呼吸内科、传染病科,畏寒、乏力、食欲不振、盗汗、胸部锐痛、干咳、呼吸困难,所有人群,西药治疗、手术治疗,根据不同医院，收费标准不一致，市三甲医院约8000--15000元,是,0.01%,95%,3-6月,https://tag.120ask.com/jibing/jhxxmy/
内科,呼吸内科,A链球菌群感染,呼吸内科,发烧、咽痛、头痛、脓疱、休克、伤口感染、咽喉炎、扁桃体发炎、持续性发热、扁桃体充血、水肿、衰弱,所有人群,药物治疗,根据不同医院，收费标准不一致，市三甲医院约1000-3000元,否,人群患病概率9%,,治疗周期7天,https://tag.120ask.com/jibing/alqjqgr/
内科,呼吸内科,贝壳甲综合征,儿外科,营养不良、 杵状指（趾）、 骨端增大 、甲板与甲床分离,小儿,西医疗法、中医疗法,根据不同医院，收费标准不一致，市三甲医院约（1000-5000元）,否,发病率约0.002%--0.006%,60%,1-2月,https://tag.120ask.com/jibing/bkjzhz/
内科,呼吸内科,播散性嗜酸粒细胞增多性胶原病,呼吸内科,咳嗽、心力衰竭、便秘、失眠、淋巴结肿大、腹泻、恶心与呕吐、肝脾肿大、嗜酸性粒细胞增多、乏力、食欲不振、弛张热,所有人群,药物治疗,根据不同医院，收费标准不一致，市三甲医院约2000-4000元,否,0.0001%,75%,10-30天,https://tag.120ask.com/jibing/bsxsslxbzdxjyb/
内科,呼吸内科,阿司匹林诱发哮喘,呼吸内科,剧烈哮喘、紫绀，眼结膜充血，大汗淋漓，不能平卧，烦躁不安，或打喷嚏、流清涕、出荨麻疹、或血压下降,部分服用阿司匹林患者,药物治疗、支持疗法,根据不同医院，收费标准不一致，市三甲医院约（5000 —— 8000元）,否,0.0045%,80%,1-7天,https://tag.120ask.com/jibing/asplyfxc/
内科,呼吸内科,不动杆菌肺炎,呼吸内科,寒战、高热、咳嗽、咳出黄色痰液	、脓痰、痰中带血、呼吸困难、恶心与呕吐、尿痛、尿急、腹泻,所有人群,药物治疗,根据不同医院，收费标准不一致，市三甲医院约（3000 —— 5000元）,否,特定人群60%,95%,3-6周,https://tag.120ask.com/jibing/bdgjfy/
内科,呼吸内科,埃利希体病,呼吸内科,发烧、斑丘疹 、头痛、恶心与呕吐、肾衰竭,所有人群,药物治疗,根据不同医院，收费标准不一致，市三甲医院约（3000 —— 8000元）,否,本病罕见，发病率约为0.0001%-0.0004%,15%-35%，多以控制症状为主,3-6个月,https://tag.120ask.com/jibing/alxtb/
内科,呼吸内科,鼻疽,耳鼻喉科,不规则热、淋巴结肿大、蜂窝组织炎、鼻中隔穿孔、呼吸困难、周身不适、头痛、食欲缺乏、身痛、呕吐、腹泻、脾肿大,所有人群,药物治疗,根据不同医院，收费标准不一致，市三甲医院约（1000 —— 5000元）,否,1-2%,70%,10天-30天,https://tag.120ask.com/jibing/biju/
内科,呼吸内科,不动杆菌感染,呼吸内科,咳嗽、胸痛、不规则热、气急、痰中带血、发绀、败血症、毒血症、皮肤瘀点、皮肤瘀斑、肝脾肿大、咳痰,所有人群,药物治疗,根据不同医院，收费标准不一致，市三甲医院约3000-5000元,否,发病率约为0.003%--0.007%,60-80%,2-4周,https://tag.120ask.com/jibing/bdgjgr/
内科,呼吸内科,氨气中毒,急诊科,喉部痉挛、声音嘶哑、化学性皮肤灼伤、发绀、呼吸困难、呼吸衰竭、流泪、喉头水肿、支气管痉挛、化学性支气管炎、咳嗽,所有人群,药物治疗,根据不同医院，收费标准不一致，市三甲医院约（1000 —— 5000元）,否,0.005%,80%,2-4周,https://tag.120ask.com/jibing/aqzd/
内科,呼吸内科,鼻疽假单胞菌肺炎,呼吸内科,高热寒战、咳嗽、胸痛、呼吸急促、脓肿 、身痛、鼻甲肿胀、啰音、鼻前庭部发痒、肺部感染、脓疱、鼻前庭囊肿,所有人群,药物治疗,根据不同医院，收费标准不一致，市三甲医院约（2000 —— 5000元）,否,0.0052%,65%,3个月,https://tag.120ask.com/jibing/bjjdbjfy/
内科,呼吸内科,不动纤毛综合征,呼吸内科,反复上呼吸道感染、呼吸困难、肺不张、咳嗽、咯血、咳痰、纤毛清除功能障碍、纤毛结构缺陷、脓痰、鼻孔流脓、耳流脓、耳鼓膜穿孔,所有人群,药物治疗,根据不同医院，收费标准不一致，市三甲医院约（2000 —— 5000元）,否,0.0025%,68%,1个月,https://tag.120ask.com/jibing/bdxmzhz/
内科,呼吸内科,B链球菌群感染,感染科,发热、头晕、呕吐、腹泻、肝肿大,所有人群,药物治疗,根据不同医院，收费标准不一致，市三甲医院约（3000 —— 8000元）,否,7.9%,93%,7天,https://tag.120ask.com/jibing/blqjqgr/
内科,呼吸内科,鼻旁窦支气管综合征,呼吸内科,头痛、鼻塞、咳嗽、咳痰、啰音、鼻分泌物增多、流鼻涕、局部压痛、喘息、呼吸困难、湿啰音,所有人群,药物治疗,根据不同医院，收费标准不一致，市三甲医院约（1000 —— 5000元）,否,发病率约为0.003%-0.005%,70%,3-6个月,https://tag.120ask.com/jibing/bpzqgzhz/
内科,呼吸内科,病毒性出血热,感染科,发烧、低血压、休克、发热伴出血、出血性丘疹,所有人群,药物治疗,根据不同医院，收费标准不一致，市三甲医院约（3000 —— 8000元）,是,0.002%,60%,3--8周,https://tag.120ask.com/jibing/bdxcxr/
内科,呼吸内科,布氏菌肺炎,呼吸内科,咳嗽、咳痰、胸痛、淋巴结肿大、关节疼痛、休克、弛张热、不规则热、高热、畏寒、寒战、烦躁不安,所有人群,药物治疗,根据不同医院，收费标准不一致，市三甲医院约（3000 —— 8000元）,是,0.0035%,75%,3个月,https://tag.120ask.com/jibing/bsjfy/
内科,呼吸内科,巴斯德菌肺炎,呼吸内科,咳嗽、脓痰、呼吸困难、发烧、胸腔积液、咳血痰、咯血、胸痛、呼吸异常、高热,所有人群,药物治疗,根据不同医院，收费标准不一致，市三甲医院约（2000 —— 5000元）,否,人群患病概率0.02%,,治疗周期14天,https://tag.120ask.com/jibing/bsdjfy/
内科,呼吸内科,闭锁肺综合征,呼吸内科,端坐呼吸、发绀、胸廓异常、呼吸音减弱、哮鸣音、出汗异常,所有人群,药物治疗,根据不同医院，收费标准不一致，市三甲医院约（3000 —— 8000元）,否,0.002%,75%,3个月,https://tag.120ask.com/jibing/bsfzhz/
内科,呼吸内科,产碱杆菌肺炎,呼吸内科,肌痛、发烧、乏力、厌食、关节酸痛、咳嗽、咳痰、胸痛、肺部感染、红斑结节,所有人群,药物治疗,根据不同医院，收费标准不一致，市三甲医院约（1000 —— 5000元）,否,0.021%,46%,3--5周,https://tag.120ask.com/jibing/cjgjfy/
内科,呼吸内科,巴西紫热,传染科,紫癜、腹痛、高热、休克、腹泻、血压下降、胃肠道出血、少尿、发绀、流泪、呕吐、神志不清,儿童,药物治疗,根据不同医院，收费标准不一致，市三甲医院约（3000 —— 8000元）,是,0.003%,40%,1-3个月,https://tag.120ask.com/jibing/bxzr/
内科,呼吸内科,变形杆菌肺炎,呼吸科,咳嗽、咳黏稠的黄痰、寒战发热、胸痛、呼吸困难、厌食、乏力、嗜睡、烦躁不安、湿啰音,所有人群,药物治疗,根据不同医院，收费标准不一致，市三甲医院约（5000 —— 8000元）,否,发病率约为0.001%-0.003%,60%-70%,1-3个月,https://tag.120ask.com/jibing/bxgjfy/
内科,呼吸内科,肠杆菌肺炎,呼吸内科,发烧、畏寒、咳嗽、咳痰、黏液脓性痰、咯血、气急、发绀、湿啰音,所有人群,药物治疗,根据不同医院，收费标准不一致，市三甲医院约（2000 —— 5000元）,否,发病率在0.05%,75%治愈,3-5周,https://tag.120ask.com/jibing/cgjfy/
内科,呼吸内科,百草枯中毒,急诊科,舌口及咽部疼痛、烧灼感、胸闷、呼吸困难、口腔糜烂、呕吐、腹痛、血尿、蛋白尿,所有人群,手术治疗,根据不同医院，收费标准不一致，市三甲医院约（5000 —— 8000元）,否,人群患病概率0.0083%,,无法治愈,https://tag.120ask.com/jibing/bckzd/
内科,呼吸内科,斑疹伤寒立克次体肺炎,传染科,寒战、头痛、肌肉酸痛、高热、反应迟钝、谵妄、双手震颤、恶心与呕吐、腹痛、咳嗽、干咳、胸闷,所有人群,药物治疗,根据不同医院，收费标准不一致，市三甲医院约（3000 —— 8000元）,否,0.055%,80%,1-3月,https://tag.120ask.com/jibing/bzshlkctfy/
内科,呼吸内科,表皮葡萄球菌肺炎,呼吸内科,发烧、咳嗽、咳痰、啰音、咳血痰、肺部感染、菌血症、脑膜刺激征,所有人群,药物治疗,根据不同医院，收费标准不一致，市三甲医院约2000-5000元,否,发生率在易发人群中占有0.0230%,,7-15天治疗期。,https://tag.120ask.com/jibing/bpptqjfy/
内科,呼吸内科,肠球菌肺炎,呼吸内科,发烧、咳嗽、咳痰、胸痛、腹痛、白细胞增多、叶间裂常呈弧形下坠、肺部感染、咳血痰、小儿发热,所有人群,药物治疗,根据不同医院，收费标准不一致，市三甲医院约（2000 —— 5000元）,否,0.005%,60%,1-2个月,https://tag.120ask.com/jibing/cqjfy/
内科,呼吸内科,尘螨过敏性哮喘,呼吸内科,鼻痒、打喷嚏、喘息、咳嗽、呼吸困难、咳痰、喉鸣声、奇脉、耸肩喘息、流清涕、胸闷、哮鸣音,儿童,药物治疗,根据不同医院，收费标准不一致，市三甲医院约（3000 —— 8000元）,否,0.0044%,75%,30天,https://tag.120ask.com/jibing/cgmxxc/
内科,呼吸内科,喘息样支气管炎,呼吸内科,发热、喘息多在夜间或清晨加重、咳嗽以刺激性干咳为主、呼气性呼吸困难、肺部可闻哮鸣音、吸气时可有中小湿哕音、严重者可有三凹征,1至3岁小儿,药物治疗,根据不同医院，收费标准不一致，市三甲医院约（5000 —— 8000元）,否,发病率约为0.004%--0.008%,60-70%,6-12个月,https://tag.120ask.com/jibing/cxyzqgy/
内科,呼吸内科,单纯性肺嗜酸性粒细胞增多症,呼吸内科,咳嗽、头痛、乏力、上呼吸道卡他症状、夜间盗汗、低热、痰中带血、咳痰、柠檬色痰、嗜酸性粒细胞增多、喘息、肺部啰音,所有群体,对症治疗,根据不同医院，收费标准不一致，市三甲医院约（1000-3000元）,否,0.0002%,40%,10-30天,https://tag.120ask.com/jibing/dcxfssxlxbzdz/
内科,呼吸内科,喘证,呼吸内科,呼吸急促、呼吸困难、张口抬肩、鼻翼扇动、气喘、呼吸窘迫综合症,所有人群,药物治疗,根据不同医院，收费标准不一致，市三甲医院约（1000 —— 5000元）,否,0.03%，多见于60岁以上的老年人,70%,3个月,https://tag.120ask.com/jibing/chuanzheng/
内科,呼吸内科,胆固醇肺炎,呼吸内科,咳嗽、咳痰、胸痛、咳血痰、发烧、气息异常、啰音、胸腔积液、消瘦、呼吸异常、呼吸衰竭、烦躁不安,所有人群,药物治疗,根据不同医院，收费标准不一致，市三甲医院约（1000 —— 5000元）,否,0.0006%-0.0008%,55%-80%,4-6个月,https://tag.120ask.com/jibing/dgcfy/
内科,呼吸内科,大肠埃希杆菌肺炎,呼吸内科,咳嗽、咳痰、胸痛、黏稠或脓性痰伴有腥臭味、痰黏稠或脓性可有腥臭味、恶心与呕吐、腹痛、腹泻、高热寒战、发绀、呼吸困难、意识障碍,所有人群,药物治疗,根据不同医院，收费标准不一致，市三甲医院约（1000 —— 5000元）,否,0.0025%,65%,1-2周,https://tag.120ask.com/jibing/dcaxgjfy/
内科,呼吸内科,顿呛,呼吸内科,呛咳、痉挛性咳嗽,儿童人群,药物治疗舒喘灵、咳平、咳必清,根据不同医院，收费标准不一致，市三甲医院约1000-3000元,否,儿童发病率约为0.01%-0.05%，婴幼儿多见,95%,1-2周,https://tag.120ask.com/jibing/dunqiang/
内科,呼吸内科,非结核分枝杆菌病,呼吸内科、感染科,消瘦、咳嗽、咳痰、乏力、胸痛、低热、高热、畏寒、咯血、体重减轻、疲乏,所欲人群,药物治疗,根据不同医院，收费标准不一致，市三甲医院约（3000 —— 8000元）,否,0.001%,60%,7-14天,https://tag.120ask.com/jibing/fjhfzgjb/
内科,呼吸内科,多系统器官功能衰竭,重症监护科,血糖升高 、凝血障碍、呼吸困难、肺实变、呼吸不规则、呼吸暂停、少尿、心律失常、昏迷、休克、脏器衰竭、气急,所有人群,药物治疗,根据不同医院，收费标准不一致，市三甲医院约2000-5000元,否,0.01%,65%,1-2个月,https://tag.120ask.com/jibing/dxtqggnsj/
内科,呼吸内科,非结核性分枝杆菌病,呼吸内科,咯血、咳嗽、咳痰、淋巴结肿大、发烧、胸痛、呼吸困难、消瘦、乏力、周身不适、盗汗 、贫血,所有人群,药物治疗,根据不同医院，收费标准不一致，市三甲医院约（1000 —— 5000元）,否,0.025%,75%,1-4个月,https://tag.120ask.com/jibing/fjhxfzgjb/
内科,呼吸内科,大楼病综合征,神经内科,头痛、恶心、工作倦怠,"办公室内工作的人群,或人员密集的大楼内工作的人群",物理治疗,根据不同医院，收费标准不一致，市三甲医院约（5000 —— 10000元）,否,0.001%,60%,10天,https://tag.120ask.com/jibing/dlbzhz/
内科,呼吸内科,多重肺部感染,呼吸内科,咳痰、痰有恶臭味,所有人群,药物治疗,根据不同医院，收费标准不一致，市三甲医院约（3000 —— 8000元）,否,0.001%,82%,1-3个月,https://tag.120ask.com/jibing/dzfbgr/
内科,呼吸内科,非特异性间质肺炎,呼吸内科,呼吸困难、咳嗽、肺部啰音、发烧、烦躁不安、气息异常、咳血痰、情绪不宁,所有人群,药物治疗,根据不同医院，收费标准不一致，市三甲医院约（3000 —— 8000元）,否,0.42%,93%,7天,https://tag.120ask.com/jibing/ftyxjzfy/
内科,呼吸内科,恶性胸腔积液,呼吸内科、肿瘤科,呼吸困难、胸痛、干咳、胸闷、体重减轻、气短、端坐呼吸、发绀、咳嗽、消瘦、乏力、贫血,所有人群,药物治疗、手术治疗,根据不同医院，收费标准不一致，市三甲医院约2000-4000元,否,0.0032%，多见于60岁以上的老年人,85%,1-2月,https://tag.120ask.com/jibing/exxqjy/
内科,呼吸内科,非特异性系统性坏死性小血管炎,血液内科,低氧血症、肺泡出血、呼吸衰竭、咯血、贫血、肾功能衰竭、血管炎,所有人群,药物治疗,根据不同医院，收费标准不一致，市三甲医院约（50000 —— 70000元）,否,0.003%,40%,2个月,https://tag.120ask.com/jibing/ftyxxtxhsxxxgy/
内科,呼吸内科,丹痧,呼吸内科、中医科,发热、咽喉肿痛伴腐烂、猩红色皮疹、杨莓舌、疹后脱皮,任何年龄都可发病，以2-8岁儿童发病率高,药物、中医治疗,根据不同医院，收费标准不一致，市三甲医院约（3000 —— 8000元）,否,发病率约为0.04%-0.05%,75%,6-12周,https://tag.120ask.com/jibing/dan/
内科,呼吸内科,颚口线虫病,消化内科、感染科,食欲不振、恶心与呕吐、上腹部疼痛、匐行疹、头痛、腹痛、水肿、疼痛、剧痛、脓肿 、隐痛、胀痛,所有人群,药物治疗,根据不同医院，收费标准不一致，市三甲医院约（3000 —— 8000元）,否,发病率约为0.002%-0.007%,65%,1-2个月,https://tag.120ask.com/jibing/kxcb/
内科,呼吸内科,肺、胸膜阿米巴病,呼吸内科、感染科,腹泻、发烧、食欲不振、咳血痰、消瘦、咳嗽、气胸、休克、乏力、咳巧克力色痰、呼吸困难、胸痛,所有人群,药物治疗,根据不同医院，收费标准不一致，市三甲医院约（3000 —— 8000元）,是,0.01%--0.03%,80%,2周--2月,https://tag.120ask.com/jibing/fxmambb/
内科,呼吸内科,单侧肺气肿,呼吸内科,胸廓异常、呼吸困难、哮鸣音、心动过速、发绀、呼吸音减弱、气管和纵隔移位、啰音、咳嗽、咳痰,吸烟者、慢支患者,药物治疗、支持疗法,根据不同医院，收费标准不一致，市三甲医院约（5000 —— 8000元）,否,0.005%,70%,3个月,https://tag.120ask.com/jibing/dcfqz/
内科,呼吸内科,二硫化碳中毒,急诊科,步态不稳、行为及情绪异常、昏迷、感觉障碍、多发性神经炎、脑水肿、谵妄、腱反射消失、血浆胆固醇水平高,所有人群,药物治疗,根据不同医院，收费标准不一致，市三甲医院约（1000 —— 5000元）,否,发病率约为0.0001%--0.0005%,80-85%,1-2个月,https://tag.120ask.com/jibing/elhtzd/
内科,呼吸内科,单纯疱疹病毒肺炎,呼吸内科,有哦皮肤感染史、咳嗽、气急、发热、肺部啰音、,免疫受损的病人、酒精中毒的病人烧伤病人,药物治疗,根据不同医院，收费标准不一致，市三甲医院约（5000 —— 8000元）,否,0.005%,70%,7-14天,https://tag.120ask.com/jibing/dczbdfy/
内科,呼吸内科,二氧化氮中毒,呼吸内科、急诊科,咳嗽、发热、气急、痰中带血丝、极度虚弱、恶心、头痛、意识障碍、躁动、抽搐、昏迷、血压降低、休克,职业接触者,药物治疗,根据不同医院，收费标准不一致，市三甲医院约（5000 —— 10000元）,否,0.0004%,80%,2-4月,https://tag.120ask.com/jibing/eyhdzd/
内科,呼吸内科,肺孢子丝菌病,呼吸内科,发热、咳嗽咳痰、疲倦乏力、胸闷气急、呼吸困难,所有人群,药物治疗、支持疗法,根据不同医院，收费标准不一致，市三甲医院约（5000 —— 10000元）,否,0.0052%,85%,3-8周,https://tag.120ask.com/jibing/fzsjb/
内科,呼吸内科,单纯性肺嗜酸粒细胞浸润症,呼吸内科,咳嗽、胸闷、头痛、乏力、低热,所有人群,药物治疗,根据不同医院，收费标准不一致，市三甲医院约（3000 —— 8000元）,否,0.005%-0.008%,80%,3-6周,https://tag.120ask.com/jibing/dcxfsslxbjrz/
内科,呼吸内科,放射性肺炎,呼吸内科,咳嗽、胸痛、心悸、干咳、气急、单纯骨折、吞咽困难、啰音、端坐呼吸、发烧,放射性治疗患者,饮食、药物治疗,根据不同医院，收费标准不一致，市三甲医院约（10000 —— 50000元）,否,0.003%,70%,3个月,https://tag.120ask.com/jibing/fsxfy/
内科,呼吸内科,肺闭喘咳,呼吸内科,肺源性呼吸困难、发热伴咳嗽、咯痰、胸痛、肺泡炎症、粉红色泡沫痰、肺火、肺下叶周围呈节段性或大叶性模糊阴影、肺部感染、气急、持续性咳嗽、肺部化脓性感染、脸颊发灰、唿吸短促,所有人群,药物治疗,根据不同医院，收费标准不一致，市三甲医院约2000-4000元,否,发病率约为0.03%-0.05%,60%,1-2个月,https://tag.120ask.com/jibing/fbck/
内科,呼吸内科,肺不张,呼吸内科,呼吸困难、发绀、血压下降、心动过速、咳嗽、咳痰、恶性胸水、肺不张、咯血、湿啰音、胸痛、寒战,所有人群,药物治疗,根据不同医院，收费标准不一致，市三甲医院约（20000 —— 50000元）,否,50岁以上中老年人群中发病率约1.5%--2.5%,60%,1-3年,https://tag.120ask.com/jibing/feibuzhang/
内科,呼吸内科,肺宫崎肺吸虫症,呼吸内科,胸痛、咳嗽、腹痛、背痛、肺部化脓性感染、烂桃样血痰、咳痰,所有人群,药物治疗,根据不同医院，收费标准不一致，市三甲医院约（3000 —— 8000元）,否,0.0001%,30--50%,3--8周,https://tag.120ask.com/jibing/fgqfxcz/
内科,呼吸内科,肺并殖吸虫病,呼吸内科,咳嗽、咳血痰、胸痛、腹泻、肝肿大、脑膜刺激征、胸腔积液、发烧、头痛、高颅压综合征、咳痰、呕吐,所有人群,药物治疗,根据不同医院，收费标准不一致，市三甲医院约2000-5000元,是,0.00001%,75%,1-2个月,https://tag.120ask.com/jibing/fbzxcb/
内科,呼吸内科,肺部粪类圆线虫病,呼吸内科,皮肤出血点、发烧、咳嗽、咯血、丘疹、皮肤刺痛瘙痒并伴有荨麻疹、白血病细胞浸润、胸痛、咳痰、肺部化脓性感染、疱疹、营养不良,所有人群,药物治疗,根据不同医院，收费标准不一致，市三甲医院约（3000 —— 8000元）,是,0.005%,70%,1-3个月,https://tag.120ask.com/jibing/fbflyxcb/
内科,呼吸内科,肺荚膜组织胞浆菌病,呼吸内科,发烧、咳嗽、脓痰、呼吸困难、咳痰、结节、红斑结节、呼吸衰竭、反复肺炎、贫血、黄疸,所有人群,药物治疗,根据不同医院，收费标准不一致，市三甲医院约（3000 —— 8000元）,否,0.003%,60%,3-6月,https://tag.120ask.com/jibing/fjmzzbjjb/
内科,呼吸内科,肺出血－肾炎综合征,肾内科,咯血、少尿、咳嗽、肺部出血、血尿、疲乏、无力、体重减轻、血清抗GBM抗体阳性、气喘、呼吸困难、胸痛,所有人群,药物治疗,根据不同医院，收费标准不一致，市三甲医院约（3000 —— 8000元）,否,0.0001%,70%,10-30天,https://tag.120ask.com/jibing/fcxsyzhz/
内科,呼吸内科,肺假性淋巴瘤,心胸外科,咳嗽、胸痛、结节,所有群体,手术治疗,根据不同医院，收费标准不一致，市三甲医院约（5000-10000元）,否,0.005%,60%,2-4月,https://tag.120ask.com/jibing/fjxlbl/
内科,呼吸内科,肺大泡,呼吸内科,胸闷、气短、气胸、呼吸困难、心绞痛、咳嗽、咳痰、寒战、发烧、发绀、胸痛,继发于肺炎或肺脓肿者多见于婴幼儿,药物、手术治疗,根据不同医院，收费标准不一致，市三甲医院约（5000 —— 10000元）,否,发病率约为0.01%-0.02%,,1-3个月,https://tag.120ask.com/jibing/feidapao/
内科,呼吸内科,肺疟疾病,呼吸内科、感染科,发烧、畏寒、咳痰、咳嗽、两肺弥漫或散在可逆性哮鸣音、间歇热、血骨髓或痰涂片找到疟原虫、肺含水量增加、胸痛、周期性畏寒发热出汗热退症状、冷热交替、腹水,所有人群,药物治疗,根据不同医院，收费标准不一致，市三甲医院约1000-2000元,是,0.0002%-0.0005%,65%-80%,1-3个月,https://tag.120ask.com/jibing/fnjb/
内科,呼吸内科,肺囊性纤维化,呼吸内科,咳嗽、咯血、心力衰竭、反复感染、肺部感染、胰腺功能不足、小儿发热、胸闷憋气、呼吸困难、发绀、杵状指（趾）、粪便量多,北美洲白人中最常见,体疗、饮食、药物治疗,根据不同医院，收费标准不一致，市三甲医院约（10000 —— 50000元）,否,0.025%,75%,1-2个月,https://tag.120ask.com/jibing/fnxxwh/
内科,呼吸内科,肺咳,呼吸内科、中医科,咳嗽、咳痰、气逆喘息、咳血、声音嘶哑,所有人群,药物治疗,根据不同医院，收费标准不一致，市三甲医院约（300 —— 500元）,否,11%,95%,1周,https://tag.120ask.com/jibing/feike/
内科,呼吸内科,肺诺卡菌病,呼吸内科,发热、疲乏无力、厌食、咳嗽、黏稠脓痰、咯血,所有人群,药物治疗、支持疗法,根据不同医院，收费标准不一致，市三甲医院约（5000 —— 10000元）,否,发病率约为0.006%--0.009%,85%,4-8周,https://tag.120ask.com/jibing/fnkjb/
内科,呼吸内科,肺地丝菌病,呼吸内科,咳嗽、咳痰、乏力、胸闷、瘙痒、头痛、腹痛、腹泻、痰中带血丝、发烧、呼吸困难、湿啰音,所有群体,药物治疗,根据不同医院，收费标准不一致，市三甲医院约（500-1000元）,否,0.0058%,75%,10-30天,https://tag.120ask.com/jibing/fdsjb/
内科,呼吸内科,肺泡蛋白沉着症,呼吸内科,咳嗽、呼吸困难、咯血、气短、咳痰、肺部感染、感染性发热、乏力、低热、捻发音、发绀、杵状指（趾）,男女之比为2～3∶1，可发生于任何年龄，多数在20～50岁之间,药物、手术治疗,根据不同医院，收费标准不一致，市三甲医院约（5000 —— 10000元）,否,0.00001%,80%,10-30天,https://tag.120ask.com/jibing/fpdbczz/
内科,呼吸内科,肺良性淋巴细胞血管炎和肉芽肿,呼吸内科,乏力、咳嗽、胸闷、结节、咯血、发烧、周身不适,所有人群,药物治疗,根据不同医院，收费标准不一致，市三甲医院约（3000 —— 8000元）,否,发病率约为0.005%--0.007%,,3-6个月,https://tag.120ask.com/jibing/flxlbxbxgyhryzb/
内科,呼吸内科,肺淀粉样变性,呼吸内科,声音嘶哑、呼吸困难、咳嗽、咯血、活动后气促、喉鸣声、致死性上呼吸道出血、呼吸窘迫综合症、呼吸衰竭、啰音、呼吸异常、淋巴结肿大,所有群体,目前尚无特效治疗方法,根据不同医院，收费标准不一致，市三甲医院约（3000-5000元）,否,发病率约为0.004%-0.005%,75%-85%,1-3年,https://tag.120ask.com/jibing/fdfybx/
内科,呼吸内科,肺泡-毛细血管阻滞综合征,呼吸内科、心血管内科,呼吸困难、发绀、杵状指（趾）、咳嗽、咳痰、发烧、体重减轻、右心衰竭,所有人群,药物治疗,根据不同医院，收费标准不一致，市三甲医院约3000-6000元,否,0.0025%,75%,3个月,https://tag.120ask.com/jibing/fpmxxgzzzhz/
内科,呼吸内科,肺络张,呼吸内科、中医科,肺部化脓性感染、慢性咳嗽、粉红色泡沫痰、肺部感染、肺源性心脏衰竭、支气管肺泡音、发热伴咳嗽、咯痰、胸痛,所有人群,药物、中医治疗,根据不同医院，收费标准不一致，市三甲医院约（5000 —— 10000元）,否,50岁以上老年人患病率约为0.01-0.03%,75%,2-3个月,https://tag.120ask.com/jibing/feiluozhang/
内科,呼吸内科,肺动脉发育不全,呼吸内科、心胸外科,咯血、呼吸困难、喘鸣、呼吸困难、呕吐、吞咽困难、呼吸道感染,所有人群,手术治疗,根据不同医院，收费标准不一致，市三甲医院约（20000 —— 50000元）,否,0.001%,10%,1-6个月,https://tag.120ask.com/jibing/fdmfybq/
内科,呼吸内科,肺泡通气低下综合征,呼吸内科,神志淡漠、头痛、疲劳、嗜睡、气息异常、代谢性酸中毒、意识朦胧状态 、恶心与呕吐、黏膜损害、肺泡炎症、高通气、呼吸异常,所有人群,药物治疗,根据不同医院，收费标准不一致，市三甲医院约1000-3000元,否,0.05%,85%,1-3月,https://tag.120ask.com/jibing/fptqdxzhz/
内科,呼吸内科,肺螨病,呼吸内科,咳嗽、咳痰、乏力、胸闷、腹痛、胸痛、啰音、消瘦、结节、厌食、低热、盗汗,所有群体,药物治疗,根据不同医院，收费标准不一致，市三甲医院约（500-1000元）,是,0.004%-0.008%,55%,6-9个月,https://tag.120ask.com/jibing/feibing/
内科,呼吸内科,肺放线菌病,呼吸内科,发热、咳嗽、咳痰、咯血、不规则热、黏液脓性痰、痰中带血、乏力、盗汗 、体重减轻、呼吸困难,所有人群,药物治疗、支持疗法,根据不同医院，收费标准不一致，市三甲医院约（5000 —— 8000元）,否,0.002%--0.004%,96%,2-4月,https://tag.120ask.com/jibing/ffxjb/
内科,呼吸内科,肺泡微结石症,呼吸内科,咳嗽、咳痰、胸闷、气急、气短、干咳、呼吸困难、发绀、呼吸音低、发烧、啰音、呼吸衰竭,多数发生于20～30岁,保护措施、肺移植治疗,根据不同医院，收费标准不一致，市三甲医院约（10000 —— 50000元）,否,本病少见，发病率约为0.007%-0.008%,,1-3个月,https://tag.120ask.com/jibing/fpwjsz/
内科,呼吸内科,肺毛霉病,呼吸内科,面部疼痛、头痛、嗜睡、胸痛、呼吸困难、咯血、溃疡、脸部疼痛、嗜睡、腭部有黑色焦痂、上睑下垂、昏迷,所有群体,药物治疗,根据不同医院，收费标准不一致，市三甲医院约（500-1000元）,是,0.003%,70%,1-3个月,https://tag.120ask.com/jibing/fmmb/
内科,呼吸内科,肺弓形体病,呼吸内科、感染科,咳嗽、干咳、头痛、肌痛、脑积水、脑膜炎、心力衰竭、腋下淋巴肿大、脾肿大、斜视、失眠、结节,所有人群,药物治疗,根据不同医院，收费标准不一致，市三甲医院约（3000 —— 8000元）,是,0.01%,80%,6个月,https://tag.120ask.com/jibing/fgxtb/
内科,呼吸内科,肺气虚,中医科,咳嗽少力、多汗恶风、、痰白质稀、自汗肢冷、气短气喘、神疲乏力、心悸、面色苍白、易于感冒,所有人群,药物治疗,根据不同医院，收费标准不一致，市三甲医院约（3000 —— 5000元）,否,0.1%,90%,10-30天,https://tag.120ask.com/jibing/feiqixu/
内科,呼吸内科,肺青霉病,呼吸内科,咳痰、咳嗽、呼吸困难、发烧、消瘦、咳血、昏迷、食欲不振、胸闷、抽搐,滥用抗生素或激素者,药物治疗、支持疗法,根据不同医院，收费标准不一致，市三甲医院约（5000 —— 10000元）,否,0.002%--0.003%,30--50%,3--10周,https://tag.120ask.com/jibing/fqmb/
内科,呼吸内科,肺栓塞和肺梗死,心胸外科,呼吸困难、剧烈胸痛、咯血、晕厥,老年人、血管静脉炎患者、手术后、创伤患者、心脏疾病患者,药物治疗、手术治疗,根据不同医院，收费标准不一致，市三甲医院约10000--30000,否,0.0001%,20%,2-4周,https://tag.120ask.com/jibing/fsshfgs/
内科,呼吸内科,肺球孢子菌病,呼吸内科,干咳、胸痛、发烧、咳嗽、淋巴结肿大、咳痰、咯血、结节、胸腔积液、消瘦、反复肺炎、呼吸衰竭,所有人群,药物治疗,根据不同医院，收费标准不一致，市三甲医院约（3000 —— 8000元）,否,0.0005%，见于体质低下者,70%,7-10天,https://tag.120ask.com/jibing/fqzjb/
内科,呼吸内科,肺胸膜阿米巴病,感染科、心胸外科,起病急、常有畏寒、发热(多为弛张热)伴乏力、食欲缺乏等全身症状、咳嗽、咳痰初为干咳、或黏液脓痰典型者为巧克力样痰,成年人群,药物治疗、手术治疗,根据不同医院，收费标准不一致，市三甲医院约（3000 —— 8000元）,是,0.003%,40%,1-3个月,https://tag.120ask.com/jibing/feixiongmoamibabing/
内科,呼吸内科,肺炎性假瘤,心胸外科,咳痰、咳嗽、发烧、咯血、胸痛、咳血痰、低热,50岁以下，大多在30岁左右,药物治疗、手术治疗,根据不同医院，收费标准不一致，市三甲医院约（10000 —— 50000元）,否,人群患病概率0.053%,,手术治疗周期7天,https://tag.120ask.com/jibing/fyxjl/
内科,呼吸内科,肺血管炎,呼吸内科,发烧、疲劳、关节疼痛、呼吸困难、咯血、胸痛、肌痛、眩晕、痴呆、无脉症、腹痛、左心衰竭,所有群体,药物治疗,根据不同医院，收费标准不一致，市三甲医院约（1000-3000元）,否,0.003%,70%,2个月,https://tag.120ask.com/jibing/fxgy/
内科,呼吸内科,肺热咳嗽,中医科、呼吸内科,发热、咳嗽、咳出黄色痰液或粘痰、胸胁隐痛、口干、咽痛、便秘、尿赤、舌质红绛、苔薄黄,所有人群,药物治疗,根据不同医院，收费标准不一致，市三甲医院约（3000 —— 5000元）,否,人群患病概率36%,,治疗周期7天,https://tag.120ask.com/jibing/frks/
内科,呼吸内科,肺芽生菌病,呼吸内科,低热、食欲不振、消瘦、咳嗽、胸腔积液,所有人群,药物治疗,根据不同医院，收费标准不一致，市三甲医院约（10000 —— 20000元）,否,发病率约0.03%--0.05%,60-85%,3-6个月,https://tag.120ask.com/jibing/fysjb/
内科,呼吸内科,肺嗜酸细胞组织细胞增生症,呼吸内科,干咳、呼吸困难、疲劳、发烧、呼吸异常、气胸、单纯骨折、胸痛、咳嗽、组织细胞增生、体重减轻,所有人群,药物治疗,根据不同医院，收费标准不一致，市三甲医院约（3000 —— 8000元）,否,0.002%-0.003%,30%,75%-85%,https://tag.120ask.com/jibing/fssxbzzxbzsz/
内科,呼吸内科,肺炎衣原体感染,呼吸内科,发烧头痛、呼吸异常、咳痰、咳嗽、胸痛、疲劳、周身不适,所有人群,药物治疗,根据不同医院，收费标准不一致，市三甲医院约（5000 —— 8000元）,否,0.0026%,65%,7-15天,https://tag.120ask.com/jibing/fyyytgr/
内科,呼吸内科,高原适应不全症,急诊科,头痛、头晕、气短、胸闷、口唇发绀、便血、紫绀、眩晕、咳嗽、心悸、收缩压下降、昏迷,所有人群,药物治疗,根据不同医院，收费标准不一致，市三甲医院约（2000 ——5000元）,否,10%，多见于平原生活的居民,95%,2-4周,https://tag.120ask.com/jibing/gysybqz/
内科,呼吸内科,肺鼠疫,呼吸内科、传染科,高热寒战、咳血痰、呼吸急促、淋巴结肿大、胸痛、呕吐、腹泻、肝肿大、呼吸衰竭、脾肿大、咳痰、恶心与呕吐,所有人群,药物治疗,根据不同医院，收费标准不一致，市三甲医院约5000-8000元,是,0.0008%,40%,2-4周,https://tag.120ask.com/jibing/feishuyi/
内科,呼吸内科,肺隐球菌病,呼吸内科、传染科,发烧、咳嗽、咳痰、咯血、胸痛、低热,所有群体,药物治疗,根据不同医院，收费标准不一致，市三甲医院约（5000-10000元）,是,人群患病概率0.074%,,治疗周期7天,https://tag.120ask.com/jibing/fyqjb/
内科,呼吸内科,肺炎杆菌肺炎,呼吸内科,高热、咳嗽、咳痰、胸痛、发烧、紫绀、休克、畏寒、营养不良、心悸,所有人群,药物治疗,根据不同医院，收费标准不一致，市三甲医院约（3000 —— 8000元）,否,0.0002%,,治疗周期7-21天,https://tag.120ask.com/jibing/fygjfy/
内科,呼吸内科,肺真菌病,呼吸内科,咳嗽、胸痛、咯血、低热、脓肿 、脓痰、痰中带血、盗汗 、压痛、肺实变、肺纤维化、出血性梗死,所有人群,药物治疗,根据不同医院，收费标准不一致，市三甲医院约（1000 —— 5000元）,否,0.006%,80%,1-2个月,https://tag.120ask.com/jibing/fzjb/
内科,呼吸内科,肺炎克雷白杆菌肺炎,呼吸内科,高热、胸痛、咳嗽、寒战、腹泻、黄疸、白细胞增多、咳痰、恶心与呕吐、休克、低热、体重减轻,所有人群,药物治疗,根据不同医院，收费标准不一致，市三甲医院约（2000 —— 5000元）,否,0.052%,95%,3-7周,https://tag.120ask.com/jibing/fyklbgjfy/
内科,呼吸内科,蜂窝肺综合征,呼吸内科,呼吸困难、气短、咳嗽、咳痰、呼吸衰竭、心力衰竭,所有人群,药物治疗,根据不同医院，收费标准不一致，市三甲医院约（3000 —— 8000元）,否,0.0001%,65%,2--8周,https://tag.120ask.com/jibing/fwfzhz/
内科,呼吸内科,肺转移瘤,肿瘤科,胸痛、咯血、咳嗽、呼吸困难、干咳、痰中带血、胸闷、气急,肿瘤患者,手术治疗、药物治疗,根据不同医院，收费标准不一致，市三甲医院约（10000--30000元）,否,0.006%,75%,1-2个月,https://tag.120ask.com/jibing/fzyl/
内科,呼吸内科,肺炎链球菌败血症,呼吸内科,寒战、高热、头痛、身痛、昏睡、败血症、发烧、脑膜炎、呼吸困难、反复肺炎、咳嗽、呼吸衰竭,所有人群,药物治疗,根据不同医院，收费标准不一致，市三甲医院约（3000 —— 8000元）,否,0.0052%,80%,7-14天,https://tag.120ask.com/jibing/fylqjbxz/
内科,呼吸内科,肺炎链球菌性肺炎,呼吸内科,寒战发热、胸痛、咳嗽、咳铁锈色痰、呼吸急促、全身酸痛、可有恶心呕吐、腹胀腹泻,所有人群,药物治疗、支持疗法,根据不同医院，收费标准不一致，市三甲医院约（5000 —— 8000元）,否,0.0580%,85%,1个月,https://tag.120ask.com/jibing/fylqjxfy/
内科,呼吸内科,肺组织细胞增生症,呼吸内科、急诊科,干咳、呼吸困难、体重减轻、乏力、咯血、气胸、发烧、胸痛、骨痛、病理性骨折、爆裂音、杵状指（趾）,所有人群,手术治疗,根据不同医院，收费标准不一致，市三甲医院约2000-4000元,否,0.0035%,70%,1--3周,https://tag.120ask.com/jibing/fzzxbzsz/
内科,呼吸内科,弓形体病,呼吸内科,心律失常、头痛、昏迷、恶心与呕吐、高热、关节疼痛、斑疹、抽搐、肝脾肿大、蛋白尿、贫血、心绞痛,所有人群,药物治疗,根据不同医院，收费标准不一致，市三甲医院约1000-3000元,否,0.03%,80%,2-4月,https://tag.120ask.com/jibing/gxtb/
内科,呼吸内科,肺炭疽,传染科,咳痰、胸痛、高热寒战、水肿、呼吸急促、咳血痰、咳嗽、紫绀、血压下降,所有人群,药物治疗、支持疗法,根据不同医院，收费标准不一致，市三甲医院约（10000 —— 30000元）,是,0.003%,65%,1-3个月,https://tag.120ask.com/jibing/feitanju/
内科,呼吸内科,风寒犯肺,中医科,咳嗽咳痰、痰白质稀、流清涕、鼻塞、气喘、发热恶寒、身痛、舌苔薄白、脉浮紧,所有人群,药物治疗,根据不同医院，收费标准不一致，市三甲医院约（1000 —— 2000元）,否,人群患病概率0.05%,,治疗周期7天,https://tag.120ask.com/jibing/fhff/
内科,呼吸内科,胆咳,中医科,咳嗽时呕吐出胆汁或青色苦水、胸闷、气促、恶寒发热、头痛、全身不适,所有人群,药物治疗,根据不同医院，收费标准不一致，市三甲医院约（3000 —— 5000元）,否,0.001%,60%,10--14天,https://tag.120ask.com/jibing/danke/
内科,呼吸内科,风热感冒,呼吸内科,发热、汗出、恶风、咳嗽,感冒患者,中医药物治疗,根据不同医院，收费标准不一致，市三甲医院约（100-400元）,否,1.3%,98%,7-14天,https://tag.120ask.com/jibing/frgm/
内科,呼吸内科,风寒感冒,呼吸内科,发热、怕冷、头痛、肌肉疼痛、无汗,衣着单薄、冒雨受风人群,中医药物治疗,根据不同医院。收费标准不一致，市三甲医院约（500-1000元）,否,0.05%-0.08%,,有效治疗7天,https://tag.120ask.com/jibing/fhgm/
内科,呼吸内科,风热犯肺,中医科,发热微恶寒、咳嗽、咳出黄色痰液、流黄鼻涕、咳嗽、鼻塞、口干、咽痛、苔薄黄,所有人群,药物治疗,根据不同医院，收费标准不一致，市三甲医院约（1000 —— 2000元）,否,50岁以上老年人群发病率约10%,70-80%,1个月,https://tag.120ask.com/jibing/frff/
内科,呼吸内科,高原红细胞增多症,血液内科,头痛、头晕、气短、乏力、记忆力障碍、精神萎靡、心悸、睡眠障碍、耳鸣、食欲较差、发绀、结膜充血,多见于高原移居人群，少见于高原世居人群，男性发病率明显高于女性,药物、血液稀释治疗,根据不同医院，收费标准不一致，市三甲医院约（5000 —— 10000元）,否,25%(平原地去高原生活着多见),95%,3-6个月,https://tag.120ask.com/jibing/gyhxbzdz/
内科,呼吸内科,弗郎西丝菌肺炎,呼吸内科,咳嗽、咳痰、咳血痰、胸痛、气促、发烧、反复肺炎、溃疡、胸腔积液,所有人群,药物治疗,根据不同医院，收费标准不一致，市三甲医院约（3000 —— 8000元）,是,0.003%,40%,3个月,https://tag.120ask.com/jibing/flxsjfy/
内科,呼吸内科,枸橼酸杆菌肺炎,呼吸内科,感染性发热、畏寒、咳嗽、咳痰、胸痛、呼吸困难、腹痛、胸腔积液、啰音、肺部感染、黄疸,所有人群,药物治疗,根据不同医院，收费标准不一致，市三甲医院约1000-3000元,否,发病率约为0.0012%--0.0015%,70-80%,1-2个月,https://tag.120ask.com/jibing/sgjfy/
内科,呼吸内科,附红细胞体病,血液科,淋巴结肿大、发烧、肝脾肿大、贫血、腹泻、皮肤瘙痒,所有人群,药物治疗,根据不同医院，收费标准不一致，市三甲医院约2000-5000元,否,0.0001%,30%,10-30天,https://tag.120ask.com/jibing/fhxbtb/
内科,呼吸内科,冠状病毒感染,呼吸内科,发热恶寒、头痛、全身不适、流涕、咽痛及咳嗽,儿童人群,药物治疗,根据不同医院，收费标准不一致，市三甲医院约（10000 —— 30000元）,是,10%,98%,3-6周,https://tag.120ask.com/jibing/gzbdgr/
内科,呼吸内科,混合型慢性高原病,呼吸内科、心血管内科,头痛、头晕、食欲下降、运动耐力降低、睡眠节律紊乱、疲劳、紫绀、失眠、记忆力下降,所有人群,药物治疗、一般支持疗法,根据不同医院，收费标准不一致，市三甲医院约3000-6000元,否,0.002%,50%,3个月,https://tag.120ask.com/jibing/hhxmxgyb/
内科,呼吸内科,副流行性感冒,呼吸内科,发热恶寒、咽痛、流鼻涕、咳嗽、易疲乏、打喷嚏、阵发性鼻塞、浑身忽冷忽热,所有人群,药物治疗、支持疗法,根据不同医院，收费标准不一致，市三甲医院约（2000 ——5000元）,否,0.0085%,75%,2-4周,https://tag.120ask.com/jibing/flxxgm/
内科,呼吸内科,过度通气综合征,呼吸内科,呼吸急促、呼吸困难、胸痛、胸闷、呼吸异常、心悸、头痛、心动过速、抽筋、头晕、意识障碍,所有群体,病因治疗,根据不同医院，收费标准不一致，市三甲医院约（1000-3000元）,否,见于哮喘患者，发病率20%,,1-3年,https://tag.120ask.com/jibing/gdtqzhz/
内科,呼吸内科,过敏性肺炎,呼吸内科,气短、咳嗽、呼吸困难、头痛、乏力、发烧、冷汗、恶心、干咳、胸闷、发绀、食欲减退,所有人群,药物治疗、脱离致敏原,根据不同医院，收费标准不一致，市三甲医院约（2000 —— 5000元）,否,0.02%,70%,7-14天,https://tag.120ask.com/jibing/gmxfy/
内科,呼吸内科,高致病性禽流感病毒感染,呼吸内科、传染科,发烧、咽痛、咳嗽、腹泻、休克、右胸痛、流感样症状、反复高热、咽喉炎、周身不适、胸骨压痛、腹痛,所有群体,药物治疗,根据不同医院，收费标准不一致，市三甲医院约（1000-5000元）,是,0.0001%,75%,1-3个月,https://tag.120ask.com/jibing/gzbxqlgbdgr/
内科,呼吸内科,甘露糖苷贮积症,内分泌科,肌张力减低、婴儿头大、巨舌、胸骨隆凸、耳聋、门齿间距增宽、胸腰驼背,多见于婴幼儿及少年,无特殊疗法，必要时可手术矫正骨骼畸形和用抗生素控制感染,根据不同医院，收费标准不一致，市三甲医院约（10000 —— 50000元）,否,0.003%,60%,3-6周,https://tag.120ask.com/jibing/gltzjz/
内科,呼吸内科,镉中毒,急诊科,中毒早期表现咽痛﹑咳嗽﹑胸闷﹑气短﹑头晕﹑恶心﹑全身酸痛﹑无力﹑发热等症状、严重者可出现中毒性肺水肿或化学性肺炎、有明显的呼吸困难﹑胸痛﹑咯大量泡沫血色痰、可因急性呼吸衰竭而死亡,所有人群均可发病,药物治疗、,根据不同医院，收费标准不一致，市三甲医院约（3000 —— 10000元）,否,多见于镉工业工作人员或者水质被污染的居民，发病率约为0.0004%-0.0007%,45%-55%,3-6个月,https://tag.120ask.com/jibing/gezhongdu/
内科,呼吸内科,急性肺源性心脏病,心血管内科,呼吸困难、胸闷心悸、窒息感、咳嗽、或咳暗红色鲜血痰、焦虑、冷汗、恶心呕吐、昏厥、血压下降,慢支、肺动脉高压患者,药物治疗、支持疗法,根据不同医院，收费标准不一致，市三甲医院约（5000 —— 8000元）,否,人群患病概率0.14%,,需要终身治疗,https://tag.120ask.com/jibing/jxfyxxzb/
内科,呼吸内科,肝火犯肺,中医科,咳嗽阵作、咯痰黄稠、甚则咳吐鲜血、胸胁痛、性急易怒心烦、口苦、头晕目赤、大便干结、小便短赤,性格急躁人群,药物治疗,根据不同医院，收费标准不一致，市三甲医院约（2000 —— 5000元）,否,0.001%,100%,15天,https://tag.120ask.com/jibing/ghff/
内科,呼吸内科,过敏性支气管肺曲霉病,呼吸内科,喘息、发烧、脓痰、咯血、胸痛、咳痰、出血利坏死、支气管脓性分泌物增多、咳嗽、全身过敏反应、食物过敏、肺部感染,所有群体,药物治疗,根据不同医院，收费标准不一致，市三甲医院约（1000-3000元）,否,0.0004%,45%-70%,3个月,https://tag.120ask.com/jibing/gmxzqgfqmb/
内科,呼吸内科,Hughes-Stovin综合征,呼吸内科,视力障碍、发烧、头痛、咯血、呕吐、颅内压增高,所有人群,药物治疗,根据不同医院，收费标准不一致，市三甲医院约（3000 —— 8000元）,否,发病率约为0.0005%-0.001%,65%,3-6g个月,https://tag.120ask.com/jibing/hughesstovinzhz/
内科,呼吸内科,肝咳,呼吸内科、中医科,胁部肿胀、咳嗽、肋骨痛,所有人群,药物治疗,根据不同医院，收费标准不一致，市三甲医院约1000-3000元,否,0.05%,75%,2-4月,https://tag.120ask.com/jibing/ganke/
内科,呼吸内科,HIV相关呼吸道感染,呼吸内科、性病科,咳嗽、呼吸困难、发烧、头痛、呼吸衰竭、低血压、胸痛、HIV感染、反复上呼吸道感染、急性呼吸窘迫综合征、脑膜炎,所有人群,药物治疗,根据不同医院，收费标准不一致，市三甲医院约2000-5000元,是,0.001%,,终身间歇性对症治疗,https://tag.120ask.com/jibing/hivxghxdgr/
内科,呼吸内科,鼾症,呼吸内科,头痛、白天嗜睡夜间失眠、打鼾、疲劳、睡眠呼吸暂停、嗜睡、肥胖、中枢性呼吸暂停,一般为成年人,运动、药物治疗,根据不同医院，收费标准不一致，市三甲医院约（1000 —— 5000元）,否,肥胖人群中发病率约10%,,3-6个月,https://tag.120ask.com/jibing/zheng/
内科,呼吸内科,钩端螺旋体肺炎,呼吸内科,发烧、寒战、头痛、淋巴结肿大、咯血、昏迷、咳血痰、肺部感染、休克、叶间裂常呈弧形下坠、啰音、脑膜刺激征,所有人群,药物治疗,根据不同医院，收费标准不一致，市三甲医院约2000-5000元,否,人群患病概率0.039%,,治疗周期7天,https://tag.120ask.com/jibing/gdlxtfy/
内科,呼吸内科,寒饮咳嗽,中医科、呼吸内科,咳嗽、咳痰、鼻塞、流清涕，痰白质稀或为白色泡沫痰、伴或不伴气喘、胸闷、发热恶寒,所有人群,药物治疗、支持疗法,根据不同医院，收费标准不一致，市三甲医院约（2000 —— 5000元）,否,0.05%,80%,7-10天,https://tag.120ask.com/jibing/hyks/
内科,呼吸内科,喉喑,呼吸内科,咽喉干燥及灼热感、恶寒、咳嗽、喉部刺痛、喉头水肿、喉鸣声、喉咙痛、腹胀、便秘、尿赤、声音嘶哑、发烧,所有人群,药物治疗,根据不同医院，收费标准不一致，市三甲医院约1000-3000元,否,0.033%,95%,2-4月,https://tag.120ask.com/jibing/hou/
内科,呼吸内科,化学液体吸入,急诊科,咽喉疼痛、舌口及咽部烧灼感、流鼻涕、声音嘶哑、鼻塞、呛咳、痰中带血、胸闷、气急、胸痛、咯血、咳嗽,所有群体,病因治疗,根据不同医院，收费标准不一致，市三甲医院约（5000-10000元）,否,0.01%,30--50%,7--21天,https://tag.120ask.com/jibing/hxytxr/
内科,呼吸内科,汉坦病毒肺综合征,呼吸内科、感染科,发热、畏寒、头痛、咳嗽、气急、腹痛、恶心与呕吐、腹泻、乏力,所有人群,药物治疗,根据不同医院，收费标准不一致，市三甲医院约10000--50000元,否,0.001%,50--60%,3--6周,https://tag.120ask.com/jibing/htbdfzhz/
内科,呼吸内科,急性呼吸衰竭,急诊科、呼吸内科,呼吸困难、发绀、烦躁不安、头晕、昏迷、黄疸、上消化道出血、血尿、水肿、心律失常,所有人群,药物治疗,根据不同医院，收费标准不一致，市三甲医院约（10000 —— 50000元）,否,0.025%，多见于有呼吸道疾病患者,80%,1-2个月,https://tag.120ask.com/jibing/jxhxsj/
内科,呼吸内科,喉痈,呼吸内科、中医科,咽喉疼痛、吞咽困难、脓肿,所有群体,药物治疗,根据不同医院，收费标准不一致，市三甲医院约（500-1000元）,否,0.003%,85%,1-3周,https://tag.120ask.com/jibing/houyong/
内科,呼吸内科,黄杆菌肺炎,呼吸内科,发烧、呕吐、脑膜刺激征、晕厥、咳嗽、咳痰、胸腔积液、低钙血症、胸痛、叶间裂常呈弧形下坠,婴儿感染，尤其是早产儿，成人病例则常见于年老体弱的住院病人，或患急慢性疾病者,药物治疗,根据不同医院，收费标准不一致，市三甲医院约（1000 —— 5000元）,是,0.003%,60%,2-4个月,https://tag.120ask.com/jibing/hgjfy/
内科,呼吸内科,急性间质性肺炎,呼吸内科,干咳、脓痰、胸闷、乏力、咳嗽、咳痰、呼吸衰竭、烦躁不安、呼吸困难、发绀、杵状指（趾）、爆裂音,所有人群,药物治疗,根据不同医院，收费标准不一致，市三甲医院约（3000 —— 8000元）,否,比较常见，在呼吸道疾病中发病率约5%--10%,70%,1-2个月,https://tag.120ask.com/jibing/jxjzxfy/
内科,呼吸内科,急性硫化氢中毒,急诊科,流泪、眼痛、咽痛、头痛、上呼吸道粘膜刺激症状、啰音、恶心与呕吐、咽喉干燥及灼热感、眼结膜水肿及角膜溃疡、头晕、乏力、结膜充血,所有人群,药物治疗,根据不同医院，收费标准不一致，市三甲医院约（2000 —— 5000元）,否,多见于化工制造业接触硫化氢的实验员以及工人，发病率约为0.008%-0.009%,70%,1-3个月,https://tag.120ask.com/jibing/jxlhqzd/
内科,呼吸内科,呼吸道合胞病毒肺炎,呼吸内科,咳嗽、鼻塞、高热、呼吸困难、啰音、心力衰竭、三凹征、口唇青紫、鼻翼扇动,所有人群,药物治疗,根据不同医院，收费标准不一致，市三甲医院约2000-5000元,否,0.001%,80%,14--21天,https://tag.120ask.com/jibing/hxdhbbdfy/
内科,呼吸内科,滑石粉尘肺,呼吸内科,气短、咳嗽、咳痰、啰音、呼吸异常、肺间质纤维化、胸片示肺内孤立结节,所有人群,药物治疗,根据不同医院，收费标准不一致，市三甲医院约（1000 —— 5000元）,否,滑石矿工业工人发病率约为0.01%-0.05%,75%,3-6个月,https://tag.120ask.com/jibing/hsfcf/
内科,呼吸内科,急性气管－支气管炎,呼吸内科,鼻塞、流鼻涕、咽痛、咳嗽咳痰、吐泡沫痰、呼吸困难,所有人群,西药治疗、中药治疗,根据不同医院，收费标准不一致，市三甲医院约5000--10000元,否,人群患病概率33%,,治疗周期7天,https://tag.120ask.com/jibing/jxqgzqgy/
内科,呼吸内科,激素抵抗型哮喘,呼吸内科,气道高反应性、喘息、呼吸异常、气息异常、支气管痉挛、剧烈运动后哮喘、情绪性哮喘、紫绀、奇脉、喉鸣声、耸肩喘息,所有人群,药物治疗,根据不同医院，收费标准不一致，市三甲医院约（2000-4000元）,否,0.005%,40%,需要终身治疗,https://tag.120ask.com/jibing/jsdkxxc/
内科,呼吸内科,急性侵袭型肺曲霉病,呼吸内科,发烧、干咳、胸痛、咯血、咳痰、咳出棕色痰栓、出血利坏死、呼吸衰竭,所有人群,药物治疗,根据不同医院，收费标准不一致，市三甲医院约1000-3000元,否,0.012%--0.035%(HIV感染者以及体质低下患者发病率约0.012%--0.035%),60-70%,1-3个月,https://tag.120ask.com/jibing/jxqxxfqmb/
内科,呼吸内科,呼吸肌疲劳症,呼吸内科,呼吸急促、呼吸异常、气息异常,所有人群,药物治疗,根据不同医院，收费标准不一致，市三甲医院约（3000 —— 8000元）,否,0.003%,50%,2个月,https://tag.120ask.com/jibing/hxjplz/
内科,呼吸内科,急喉风,呼吸内科、中医科,呼吸道阻塞、呼吸困难、喉鸣声、声音嘶哑、三凹征、烦躁不安、脉数,所有人群,药物治疗,根据不同医院，收费标准不一致，市三甲医院约1000元-3000元,否,0.05%,90%,3-6周,https://tag.120ask.com/jibing/jihoufeng/
内科,呼吸内科,急性细支气管炎,呼吸内科,咳嗽、咳痰、呼吸急促、喘息、高热、干咳、鼻翼扇动、烦躁不安、发绀、呼吸音减弱,两岁以下的婴幼儿，以两个月～八个月最多,药物治疗,根据不同医院，收费标准不一致，市三甲医院约（5000 —— 10000元）,否,0.2%,70%,10-15天,https://tag.120ask.com/jibing/jxxzqgy/
内科,呼吸内科,急性肺脓肿,呼吸内科,急起寒战、高热伴全身虚弱乏力、多汗、食欲差、消瘦、咳嗽、咳恶臭浓痰、胸痛、电解质,呼吸道感染者,药物治疗、手术治疗,根据不同医院，收费标准不一致，市三甲医院约（20000 —— 50000元）,否,0.005%--0.008%,50--60%,14--30天,https://tag.120ask.com/jibing/jxfnz/
内科,呼吸内科,急性纵隔炎,呼吸内科,发热伴寒战、头痛头昏、呼吸困难、发绀、吞咽困难、咳嗽、气促、咯血、耳痛,呼吸道感染史、外伤或手术史患者,手术治疗、药物治疗,根据不同医院，收费标准不一致，市三甲医院约（15000 —— 30000元）,否,0.0003%,80%,7天,https://tag.120ask.com/jibing/jxzgy/
内科,呼吸内科,呼吸系统疾病伴发的精神障碍,呼吸内科,行为及情绪异常、抑郁、意识模糊、水肿、昏睡、嗜睡、昏迷、恐惧、焦虑、烦躁不安,所有人群,药物治疗,根据不同医院，收费标准不一致，市三甲医院约1000-3000元,否,0.002%,65%,1-3个月,https://tag.120ask.com/jibing/hxxtjbbfdjsza/
内科,呼吸内科,Kartagener综合征,呼吸内科、心血管内科,咳嗽、脓痰、咯血、发烧、发绀、呼吸困难、咳痰、痰中带血丝、湿啰音,所有人群,药物治疗,根据不同医院，收费标准不一致，市三甲医院约2000-5000元,否,0.001%,40%,3个月,https://tag.120ask.com/jibing/kartagenerzhz/
内科,呼吸内科,呼吸性细支气管相关的间质性肺,呼吸内科,呼吸急促、咳嗽、疲劳、干咳、胸骨后疼痛、胸痛、结节、呼吸异常、咳痰,所有人群,药物治疗,根据不同医院，收费标准不一致，市三甲医院约1000-3000元,否,0.0001%,30--50%,2--4周,https://tag.120ask.com/jibing/hxxxzqgxgdjzxfjb/
内科,呼吸内科,抗胰蛋白酶缺乏症,呼吸内科,呼吸困难、咳嗽、消瘦、感染性发热、呼吸音低、咳痰、啰音、气胸、呼吸异常,所有人群,药物治疗,根据不同医院，收费标准不一致，市三甲医院约（1000 —— 5000元）,否,0.001%--0.003%,30--50%,3周--6个月,https://tag.120ask.com/jibing/kydbmqfz/
内科,呼吸内科,结核性脓胸,呼吸内科、感染科,咳嗽、胸痛、脓疱、乏力、低热、盗汗 、胸闷、干咳、气急、呼吸困难、咳痰、咯血,所有人群,药物治疗,根据不同医院，收费标准不一致，市三甲医院约（3000 —— 8000元）,是,0.03%,70%,2-4月,https://tag.120ask.com/jibing/jhxnx/
内科,呼吸内科,呼吸性细支气管炎间质肺病,呼吸内科,咳痰、气急、咯血、低氧血症、肺部啰音,所有群体,药物治疗,根据不同医院，收费标准不一致，市三甲医院约（1000-5000元）,否,0.3%--0.5%,80%,1-2个月,https://tag.120ask.com/jibing/hxxxzqgyjzfb/
内科,呼吸内科,结节病性心肌病,心血管内科,心绞痛、胸痛、心律失常、心力衰竭、干咳、葡萄膜炎、右心衰竭、心动过速、心脏增大、视力障碍、淋巴结肿大、猝死,所有人群,药物治疗,根据不同医院，收费标准不一致，市三甲医院约2000-5000元,否,0.0012%,30%,1-3个月,https://tag.120ask.com/jibing/jjbxxjb/
内科,呼吸内科,咳嗽晕厥综合征,呼吸内科、心血管内科,剧烈咳嗽后晕厥、意识丧失、面色苍白、四肢抽搐、发绀、眩晕、全身肌张力低下、面色发绀,多见于患慢性呼吸道疾病的男性患者,药物治疗（治疗原发病为主）,根据不同医院，收费标准不一致，市三甲医院约（1000 —— 5000元）,否,60岁以上老年人发病率约为0.0002%-0.0008%,75%,3-6个月,https://tag.120ask.com/jibing/ksyzhz/
内科,呼吸内科,久疟,感染科,汗腺分泌体味、汗毛过多,所有人群,药物治疗,根据不同医院，收费标准不一致，市三甲医院约2000-5000元,是,0.005%,40%,1个月,https://tag.120ask.com/jibing/jiunue/
内科,呼吸内科,金黄色葡萄球菌肺炎,呼吸内科,发烧、咳嗽、咳痰、胸痛、呼吸困难、咳血痰、白细胞增多、寒战,所有人群,药物治疗,根据不同医院，收费标准不一致，市三甲医院约5000--10000元,否,人群患病概率9.3%,,治疗周期14天,https://tag.120ask.com/jibing/jhsptqjfy/
内科,呼吸内科,卡氏肺囊虫病,呼吸内科、传染科,呼吸急促、呼吸困难、发绀、咳嗽、反复肺炎、营养不良、结节、啰音、胸腔积液、呼吸衰竭、胸痛、呼吸异常,所有人群,药物治疗,根据不同医院，收费标准不一致，市三甲医院约2000-5000元,是,0.002%-0.003%(多见于体质低下以及hiv感染者),80%,1-3个月,https://tag.120ask.com/jibing/ksfncb/
内科,呼吸内科,巨细胞病毒性肺炎,呼吸内科,发热、咳嗽、不适、呼吸困难、活动力下降、缺氧、心悸胸闷,所有人群,药物治疗,根据不同医院，收费标准不一致，市三甲医院约（3000 —— 5000元）,否,0.001%,70%,7-14天,https://tag.120ask.com/jibing/jxbbdxfy/
内科,呼吸内科,老年肺炎,呼吸内科,尿失禁、精神恍惚、腹泻、恶心与呕吐、心悸、胸痛、铁锈色痰、发烧、腹痛伴恶心、呕吐、腹痛伴腹泻、食欲减退、神昏气促,老年人,药物治疗,根据不同医院，收费标准不一致，市三甲医院约1000-3000元,否,0.5%,65%治愈率,2-6周,https://tag.120ask.com/jibing/lnfy/
内科,呼吸内科,咯血,呼吸内科、心血管内科,咯血、胸痛、咳嗽、发热、皮肤粘膜出血、黄疸、呛咳、胸闷、肺部啰音、喉咙痒、咯血性泡沫痰,所有人群,药物、手术治疗,根据不同医院，收费标准不一致，市三甲医院约（3000 —— 5000元）,否,0.003%,60%,7-14天,https://tag.120ask.com/jibing/kaxue/
内科,呼吸内科,军刀综合征,心血管内科、心胸外科,咯血、发烧、血管畸形、呼吸困难、慢性咳嗽、眩晕、发绀、收缩期杂音 、呼吸音低,多见于10～20岁之间,药物、手术治疗,根据不同医院，收费标准不一致，市三甲医院约（10000 ——50000元）,否,0.0002%-0.0003%,65%-75%,6-12周,https://tag.120ask.com/jibing/jdzhz/
内科,呼吸内科,卡他莫拉菌感染,呼吸内科,脓肿 、语言发育迟缓、咳嗽、咳痰、呼吸困难、细菌感染,所有人群,药物治疗,根据不同医院，收费标准不一致，市三甲医院约（3000 —— 8000元）,是,0.001%,60%,3个月,https://tag.120ask.com/jibing/ktmljgr/
内科,呼吸内科,老年低温症,急诊科,面部浮肿、寒战、低血压、昏睡、幻觉、共济失调、痴呆、低热、面色苍白、发绀、声音嘶哑、谵妄,65岁以上老人多见,药物治疗,根据不同医院，收费标准不一致，市三甲医院约（3000 —— 8000元）,否,50岁以上中老年人群中发病率约为0.006%-0.01%，多继发于甲减患者,75%-85%,1-3个月,https://tag.120ask.com/jibing/lndwz/
内科,呼吸内科,老年人不稳定型心绞痛,心血管科,胸前区疼痛、压迫感、心悸胸闷、肩背部、手臂及下颌放射痛、冷汗淋漓,高血压、中老年人,药物治疗,根据不同医院，收费标准不一致，市三甲医院约（5000 —— 10000元）,否,50岁以上患病概率28%,,治疗周期终身用药,https://tag.120ask.com/jibing/lnrbwdxxjt/
内科,呼吸内科,军团病肺炎,呼吸内科、传染科,咳痰、咳嗽、呼吸困难、胸痛、恶心与呕吐、头痛、发烧、神志模糊、痴呆、惊厥、腹泻、肺部感染,所有人群,药物治疗,根据不同医院，收费标准不一致，市三甲医院约1000-3000元,否,0.003%,50%,6-8周,https://tag.120ask.com/jibing/jtbfy/
内科,呼吸内科,老年人肺癌,呼吸内科、肿瘤科,咳嗽、咳痰、咳血痰、发烧、啰音、淋巴结肿大、咯血、胸闷、声音嘶哑,长期吸烟者,药物、化学、放射、手术治疗,根据不同医院，收费标准不一致，市三甲医院约（50000 —— 100000元）,否,本病在中老年男性常见，20年烟龄以上者发病率极高在2%左右,,一般手术治疗需要15-20天周期。,https://tag.120ask.com/jibing/lnrfa/
内科,呼吸内科,克雷白杆菌属感染,呼吸内科、传染科,高热寒战、胸痛、咳嗽、咳痰、咳血痰、呼吸困难、发绀、败血症、弛张热、颈项强直、脑膜炎、咯血,所有人群,药物治疗,根据不同医院，收费标准不一致，市三甲医院约3000-5000元,是,0.2%,98%,3-6周,https://tag.120ask.com/jibing/klbgjsgr/
内科,呼吸内科,老年人肺结核病,传染科,啰音、咳嗽、咳痰、咯血、气急、持续高烧,老年人群,药物治疗,根据不同医院，收费标准不一致，市三甲医院约（5000 —— 8000元）,是,60岁以上老年人发病率约为0.03%--0.08%,70-80%,2-3年,https://tag.120ask.com/jibing/lnrfjhb/
内科,呼吸内科,口腔毛滴虫病,口腔科,咳嗽、咳痰,所有人群,药物治疗,根据不同医院，收费标准不一致，市三甲医院约（1000 —— 5000元）,否,0.002%,90%,2-4周,https://tag.120ask.com/jibing/kqmdcb/
内科,呼吸内科,老年人肺脓肿,呼吸内科,高热、咳嗽、脓痰、痰有恶臭味、低热、咯血、胸痛、食欲不振、消瘦、乏力、贫血、脓肿,老年人群,药物治疗,根据不同医院，收费标准不一致，市三甲医院约（3000 —— 8000元）,否,0.012%,70%,8-12周,https://tag.120ask.com/jibing/lnrfnz/
内科,呼吸内科,咖啡因与氨茶碱中毒,急诊科,恶心呕吐、腹痛、呕血、便血、头痛头昏、耳鸣、烦躁、昏迷、休克、尿多、或有血尿,过量或误服氨茶碱类药或咖啡因患者,手术治疗（催吐、洗胃）、药物治疗,根据不同医院，收费标准不一致，市三甲医院约（3000 —— 5000元）,否,0.0025%,60%,1-3周,https://tag.120ask.com/jibing/kfyyacjzd/
内科,呼吸内科,老年人感染性休克,呼吸内科、心血管内科,肺部感染（多见）、恶心呕吐、腹胀、腹泻、神志恍惚、表情淡漠、低热、低血压、心动过速、晕厥,体虚老年人,药物治疗、支持疗法,根据不同医院，收费标准不一致，市三甲医院约（20000 —— 50000元）,否,多见于有慢性肺部疾病的老年人，发病率5-10%,60%,1-6月,https://tag.120ask.com/jibing/lnrgrxxk/
内科,呼吸内科,老年人肺气肿,呼吸内科,咳嗽、咳痰、胸闷、气急、疲乏、纳差、体重减轻、发烧、桶状胸,老年人群,药物治疗,根据不同医院，收费标准不一致，市三甲医院约（3000 —— 8000元）,否,0.16%,60%,1-2个月,https://tag.120ask.com/jibing/lnrfqz/
内科,呼吸内科,卡普兰综合征,呼吸内科,咯血、咳嗽、咳痰、呼吸困难、胸痛、关节疼痛、关节游走性疼痛肿胀、关节肿痛,所有人群,药物治疗,根据不同医院，收费标准不一致，市三甲医院约（3000 —— 8000元）,否,0.001%--0.002%,40-50%,3-6个月,https://tag.120ask.com/jibing/kplzhz/
内科,呼吸内科,痨瘵,中医科,咳嗽、咳血、潮热、盗汗、身体逐渐消瘦等,所有人群均可发病，成年人较多见,药物治疗,根据不同医院，收费标准不一致，市三甲医院约（3000 —— 8000元）,是,0.001%-0.004%,70%,1-2年,https://tag.120ask.com/jibing/laozhai/
内科,呼吸内科,老年人肺性脑病,呼吸内科、急诊科,昏迷、晕厥、神志淡漠、抽搐、扑翼样震颤、腱反射消失,所有人群,药物治疗、脱水治疗,根据不同医院，收费标准不一致，市三甲医院约10000-30000元,否,0.0065%,50%,1-3个月,https://tag.120ask.com/jibing/lnrfxnb/
内科,呼吸内科,卡氏肺孢子虫肺炎,呼吸内科,发绀、肝肿大、咳嗽、干咳、盗汗 、周身不适、湿啰音、脾肿大、淋巴结肿大、胸痛、啰音、营养不良,所有人群,药物治疗,根据不同医院，收费标准不一致，市三甲医院约（3000 —— 8000元）,否,0.05%,95%,1-3月,https://tag.120ask.com/jibing/ksfzcfy/
内科,呼吸内科,老年人高血压危象,心血管内科,高血压、剧烈头痛、发热、出汗、心率加快、皮肤潮红、口干、尿频、排尿困难及手足颤抖,老年高血压患者,药物治疗,根据不同医院，收费标准不一致，市三甲医院约（10000 —— 30000元）,否,0.01%,80%,2-4周,https://tag.120ask.com/jibing/lnrgxywx/
内科,呼吸内科,老年人呼吸衰竭,呼吸内科,呼吸衰竭、咳嗽、心律失常、喘息、呼吸困难、发绀、昏迷、抽搐、神志淡漠、肌肉震颤、嗜睡、昏睡,老年人,药物治疗,根据不同医院，收费标准不一致，市三甲医院约（5000 —— 10000元）,否,0.005%,70%,14--21天,https://tag.120ask.com/jibing/lnrhxsj/
内科,呼吸内科,老年人胸腔积液与胸膜炎,呼吸内科,胸痛、呼吸困难、呼吸音减弱、气管和纵隔移位、渗出性胸水、血性胸水、胸腔积液、胸闷、胸水,老年人群,药物治疗,根据不同医院，收费标准不一致，市三甲医院约（3000 —— 8000元）,否,0.005%,75%,1-2月,https://tag.120ask.com/jibing/lnrxqjyyxmy/
内科,呼吸内科,老年人呼吸性酸中毒,呼吸内科,呼吸急促、呼吸困难、头痛、昏迷、心律失常、烦躁不安、震颤、意识模糊、谵妄、视物模糊,肺炎及老慢支患者,药物治疗、支持疗法,根据不同医院，收费标准不一致，市三甲医院约（5000 —— 8000元）,否,0.002%,50%,7-14天,https://tag.120ask.com/jibing/lnrhxxszd/
内科,呼吸内科,老年人厌氧菌性肺炎,呼吸内科,畏寒、咳嗽、咳痰、腹泻、心力衰竭、恶心、恶心与呕吐、肺癌胸水、高热寒战、肺部感染、啰音、烦躁不安,老年人群,药物治疗,根据不同医院，收费标准不一致，市三甲医院约（3000 —— 8000元）,否,老年慢性支气管炎者发病率约为8%,,治疗周期7天,https://tag.120ask.com/jibing/lnryyjxfy/
内科,呼吸内科,类鼻疽杆菌肺炎,呼吸内科,头痛、咳嗽、胸痛、呼吸急促、咳痰、咳血痰、鼻脓涕有臭味、关节疼痛、鼻孔闭锁、肺部感染、鼻孔朝天或鼻孔前倾、身痛,所有人群,药物治疗,根据不同医院，收费标准不一致，市三甲医院约2000-5000元,否,发病率约为0.001%-0.0025,80%,4-6周,https://tag.120ask.com/jibing/lbjgjfy/
内科,呼吸内科,老年人急性呼吸窘迫综合征,呼吸内科、ICU,呼气困难、咳嗽、咳痰、呼吸异常、劳力性呼吸困难、呼吸功能衰竭、低血压、休克、昏迷、急性呼吸困难、发绀、三凹征,老年人群,药物治疗,根据不同医院，收费标准不一致，市三甲医院约（3000 —— 8000元）,否,0.05%,80%,2-4月,https://tag.120ask.com/jibing/lnrjxhxjpzhz/
内科,呼吸内科,老年人阳性杆菌肺炎,呼吸内科或老年科,寒战、高热、呼吸困难、胸痛、稽留热、肺部可闻及干湿啰音及哮鸣音、咳血痰、发绀、皮肤坏死、溃疡、烦躁不安、指甲呈三角形,老年人群,药物治疗,根据不同医院，收费标准不一致，市三甲医院约（3000 —— 8000元）,否,12%,92%,7天,https://tag.120ask.com/jibing/lnryxgjfy/
内科,呼吸内科,类肺炎性胸腔积液,心胸外科,发烧、寒战、胸痛、咳嗽、咳痰、胸腔积液,所有群体,药物治疗、手术治疗,根据不同医院，收费标准不一致，市三甲医院约（5000-10000元）,否,发病率约为0.001%--0.002%多见于慢性肺炎患者,50-70%,3-6个月,https://tag.120ask.com/jibing/lfyxxqjy/
内科,呼吸内科,老年人间质性肺炎,呼吸内科,呼吸困难、肺弥散功能障碍、呼吸急促、发绀、低氧血症、肺部啰音、消瘦、乏力、厌食、关节疼痛、杵状指（趾）,老年人群,药物治疗,根据不同医院，收费标准不一致，市三甲医院约（3000 —— 8000元）,否,0.3%-0.4%,80%,2-3个月,https://tag.120ask.com/jibing/lnrjzxfy/
内科,呼吸内科,老年人院内获得性肺炎,呼吸内科,乏力、全身不适及食欲减退、干咳、气急胸痛、发热,老年住院患者,西医药物治疗,根据不同医院，收费标准不一致，市三甲医院约（6000-10000元）,否,0.05%-0.08%,85%,4-8周,https://tag.120ask.com/jibing/lnrynhdxfy/
内科,呼吸内科,类脂性肺炎,呼吸内科,咳嗽、胸痛、咯血、寒战、盗汗 、体重减轻、低热、肺部可闻及干湿啰音及哮鸣音、劳力性呼吸困难,所有人群,药物治疗,根据不同医院，收费标准不一致，市三甲医院约（3000 —— 8000元）,否,0.0032%,60%,10=30天,https://tag.120ask.com/jibing/lzxfy/
内科,呼吸内科,老年人结节病,呼吸内科,咯血、胸闷、气短、咳嗽、结节、神疲乏力、食欲不振、关节疼痛、心律失常、心力衰竭,老年人群,药物治疗,根据不同医院，收费标准不一致，市三甲医院约（3000 —— 8000元）,否,0.005%,20-50%,20天-50天,https://tag.120ask.com/jibing/lnrjjb/
内科,呼吸内科,老年人支气管扩张,呼吸内科,咳嗽、咳痰、咯血、贫血、反复感染、发热、乏力、食欲不振、痰中带血、支气管脓性分泌物增多,老年人,药物、手术治疗,根据不同医院，收费标准不一致，市三甲医院约（5000 —— 10000元）,否,0.0053%,60%,2-3个月,https://tag.120ask.com/jibing/lnrzqgkz/
内科,呼吸内科,联合免疫缺陷病,内分泌科,反复感染、出血倾向、共济失调、毛细血管扩张症、体型异常、真菌感染、细菌感染、反复肺炎、腹泻、念珠菌感染、生长缓慢、粒细胞减少,所有人群,药物治疗,根据不同医院，收费标准不一致，市三甲医院约2000-5000元,否,0.00002%,20%,1-3个月,https://tag.120ask.com/jibing/lhmyqxb/
内科,呼吸内科,老年人慢性支气管炎,呼吸内科,反复发作咳嗽、咳痰、气喘连续3年或以上、每年持续2个月或以上，遇劳或遇冷发作,吸烟史老年患者,药物治疗、支持疗法,根据不同医院，收费标准不一致，市三甲医院约（5000 —— 8000元）,否,老年人患病概率27%,,治疗周期4-8周,https://tag.120ask.com/jibing/lnrmxzqgy/
内科,呼吸内科,老年人支气管哮喘,呼吸内科,咳嗽、咳大量白色泡沫痰、气喘、端坐呼吸、心悸胸闷,老年人,药物治疗、支持疗法,根据不同医院，收费标准不一致，市三甲医院约（5000 —— 8000元）,否,0.00523%,80%,10-30天,https://tag.120ask.com/jibing/lnrzqgxc/
内科,呼吸内科,链杆菌病,呼吸内科,高热寒战、头痛、呕吐、斑丘疹 、关节疼痛、发烧、斑疹、细菌性心内膜炎,所有人群,药物治疗,根据不同医院，收费标准不一致，市三甲医院约2000-4000元,是,人群患病概率0.0069%,,治疗周期14-21天,https://tag.120ask.com/jibing/lgjb/
内科,呼吸内科,老年人尿毒症性肺炎,呼吸内科,咳嗽、咳痰、呼吸困难、活动后气促、反复肺炎、水肿、上呼吸道和口腔存在大量定植菌、痰中带血、口唇发绀、肾部积水现象、湿啰音、高热寒战,老年人,药物治疗,根据不同医院，收费标准不一致，市三甲医院约（5000-10000元）,否,60岁以上老年人群中发病率约为0.04%-0.05%,50%,3-6个月,https://tag.120ask.com/jibing/lnrndzxfy/
内科,呼吸内科,老年人支原体肺炎,呼吸内科,发热畏寒、咳嗽、咽痛、周身不适、痰中带血、气短、胸痛、肌痛、食欲不振,老年人,药物治疗,根据不同医院，收费标准不一致，市三甲医院约（5000 —— 8000元）,否,老年人患病概率1.7%,,治疗周期7天,https://tag.120ask.com/jibing/lnrzytfy/
内科,呼吸内科,链球菌中毒性休克综合征,呼吸内科、心血管内科,发烧、低血压、剧烈疼痛、皮肤弥漫性红肿、心力衰竭、休克、晕厥、尿比重增高、心音微弱、心脏压塞征象、红细胞压积偏高、有效血容量减少,所有群体,药物治疗,根据不同医院，收费标准不一致，市三甲医院约（5000-10000元）,否,0.004%-0.005%,80%,4-6周,https://tag.120ask.com/jibing/lqjzdxxkzhz/
内科,呼吸内科,老年人睡眠呼吸暂停综合征,呼吸内科,打鼾、白天嗜睡夜间失眠、心律失常、心绞痛、睡眠呼吸暂停、频发室性期前收缩、房室传导阻滞、心动过速、气短,老年人,药物治疗、手术治疗,根据不同医院，收费标准不一致，市三甲医院约（5000-10000元）,否,1%--4%(60岁以上老年人患病率约为1%-4%，多因肥胖有关),30%-40%,3-6个月,https://tag.120ask.com/jibing/lnrsmhxztzhz/
内科,呼吸内科,老年人终末期肺炎,呼吸内科,咳嗽、咳痰、乏力、呼吸衰竭、精神萎靡、肾功能衰竭、脱水、全身衰竭、呼吸音减弱、心律失常、烦躁不安、湿啰音,所有人群,药物治疗,根据不同医院，收费标准不一致，市三甲医院约2000-5000元,否,1-2%(50岁以上人群发病率约1-2%),60%,2-3个月,https://tag.120ask.com/jibing/lnrzmqfy/
内科,呼吸内科,良性淋巴细胞血管炎和肉芽肿病,呼吸内科,乏力、咳嗽、胸闷、咯血、发热、全身乏力不适,所有人群,药物治疗、生活调理,根据不同医院，收费标准不一致，市三甲医院约（10000--50000元）,否,0.005%,50%,1-3个月,https://tag.120ask.com/jibing/lxlbxbxgyhryzb/
内科,呼吸内科,老年人特发性肺纤维化,呼吸内科,呼吸困难、干咳、乏力、消瘦、脓痰、啰音、咳嗽、咳痰,50岁以上老人为主,药物治疗,根据不同医院，收费标准不一致，市三甲医院约（3000 —— 8000元）,否,0.0051%,77%,2--6周,https://tag.120ask.com/jibing/lnrtfxfxwh/
内科,呼吸内科,老年性昏迷,神经内科,意识障碍、缄默症、昏迷、觉醒状态丧失、对光反应消失,老年人,药物治疗,根据不同医院，收费标准不一致，市三甲医院约（5000 —— 10000元）,否,0.005%,50%,2-4周,https://tag.120ask.com/jibing/lnxhm/
内科,呼吸内科,淋巴瘤样肉芽肿,呼吸内科、肿瘤科,周身不适、乏力、关节疼痛、咳嗽、腹痛、感觉障碍、消瘦、耳聋、体重减轻,本病可发生于任何年龄、以20～60岁最多见、男性略多于女性,药物治疗、放射治疗,根据不同医院，收费标准不一致，市三甲医院约（5000 —— 10000元）,否,0.002%,40%,3个月,https://tag.120ask.com/jibing/lblyryz/
内科,呼吸内科,老年人吸入性肺炎,呼吸内科,寒战、咳嗽、咳痰、胸痛、高热寒战、咳血痰、头痛、烦躁不安、喘脱、持续性发热、腹胀,老年人,药物治疗,根据不同医院，收费标准不一致，市三甲医院约（3000 —— 8000元）,否,0.01%,70%,7-14天,https://tag.120ask.com/jibing/lnrxrxfy/
内科,呼吸内科,老年休克,急诊科、老年科,意识障碍、脉搏细速、血压下降、皮肤湿冷、烦躁不安、呼吸异常、晕厥、休克、心脏骤停、昏迷、气息异常,老年人,药物治疗,根据不同医院，收费标准不一致，市三甲医院约（5000 —— 10000元）,否,50岁以上老年人发病率约为0.01%-0.02%，多见于有心血管疾病患者,75%-85%,4周,https://tag.120ask.com/jibing/lnxk/
内科,呼吸内科,流感病毒肺炎,中医科,咳嗽、发热恶寒、咽痛、头痛、胸痛、咯血、身痛、高热不退、气急、发绀,所有人群,药物治疗,根据不同医院，收费标准不一致，市三甲医院约（1000 —— 3000元）,否,65%,98%,2-5周,https://tag.120ask.com/jibing/lgbdfy/
内科,呼吸内科,流感嗜血杆菌感染,呼吸内科,痉挛性咳嗽、脑膜炎、咽痛、发烧、头痛、嗜睡、昏迷、惊厥、颈强直,所有人群,药物治疗,根据不同医院，收费标准不一致，市三甲医院约1000-3000元,否,人群患病概率67%,,治疗周期7天,https://tag.120ask.com/jibing/lgsxgjgr/
内科,呼吸内科,流感嗜血杆菌肺炎,呼吸内科,发烧、咳嗽、咳痰、呼吸异常、小儿发热、支气管肺泡音、叶间裂常呈弧形下坠、双肺水泡音、周身不适、咳血痰、右胸痛、流感样症状,所有人群,药物治疗,根据不同医院，收费标准不一致，市三甲医院约（3000 —— 8000元）,否,人群患病概率0.0035%,,治疗周期7-21天,https://tag.120ask.com/jibing/lgsxgjfy/
内科,呼吸内科,慢性肺炎,呼吸内科,运动气喘、发绀、呼吸困难、咳痰、紫绀、气喘、杵状指（趾）、胸式呼吸、胸廓异常、面部浮肿,中老年人,药物治疗,根据不同医院，收费标准不一致，市三甲医院约（3000 —— 8000元）,否,1.2%,73%,14天,https://tag.120ask.com/jibing/mxfy/
内科,呼吸内科,煤炭工尘肺,呼吸内科,咳嗽、咳痰、胸闷、气短、咳出的多半是黑色粘液状痰、现端坐呼吸、不能干卧,煤炭工人,药物治疗、手术治疗（肺灌洗）,根据不同医院，收费标准不一致，市三甲医院约（5000 —— 10000元）,否,煤炭工人患病概率0.0062%,,需要终身治疗,https://tag.120ask.com/jibing/mtgcf/
内科,呼吸内科,慢性肺源性心脏病,心血管内科、呼吸内科,咳嗽、咳痰、胸闷、气短、喘息、心悸、呼吸音减弱，偶有干湿性啰音或哮鸣音、心浊音界缩小或消失,中老年人,药物治疗,根据不同医院，收费标准不一致，市三甲医院约（3000-10000元）,否,60岁以上老年人发病率约为0.03%--0.05%,40-60%，多以控制症状治疗为主,终身治疗,https://tag.120ask.com/jibing/mxfyxxzb/
内科,呼吸内科,流行性角膜结膜炎,眼科,结膜充血、水肿、有较多滤泡、眼内有异物感、刺痛烧灼感、怕光、流泪及轻度视力障碍、脓性分泌物,所有人群,药物治疗,根据不同医院，收费标准不一致，市三甲医院约（500 —— 1000元）,是,0.0033%,80%,7-14天,https://tag.120ask.com/jibing/lxxjmjmy/
内科,呼吸内科,锰中毒,急诊科,口腔溃疡、恶心与呕吐、胃痛、下肢无力、发烧、便血、肌肉震颤麻痹、咳嗽、咽痛、精神障碍、休克、气急,锰化合物产业工人,手术治疗（催吐、洗胃、导泻）、药物治疗,根据不同医院，收费标准不一致，市三甲医院约（5000 —— 8000元）,否,0.0035%,75%,3-8周,https://tag.120ask.com/jibing/mengzhongdu/
内科,呼吸内科,慢性呼吸衰竭,呼吸内科,呼吸功能衰竭、紫绀、发绀、心律失常、水肿、潮式呼吸、狂躁、昏迷、抽搐,原有肺部疾病患者,药物治疗、机械通气,根据不同医院，收费标准不一致，市三甲医院约（5000 —— 10000元）,否,呼吸系统里面占0.05%-0.08%,65%,24天-50天,https://tag.120ask.com/jibing/mxhxsj/
内科,呼吸内科,弥漫型间皮瘤,肿瘤科,低血糖症、咳嗽、胸痛、发烧,所有人群,药物治疗,根据不同医院，收费标准不一致，市三甲医院约（3000 —— 8000元）,否,0.001%,30%,10天,https://tag.120ask.com/jibing/mmxjpl/
内科,呼吸内科,慢性咳嗽,呼吸内科,咳嗽、干咳、喘息、干咳、,所有人群,药物治疗,根据不同医院，收费标准不一致，市三甲医院约（1000 —— 5000元）,否,不吸烟者慢性咳嗽发病率0.14%--0.23%,60%,3个月,https://tag.120ask.com/jibing/mxks/
内科,呼吸内科,铝尘肺,呼吸内科,气短、胸闷、胸痛、咳嗽、啰音、咯血、呼吸异常、无力,职业接触者,对症治疗、药物治疗,根据不同医院，收费标准不一致，市三甲医院约（5000 —— 10000元）,否,0.002%--0.005%,70%,1--6个月,https://tag.120ask.com/jibing/lvchenfei/
内科,呼吸内科,米氏链球菌肺炎,呼吸内科,咳血痰、咳嗽、黄白色黏痰有水果味、呼吸困难、气促,所有人群,药物治疗,根据不同医院，收费标准不一致，市三甲医院约（3000 —— 5000元）,否,0.03%,90%,3-6周,https://tag.120ask.com/jibing/mslqjfy/
内科,呼吸内科,氯气中毒,急诊科,胸闷、咳嗽、胸痛、气急、水肿、呼吸困难、声音嘶哑、发绀、咯多量血性泡沫痰,所有人群,药物治疗,根据不同医院，收费标准不一致，市三甲医院约（3000 —— 8000元）,否,0.0002%--0.0005%,30--50%,2--8周,https://tag.120ask.com/jibing/lqzd/
内科,呼吸内科,免疫缺陷性肺炎,呼吸内科,血管性水肿、面部畸形、眼球震颤、血小板减少、湿疹、毛细血管扩张症、畏光,所有人群,药物治疗,根据不同医院，收费标准不一致，市三甲医院约（3000 —— 8000元）,否,本病罕见，发病率约为0.0005%-0.001%,60%,1-3个月,https://tag.120ask.com/jibing/myqxxfy/
内科,呼吸内科,螺菌病,感染科,局部淋巴结肿大、关节疼痛、淋巴结肿大、发绀、水泡、疼痛、溃疡、压痛、高热寒战、头痛、疲乏、恶心、呕吐,所有人群,药物治疗,根据不同医院，收费标准不一致，市三甲医院约（10000 —— 30000元）,是,0.002%,60%,2个月,https://tag.120ask.com/jibing/luojunbing/
内科,呼吸内科,免疫缺陷者肺炎,呼吸内科,咳痰、咳嗽、呼吸异常、消瘦、胸痛、水肿,所有群体,病因治疗,根据不同医院，收费标准不一致，市三甲医院约（1000-5000元）,否,0.001%,10%,10-30天,https://tag.120ask.com/jibing/myqxzfy/
内科,呼吸内科,农民肺,呼吸内科,高热、畏寒、食欲不振、恶心、头痛、肺泡炎症、发烧、咳痰、胸闷、气短、呼吸困难、咳嗽,从事农业生产者,脱离接触抗原、药物治疗,根据不同医院，收费标准不一致，市三甲医院约（3000 —— 8000元）,否,0.04%--0.06%(农业工作者发病率约为0.04%--0.06%),60-70%,3-6个月,https://tag.120ask.com/jibing/nongminfei/
内科,呼吸内科,慢性纵隔炎,呼吸内科、心胸外科,水肿、头晕、头痛、呼吸困难、紫绀、眩晕、气息异常、呼吸衰竭、咽异感症、咯血,所有人群,药物、手术治疗,根据不同医院，收费标准不一致，市三甲医院约（10000 —— 50000元）,否,老年男性吸烟者较为多见，发病率约0.055--0.065,60-70%,3-6个月,https://tag.120ask.com/jibing/mxzgy/
内科,呼吸内科,瘰疬性皮肤结核病,传染科,溃疡、皮下结节、皮肤粘连、淋巴结肿大,本病多发生在儿童或青年时期，尤多见于青年女性,药物治疗、手术治疗,根据不同医院，收费标准不一致，市三甲医院约（1000-5000元）,是,0.002/%,50%,3-6个月,https://tag.120ask.com/jibing/xpfjhb/
内科,呼吸内科,Nezelot综合征,呼吸内科、心血管内科,反复肺炎、白色念珠菌感染、消化不良、小儿发热,所有人群,药物治疗,根据不同医院，收费标准不一致，市三甲医院约2000-5000元,否,本病罕见，发病率约为0.0002%-0.0004%,55%,1-2年,https://tag.120ask.com/jibing/nezelotzhz/
内科,呼吸内科,摩根菌肺炎,呼吸内科,发热、寒战、畏寒、咳嗽、咯脓痰或白痰、胸痛、呼吸急促、发绀,所有人群,药物治疗,根据不同医院，收费标准不一致，市三甲医院约（3000 ——5000元),否,发病率约为0.003%-0.007%,75%,3-6个月,https://tag.120ask.com/jibing/mgjfy/
内科,呼吸内科,农药中毒性肾病,急诊科、肾内科,呼吸气为蒜臭味、抽搐、大小便失禁、口吐白沫、眩晕、乏力、腹痛,所有人群,洗胃、药物治疗,根据不同医院，收费标准不一致，市三甲医院约（5000 —— 10000元）,否,0.002%,40%,1-3个月,https://tag.120ask.com/jibing/nyzdxsb/
内科,呼吸内科,Marie-Bamberger综合征,呼吸内科,杵状指（趾）、关节疼痛、关节肿胀,所有群体,病因治疗,根据不同医院，收费标准不一致，市三甲医院约（1000-5000元）,否,0.002%-0.003%,45%-65%,1-3年,https://tag.120ask.com/jibing/mariebambergerzhz/
内科,呼吸内科,梅核气,中医科,咽喉异物感、吞之不进、吐之不出、时发时止,中青年女性,药物治疗,根据不同医院，收费标准不一致，市三甲医院约（1000 —— 2000元）,否,0.052%,80%,10天,https://tag.120ask.com/jibing/meiheqi/
内科,呼吸内科,皮肌炎与多发性肌炎,神经内科,双上眼睑的水肿性紫红色斑、肌肉酸痛、吞咽困难、呼吸困难、发烧、胸闷、食欲不振、畏寒、乏力、皮肌炎Gottron征、肌性肌无力,所有群体,病因治疗,根据不同医院，收费标准不一致，市三甲医院约（5000-10000元）,否,0.014%,60%,1-2个月,https://tag.120ask.com/jibing/pjyydfxjy/
内科,呼吸内科,麻疹病毒肺炎,传染科,高热持续不退，咳嗽加剧，呼吸急促、鼻翼扇动、发绀、干咳、腹痛、肌痛,儿童人群,药物治疗、支持疗法,根据不同医院，收费标准不一致，市三甲医院约（3000 —— 5000元）,是,0.001%-0.025%,90%,10--30天,https://tag.120ask.com/jibing/mzbdfy/
内科,呼吸内科,煤气中毒,急诊科,头晕、头痛、耳鸣、眼花、四肢无力、恶心、呕吐、昏睡、呼吸异常、血压下降、震颤、眩晕、前胸皮肤及口唇呈樱桃红色,所有人群,药物治疗,根据不同医院，收费标准不一致，市三甲医院约（1000 —— 5000元）,否,0.005%,80%,3-5周,https://tag.120ask.com/jibing/mqzd/
内科,呼吸内科,其他病毒肺炎,呼吸内科,发烧、咽痛、鼻塞、头痛、呼吸困难、发绀、三凹征、鼻翼扇动、肺部可闻及干湿啰音及哮鸣音、心力衰竭、急性肾衰竭、休克,所有人群,药物治疗,根据不同医院，收费标准不一致，市三甲医院约1000-5000元,否,0.00003%,40-50%,1-3个月,https://tag.120ask.com/jibing/qtbdfy/
内科,呼吸内科,奈瑟卡他球菌肺炎,呼吸内科,发烧、咳嗽、咳痰、啰音、胸痛、叶间裂常呈弧形下坠、肺部感染、咳血痰、反复肺炎,所有人群,药物治疗,根据不同医院，收费标准不一致，市三甲医院约2000-5000元,否,0.005%,60%,2个月,https://tag.120ask.com/jibing/nsktqjfy/
内科,呼吸内科,内脏利什曼病,呼吸内科、传染科,持续性发热、肝肿大、脾肿大、淋巴结肿大、牵涉痛、内脏痛、头痛、鼻出血、出汗疲乏、全身不适、无力,人类对本病有普遍的易感性，但10岁以下儿童更为易感,饮食、药物、手术治疗,根据不同医院，收费标准不一致，市三甲医院约（10000 —— 50000元）,是,0.0001%,20--40%,1--3个月,https://tag.120ask.com/jibing/nzlsmb/
内科,呼吸内科,Pancoast综合征,心胸外科、肿瘤科,肩痛、眼球内陷、瞳孔异常、腋窝痛,所有人群,药物治疗、姑息性手术治疗,根据不同医院，收费标准不一致，市三甲医院约（3000 —— 8000元）,否,0.0001%,20%,3个月,https://tag.120ask.com/jibing/pancoastzhz/
内科,呼吸内科,脑膜炎奈瑟菌肺炎,神经内科、呼吸内科,咳嗽、咳脓痰、泡沫痰、胸痛、畏寒、高热、湿啰音,所有群体,药物治疗,根据不同医院，收费标准不一致，市三甲医院约（3000-5000元）,否,0.005%,97%,14天,https://tag.120ask.com/jibing/nmynsjfy/
内科,呼吸内科,黏多糖贮积症Ⅰ型,内分泌科,运动障碍、智力不足、鼻梁宽而平、眼距宽、唇厚、舌大、耳低位、牙齿小而稀疏,1-2岁儿童,西医药物治疗,根据不同医院，收费标准不一致，市三甲医院约（8000-14000元）,否,0.0003%,20%,6个月,https://tag.120ask.com/jibing/dtzjzyix/
内科,呼吸内科,气单胞菌肺炎,呼吸内科,发烧、腹泻、咳嗽、咳痰、胸痛、叶间裂常呈弧形下坠、咳血痰、肺部感染、恶心与呕吐、支气管肺泡音、腹痛、肺部化脓性感染,所有群体,药物治疗,根据不同医院，收费标准不一致，市三甲医院约（1000-5000元）,否,0.0002%,90%,2-3月,https://tag.120ask.com/jibing/qdbjfy/
内科,呼吸内科,Poncet综合征,风湿科,红斑结节、口腔溃疡、溃疡、疱疹、皮肌炎Gottron征、结节,所有人群,药物治疗,根据不同医院，收费标准不一致，市三甲医院约2000-5000元,否,0.05%,85%,2-5月,https://tag.120ask.com/jibing/poncetzhz/
内科,呼吸内科,气管、支气管狭窄,呼吸内科,呼吸困难、气促、喘鸣、咳嗽、咳痰、患侧胸廓呼吸动度、语颤减弱或消失、呼吸音低或消失、干湿罗音,所有群体,无特殊并发疾病,根据不同医院，收费标准不一致，市三甲医院约（3000-5000元）,否,0.05%,75%,8-12周,https://tag.120ask.com/jibing/qgzqgxz/
内科,呼吸内科,气管闭合性损伤,心胸外科,呼吸衰竭、咳嗽、咯血、呼吸困难、呼吸异常、发绀、压痛、皮下气肿,所有人群,手术治疗,根据不同医院，收费标准不一致，市三甲医院约（5000 —— 10000元）,否,占外伤发病率的0.01%-0.02%,90%,2-4周,https://tag.120ask.com/jibing/qgbhxss/
内科,呼吸内科,铍中毒,急诊科,头痛、乏力、低热、咳嗽、呼吸困难、胸钝痛，1周后好转。,成年人,药物治疗,根据不同医院，收费标准不一致，市三甲医院约（5000 —— 10000元）,否,发病率约为0.0001%-0.0003%，多见于实验室人员以及铍工业工作人员,65%-75%,3-6个月,https://tag.120ask.com/jibing/pizhongdu/
内科,呼吸内科,黏多糖贮积症Ⅱ型,儿内科,关节强直、爪状手、短小、但无脊柱后弯、皮肤呈皱褶性或结节性增厚、尤以上肢及胸部明显、有时可呈对称性分布、并有多毛、可因视网膜变性而失明、常有进行性耳聋、肝脾肿大、伴有慢性腹泻,2岁以上儿童开始发病,特异性的酶替代治疗及基因治疗,根据不同医院，收费标准不一致，市三甲医院约（3000 —— 8000元）,否,发病率约为0.0005%-0.001%,,终身间歇性治疗,https://tag.120ask.com/jibing/dtzjzerx/
内科,呼吸内科,气管前间隙感染,呼吸内科,喉头水肿、吞咽困难、呼吸困难、乏力、肺部感染、水肿、咽喉部充血、疼痛,所有人群,药物治疗,根据不同医院，收费标准不一致，市三甲医院约（3000 —— 8000元）,否,0.005%,80%,1-3个月,https://tag.120ask.com/jibing/qgqjxgr/
内科,呼吸内科,尿毒症肺炎,呼吸内科、肾内科,呼吸困难、咳嗽、咯血、少尿、发热、咳痰、慢性肾衰竭,原有尿毒症患者,药物治疗、肾脏移植,根据不同医院，收费标准不一致，市三甲医院约（5000 —— 10000元）,否,0.0001%,40%,7-21天,https://tag.120ask.com/jibing/ndzfy/
内科,呼吸内科,气管食管瘘,心胸外科,呕吐、呛咳、食管反流、咯血、呼吸困难,所有人群,手术治疗,根据不同医院，收费标准不一致，市三甲医院约（10000 —— 50000元）,否,0.003%,90%,1-3月,https://tag.120ask.com/jibing/qgsg/
内科,呼吸内科,镍中毒,急诊科,咳嗽、粉红色泡沫痰、胸闷、胸痛、丘疹、斑疹、咳痰、紫绀、疱疹、头痛、头晕、乏力,所有群体,药物治疗,根据不同医院，收费标准不一致，市三甲医院约（5000-10000元）,否,0.001%,80%,3个月,https://tag.120ask.com/jibing/niezhongdu/
内科,呼吸内科,气管先天性疾病,呼吸内科,吞咽困难、呼吸困难、喘鸣、胎儿生长发育迟缓、支气管狭窄,所有人群,药物、手术治疗,根据不同医院，收费标准不一致，市三甲医院约（20000 —— 50000元）,否,发病率约为0.0002%-0.0003%,,3-5个月,https://tag.120ask.com/jibing/qgxtxjb/
内科,呼吸内科,葡萄球菌中毒性休克综合征,呼吸内科,发烧、咽痛、红斑样皮疹、结膜充血、低血压、休克、腹泻、红细胞压积偏高、有效血容量减少、心音微弱、心脏压塞征象、晕厥,所有群体,药物治疗,根据不同医院，收费标准不一致，市三甲医院约（5000-10000元）,否,6岁以下儿童以及抵抗力低下的老年人多见，发病率约为0.001%-0.003%,85%,4-6周,https://tag.120ask.com/jibing/ptqjzdxxkzhz/
内科,呼吸内科,气管支气管异物,耳鼻喉科,呛咳、胸闷憋气、面色青紫、咳痰、声音嘶哑、呼吸道阻塞、气管损伤、粘液脓性痰、呕吐、肺部感染、咯血,5岁以下儿童,药物、手术治疗,根据不同医院，收费标准不一致，市三甲医院约（2000 —— 5000元）,否,小儿多见，发病率约0.0652%,80-90%,1-2周,https://tag.120ask.com/jibing/qgzqgyw/
内科,呼吸内科,沙眼衣原体肺炎,呼吸内科,低热、干咳、鼻塞、呼吸急促、胸痛、肌痛、寒战、紫绀、呕吐,青少年,药物治疗、支持疗法,根据不同医院，收费标准不一致，市三甲医院约（5000 —— 8000元）,是,发病率约0.002%--0.004%,40-60%,6个月,https://tag.120ask.com/jibing/syyytfy/
内科,呼吸内科,Q热肺炎,呼吸内科、感染科,弛张热、恶心、肺实变、腹痛、腹泻、干咳、肝脾肿大、高热,所有人群,药物治疗,根据不同医院，收费标准不一致，市三甲医院约（1000 —— 5000元）,是,0.005%,80%,3-6周,https://tag.120ask.com/jibing/qrfy/
内科,呼吸内科,农药中毒所致的精神障碍,精神心理科,意识障碍、毒蕈碱样症状、癔症步态、躯体性疾病所致的精神障碍、恶心与呕吐、眩晕、头痛、精神障碍、癫痫的全身强直阵挛发作,农药中毒者,药物治疗、心理治疗,根据不同医院，收费标准不一致，市三甲医院约（500 —— 2000元）,否,0.001%,30%,30天,https://tag.120ask.com/jibing/nyzdszdjsza/
内科,呼吸内科,寇热,感染科,发热、头痛、全身肌肉疼痛、咳嗽、疲劳、胸痛、乏力、食欲缺乏、周身出汗、肝脏肿大、压痛,所有人群,药物治疗,根据不同医院，收费标准不一致，市三甲医院约（5000 —— 8000元）,是,0.05%,60%,1-2个月,https://tag.120ask.com/jibing/koure/
内科,呼吸内科,上腔静脉综合征,心血管内科,水肿、吞咽困难、胸痛、咳嗽、紫绀、发绀、声音嘶哑、腹水、黄疸、肝肿大,所有人群,药物、手术治疗治疗,根据不同医院，收费标准不一致，市三甲医院约（5000 ——10000元）,否,0.0033%,60%,7-14天,https://tag.120ask.com/jibing/sqjmzhz/
内科,呼吸内科,迁延性肺嗜酸粒细胞浸润症,呼吸内科,咳嗽、发热、气急、体重减轻、盗汗、乏力、咯血、喘鸣,青年、中年人群,药物治疗,根据不同医院，收费标准不一致，市三甲医院约5000--10000,否,0.004%-0.009%,40%-60%,1-3个月,https://tag.120ask.com/jibing/qyxfsslxbjrz/
内科,呼吸内科,汽油中毒,急诊科,头晕、头痛、心悸、四肢无力、恶心、呕吐、视物模糊、酩酊感、易激动、步态不稳、短暂意识伤失,所有人群,洗胃、药物治疗,根据不同医院，收费标准不一致，市三甲医院约（5000 —— 10000元）,否,人群患病概率0.02%,,治疗周期10天,https://tag.120ask.com/jibing/qyzd/
内科,呼吸内科,乳酸性酸中毒,消化内科,恶心与呕吐、紫绀、口唇发绀、血压下降、腹痛、代谢性酸中毒、乳酸蓄积过多、休克、头痛、脑缺氧、食欲不振、头晕,所有群体,药物治疗,根据不同医院，收费标准不一致，市三甲医院约（3000-5000元）,否,15%,99%,2-4周,https://tag.120ask.com/jibing/rsxszd/
内科,呼吸内科,热哮,呼吸内科,剧烈运动后哮喘、情绪性哮喘、痰鸣气急,所有人群,药物治疗,根据不同医院，收费标准不一致，市三甲医院约2000-5000元,否,0.5%,95%,2-4月,https://tag.120ask.com/jibing/rexiao/
内科,呼吸内科,球孢子菌病,呼吸内科,发烧、胸痛、咳嗽、乏力、咳痰、血沉增快、疣状增殖、淋巴结肿大、呼吸衰竭、结节,所有群体,药物治疗,根据不同医院，收费标准不一致，市三甲医院约（3000-5000元）,否,0.004%-0.009%,75%,8-12周,https://tag.120ask.com/jibing/qzjb/
内科,呼吸内科,热性嗜中性白细胞皮肤病,风湿免疫科,丘疹、结节、关节疼痛、关节肿胀、溃疡、皮肤轻微创伤即可产生鱼嘴样裂隙、咽痛、斑疹、咳嗽、发烧、脓疱,要见于女性,药物治疗,根据不同医院，收费标准不一致，市三甲医院约（1000 —— 5000元）,否,0.003%,75%,2-4个月,https://tag.120ask.com/jibing/rxszxbxbpfb/
内科,呼吸内科,球形肺炎,呼吸内科,发烧、咳嗽、咳痰、胸痛、啰音、急性面容、烦躁不安、反复肺不张、小儿发热、呼吸异常、咳血痰、双肺水泡音,所有人群,药物治疗,根据不同医院，收费标准不一致，市三甲医院约（3000 —— 8000元）,否,婴幼儿患病概率0.098%,,治疗周期14天,https://tag.120ask.com/jibing/qxfy/
内科,呼吸内科,软化斑,皮肤科,柔软、黄色、微隆起的斑块、低热、惊厥、嗜睡、重度贫血、肝肿大、肝脏肿大、双肾肿大、肾功能减退,最常见于有慢性尿路感染的中年妇女,药物、手术治疗,根据不同医院，收费标准不一致，市三甲医院约（5000 —— 10000元）,否,0.004%,75%,25-50天,https://tag.120ask.com/jibing/ruanhuaban/
内科,呼吸内科,热中,中医科,善饥有食、小便频数、身热而烦气喘头痛或口渴脉洪大,青壮年,中医药物治疗、西医药物治疗,根据不同医院，收费标准不一致，市三甲医院约（500 —— 1000元）,否,0.005%,85%,1周,https://tag.120ask.com/jibing/rezhong/
内科,呼吸内科,曲霉病,感染科,咯血、咳痰、咳嗽、发烧、耳痛、黏膜损害、出血利坏死、咳出棕色痰栓,所有人群,药物治疗,根据不同医院，收费标准不一致，市三甲医院约（3000 —— 8000元）,否,0.00352%,75%,4-6周,https://tag.120ask.com/jibing/qumeibing/
内科,呼吸内科,三焦咳,中医科,久咳、腹满腹胀、食欲不振、便秘、小便不利,慢性咳嗽患者,药物治疗,根据不同医院，收费标准不一致，市三甲医院约（2000 —— 5000元）,否,0.0025%,80%,7-10天,https://tag.120ask.com/jibing/sanjiaoke/
内科,呼吸内科,曲霉球,呼吸内科,咯血、咳嗽、体重减轻、脓肿 、囊肿、肺癌胸水、出血利坏死,所有人群,药物治疗,根据不同医院，收费标准不一致，市三甲医院约（3000 —— 8000元）,否,0.001%,65%,10-30天,https://tag.120ask.com/jibing/qumeiqiu/
内科,呼吸内科,沙雷菌肺炎,呼吸内科,发烧、咳嗽、寒战、胸痛、休克、心力衰竭、白细胞增多、咳血痰、胸腔积液、啰音、肺下叶周围呈节段性或大叶性模糊阴影、肺部感染,所有人群,药物治疗,根据不同医院，收费标准不一致，市三甲医院约（3000 —— 8000元）,否,肺炎中，本病发病率约为0.05%-0.07%,80%,4-8周,https://tag.120ask.com/jibing/sljfy/
内科,呼吸内科,缺血缺氧性脑病,神经内科,易激惹、新生儿嗜睡、反应迟钝、惊厥、血缺氧、瞳孔异常、晕厥、脸颊发灰、急性呼吸窘迫综合征、发绀、高碳酸血症、脑缺氧,新生儿,药物治疗,根据不同医院，收费标准不一致，市三甲医院约（8000 —— 20000元）,否,0.0035%,75%,3个月,https://tag.120ask.com/jibing/qxqyxnb/
内科,呼吸内科,诺卡菌病,呼吸内科,皮下结节、脓肿 、溃疡、肺部感染、发烧、休克、昏迷、脑膜刺激征、抽筋、呕吐、腹痛、身痛,中年以后为多见。男性约为女性的2倍。,药物治疗,根据不同医院，收费标准不一致，市三甲医院约（3000 —— 8000元）,否,发病率约为0.003%-0.005%,65%,1-3个月,https://tag.120ask.com/jibing/nkjb/
内科,呼吸内科,热带性肺嗜酸粒细胞浸润症,呼吸内科,咳嗽、发烧、胸闷、乏力、厌食、啰音、咳痰,所有人群,药物治疗,根据不同医院，收费标准不一致，市三甲医院约（1000 —— 5000元）,否,发病率约为0.005%--0.0007%,65%,3-6个月,https://tag.120ask.com/jibing/rdxfsslxbjrz/
内科,呼吸内科,石棉肺,呼吸内科,肺间质纤维化、胸膜肥厚、气短、呼吸困难、咳嗽、胸痛、咳痰、咯血、啰音、背痛、胸骨后疼痛、黏液脓性痰,所有人群,药物治疗,根据不同医院，收费标准不一致，市三甲医院约（1000 —— 5000元）,否,0.002%,40%,3个月,https://tag.120ask.com/jibing/shimianfei/
内科,呼吸内科,上气道梗阻,心胸外科,刺激性干咳、气喘、呼吸困难、表情异常痛苦，抓搔喉部、吸气性喘鸣,所有人群,手术治疗、药物治疗,根据不同医院，收费标准不一致，市三甲医院约（5000 —— 10000元）,否,0.05%,90%,2-4周,https://tag.120ask.com/jibing/sqdgz/
内科,呼吸内科,妊娠性哮喘,妇产科,鼻腔阻塞、鼻出血、发音改变,怀孕妇女,药物治疗,根据不同医院，收费标准不一致，市三甲医院约（3000 —— 8000元）,否,4%,98%,7天,https://tag.120ask.com/jibing/rsxxc/
内科,呼吸内科,热咳,中医科,发热、咳嗽、咳痰、痰黄质粘稠、咳时胸痛、可有痰中带血、咽痛、口干、头晕头痛、鼻塞流黄涕,所有人群,药物治疗,根据不同医院，收费标准不一致，市三甲医院约（500 —— 1000元）,否,0.0031%,70%,15-20天,https://tag.120ask.com/jibing/reke/
内科,呼吸内科,神昏,神经内科、中医科,意识丧失、晕厥,老弱病残、高血压、高血脂人群,药物治疗,根据不同医院，收费标准不一致，市三甲医院约2000-5000元,否,50岁以上中老年人群中本病发病率约为0.002%-0.008%,85%,1-3个月,https://tag.120ask.com/jibing/shenhun/
内科,呼吸内科,社会获得性肺炎,呼吸内科,鼻塞、咽痛、头痛、发烧、黄疸、咽部异物感、咯血、呼吸异常、身痛、胸痛、肺部感染,所有人群,药物治疗,根据不同医院，收费标准不一致，市三甲医院约（5000 —— 10000元）,是,1-5%,90%,2-4周,https://tag.120ask.com/jibing/shhdxfy/
内科,呼吸内科,水痘肺炎,传染科,高热、咳嗽、咯血、胸痛、咳血痰、呼吸异常、气急、呼吸困难、发绀,儿童人群,药物治疗,根据不同医院，收费标准不一致，市三甲医院约（5000 —— 10000元）,是,本病发病在幼儿一般发生率在0.15%,,5-15天,https://tag.120ask.com/jibing/sdfy/
内科,呼吸内科,痰热咳嗽,呼吸内科、中医科,咳嗽、痰中带血、咳时胸痛、口干、口苦、咽痛、痰黄质粘稠、鼻流黄涕,所有人群,药物治疗,根据不同医院，收费标准不一致，市三甲医院约（500 —— 1000元）,否,0.002%,90%,7-10天,https://tag.120ask.com/jibing/trks/
内科,呼吸内科,实喘,呼吸内科、中医科,气喘、发憋你、不能平卧,所有人群,药物治疗,根据不同医院，收费标准不一致，市三甲医院约1000-3000元,否,0.03%,60%,3个月,https://tag.120ask.com/jibing/shichuan/
内科,呼吸内科,天冬氨酰葡萄糖胺尿症,内分泌科,反复上呼吸道感染、腹泻、智力发育迟缓、异常矮小、言语紊乱、肝肿大、咳嗽、面颊明显内陷、脾肿大、体型异常、鼻梁平塌、短颈,所有人群,药物治疗,根据不同医院，收费标准不一致，市三甲医院约（3000 —— 8000元）,否,0.005%,75%,3-6月,https://tag.120ask.com/jibing/tdapttanz/
内科,呼吸内科,痰湿阻肺,中医科,咳嗽痰多，色白而稀容易咯出、胸膈满闷、动则咳嗽加剧、气喘痰鸣，舌苔白腻或白滑,老年人,中医药物治疗、西医药物治疗,根据不同医院，收费标准不一致，市三甲医院约（2000 —— 5000元）,否,0.1%,85%,2-4周,https://tag.120ask.com/jibing/tszf/
内科,呼吸内科,食管痹,消化内科,呕吐、进食困难、胸骨后疼痛、反胃、消瘦、神疲乏力,所有群体,药物治疗、手术治疗,根据不同医院，收费标准不一致，市三甲医院约1000-3000元,否,0.7%,80%,2-4月,https://tag.120ask.com/jibing/shiguanbi/
内科,呼吸内科,痰饮,中医科,湿浊粘滞阻滞气机影响经脉气血运行,青壮年,中医药物治疗、西医药物治疗,根据不同医院，收费标准不一致，市三甲医院约（1000 —— 5000元）,否,0.01%,80%,10天,https://tag.120ask.com/jibing/tanyin/
内科,呼吸内科,嗜麦芽黄单胞菌肺炎,呼吸内科,发烧、咳嗽、咳痰、喘息、胸痛、咳血痰、消瘦、肺部感染、肺含水量增加、少尿、啰音,所有人群,药物治疗,根据不同医院，收费标准不一致，市三甲医院约2000-5000元,是,0.002%,90%,3-6周,https://tag.120ask.com/jibing/smyhdbjfy/
内科,呼吸内科,太阳中风,中医科,全头痛、多汗恶风、颈项强直,所有人群,药物治疗,根据不同医院，收费标准不一致，市三甲医院约2000-5000元,否,10-20%(本病常见，多见于夏季喜吹空调者，发病率约为10-20%),80-90%,1-2周,https://tag.120ask.com/jibing/tyzf/
内科,呼吸内科,痰浊头痛,中医科、神经内科,头痛头昏、胸膈满闷、呕恶痰涎、疲困无力、食欲下降、面色晦暗,三高人群,药物治疗,根据不同医院，收费标准不一致，市三甲医院约（5000 —— 8000元）,否,0.003%,85%,7-10天,https://tag.120ask.com/jibing/tztt/
内科,呼吸内科,嗜水气单胞菌感染,感染科,腹泻、腹痛、水样便、溃疡、发烧、淋巴液流出、咳嗽、咳痰、伤口感染、腹胀,所有群体,药物治疗,根据不同医院，收费标准不一致，市三甲医院约（1000-5000元）,是,0.001%,80%,2-4月,https://tag.120ask.com/jibing/ssqdbjgr/
内科,呼吸内科,痰毒,呼吸内科、中医科,自觉疼、痛舌、红舌、黄脉弦滑、,所有人群,药物治疗,根据不同医院，收费标准不一致，市三甲医院约（1000 —— 3000元）,否,0.001%,70%,1个月,https://tag.120ask.com/jibing/tandu/
内科,呼吸内科,痰浊眩晕,中医科、神经内科,眩晕、头昏脑涨、头重如蒙、视物旋转、面色晦暗、疲困无力、恶心呕吐、食欲不振、胸闷,高血糖、高血压、高血脂患者,药物治疗、针灸疗法,根据不同医院，收费标准不一致，市三甲医院约（1000 —— 3000元）,否,多见于老年患者，发病率约0.5%--1%,60-70%,6-12个月,https://tag.120ask.com/jibing/tzxy/
内科,呼吸内科,手术后和创伤后肺炎,呼吸内科,咳嗽、咳痰、咳血痰、脓痰、胸痛、术后发热、手术创伤,所有群体,药物治疗,根据不同医院，收费标准不一致，市三甲医院约（5000-10000元）,否,0.21%,93%,14天,https://tag.120ask.com/jibing/sshhcshfy/
内科,呼吸内科,痰火,呼吸内科,热痰口臭、虚火、咽喉不利、痰火郁结、痰火上壅清窍、痰湿停聚、胸痛、口干舌燥、舌苔黄、弦脉,肥胖人群,药物治疗,根据不同医院，收费标准不一致，市三甲医院约1000-3000元,否,0.03%,80%,1个月,https://tag.120ask.com/jibing/tanhuo/
内科,呼吸内科,羰基镍中毒,急诊科,粉红色泡沫痰、气急、干咳、胸闷、眩晕、咳嗽、胸痛、头痛、腹痛、恶心与呕吐,所有群体,药物治疗,根据不同医院，收费标准不一致，市三甲医院约（1000-5000元）,否,0.0001%,75%,2--10周,https://tag.120ask.com/jibing/jnzd/
内科,呼吸内科,暑瘵,中医科、呼吸内科,咯血伴呛咳、咯血、咯血伴发热、脉洪而芤,所有人群,药物治疗,根据不同医院，收费标准不一致，市三甲医院约2000-5000元,否,50岁以上中老年人群，夏季发病率约为0.05%--0.07%,85%,1-2周,https://tag.120ask.com/jibing/shu/
内科,呼吸内科,痰火扰心,中医科,神志异常、狂躁、谵语、口气臭秽,体力劳动者、情绪易怒者、中年男性,中医药物治疗,根据不同医院，收费标准不一致，市三甲医院约（2000-4000元）,否,0.01%,30--50%,14--21天,https://tag.120ask.com/jibing/thrx/
内科,呼吸内科,特发性肺含铁血黄素沉着症,呼吸内科,呼吸困难、咳嗽、咯血、贫血、呼吸异常、啰音、皮肤含铁血黄素沉着、气息异常、皮肤为金属颜色或石板灰色、咳痰、急性呼吸窘迫综合征、心音异常,所有人群,药物治疗,根据不同医院，收费标准不一致，市三甲医院约2000-5000元,否,0.005%,70%,4-6周,https://tag.120ask.com/jibing/tfxfhtxhsczz/
内科,呼吸内科,鼠疫耶尔森菌肺炎,传染科、呼吸内科,咳嗽、呼吸急促、紫绀、胸痛、发烧、消瘦、叶间裂常呈弧形下坠、咳痰、肺部感染、咯血、啰音、休克,所有群体,药物治疗,根据不同医院，收费标准不一致，市三甲医院约（5000-10000元）,是,0.0001%-0.0003%(本病多见于森林工作者，发病率约为0.0001%-0.0003%),60-70%,8-12周,https://tag.120ask.com/jibing/syyesjfy/
内科,呼吸内科,痰积,呼吸内科、中医科,排痰无力、热痰口臭、头晕、剧烈运动后头晕、咽喉不利、痰火郁结、痰火上壅清窍、吐泡沫痰、四支怠惰,所有人群,药物治疗,根据不同医院，收费标准不一致，市三甲医院约1000-3000元,否,发病率约为0.4%--0.7%，肥胖者多见,80-90%,2-4周,https://tag.120ask.com/jibing/tanji/
内科,呼吸内科,双侧肾缺如,泌尿外科,呼吸异常、呼吸衰竭、无尿、皮肤异常干燥松弛、手相对大并呈爪形、铃状胸,新生儿,目前暂无相关资料,根据不同医院，收费标准不一致，市三甲医院约（5000 —— 10000元）,否,0.0002%,,终身间歇性对症治疗,https://tag.120ask.com/jibing/scsqr/
内科,呼吸内科,痰厥,中医科、呼吸内科,晕厥、呼吸气促、痰鸣音、四肢冰凉,中老年男性、肺气肿患者,中医药物治疗,根据不同医院，收费标准不一致，市三甲医院约（3000-5000元）,否,0.001%,60%,2--7天,https://tag.120ask.com/jibing/tan/
内科,呼吸内科,特发性含铁血黄素沉着症,呼吸内科,乏力、面色苍白、干咳、皮肤为金属颜色或石板灰色、咯血、皮肤含铁血黄素沉着、咳嗽、咳痰、心悸伴乏力、面色苍白,所有人群,药物治疗,根据不同医院，收费标准不一致，市三甲医院约1000-2000元,否,发病率约为0.003%--0.006%,60-70%,6-9个月,https://tag.120ask.com/jibing/tfxhtxhsczz/
内科,呼吸内科,锑末沉着症,呼吸内科,咳嗽、咳痰、胸痛、气短、胸闷、乏力、食欲减退、锑性皮炎,所有人群,药物治疗、手术治疗,根据不同医院，收费标准不一致，市三甲医院约（2000-5000元）,否,0.0001%-0.0005%(本病多见于锑冶金工业工作者),40%-70%,3-6个月,https://tag.120ask.com/jibing/tmczz/
内科,呼吸内科,特发性阻塞性细支气管炎伴机化,呼吸内科,咳嗽、发烧、周身不适、消瘦、乏力、呼吸异常、啰音、咳痰、胸痛,所有群体,病因治疗,根据不同医院，收费标准不一致，市三甲医院约（3000-5000元）,否,0.001%,75%,10-30天,https://tag.120ask.com/jibing/tfxzsxxzqgybjhxfy/
内科,呼吸内科,卫氏并殖吸虫病,感染科,腹痛、胸痛、铁锈色痰、咳痰、发烧、腹泻、咳嗽、呼吸异常、啰音、恶心与呕吐、烂桃样血痰,所有群体,药物治疗,根据不同医院，收费标准不一致，市三甲医院约（1000-3000元）,否,本病少见，发病率约为0.001%-0.002%,45%-65%,8-12周,https://tag.120ask.com/jibing/wsbzxcb/
内科,呼吸内科,先天性支气管肺囊肿,呼吸内科,咳嗽、咳痰、胸痛、发烧、啰音、咯血、呼吸异常、气胸、急性呼吸窘迫综合征、吸气困难、咯血如注,所有群体,手术治疗,根据不同医院，收费标准不一致，市三甲医院约（5000-10000元）,否,0.0004%—0.0007%,40-60%,2-3个月,https://tag.120ask.com/jibing/xtxzqgfnz/
内科,呼吸内科,铁尘肺,呼吸内科、职业病科,咳嗽、咳痰、胸闷、胸痛、气短,所有群体,病因治疗、对症治疗,根据不同医院，收费标准不一致，市三甲医院约（1000-5000元）,否,从事铁矿工作者发病率约为0.03%--0.05%,,终身间断治疗,https://tag.120ask.com/jibing/tiechenfei/
内科,呼吸内科,吸入性损伤,呼吸内科,支气管以下的损伤、肺含水量增加、气管隆突以上的损伤、呼吸异常、急性呼吸窘迫综合征、呼吸窘迫综合症、吞咽困难、喉头水肿,所有人群,药物治疗,根据不同医院，收费标准不一致，市三甲医院约2000-5000元,否,0.001%,60%,7-14天,https://tag.120ask.com/jibing/xrxss/
内科,呼吸内科,先天性支气管囊肿,心胸外科,发热、咳嗽、脓痰、咯血、紫绀、呼吸异常、咳痰、吸气困难,先天患者,手术治疗、药物治疗,根据不同医院，收费标准不一致，市三甲医院约30000--50000,否,0.0001%,30%,10-30天,https://tag.120ask.com/jibing/xtxzqgnz/
内科,呼吸内科,铜绿假单胞菌感染,呼吸内科,发烧、弛张热、稽留热、脓肿 、软组织感染、脓疱、蜂窝组织炎、溃疡、皮下结节、新生儿腹泻、咳痰、脓痰,所有群体,药物治疗,根据不同医院，收费标准不一致，市三甲医院约（3000-5000元）,否,0.0001%,74%,7-14天,https://tag.120ask.com/jibing/tljdbjgr/
内科,呼吸内科,铜绿色假单胞菌肺炎,呼吸内科,体温波动大、咳嗽、脓痰、少数患者为翠绿色脓性痰、呼吸困难、发绀、患者有湿性啰音闻,所有人群,药物治疗,根据不同医院，收费标准不一致，市三甲医院约（3000 —— 5000元）,否,0.05%,95%,3-6周,https://tag.120ask.com/jibing/tlsjdbjfy/
内科,呼吸内科,锡尘肺,职业病科,胸痛、气短、咳嗽、呼吸异常,所有群体,对症治疗,根据不同医院，收费标准不一致，市三甲医院约（500-1000元）,否,0.05%,60%,3-6月,https://tag.120ask.com/jibing/xichenfei/
内科,呼吸内科,腺病毒感染,呼吸内科、传染科,发烧、咳嗽、咽痛、流鼻涕、血尿、腹泻、腹痛、角结膜干燥症、尿频伴尿急和尿痛、排尿困难及尿潴留、感染性鼻炎、咽炎、舌炎、龈炎,所有群体,药物治疗,根据不同医院，收费标准不一致，市三甲医院约（1000-3000元）,是,人群患病概率2.3%,,治疗周期14天,https://tag.120ask.com/jibing/xbdgr/
内科,呼吸内科,吞噬功能缺陷病,儿内科,淋巴结肿大、肝脾肿大、脓肿,婴幼儿,病因治疗、对症治疗,根据不同医院，收费标准不一致，市三甲医院约（50000-100000元）,否,0.00001%,1%,10-30天,https://tag.120ask.com/jibing/tsgnqxb/
内科,呼吸内科,腺病毒性肺炎,呼吸内科,发烧、咽炎、舌炎、龈炎、啰音、精神萎靡、小儿发热、呼吸异常、气息异常、咳血痰、肺部感染、急性呼吸窘迫综合征、呼吸衰竭、肺门增宽,所有人群,药物治疗,根据不同医院，收费标准不一致，市三甲医院约（3000 —— 8000元）,否,人群患病概率0.89%,,治疗周期15天,https://tag.120ask.com/jibing/xbdxfy/
内科,呼吸内科,脱屑性间质肺炎,呼吸内科,干咳、气短、发绀、呼吸困难、啰音、咳血痰、呼吸异常、肺部可闻及干湿啰音及哮鸣音、稽留热、消瘦、高热寒战、肺下叶周围呈节段性或大叶性模糊阴影,所有人群,药物治疗,根据不同医院，收费标准不一致，市三甲医院约（2000-5000元）,否,0.03%,80%,3-6周,https://tag.120ask.com/jibing/txxjzfy/
内科,呼吸内科,细粒棘球蚴病,消化内科,腹部肿块、脾肿大、腹泻、咳嗽、胸痛、腹痛、恶心与呕吐、腹胀、黄疸、肝肿大,所有群体,药物治疗、手术治疗,根据不同医院，收费标准不一致，市三甲医院约（1000-3000元）,是,0.0001%,80%,10天,https://tag.120ask.com/jibing/xljqb/
内科,呼吸内科,消散延迟性肺炎,呼吸内科,发烧、咳嗽、咳痰、啰音、烦躁不安、肺源性呼吸困难、咳血痰、呼吸异常,所有人群,药物治疗,根据不同医院，收费标准不一致，市三甲医院约2000-5000元,否,发病率约为0.002%-0.003%,65%,1-2个月,https://tag.120ask.com/jibing/xsycxfy/
内科,呼吸内科,脱屑性间质性肺炎,呼吸内科,呼吸加快、进行性呼吸困难、心率增速、紫绀、干咳、体重减轻、无力和食欲减退,30~40岁的吸烟者,西医药物治疗,根据不同医院，收费标准不一致，市三甲医院约（8000-10000元）,否,0.003%,50%,2个月,https://tag.120ask.com/jibing/txxjzxfy/
内科,呼吸内科,先天性肺动静脉瘘,心胸外科,心悸、胸痛、杵状指（趾）、咯血、气促、发绀、鼻出血、呕血,先天婴幼儿,手术治疗、药物治疗,根据不同医院，收费标准不一致，市三甲医院约80000--140000,否,0.001%,90%(手术治疗，90%可治愈),1-3个月,https://tag.120ask.com/jibing/xtxfdjm/
内科,呼吸内科,小肠结肠炎耶尔森菌肺炎,呼吸内科、感染科,持续不断发热、咳嗽、气促、腹水,所有人群,药物治疗,根据不同医院，收费标准不一致，市三甲医院约30000--70000,是,森林工作者发病率为0.004%--0.007%,50-70%,1-2个月,https://tag.120ask.com/jibing/xcjcyyesjfy/
内科,呼吸内科,外源性变应性肺泡炎,呼吸内科,发烧、咳嗽、呼吸困难、乏力、畏寒、咳痰、疲劳、呼吸异常、身痛,过敏人群,生活调节、药物治疗,根据不同医院，收费标准不一致，市三甲医院约5000--8000,否,0.003%,40%,3个月,https://tag.120ask.com/jibing/wyxbyxfpy/
内科,呼吸内科,小儿X-连锁高免疫球蛋白M血,风湿免疫科,反复上呼吸道感染、口腔溃疡、淋巴结肿大、腹泻、肝脾肿大、血小板减少、咳嗽,儿童,药物治疗,根据不同医院，收费标准不一致，市三甲医院约（5000 —— 10000元）,否,发病率誉为0.0001%—0.0004%,,终身治疗,https://tag.120ask.com/jibing/xexlsgmyqdbmxz/
内科,呼吸内科,先天性肺发育不全,呼吸内科,呼吸困难、急性呼吸窘迫综合征、反复上呼吸道感染、胸廓异常,婴幼儿,手术治疗,根据不同医院，收费标准不一致，市三甲医院约（5000-10000元）,否,0.0021%,86%,7-14天,https://tag.120ask.com/jibing/xtxffybq/
内科,呼吸内科,外源性过敏性肺泡炎,呼吸内科,干咳、胸闷、发热、寒战、气急、劳力性呼吸困难、体重减轻,过敏患者,药物治疗、预防治疗、生活调理、中药治疗,根据不同医院，收费标准不一致，市三甲医院约10000--50000,否,0.002%,50%,3个月,https://tag.120ask.com/jibing/wyxgmxfpy/
内科,呼吸内科,小儿X-连锁无丙种球蛋白血症,风湿免疫科,反复感染、细菌感染、腹泻、呕吐、瘫痪、溶血性贫血、类风湿关节炎、脱发、吸收不良综合征、淀粉样变性,儿童,药物治疗,根据不同医院，收费标准不一致，市三甲医院约（5000 —— 10000元）,否,0.0004%,60%,1-3个月,https://tag.120ask.com/jibing/xexlswbzqdbxz/
内科,呼吸内科,先天性肺囊肿,呼吸内科,咯血、呼吸窘迫综合症、发烧、囊肿、咳嗽、心力衰竭、呼吸急促、紫绀、肺不张、气管移位、胸痛、胸闷,婴幼儿,手术治疗,根据不同医院，收费标准不一致，市三甲医院约（10000-30000元）,否,0.05%,60%,2-4月,https://tag.120ask.com/jibing/xtxfnz/
内科,呼吸内科,小儿白细胞黏附分子缺陷Ⅱ型,儿内科,严重智力发育迟缓、身材矮小、特殊面容、皮肤感染、感染部位无脓液,先天遗传,西医药物治疗,根据不同医院，收费标准不一致，市三甲医院约（20000-30000元）,否,本病罕见，发病率约为0.001%,,终身间歇性治疗,https://tag.120ask.com/jibing/xebxbffzqxx/
内科,呼吸内科,小儿X-连锁严重联合免疫缺陷,儿内科,反复感染、口腔溃疡、口腔念珠菌感染、皮炎、胸腺缺如、会阴溃疡、贫血、消化不良、免疫力下降、腹泻、胃肠道症状、口腔黏膜白斑,儿童,手术治疗,根据不同医院，收费标准不一致，市三甲医院约（3000 —— 8000元）,否,本病罕见，发病率约为0.0001%,,3-6个月,https://tag.120ask.com/jibing/xexlsyzlhmyqxb/
内科,呼吸内科,小儿肺泡性蛋白沉积症,呼吸内科,运动耐力降低、呼吸困难、咳嗽、发绀、咳痰、咯血、胸痛、肺泡出血、食欲异常、杵状指（趾）、咯血、发热,儿童人群,手术治疗、药物治疗,根据不同医院，收费标准不一致，市三甲医院约10000--50000,否,发病率约为0.005%--0.0075%,60-70%,1-3个月,https://tag.120ask.com/jibing/xefpxdbcjz/
内科,呼吸内科,小儿迪格奥尔格综合征,儿科,反复感染、抽搐、低钙血症、左心流出道畸形、腹泻、轻度精神发育迟滞、体型异常、耳围凹陷、肺动脉闭锁、唇腭裂、眼距宽阔、步态不稳,儿童,手术治疗,根据不同医院，收费标准不一致，市三甲医院约（10000-50000元）,否,0.0001%-0.0003%,40-50%(手术治疗为主),1-3个月,https://tag.120ask.com/jibing/xedgaegzhz/
内科,呼吸内科,小儿病毒相关吞噬血细胞综合征,儿科,高热、丘疹、盗汗 、发烧、体重减轻,儿童人群,药物治疗,根据不同医院，收费标准不一致，市三甲医院约（1000-5000元）,否,0.05%,80%,3-5月,https://tag.120ask.com/jibing/xebdxgtsxxbzhz/
内科,呼吸内科,小儿共济失调毛细血管扩张Ⅰ型,神经内科,共济失调、眼球震颤、意向性震颤、色素脱失、皮肤萎缩、色素沉着,先天遗传患者,药物治疗,根据不同医院，收费标准不一致，市三甲医院约10000--50000元,否,0.01%,40%,3个月,https://tag.120ask.com/jibing/xegjsdmxxgkzxzhz/
内科,呼吸内科,小儿肺栓塞,呼吸内科,晕厥、呼吸困难、活动后气促、胸痛、紫绀、杵状指（趾）、咳痰、空气栓塞、肺栓塞、发烧、咯血、呼吸异常,婴幼儿,药物治疗、手术治疗,根据不同医院，收费标准不一致，市三甲医院约（5000-10000元）,否,0.001%,20%,1-7天,https://tag.120ask.com/jibing/xefss/
内科,呼吸内科,小儿喘息样支气管炎,儿内科,发热、呼吸困难、张口呼吸、喘息、鼻翼扇动、哭闹不安、出冷汗、高热、哮鸣音、耸肩喘息,1-3岁小儿,药物治疗,根据不同医院，收费标准不一致，市三甲医院约（1000 —— 3000元,否,6岁以下小儿发病率约为0.02%--0.04%,60-70%，少部分可发展为成人哮喘,1-3年,https://tag.120ask.com/jibing/xecxyzqgy/
内科,呼吸内科,小儿共济失调毛细血管扩张综合,儿内科,共济失调、智力发育迟缓,儿童,药物治疗,根据不同医院，收费标准不一致，市三甲医院约（3000 —— 8000元）,否,0.002%,40%,3-6个月,https://tag.120ask.com/jibing/xegjsdmxxgkzzhz/
内科,呼吸内科,小儿肺水肿,呼吸内科,呼吸困难、咳嗽、面色苍白、面色青紫、血压下降、肝肿大、心音微弱、咳痰、啰音,婴幼儿,药物治疗,根据不同医院，收费标准不一致，市三甲医院约（5000-10000元）,否,婴幼儿发病率约为0.001%-0.002%,85%,1-2个月,https://tag.120ask.com/jibing/xefsz/
内科,呼吸内科,小儿单侧肺异常透亮综合征,呼吸内科,咳嗽、咳痰、干啰音、湿啰音、反复感染、呼吸困难、咯血、呼吸异常、呕吐、呛咳,儿童,药物治疗,根据不同医院，收费标准不一致，市三甲医院约（3000 —— 8000元）,否,0.002%,80%,2个月,https://tag.120ask.com/jibing/xedcfyctlzhz/
内科,呼吸内科,小儿单纯肺动脉口狭窄,心胸外科,心脏杂音、心悸、心力衰竭、面色青紫、水肿、心音异常、呼吸异常、紫绀、呼吸困难、新生儿青紫、腹水,婴幼儿,手术治疗,根据不同医院，收费标准不一致，市三甲医院约（10000-50000元）,否,0.002%,70%,3个月,https://tag.120ask.com/jibing/xedcfdmkxz/
内科,呼吸内科,小儿过敏症,儿内科,声音嘶哑、腹痛、低血压、恶心与呕吐、咳嗽、水肿、腹泻、瘙痒、焦虑、头晕、皮疹,儿童人群,药物治疗,根据不同医院，收费标准不一致，市三甲医院约（1000 —— 2000元）,否,0.12%,80%,1-3个月,https://tag.120ask.com/jibing/xegmz/
内科,呼吸内科,小儿肺炎链球菌肺炎,儿科,高热寒战、胸痛、食欲减退、呕吐、气息异常、咳嗽、咳砖红色痰、发绀、湿啰音,儿童人群,药物治疗、支持疗法,根据不同医院，收费标准不一致，市三甲医院约（5000 —— 8000元）,否,婴幼儿患病概率15%,,治疗周期7天,https://tag.120ask.com/jibing/xefylqjfy/
内科,呼吸内科,小儿呼吸道合胞病毒肺炎,儿科,咳嗽、鼻堵塞、高热、咳嗽、鼻塞、呼吸困难、三凹征、咳痰、小儿发热、啰音,多见于婴幼儿，半数以上为1岁以内婴儿，男多于女,药物治疗,根据不同医院，收费标准不一致，市三甲医院约（500-1000元）,是,0.001%,85%,10天,https://tag.120ask.com/jibing/xehxdhbbdfy/
内科,呼吸内科,小儿肺炎链球菌脑膜炎,神经内科,发烧、头痛、呕吐、颅内高压、败血症、脑膜炎、脑脓肿、脑积水、颅内压增高、乳突炎、小儿发热、昏迷,婴幼儿,药物治疗,根据不同医院，收费标准不一致，市三甲医院约（5000-10000元）,否,婴幼儿患病概率0.003%,,治疗周期21天,https://tag.120ask.com/jibing/xefylqjnmy/
内科,呼吸内科,小儿非内脂性网状内皮增殖综合,皮肤科,头颅骨病变、眼球突出、多饮、多尿、肝肿大、脾肿大、咳嗽、淋巴结肿大、丘疹、气喘、尿崩、斑疹,儿童,药物治疗,根据不同医院，收费标准不一致，市三甲医院约（1000 —— 5000元）,否,0.03%(有遗传病史的小儿人群，发病率较高),80%,2-4月,https://tag.120ask.com/jibing/xefnzxwznpzzzhz/
内科,呼吸内科,小儿呼吸衰竭,儿内科,青紫或苍白、烦躁或昏睡、多汗、重者昏迷、抽搐、呼吸困难、胸闷、心悸及心律紊乱、呕吐、出血,重症肺炎、毛细支气管炎小儿,药物治疗、支持疗法,根据不同医院，收费标准不一致，市三甲医院约（5000 —— 10000元）,否,0.001%多见于重症肺炎,70%,2-4周,https://tag.120ask.com/jibing/xehxsj/
内科,呼吸内科,小儿干燥综合征,风湿免疫科,口干、两眼干涩、鼻腔干燥及结痂、抽搐、共济失调、口干舌燥、眼干,婴幼儿,药物治疗,根据不同医院，收费标准不一致，市三甲医院约（5000-10000元）,否,0.05%,80%,3-6月,https://tag.120ask.com/jibing/xegzzhz/
内科,呼吸内科,小儿获得性免疫缺陷综合征,传染科,生长缓慢、肝脾肿大、发烧、淋巴结肿大、步态不稳、麻痹、脑膜炎、败血症、智力减低、共济失调、反复上呼吸道感染、脾肿大,婴幼儿,药物治疗,根据不同医院，收费标准不一致，市三甲医院约（50000-100000元）,是,0.002%,10%,2-4年,https://tag.120ask.com/jibing/xehdxmyqxzhz/
内科,呼吸内科,小儿肺出血-肾炎综合征,肾内科,咯血、血尿、蛋白尿、贫血、无力、呼吸困难、少尿、咳痰、面色苍白、眩晕、水肿、头痛,婴幼儿,药物治疗、手术治疗,根据不同医院，收费标准不一致，市三甲医院约（10000-50000元）,否,0.5%,90%,2-4月,https://tag.120ask.com/jibing/xefcxsyzhz/
内科,呼吸内科,小儿急性喉气管支气管炎,儿科,高热、呼吸困难、声嘶喉鸣、犬吠样咳嗽、面色苍白、口唇青紫、精神萎靡、烦躁不安、昏迷,5岁以下的男童,药物治疗、手术治疗（气管切开）,根据不同医院，收费标准不一致，市三甲医院约（10000 —— 30000元）,否,婴幼儿患病概率11%,,治疗周期7天,https://tag.120ask.com/jibing/xejxhqgzqgy/
内科,呼吸内科,小儿高免疫球蛋白E综合征,儿科,湿疹、瘙痒、丘疹、疱疹、脓疱、反复上呼吸道感染、生长缓慢、脱屑、结痂、牙齿异常,儿童人群,药物治疗,根据不同医院，收费标准不一致，市三甲医院约5000--10000,否,0.04%-0.05%,65%-80%,1-2年,https://tag.120ask.com/jibing/xegmyqdbezhz/
内科,呼吸内科,小儿肺脓肿,呼吸内科,高热寒战、咳嗽、呼吸异常、胸痛、烂桃样血痰、咳痰、咳血痰、咯血、痰有恶臭味、发烧、腹痛、脓肿破入胸腔,婴幼儿,药物治疗,根据不同医院，收费标准不一致，市三甲医院约（1000-5000元）,否,发病率0.01%--0.03%,99%,3-6 周,https://tag.120ask.com/jibing/xefnz/
内科,呼吸内科,小儿急性呼吸窘迫综合征,儿科,呼吸困难、呼吸急促、三凹征、鼻翼扇动、焦虑、出汗、烦躁不安、出汗、昏迷,儿童人群,药物治疗、支持疗法,根据不同医院，收费标准不一致，市三甲医院约（5000 —— 8000元）,否,0.01%--0.02%(3岁以下小儿发病率约为0.01%--0.02%，多因重症肺炎诱发),80%,4-8周,https://tag.120ask.com/jibing/xejxhxjpzhz/
内科,呼吸内科,小儿急性呼吸衰竭,呼吸内科,呼吸急促、呼吸困难、发绀、烦躁、昏睡、呕血、出血、少尿无尿、抽搐、心律不齐,儿童人群,药物治疗、支持疗法,根据不同医院，收费标准不一致，市三甲医院约（3000 —— 5000元）,否,0.006%(与患儿肺炎感染有关),85%,1-2个月,https://tag.120ask.com/jibing/xejxhxsj/
内科,呼吸内科,小儿卡肺囊虫肺炎,儿科,咳嗽、发绀、三凹征、腹泻、发烧、啰音、食欲异常、胸痛、小儿发热、气胸、囊肿,婴幼儿,药物治疗,根据不同医院，收费标准不一致，市三甲医院约（500-1000元）,是,0.005%,70%,2-4周,https://tag.120ask.com/jibing/xekfncfy/
内科,呼吸内科,小儿嘌呤核苷酸磷酸化酶缺乏,神经内科,偏瘫、震颤、共济失调、生长缓慢、智力发育迟缓、心包炎、反复感染、溶血性贫血、血小板减少性紫癜,婴幼儿,药物治疗,根据不同医院，收费标准不一致，市三甲医院约（3000 —— 8000元）,否,本病罕见，儿童发病率约为0.001%-0.002%,,终身间歇性治疗,https://tag.120ask.com/jibing/xehslshmqf/
内科,呼吸内科,小儿急性气管支气管炎,儿科,流涕、鼻塞、发热、咽痛、呕吐、腹泻、腹痛,儿童人群,西药治疗、中药治疗、生活调理,根据不同医院，收费标准不一致，市三甲医院约3000--8000元,否,人群患病概率42%,,治疗周期7天,https://tag.120ask.com/jibing/xejxqgzqgy/
内科,呼吸内科,小儿淋巴细胞间质性肺炎,呼吸内科,咳嗽、呼吸困难、体重减轻、淋巴结肿大、唾液腺肿大、咳痰、小儿发热、咯血、胸痛、杵状指（趾）、无力、心率增快,婴幼儿,药物治疗,根据不同医院，收费标准不一致，市三甲医院约（10000-50000元）,否,幼儿发病率约为0.008%-0.009%,75%,2-3个月,https://tag.120ask.com/jibing/xelbxbjzxfy/
内科,呼吸内科,小儿屏气发作,儿内科,面色苍白、发绀、遗尿、皮肤苍白、气喘、情绪不宁,所有人群,药物治疗,根据不同医院，收费标准不一致，市三甲医院约5000-10000元,否,婴幼儿发病率约为0.003%--0.005%,85-90%,1-2个月,https://tag.120ask.com/jibing/xepqfz/
内科,呼吸内科,小儿急性上呼吸道感染,儿内科,发热畏寒、流鼻涕、鼻塞、咽痛、头痛、腹泻、声音嘶哑、乏力、肢体酸痛、食欲减退、口干,儿童人群,药物治疗、支持疗法,根据不同医院，收费标准不一致，市三甲医院约（500 —— 1000元）,否,婴幼儿发病率90%,95%,7-14天,https://tag.120ask.com/jibing/xejxshxdgr/
内科,呼吸内科,小儿普通易变型免疫缺陷,儿内科,淋巴结肿大、脾肿大,所有人群,药物治疗,根据不同医院，收费标准不一致，市三甲医院约2000-5000,否,0.005%,75%,2-3月,https://tag.120ask.com/jibing/xeptybxmyqx/
内科,呼吸内科,小儿急性血行播散型肺结核,感染科,高热、盗汗 、食欲不振、小儿咳嗽、咳嗽、发绀、消瘦、紫癜、头痛,所有人群,药物治疗,根据不同医院，收费标准不一致，市三甲医院约10000--50000,是,0.001%,70%,30天,https://tag.120ask.com/jibing/xejxxxbsxfjh/
内科,呼吸内科,小儿慢性肺炎,呼吸内科,气喘、发绀、呼吸困难、杵状指（趾）、面部水肿、儿童胸廓变形、血沉增快、白细胞增多,婴幼儿,药物治疗,根据不同医院，收费标准不一致，市三甲医院约（500-1000元）,否,特定人群70%,99%,2-6周,https://tag.120ask.com/jibing/xemxfy/
内科,呼吸内科,小儿热带嗜酸性粒细胞增多症,儿内科,不明原因发热、乏力、胸痛、头痛、周身不适、疲劳、咳嗽、咯血、呼吸困难,儿童人群,药物治疗,根据不同医院，收费标准不一致，市三甲医院约8000--12000,否,发病率约为0.001%-0.003%，多以过敏性物质刺激有关,80%,3-6个月,https://tag.120ask.com/jibing/xerdssxlxbzdz/
内科,呼吸内科,小儿慢性良性中性粒细胞减少症,儿内科,严重的感染、蜂窝组织炎、乳突炎、中耳炎、咽炎、肺炎、甚至可见脑膜炎和败血症,儿童人群,预防治疗、药物治疗、对症治疗,根据不同医院，收费标准不一致，市三甲医院约5000--10000,否,0.05%,80%,3-6月,https://tag.120ask.com/jibing/xemxlxzxlxbjsz/
内科,呼吸内科,小儿人类疱疹病毒6，7，8型,儿科、感染科,高热、红斑样皮疹、惊厥、腹泻、咳嗽,儿童人群,药物治疗,根据不同医院，收费标准不一致，市三甲医院约5000--12000元,是,多见于小儿，占发热性疾病的32.5%。,,4-8周，部分病例可持续到12周。,https://tag.120ask.com/jibing/xerlzbd678xgrxjb/
内科,呼吸内科,小儿继发性免疫缺陷病,儿科,反复呼吸道感染、严重细菌感染、持续性感染、生长发育滞缓、多次机会感染、皮肤病变、生长缓慢、脓肿、体重减轻、关节疼痛、湿疹、发烧,儿童人群,药物治疗、生活护理,根据不同医院，收费标准不一致，市三甲医院约50000--100000,否,0.004%-0.005%(儿童罕见),,终身治疗,https://tag.120ask.com/jibing/xejfxmyqxb/
内科,呼吸内科,小儿慢性支气管炎,儿科,咳痰、流鼻涕、鼻塞、肺部可闻及干湿啰音及哮鸣音、吐泡沫痰、喘息、黏液脓性痰、小儿咳嗽、咳嗽、张口呼吸、发炎、发热伴咳嗽、咯痰、胸痛,婴幼儿,药物治疗,根据不同医院，收费标准不一致，市三甲医院约（500-1000元）,否,28%,96%,15天,https://tag.120ask.com/jibing/xemxzqgy/
内科,呼吸内科,小儿嗜血流感杆菌肺炎,儿科,痉挛性咳嗽、全身感染中毒症状、反复上呼吸道感染、寒战、发绀、右胸痛、流感样症状、胸痛,儿童人群,药物治疗,根据不同医院，收费标准不一致，市三甲医院约（1000-5000元）,否,婴幼儿患病概率7%,,治疗周期10天,https://tag.120ask.com/jibing/xesxlggjfy/
内科,呼吸内科,小儿内脏幼虫移行症,儿科,发烧、气短、咳嗽、头痛、咳痰、疲劳、牵涉痛、咯血,儿童,药物治疗,根据不同医院，收费标准不一致，市三甲医院约（1000 —— 5000元）,否,0.0001%--0.0003%,60-70%,3-6个月,https://tag.120ask.com/jibing/xenzycyxz/
内科,呼吸内科,小儿特发性肺含铁血黄素沉着症,儿科,咳嗽、贫血、面色苍白、咯血、乏力、呕血、腹痛、胸痛、杵状指（趾）、气促、嗜睡、鼻出血,儿童人群,药物治疗、输血治疗,根据不同医院，收费标准不一致，市三甲医院约（10000-50000元）,否,0.001%-0.002%,40%-60%(对症治疗为主),2-4个月,https://tag.120ask.com/jibing/xetfxfhtxhsczz/
内科,呼吸内科,小儿结核性胸膜炎,感染科,发烧、咳嗽、胸痛、呼吸急促、气促、乏力、消瘦、食欲不振、盗汗 、呼吸音减弱、鼻翼扇动、结核中毒,儿童,药物治疗,根据不同医院，收费标准不一致，市三甲医院约（3000 —— 8000元）,是,0.05%-0.06%,80%,6-12个月,https://tag.120ask.com/jibing/xejhxxmy/
内科,呼吸内科,小儿囊性纤维性变,儿科,胰腺功能不足、反复上呼吸道感染、咳嗽、呕吐、婴儿体重增长缓慢或不增加、气胸、咯血、食欲异常、恶心与呕吐、呼吸异常、发烧、啰音,儿童,药物治疗,根据不同医院，收费标准不一致，市三甲医院约（3000 —— 8000元）,否,0.01%,90%,30天,https://tag.120ask.com/jibing/xenxxwxb/
内科,呼吸内科,小儿特发性肺纤维化,儿内科,干咳、咳血痰、气短、呼吸困难、咯血、呼吸衰竭、杵状指（趾）、乏力、肺部啰音、疲乏、无力、食欲减退,儿童,对症治疗,根据不同医院，收费标准不一致，市三甲医院约（3000 —— 8000元）,否,0.0005%,85%,3-6周,https://tag.120ask.com/jibing/xetfxfxwh/
内科,呼吸内科,小儿金黄色葡萄球菌肺炎,儿科,高热、呼吸急促、心率增快、咳嗽、腹泻、呕吐、腹胀、嗜睡、烦躁不安、惊厥、脓肿 、休克,小儿人群,药物治疗、支持疗法,根据不同医院，收费标准不一致，市三甲医院约（3000 —— 5000元),否,发病率约为0.01%--0.02%,85%--90%,4-8周,https://tag.120ask.com/jibing/xejhsptqjfy/
内科,呼吸内科,小儿脓胸,心胸外科,脓胸、高热不退、呼吸困难、咳嗽、啰音、贫血、发绀、烦躁不安、营养不良性水肿、咯血、胸腔积液、胸痛,儿童,药物治疗,根据不同医院，收费标准不一致，市三甲医院约（3000 —— 8000元）,否,0.0052%,80%,2月,https://tag.120ask.com/jibing/xenx/
内科,呼吸内科,小儿韦格纳肉芽肿,儿科,鼻塞、乏力、咳嗽、咯血伴胸痛、关节痛、气胸、呼吸急促、关节疼痛、体重减轻、鼻出血、呼吸异常、血尿,儿童,药物治疗,根据不同医院，收费标准不一致，市三甲医院约（3000 —— 8000元）,否,1-3%,80%,>50天,https://tag.120ask.com/jibing/xewgnryz/
内科,呼吸内科,小儿军团病,感染科,小儿发热、干咳、胸痛、呼吸困难、腹泻、心率过缓、肾功能衰竭、咳嗽、咳痰、气胸、头痛、咯血,所有人群,药物治疗,根据不同医院，收费标准不一致，市三甲医院约2000-5000元,是,0.23%,91.2%,15天,https://tag.120ask.com/jibing/xejtb/
内科,呼吸内科,小儿疱疹性角膜结膜炎,眼科,流泪、畏光疼痛、睑痉挛、鼻黏膜肿胀糜烂、脓性分泌物、嘴唇肿胀、皮肤湿疹样、瘰疬样面容,5岁以下儿童,药物治疗,根据不同医院，收费标准不一致，市三甲医院约（2000 —— 5000元）,否,0.5%,,治疗周期21天,https://tag.120ask.com/jibing/xezxjmjmy/
内科,呼吸内科,小儿维斯科特-奥尔德里奇综合,儿科、血液科,出血倾向、反复感染、湿疹、淋巴结肿大、脑膜炎、咯血、免疫缺陷、败血症、溶血性贫血、血管炎、肝肿大、血小板减少,婴幼儿,手术治疗,根据不同医院，收费标准不一致，市三甲医院约（5000-10000元）,否,0.002%,40%,1-3个月,https://tag.120ask.com/jibing/xewsktaedlqzhz/
内科,呼吸内科,小儿先天性肺囊肿,儿科,呼吸困难、吞咽困难、发烧、咳嗽、咳痰、发绀、低热、喘鸣、干咳,婴幼儿,手术疗法,根据不同医院，收费标准不一致，市三甲医院约（3000-5000元）,否,0.002%,65%,1-3个月,https://tag.120ask.com/jibing/xextxfnz/
内科,呼吸内科,小儿原发型肺结核,儿科、感染科,发烧、咳嗽、消瘦、食欲不振、食欲缺乏、食欲减退、胸膜增厚粘连、血道播散、呼吸功能衰竭、胸部紧迫或束带感、胸水、胸膜增厚,婴幼儿,药物治疗,根据不同医院，收费标准不一致，市三甲医院约（3000-5000元）,是,0.0031%,95%,3-6周,https://tag.120ask.com/jibing/xeyfxfjh/
内科,呼吸内科,小儿腺病毒性肺炎,呼吸内科,发烧、咳嗽、呼吸困难、发绀、眩晕、晕厥、腹痛、小儿发热、反复发作右肺感染、胸痛、咯血、腹胀,婴幼儿,药物治疗,根据不同医院，收费标准不一致，市三甲医院约（3000-5000元）,否,0.01%,80%,1个月,https://tag.120ask.com/jibing/xexbdxfy/
内科,呼吸内科,小儿周围淋巴结结核,儿科、感染科,淋巴结肿大、低热、高热不退、皮肤苍白、无力、贫血、消瘦、湿疹、盗汗 、反复上呼吸道感染、血沉增快、食欲不振,婴幼儿,药物治疗,根据不同医院，收费标准不一致，市三甲医院约（500-1000元）,是,0.001%-0.005%,85%,1-3年,https://tag.120ask.com/jibing/xezwlbjjh/
内科,呼吸内科,哮喘持续状态,呼吸内科,呼吸急促、心动过速、哮鸣音、意识障碍、血压下降、三凹征、出汗多、张口呼吸,哮喘患者,药物治疗,根据不同医院，收费标准不一致，市三甲医院约（5000 —— 8000元),否,继发与哮喘之上，占哮喘发病率的4%-7%,60%-70%,1-3个月,https://tag.120ask.com/jibing/xccxzt/
内科,呼吸内科,小儿原发性免疫缺陷病,血液科,反复感染、湿疹、脱发、脓疱、免疫力下降、血小板减少性紫癜、溶血性贫血、感染性发热、感染性鼻炎、眼部感染、细菌感染、肺部感染,婴幼儿,药物治疗,根据不同医院，收费标准不一致，市三甲医院约（10000-50000元）,否,0.01%,80%,3个月,https://tag.120ask.com/jibing/xeyfxmyqxb/
内科,呼吸内科,小儿腺苷脱氨酶缺乏,儿科,腹泻、脑膜炎、婴儿肋骨外翻、震颤、耳聋、智力发育迟缓,所有群体,手术治疗,根据不同医院，收费标准不一致，市三甲医院约（50000-100000元）,否,0.002%,30%,1-3个月,https://tag.120ask.com/jibing/xextamqf/
内科,呼吸内科,小儿阻塞性睡眠呼吸暂停,儿内科、耳鼻喉科,打鼾、呼吸异常、遗尿、头痛、张口呼吸、白天嗜睡夜间失眠、异常体位所致的窒息、消瘦、病理性REM睡眠、睡眠唤醒反应、中枢性呼吸暂停、婴幼儿睡眠时经常翻动，反复摇头,婴幼儿,药物治疗、手术治疗,根据不同医院，收费标准不一致，市三甲医院约（1000-5000元）,否,0.005%,60%,1个月,https://tag.120ask.com/jibing/xezsxsmhxzt/
内科,呼吸内科,小儿原发性纤毛运动障碍,儿科,反复上呼吸道感染、脓痰、耳道流脓	、咳嗽、咯血、弹钢琴指(趾)征、耳溢液、鼻溢液、胸痛、杵状指（趾）、发绀、消瘦,婴幼儿,药物治疗,根据不同医院，收费标准不一致，市三甲医院约（5000-10000元）,否,0.006%,85%,1-3月,https://tag.120ask.com/jibing/xeyfxxmydza/
内科,呼吸内科,小颌畸形综合征,整形外科,呼吸困难、营养不良、发绀、恶病质、颌突畸形、呼吸异常、急性呼吸窘迫综合征、新生儿青紫、新生儿喉喘鸣、小颌、颌骨呈“扇形”骨质破坏、张嘴颌骨响,所有群体,手术治疗,根据不同医院，收费标准不一致，市三甲医院约（50000-100000元）,否,0.005%,60%,2-4月,https://tag.120ask.com/jibing/xjxzhz/
内科,呼吸内科,小儿真菌性肺炎,儿科,咳嗽、咳痰、咯血、胸痛、消瘦、发烧、腹胀、腹泻、烦躁不安、嗜睡、昏迷、发绀,婴幼儿,药物治疗,根据不同医院，收费标准不一致，市三甲医院约（500-1000元）,否,婴幼儿患病概率0.06%,,治疗周期-7-14天,https://tag.120ask.com/jibing/xezjxfy/
内科,呼吸内科,小儿选择性免疫球蛋白A缺乏症,风湿免疫科,反复感染、免疫力下降、过敏性皮炎 、腹泻、血小板减少性紫癜、智能障碍、类风湿关节炎、溶血性贫血,儿童,药物治疗,根据不同医院，收费标准不一致，市三甲医院约（3000 —— 8000元）,否,0.005%,60%,30天,https://tag.120ask.com/jibing/xexzxmyqdbaqfz/
内科,呼吸内科,哮病,中医科,肺部可闻及干湿啰音及哮鸣音、呼吸抑制、仰卧呼吸、呼吸功能衰竭、呼吸音减弱、哮鸣音、呼吸困难、咳嗽伴哮鸣音、两肺弥漫或散在可逆性哮鸣音、潮式呼吸、呼吸窘迫综合症、呼吸减慢而不规则,所有人群,药物治疗,根据不同医院，收费标准不一致，市三甲医院约（3000 —— 8000元）,否,0.05%-0.07%,75%-80%,终身治疗,https://tag.120ask.com/jibing/xiaobing/
内科,呼吸内科,小儿支气管肺发育不全,呼吸内科,急性呼吸窘迫综合征、呼吸困难、面色苍白、嗜睡、发绀、干咳、肝肿大、啰音、颈静脉怒张、心力衰竭、呼吸衰竭、呕吐,婴幼儿,药物治疗,根据不同医院，收费标准不一致，市三甲医院约（1000-5000元）,否,0.001%-0.002%(上述为婴幼儿发病率),75%-85%,1-3年,https://tag.120ask.com/jibing/xezqgffybq/
内科,呼吸内科,小儿选择性免疫球蛋白G亚类缺,儿内科,免疫力下降、鼻塞、反复上呼吸道感染、反复肺炎、小儿咳嗽、流鼻涕、打喷嚏、鼻塞及反射性头痛、耳道流脓	、听力下降、耳源性眩晕、咳痰,儿童,药物治疗,根据不同医院，收费标准不一致，市三甲医院约（3000 —— 8000元）,否,0.000001%,1%,1-2个月,https://tag.120ask.com/jibing/xexzxmyqdbgylqxb/
内科,呼吸内科,小儿严重急性呼吸综合征,呼吸内科、儿科,发烧、咳嗽、呼吸窘迫综合症、肺部啰音、休克、干咳、胸闷、发绀、咳痰、叹息样呼吸、管性呼吸音、呼吸异常,婴幼儿,药物治疗,根据不同医院，收费标准不一致，市三甲医院约（1000-3000元）,否,0.0001%,10%,1-7天,https://tag.120ask.com/jibing/xeyzjxhxzhz/
内科,呼吸内科,小儿支气管扩张,儿科,咳嗽、咳痰、咯血、痰呈粘液脓性、发烧、不规则热、贫血、营养不良、反复上呼吸道感染、反复肺炎、脓肿 、湿啰音,婴幼儿,药物治疗,根据不同医院，收费标准不一致，市三甲医院约（500-1000元）,否,0.1%,50%,1-2个月,https://tag.120ask.com/jibing/xezqgkz/
内科,呼吸内科,小儿一氧化碳中毒,急诊科,头痛、面色潮红、眩晕、心悸、胸闷、恶心与呕吐、乏力、烦躁不安、嗜睡、大小便失禁、血压下降、对光反射迟钝,婴幼儿,高压氧治疗,根据不同医院，收费标准不一致，市三甲医院约（5000-10000元）,否,婴幼儿患病概率0.64%,,治疗周期10天,https://tag.120ask.com/jibing/xeyyhtzd/
内科,呼吸内科,哮喘性肺嗜酸粒细胞浸润症,呼吸内科,咳嗽、咳痰、胸痛、啰音、咯血,所有群体,病因治疗,根据不同医院，收费标准不一致，市三甲医院约（5000-10000元）,否,0.002%,40%,40天,https://tag.120ask.com/jibing/xcxfsslxbjrz/
内科,呼吸内科,小儿遗传性血管神经性水肿,儿内科、心血管内科,喉头水肿、腹泻、水肿、呕吐、肠痉挛、皮下组织水肿,婴幼儿,药物治疗,根据不同医院，收费标准不一致，市三甲医院约（5000-10000元）,否,有家族史，总体发病率约0.0001%,,5-10年,https://tag.120ask.com/jibing/xeycxxgsjxsz/
内科,呼吸内科,小儿支气管哮喘,儿科,喘息、哮鸣音、气喘、剧烈运动后哮喘、小儿咳嗽、呼吸困难、面色苍白、手指发绀或坏死、口唇发绀、呼吸道狭窄、反复上呼吸道感染,婴幼儿,药物治疗,根据不同医院，收费标准不一致，市三甲医院约（1000-5000元）,否,0.05%,70%,2--8周,https://tag.120ask.com/jibing/xezqgxc/
内科,呼吸内科,心源性哮喘,呼吸内科,夜间憋醒、被迫端坐呼吸、频频咳嗽、气促、发绀、大汗淋漓、手足厥冷、咳出粉红色泡沫性痰、心悸胸闷,心脏病患者,药物治疗、支持疗法,根据不同医院，收费标准不一致，市三甲医院约（20000 —— 50000元）,否,老人年患者中发病率约0.2%--0.3%,60%,1-2年,https://tag.120ask.com/jibing/xyxxc/
内科,呼吸内科,小儿右肺中叶综合征,呼吸内科,咳嗽、咳血、胸痛、发烧、咯血、喘息、皮肤青紫色改变、反复肺炎、淋巴结肿大、脓痰、干啰音、湿啰音,婴幼儿,药物治疗,根据不同医院，收费标准不一致，市三甲医院约（5000-10000元）,否,0.15%,85%,3-6周,https://tag.120ask.com/jibing/xeyfzyzhz/
内科,呼吸内科,新生儿Wilson-Miki,新生儿科,新生儿发绀、三凹征、呼吸急促、呼吸窘迫综合症、新生儿青紫、紫绀,新生儿,对症治疗,根据不同医院，收费标准不一致，市三甲医院约（1000-5000元）,否,0.000125%,30-40%,40天,https://tag.120ask.com/jibing/xsewilsonmikityzhz/
内科,呼吸内科,小儿重症肌无力,神经内科,眼睑下垂、眼球不能随意动、面肌无力、眼肌麻痹、复视、吸吮反射消失、腱反射消失、呼吸困难、紫绀、面具脸、发音障碍、斜视,新生儿、儿童多见,药物、中医治疗,根据不同医院，收费标准不一致，市三甲医院约（10000 —— 50000元）,否,发病率约为0.001%--0.003%,40-70%,3-5年,https://tag.120ask.com/jibing/xezzjwl/
内科,呼吸内科,新生儿持续性肺动脉高压,新生儿科,新生儿青紫、呼吸异常、收缩期杂音 、呼吸窘迫综合症、周围组织灌注不良、肺动脉狭窄、肺动脉闭锁、气体弥散障碍、右室肥厚、肺栓塞、肺动脉瓣区可听到喷射音、肺动脉杂音,新生儿,病因治疗,根据不同医院，收费标准不一致，市三甲医院约（5000-10000元）,否,0.003%,80%,30天,https://tag.120ask.com/jibing/xsecxxfdmgy/
内科,呼吸内科,新生儿肺气漏,新生儿科,新生儿气促、烦躁不安、新生儿青紫、呼吸困难、呻吟、皮肤苍白、血压下降、心动过缓、CO2潴留、紫绀、腹胀、新生儿嗜睡,新生儿,药物治疗、手术治疗,根据不同医院，收费标准不一致，市三甲医院约（1000-5000元）,否,0.01%,75-85%,30天,https://tag.120ask.com/jibing/xsefql/
内科,呼吸内科,支气管发育不全,呼吸内科,急性呼吸窘迫综合征、咯血、呼吸异常、气息异常、喂食困难、发烧、紫绀、咳嗽、咳痰、支气管以下的损伤,婴幼儿,手术治疗,根据不同医院，收费标准不一致，市三甲医院约（10000-50000元）,否,患病率婴幼儿中约为0.001%,,国内正规治疗周期为20天,https://tag.120ask.com/jibing/zqgfybq/
内科,呼吸内科,胸痹,中医科,疼痛、胸闷、胸部隐痛、压榨样绞痛、心悸、气短、面色苍白、冷汗,所有群体,药物治疗、,根据不同医院，收费标准不一致，市三甲医院约（500-1000元）,否,0.05%--0.09%(多见于50岁以上人群),75-85%,6-8周,https://tag.120ask.com/jibing/xiongbi/
内科,呼吸内科,Ⅰ型超敏反应性疾病,变态反应科,鼻粘膜苍白水肿、呼吸困难、瘙痒、皮炎、胸闷、恶心,所有人群,药物治疗,根据不同医院，收费标准不一致，市三甲医院约8000--12000,否,人群患病概率1.5%,,治疗周期7天,https://tag.120ask.com/jibing/xcmfyxjb/
内科,呼吸内科,咽部及颈部食管闭合性损伤,眼科,视力障碍、视物变形、眼底改变、视网膜脱离、眼底出血和渗出,青壮年,药物治疗,根据不同医院，收费标准不一致，市三甲医院约（5000—— 13000元）,否,0.075%,86%,30天,https://tag.120ask.com/jibing/ybjjbsgbhxss/
内科,呼吸内科,胸壁深部软组织感染,心胸外科,发烧、畏寒、肩部运动受限、软组织感染,所有人群,药物治疗,根据不同医院，收费标准不一致，市三甲医院约（1000 —— 5000元）,否,0.0003%-0.0005%,80%,30天,https://tag.120ask.com/jibing/xbsbrzzgr/
内科,呼吸内科,咽喉部外伤,耳鼻喉科,局部疼痛、出血、呼吸困难,所有人群,急救处理、药物治疗,根据不同医院，收费标准不一致，市三甲医院约（5000 —— 10000元）,否,0.15%,90%,3-5月,https://tag.120ask.com/jibing/yhbws/
内科,呼吸内科,胸部阿米巴病,呼吸内科,杵状指（趾）、咳巧克力色痰、胸腔积液、放射性疼痛、干咳、脓痰、高热、盗汗 、食欲不振、胸痛伴呼吸困难、胸膜休克、呼吸音减弱,所有人群,药物治疗,根据不同医院，收费标准不一致，市三甲医院约（3000 —— 8000元）,否,0.005%,70%,1-3个月,https://tag.120ask.com/jibing/xbambb/
内科,呼吸内科,新生儿呼吸暂停,产科,呼吸异常、呼吸暂停、心率过缓,新生儿,对症治疗,根据不同医院，收费标准不一致，市三甲医院约（5000-10000元）,否,1%-5%(新生儿发病率约为1%-5%，多见于Apagar评分小于7分者),95%,2周,https://tag.120ask.com/jibing/xsehxzt/
内科,呼吸内科,淹溺,急诊科,昏迷、窒息、紫绀、上腹胀满、肢体湿冷,儿童,心肺复苏、西药治疗,根据不同医院，收费标准不一致，市三甲医院约（500 —— 2000元）,否,0.015%,73%,7天,https://tag.120ask.com/jibing/yanni/
内科,呼吸内科,胸部放线菌病,心胸外科,脓肿、板样硬块、小窦口,所有群体,药物治疗、手术治疗,根据不同医院，收费标准不一致，市三甲医院约（1000-5000元）,否,0.002%,70%,40天,https://tag.120ask.com/jibing/xbfxjb/
内科,呼吸内科,新生儿获得性免疫缺陷综合征,新生儿科,黄疸、脾肿大、肝肿大、消瘦、咽炎、舌炎、龈炎、脓疱、免疫力下降、淋巴结肿大、口糜、败血症、咳嗽、咳痰,新生儿,药物治疗,根据不同医院，收费标准不一致，市三甲医院约（10000-50000元）,是,0.0001%,20%,2--6个月,https://tag.120ask.com/jibing/xsehdxmyqxzhz/
内科,呼吸内科,严重急性呼吸综合征,呼吸内科,发烧、肌肉酸痛、干咳、胸闷、头痛、腹泻、疲劳、双吸气、劳力性呼吸困难、叹息样呼吸、啰音、岔气,所有群体,病因治疗、对症治疗,根据不同医院，收费标准不一致，市三甲医院约（1000-5000元）,否,0.0002%,10%,1-2周,https://tag.120ask.com/jibing/yzjxhxzhz/
内科,呼吸内科,胸部丝虫病,呼吸内科、感染科,高热寒战、咳嗽、胸痛、咯血、畏寒、寒战、发烧、乏力、淋巴管破裂、气胸、胸廓畸形、咳痰,所有群体,病因治疗、对症治疗,根据不同医院，收费标准不一致，市三甲医院约（500-1000元）,否,0.0001%,80%,3-6月,https://tag.120ask.com/jibing/xbscb/
内科,呼吸内科,新生儿湿肺,呼吸内科,新生儿气促、口唇青紫、呼吸音减弱、呻吟、呼吸急促、湿啰音、代谢性酸中毒、反应迟钝、新生儿青紫、生理性黄疸,儿童,药物治疗,根据不同医院，收费标准不一致，市三甲医院约（3000 —— 8000元）,否,0.01%,95%,10天,https://tag.120ask.com/jibing/xsesf/
内科,呼吸内科,岩藻糖苷贮积症,内分泌科,反复上呼吸道感染、肌张力减低、出汗异常、异常矮小、智力发育迟缓、儿童精神运动发育异常、抽风、脊柱和四肢畸形,先天患儿,对症治疗,根据不同医院，收费标准不一致，市三甲医院约10000--30000,否,发病率约为0.0002%--0.0005%,,终身治疗,https://tag.120ask.com/jibing/yztzjz/
内科,呼吸内科,胸骨裂,骨科,呼吸异常、 胸廓塌陷畸形 、骨缝分开、胸骨下端压痛、腹式反常呼吸、紫绀,新生儿,手术治疗、西医药物治疗,根据不同医院，收费标准不一致，市三甲医院约（5000 —— 10000元）,否,0.05%,65%,3-6月,https://tag.120ask.com/jibing/xionggulie/
内科,呼吸内科,夜间哮喘,呼吸内科,夜间或凌晨喘息、哮鸣音、呼吸气促、胸闷、咳嗽、发绀、鼻痒、喷嚏、流清涕,儿童、青少年,药物治疗、支持疗法,根据不同医院，收费标准不一致，市三甲医院约（3000 —— 5000元）,否,0.005%,40%,1-4个月,https://tag.120ask.com/jibing/yjxc/
内科,呼吸内科,新生儿先天性膈疝,小儿外科,便血、发绀、腹膜炎、腹胀、膈肌缺损、黑便、呼吸急促、呼吸困难,胎儿、婴儿,婚前体检、孕期保健、ECMO治疗、手术治疗,根据不同医院，收费标准不一致，市三甲医院约（10000 —— 50000元）,否,0.035%,40%,4周,https://tag.120ask.com/jibing/xsextx/
内科,呼吸内科,厌氧菌肺炎,呼吸内科,发烧、胸痛、寒战、脓痰、咳嗽、咳血痰、肺部化脓性感染、脓肿,所有人群,药物治疗,根据不同医院，收费标准不一致，市三甲医院约（3000 —— 8000元）,否,0.005%,70%,1个月,https://tag.120ask.com/jibing/yyjfy/
内科,呼吸内科,休克型肺炎,呼吸内科,肺部感染、休克、咳嗽、咳痰、面色苍白、冷汗淋漓、周身不适、血压下降、手足厥冷、脉搏细速、口唇发绀、发绀,所有群体,药物治疗,根据不同医院，收费标准不一致，市三甲医院约（5000-10000元）,否,0.001%,30%,7-14天,https://tag.120ask.com/jibing/xkxfy/
内科,呼吸内科,羊水与胎粪吸入综合征,呼吸内科,出生时全身皮肤、指趾甲和脐带被染成黄绿色或深绿色、鼻扇、呼吸三凹征和青紫、桶状胸,足月儿和过期产儿以及难产多见,药物治疗、支持疗法,根据不同医院，收费标准不一致，市三甲医院约（1000 —— 10000元）,否,1.2% ～ 2.2%,80%,1-2周,https://tag.120ask.com/jibing/ysytfxrzhz/
内科,呼吸内科,虚喘,中医科、呼吸内科,汗出、乏力、神疲、张口抬肩,老年人、虚损性疾病晚期,中医药物治疗,根据不同医院，收费标准不一致，市三甲医院约（2000-3000元）,否,0.5%,80%,3-6月,https://tag.120ask.com/jibing/xuchuan/
内科,呼吸内科,洋葱假单胞菌肺炎,呼吸内科,反复高热、进行性消瘦、呼吸困难、气短、叶间裂常呈弧形下坠、肺部感染、咳血痰、菌血症,所有群体,药物治疗,根据不同医院，收费标准不一致，市三甲医院约（5000-10000元）,是,发病率约为0.003%-0.005%,75%,8-12周,https://tag.120ask.com/jibing/ycjdbjfy/
内科,呼吸内科,阳虚发热,中医科,低热、发热而欲近衣、形寒怯冷、四肢不温、少气懒言、头晕嗜卧、纳少便溏、面色觥白,老年患者,药物治疗,根据不同医院，收费标准不一致，市三甲医院约（1000 —— 3000元）,否,0.001%,90%,7天,https://tag.120ask.com/jibing/yxfr/
内科,呼吸内科,鹦鹉热衣原体肺炎,呼吸内科,发烧、头痛、寒战、咯血、身痛、小儿发热、脾肿大、呼吸衰竭、咳血痰、心音异常、肝肿大、肺源性呼吸困难,所有群体,药物治疗,根据不同医院，收费标准不一致，市三甲医院约（1000-5000元）,否,0.003%,60%,2-4个月,https://tag.120ask.com/jibing/ryytfy/
内科,呼吸内科,阴虚发热,中医科,午后低热、盗汗、手足心热、烦躁、口渴舌质红少苔脉象细数、,所有人群均可发病,中药治疗,根据不同医院，收费标准不一致，市三甲医院约（2000 —— 5000元,否,0.001%,95%,20天,https://tag.120ask.com/jibing/yinxufare/
内科,呼吸内科,恙虫病性肺炎,呼吸内科、传染科,咳嗽、啰音、咳痰、咯血、呼吸困难、发绀、高热、呼吸衰竭、咳血痰,所有群体,药物治疗,根据不同医院，收费标准不一致，市三甲医院约（3000-5000元）,是,0.05%,80%,3-6月,https://tag.120ask.com/jibing/cbxfy/
内科,呼吸内科,支气管中心性肉芽肿病,呼吸内科,发烧、咳嗽、胸痛、黏液脓性痰、乏力、肉芽肿、血管炎、嗜酸性粒细胞增多、炎性细胞浸润、气短,所有群体,药物治疗,根据不同医院，收费标准不一致，市三甲医院约（1000-5000元）,否,0.002%,40%,3个月,https://tag.120ask.com/jibing/zqgzxxryzb/
内科,呼吸内科,药物导致的肺部疾病,呼吸内科,咳嗽、呼吸困难、啰音、乏力、胸腔积液、咯血、呼吸异常、粉红色泡沫痰、气息异常、肺含水量增加、发烧、上呼吸道和口腔存在大量定植菌,所有群体,病因治疗、对症治疗,根据不同医院，收费标准不一致，市三甲医院约（5000-10000元）,否,0.005%,70%,7-14天,https://tag.120ask.com/jibing/ywdzdfbjb/
内科,呼吸内科,运动诱发哮喘,呼吸内科,胸闷、咳嗽、喘息、呼吸困难、剧烈运动后哮喘、哮鸣音,所有群体,药物治疗,根据不同医院，收费标准不一致，市三甲医院约（1000-3000元）,否,0.05%,95%,3-6月,https://tag.120ask.com/jibing/ydyfxc/
内科,呼吸内科,药物性呼吸衰竭,呼吸内科,呼吸困难、昏迷、呼吸异常、烦躁不安、呼吸性碱中毒、呼吸速率减慢且规则、心脏功能突然失代偿、肺癌胸水、劳力性呼吸困难、气息异常、代谢性酸中毒、叹息样呼吸,所有群体,对症治疗,根据不同医院，收费标准不一致，市三甲医院约（5000-10000元）,否,0.001%,70%,10--21天,https://tag.120ask.com/jibing/ywxhxsj/
内科,呼吸内科,脂肪栓塞综合征,急诊科,呼吸衰竭、昏迷、暴发性痛、持续性发热、嗜睡、乏力、抽搐、呼吸不规则、呼吸困难、皮肤出血点,外伤、骨折后常见,饮食、药物治疗,根据不同医院，收费标准不一致，市三甲医院约（3000 —— 8000元）,否,0.002%,60%,1-3个月,https://tag.120ask.com/jibing/zfsszhz/
内科,呼吸内科,致肠细胞病变人孤儿病毒感染,呼吸内科,发烧、胸痛、心包炎、流感样症状、水肿、斑疹、丘疹、恶心与呕吐、脓疱、腹痛、胸骨压痛、疱疹,所有群体,对症治疗,根据不同医院，收费标准不一致，市三甲医院约（1000-5000元）,否,0.00001%,70%,10-30天,https://tag.120ask.com/jibing/zcxbbbrgebdgr/
内科,呼吸内科,燥邪犯肺,中医科,咳嗽时胸痛、痰少无痰或质粘、伴或不伴痰中带血、咽痛口干、头痛无汗、鼻咽干燥、唇燥不渴,所有人群,药物治疗,根据不同医院，收费标准不一致，市三甲医院约（3000 —— 5000元）,否,0.05%,80%,2-5月,https://tag.120ask.com/jibing/zxff/
内科,呼吸内科,中叶综合征,呼吸内科,咳嗽、咳痰、发烧、咯血、呼吸异常、啰音,所有群体,病因治疗,根据不同医院，收费标准不一致，市三甲医院约（1000-5000元）,否,0.002%--0.007%(上述为50岁以上人群中发病率),45-55%,3-6个月,https://tag.120ask.com/jibing/zyzhz/
内科,呼吸内科,蔗尘肺,呼吸内科,头痛、发热伴寒战、乏力、周身出汗、身痛、恶心与呕吐、胸闷、呼吸困难、咳嗽、干咳,所有群体,对症治疗,根据不同医院，收费标准不一致，市三甲医院约（1000-5000元）,否,0.0004%-0.0007%,70%,3-6年,https://tag.120ask.com/jibing/zhechenfei/
内科,呼吸内科,一氧化碳中毒后迟发性脑病,神经内科,头痛、眩晕、耳鸣、恶心、呕吐、心悸、无力、面色潮红、脉数、步态不稳、四肢肌张力增强、腱反射亢进,所有群体,药物治疗,根据不同医院，收费标准不一致，市三甲医院约（5000-10000元）,否,0.002%,60%,3-6周,https://tag.120ask.com/jibing/yyhtzdhcfxnb/
内科,呼吸内科,重症院内获得性肺炎,呼吸内科,发烧、胸痛、咳嗽、咳痰、气促、啰音、脓痰、意识障碍、肺部感染,所有群体,药物治疗,根据不同医院，收费标准不一致，市三甲医院约（5000-10000元）,否,0.01%,60%,1个月,https://tag.120ask.com/jibing/zzynhdxfy/
内科,呼吸内科,真菌过敏性哮喘,呼吸内科,鼻痒、打喷嚏、咳嗽、胸闷、消瘦、啰音、情绪性哮喘、剧烈运动后哮喘、平卧呼吸困难、肺含水量增加、气喘、小支气管平滑肌挛缩,所有群体,药物治疗,根据不同医院，收费标准不一致，市三甲医院约（1000-3000元）,否,0.001%,60%,10-30天,https://tag.120ask.com/jibing/zjgmxxc/
内科,呼吸内科,衣原体肺炎,呼吸内科,上呼吸道卡他症状、咳痰、咳嗽、啰音、活动后气促、声音嘶哑、干咳、咽痛、红斑结节、胸痛、恶心与呕吐、捻发音,所有群体,药物治疗,根据不同医院，收费标准不一致，市三甲医院约（1000-3000元）,是,0.05%,70%治愈率,2-4周,https://tag.120ask.com/jibing/yytfy/
内科,呼吸内科,自发性气胸,心胸外科,突然发生胸痛、呼吸困难、胸闷、严重者烦躁不安、大汗、紫绀、呼吸加快、气管向健侧移位、患侧胸部饱满,肺结核患者、消瘦人群,手术治疗（紧急抽气、闭式引流）、药物治疗,根据不同医院，收费标准不一致，市三甲医院约（3000 —— 8000元）,是,0.005%-0.007%,75%-85%,2-4周,https://tag.120ask.com/jibing/zfxqx/
内科,呼吸内科,支气管肺隔离症,呼吸内科,感染性发热、脓痰、咳嗽、湿啰音、咯血、啰音、活动后气促,所有群体,手术治疗,根据不同医院，收费标准不一致，市三甲医院约（5000-10000元）,否,0.003%,50%,3个月,https://tag.120ask.com/jibing/zqgfglz/
内科,呼吸内科,乙醚中毒,急诊科,恶心与呕吐、面色青紫、血压下降、呼吸不规则、颅内出血、蛋白尿、管型尿、流涎、胃扩张、颜面潮红、呼吸困难、惊厥,所有群体,药物治疗,根据不同医院，收费标准不一致，市三甲医院约（1000-3000元）,否,0.06%,30%,7-10天,https://tag.120ask.com/jibing/ymzd/
内科,呼吸内科,纵隔囊肿,心胸外科,呼吸困难、恶心与呕吐、消瘦、咳嗽、气息异常、疼痛、咯血,所有群体,手术治疗,根据不同医院，收费标准不一致，市三甲医院约（5000-10000元）,否,0.2%,70%,1个月,https://tag.120ask.com/jibing/zgnz/
内科,呼吸内科,阴沟肠杆菌感染,消化内科,发烧、皮肤软组织感染、泌尿系感染、免疫力降低、休克、昏迷、恶心与呕吐、尿频伴尿急和尿痛、腰酸背痛、菌血症、败血症、呼吸急促,所有群体,药物治疗,根据不同医院，收费标准不一致，市三甲医院约（1000-5000元）,是,0.004%--0.005%,60-75%,4-8周,https://tag.120ask.com/jibing/ygcgjgr/
内科,呼吸内科,纵隔气肿,呼吸内科,胸闷、胸骨后疼痛、呼吸困难、烦躁不安、昏迷、意识模糊、发绀、皮下气肿、血压下降、颈静脉怒张,所有群体,手术治疗,根据不同医院，收费标准不一致，市三甲医院约（5000-10000元）,否,0.001%,70%,7-14天,https://tag.120ask.com/jibing/zgqz/
内科,呼吸内科,纵隔疝,心胸外科,纵隔病变、气胸、呼吸困难、紫绀,所有群体,药物治疗,根据不同医院，收费标准不一致，市三甲医院约（10000-30000元）,否,0.001%,60%,10-30天,https://tag.120ask.com/jibing/zongge/
内科,呼吸内科,阻塞性肺气肿,呼吸内科,反复咳嗽、咳痰、喘连续3年或以上、每年持续2个月或以上、伴桶状胸、呼吸困难、严重者紫绀、浮肿及颈静脉怒张,吸烟、慢支患者,药物治疗、支持疗法,根据不同医院，收费标准不一致，市三甲医院约（5000 —— 8000元）,否,0.6%-4.3%,60%,1-3个月,https://tag.120ask.com/jibing/zsxfqz/
内科,呼吸内科,阻塞性睡眠呼吸暂停综合征,呼吸内科,打鼾、睡眠呼吸暂停、多尿、嗜睡、猜疑、易于产生病理嫉妒信念、惊恐发作、疲劳、颈部粗、颈短、外貌苍老、口唇发绀,所有群体,药物治疗、手术治疗,根据不同医院，收费标准不一致，市三甲医院约（5000-10000元）,否,0.4%-0.6%,40%-70%(控制体重后可使70%治愈),8周,https://tag.120ask.com/jibing/zsxsmhxztzhz/
内科,呼吸内科,月经性哮喘,呼吸内科,月经来潮前5天左右有明显的哮喘发作倾向、患者感觉胸闷、月经来潮后逐渐减轻,生育期的女性,中药、西药治疗,根据不同医院，收费标准不一致，市三甲医院约（500—— 1000元）,否,0.05%,80%,2--4周,https://tag.120ask.com/jibing/yjxxc/
内科,呼吸内科,职业性哮喘,呼吸内科,咳嗽、胸闷、喘息,成年人群,药物治疗,根据不同医院，收费标准不一致，市三甲医院约（3000 —— 8000元）,否,0.007%-0.009%,,终身治疗,https://tag.120ask.com/jibing/zyxxc/
内科,呼吸内科,工业中毒所致的精神障碍,神经内科,晕厥、腕下垂、手套或短袜子式浅、深感觉障碍、手震颤、便秘、齿龈铅线、口中有金属甜味、体温过低、流涎、皮肤苍白、颤抖、意识障碍,所有群体,病因治疗、对症治疗,根据不同医院，收费标准不一致，市三甲医院约（1000-5000元）,否,0.025%,20--40%,1--3个月,https://tag.120ask.com/jibing/gyzdszdjsza/
内科,呼吸内科,高原肺水肿,呼吸内科,胸闷、心悸、呼吸困难、吐泡沫痰、疲乏、恶心与呕吐、干咳、指甲床发绀、口唇发绀、低热、面色苍白、皮肤湿冷,所有人群,药物治疗,根据不同医院，收费标准不一致，市三甲医院约10000--30000,否,0.0035%,70%,4-6周,https://tag.120ask.com/jibing/gyfsz/
内科,呼吸内科,老年人肺炎,呼吸内科,咳嗽、呼吸急促、呼吸困难、精神萎靡、高热、咳出黄色痰液,老年人,药物治疗、一般治疗、吸氧,根据不同医院，收费标准不一致，市三甲医院约（2000——5000元）,否,老年人患病概率5.2%,,治疗周期10天,https://tag.120ask.com/jibing/lnrfy/
内科,呼吸内科,咳嗽性哮喘,呼吸内科,咳嗽、无痰、气紧、遇到过敏物质加重,所有人群,药物治疗、脱敏治疗、雾化治疗,根据不同医院，收费标准不一致，市三甲医院约（1000 —— 3000元）,否,发病率约0.003%--0.005%,40-60%，多以控制性治疗为主,3-6个月,https://tag.120ask.com/jibing/ksxxc/
内科,呼吸内科,急性气管支气管炎,呼吸内科,发热、乏力、头痛、全身酸痛、咳嗽、咳痰、,以小儿和老年多见,药物治疗,根据不同医院，收费标准不一致，市三甲医院约（2000 —— 5000元）,否,10%-15%,95%,1-2周,https://tag.120ask.com/jibing/jixingqiguanzhiqigua/
内科,呼吸内科,肺部感染,肺病科,高热、咳嗽、咳痰,感冒患者、病毒感染患者,中医药物治疗,根据不同医院，收费标准不一致，市三甲医院约（2000-4000元）,否,30%,80%,2--6周,https://tag.120ask.com/jibing/fbgr/
内科,呼吸内科,肺间质纤维化,呼吸内科,呼吸急促、咳嗽、疲劳、干咳、胸骨后疼痛、胸痛、结节、呼吸异常、咳痰,老年人群,药物治疗,根据不同医院，收费标准不一致，市三甲医院约（8000--12000元）,否,0.005%,65%,3个月,https://tag.120ask.com/jibing/fjzxwh/
内科,呼吸内科,支气管哮喘,呼吸内科,胸闷 呼吸困难 喘息 哮鸣音 发作性咳嗽 咳嗽伴哮鸣音 咳嗽 咳痰,所有人群,药物治疗、氧气疗法,根据不同医院，收费标准不一致，市三甲医院约（3000 —— 5000元）,否,0.073%,10%,10-30天,https://tag.120ask.com/jibing/zqgxc/
内科,呼吸内科,阿斯匹林不耐受三联症,耳鼻喉科,鼻溢液、鼻分泌物增多、息肉、流鼻涕、呼吸异常,成年人群,药物治疗,根据不同医院，收费标准不一致，市三甲医院约1000--3000,否,0.002%-0.003%,85%,1-2个月,https://tag.120ask.com/jibing/asplbnsslz/
内科,呼吸内科,H7N9禽流感,呼吸内科、传染病科,周身不适 、流感样症状、 发烧 、咽痛、 头痛、 咳嗽、 腹痛 、身痛,所有人群,药物治疗、支持疗法,根据不同医院，收费标准不一致，市三甲医院约（5000 —— 10000元）,是,0.00001%,30%,7-14天,https://tag.120ask.com/jibing/h7n9/
内科,呼吸内科,卡他性鼻炎,耳鼻喉,鼻塞、流涕、头痛、喷嚏,中青年,药物治疗,根据不同医院，收费标准不一致，市三甲医院约100-300元,否,5%,95%,7-10天,https://tag.120ask.com/jibing/ktxby/
内科,呼吸内科,咽扁桃体癌,口腔科、肿瘤科,咽部不适、异物感、轻微疼痛、晚期可有明显咽痛、吞咽时加剧、并可放射到同侧耳或面部、常有口臭、出血、张口困难,多见于40岁以上的男性,手术治疗、药物治疗,根据不同医院，收费标准不一致，市三甲医院约3000--8000元,否,0.001%,10%,15天,https://tag.120ask.com/jibing/ybtta/
内科,呼吸内科,咽疾病,耳鼻喉,咽痛、吞咽困难、呼吸困难、发声异常,各年龄均可发病,药物治疗,根据不同医院，收费标准不一致，市三甲医院约（500 —— 1000元）,否,0.02%,60%,15-30天,https://tag.120ask.com/jibing/yjb/
内科,呼吸内科,咽鼓管炎,耳鼻喉科,听力减退、耳鸣、耳内疼痛,青少年人群,药物治疗,根据不同医院，收费标准不一致，市三甲医院约（200 —— 500元）,否,1%,90%,10-14天,https://tag.120ask.com/jibing/yggy/
内科,呼吸内科,喉疾病,耳鼻喉科,咽痛、吞咽困难、咽部瘙痒,吸烟者好发,药物治疗,根据不同医院，收费标准不一致，市三甲医院约2000-5000元,否,1%-5%,90%,2-4周,https://tag.120ask.com/jibing/hjb/
内科,呼吸内科,巨细胞病毒肺炎,内科,发热、咳嗽、不适、呼吸困难,婴幼儿人群,药物治疗,根据不同医院，收费标准不一致，市三甲医院约（5000 —— 30000元）,否,0.01%,50-70%,2-4周,https://tag.120ask.com/jibing/jxbbdfy/
内科,呼吸内科,悬雍垂过长,五官科,咽痛、也可无症状,儿童,手术治疗,根据不同医院，收费标准不一致，市三甲医院约2000-3000元,否,1.5%-5.5%,90%,1-2周,https://tag.120ask.com/jibing/xycgc/
内科,呼吸内科,支气管肺发育不良,呼吸内科,咳嗽、胸闷、呼吸困难、咳痰,早产儿多见,药物治疗、手术治疗,根据不同医院，收费标准不一致，市三甲医院约3000-5000元,否,0.5%-2.5%,45%,1-6个月,https://tag.120ask.com/jibing/zqgffybl/
内科,呼吸内科,朗格汉斯组织细胞增生症,内科的呼吸内科,干咳、活动后呼吸气促、消瘦、乏力、发热、盗汗和食欲减退,老年人,药物治疗、戒烟、理疗、手术治疗,根据不同医院，收费标准不一致，市三甲医院约2000-8000元,否,0.02%,,60天,https://tag.120ask.com/jibing/lghszzxbzsz/
内科,呼吸内科,朗格汉斯细胞肉芽肿,感染科,发热、组织疼痛、局部肿胀,免疫功能低下者多见,药物治疗、手术治疗,根据不同医院，收费标准不一致，市三甲医院约2000-5000元,否,0.8%-1.0%,60%,4-8周,https://tag.120ask.com/jibing/lghsxbryz/
内科,呼吸内科,气管疾病,呼吸内科,咳嗽、咳痰、咯血、胸痛、呼吸困难,普遍好发,药物治疗,根据不同医院，收费标准不一致，市三甲医院约2000-5000元,否,120%,95%,2-4周,https://tag.120ask.com/jibing/qgjb/
内科,呼吸内科,睡眠呼吸暂停综合症,内科,睡眠打鼾、白天嗜睡、鼾声响亮而不规律,40岁以上中老年人,药物治疗、手术治疗,根据不同医院，收费标准不一致，市三甲医院约（3000 ——20000元）,否,3%,50%,2--3周,https://tag.120ask.com/jibing/smhxztzhzg/
内科,呼吸内科,纵隔疾病,心胸外科,胸闷、心慌、胸痛,免疫功能低下者多见,药物治疗、手术治疗,根据不同医院，收费标准不一致，市三甲医院约3000-5000元,否,0.03%-0.1%,60%,1-2月,https://tag.120ask.com/jibing/zgjb/
内科,呼吸内科,肺泡蛋白沉积症,呼吸内科,咳嗽、咳痰、咯血、胸闷、气促、呼吸困难,60岁以上吸烟老年人群,手术治疗、药物治疗,根据不同医院，收费标准不一致，市三甲医院约6000-8000元,否,5%,80%,1-2月,https://tag.120ask.com/jibing/fpdbcdz/
内科,呼吸内科,肺炎球菌性肺炎,呼吸内科,高热、寒战、咳嗽、血痰、胸痛,婴幼儿、老人,药物治疗,根据不同医院，收费标准不一致，市三甲医院约2000--3000元,否,0.1%,95%,10-20天,https://tag.120ask.com/jibing/fyqjxfy/
内科,呼吸内科,肺腺癌,肿瘤科、呼吸内科,咳嗽、咳痰、咯血、消瘦、呼吸困难、胸痛,60岁以上的老年人，且以女性多见,手术治疗、药物治疗,根据不同医院，收费标准不一致，市三甲医院约3-5万元,否,0.5%-1%,45%,1-3月,https://tag.120ask.com/jibing/fxa/
内科,呼吸内科,肺部念珠菌病,呼吸内科,咳嗽、咳痰、豆腐渣样痰液、胸闷、气促,50岁以上的吸烟人群,药物治疗,根据不同医院，收费标准不一致，市三甲医院约3000-5000元,否,1%-5%,85%,1-2月,https://tag.120ask.com/jibing/fbnzjb/
内科,呼吸内科,肺鳞癌,肿瘤科,咳嗽、咳血、胸痛、消瘦、食欲差、精神萎靡,中老年,手术治疗、药物治疗,根据不同医院，收费标准不一致，市三甲医院约（5000 —— 2000元）,否,约占原发性肺癌的40%-50%。,10%,30天,https://tag.120ask.com/jibing/fla/
内科,呼吸内科,过敏性咳嗽,呼吸内科,发作性咳嗽、咳白色泡沫痰、打喷嚏,青壮年人群,药物治疗,根据不同医院，收费标准不一致，市三甲医院约（500 —— 5000元）,否,0.1%,70%,2-3周,https://tag.120ask.com/jibing/gmxks/
内科,呼吸内科,鼻中隔血肿和脓肿,耳鼻喉科,鼻衄、鼻腔分泌物增多,过敏性鼻炎的青少年,药物治疗,根据不同医院，收费标准不一致，市三甲医院约2000-5000元,否,0.35%-0.5%,75%,1-2周,https://tag.120ask.com/jibing/bzgxzhnz/
内科,呼吸内科,鼻疽病,感染科,鼻塞、鼻衄、鼻涕,免疫功能低下者,药物治疗,根据不同医院，收费标准不一致，市三甲医院约1000-5000元,否,0.5%-1.5%,75%,1-2周,https://tag.120ask.com/jibing/bjb/
内科,呼吸内科,鼻疾病,五官科,鼻塞、流鼻涕、头疼、恶心、咳嗽、咳痰,小儿,全身疗法、局部疗法、体位引流、物理疗法鼻腔冲洗、穿刺冲洗,根据不同医院，收费标准不一致，市三甲医院约200-2000元,否,10%,,30天,https://tag.120ask.com/jibing/bbjb/
内科,呼吸内科,雾霾病,内科,咳嗽、痰多、嗓子干痒,儿童,药物治疗,根据不同医院，收费标准不一致，市三甲医院约（3000—— 8000元）,否,5%,99%,15天,https://tag.120ask.com/jibing/wumaibing/
内科,呼吸内科,会厌炎,耳鼻喉科,咽痛、声嘶、气急、高热,青壮年人群20--50岁人群,药物治疗,根据不同医院，收费标准不一致，市三甲医院约（300 —— 500元）,否,1-5%,90%,2--3周,https://tag.120ask.com/jibing/hyy/
内科,呼吸内科,副鼻窦炎,耳鼻喉科,鼻塞、流鼻涕、头痛,15--35岁人群,药物治疗、手术治疗,根据不同医院，收费标准不一致，市三甲医院约（500 —— 2000元）,否,2-5%,80%,2--4周,https://tag.120ask.com/jibing/fbdy/
内科,呼吸内科,腭咽闭合不全,口腔科,发音不清、吞咽时食物可返流入鼻腔、耳闷、阻塞感、听力下降,婴幼儿,手术治疗、药物治疗、功能训练,根据不同医院，收费标准不一致，市三甲医院约（3000 — 8000元）,否,0.0001%,0.13%,30天,https://tag.120ask.com/jibing/eybhbq/
内科,呼吸内科,先天性喉裂,外科,喉鸣、吞咽困难、进食呛咳,新生儿,手术治疗,根据不同医院，收费标准不一致，市三甲医院约（20000 —— 50000元）,否,0.01%,80%,30天,https://tag.120ask.com/jibing/xtxhl/
内科,呼吸内科,老年性哮喘,内科,咳嗽、咳痰、气短及阵发性夜间喘息发作,60岁以上的老人,药物疗法,根据不同医院，收费标准不一致，市三甲医院约3000-8000元,否,老年人的比例2%,,20天,https://tag.120ask.com/jibing/lnxxc/
内科,呼吸内科,蝶窦炎,耳鼻喉科,头顶部疼痛、失眠、记忆力下降、嗅觉减退,游泳爱好者,药物治疗,根据不同医院，收费标准不一致，市三甲医院约（1000 ——7000元）,否,0.01%,60-80%,2-3周,https://tag.120ask.com/jibing/ddy/
内科,呼吸内科,支气管结石症,内科,迁延性、严重的咳嗽、浓痰、气促、胸闷、咳血,长江以北的人群,一般疗法、药物疗法、手术疗法,根据不同医院，收费标准不一致，市三甲医院约2000-8000元,否,长江以北的患病率0.2%,98%,40天,https://tag.120ask.com/jibing/zqgjsz/
内科,呼吸内科,病毒性咽炎,耳鼻喉科,咽部疱疹、溃疡、咽部烧灼感、发热,青少年人群,药物治疗,根据不同医院，收费标准不一致，市三甲医院约（300 —— 500元）,否,0.2-0.5%,80-90%,7-10天,https://tag.120ask.com/jibing/bdxyy/
内科,呼吸内科,先天性鼻咽部狭窄及闭锁,耳鼻喉科,新生儿鼻塞、呼吸困难、发绀、哺乳时加重,婴幼儿,药物治疗、手术治疗,根据不同医院，收费标准不一致，市三甲医院约（3000—— 8000元）,否,0.001%,20%,20天,https://tag.120ask.com/jibing/xtxbybxzjbs/
内科,呼吸内科,肺衰,中医科,喘息抬肩、唇紫、肢凉、咳逆痰壅,老年人,药物治疗,根据不同医院，收费标准不一致，市三甲医院约（3000—— 5000元）,否,1%,80%,30天,https://tag.120ask.com/jibing/feis/
内科,呼吸内科,肺血吸虫病,内科,发热、咳嗽、咳痰、咯血、胸痛、哮喘、呼吸困难,中青年,药物治疗,根据不同医院，收费标准不一致，市三甲医院约（3000—— 8000元）,是,0.001%,30%,30天,https://tag.120ask.com/jibing/fxxcb/
内科,呼吸内科,奋森咽峡炎,耳鼻喉科,咽痛、吞咽困难、口臭,中老年人群,药物治疗,根据不同医院，收费标准不一致，市三甲医院约（200 —— 500元）,否,0.001%,70%,10-14天,https://tag.120ask.com/jibing/fsyjy/
内科,呼吸内科,咽白喉,耳鼻喉科,高热或体温不升、烦躁不安、呼吸急促、面色苍白、呕吐、乏力、胃纳差、头痛,成人和年长儿童,药物治疗,根据不同医院，收费标准不一致，市三甲医院约（3000—— 8000元）,是,0.001%,90%,10天,https://tag.120ask.com/jibing/ybh/
内科,呼吸内科,咽部异感症,耳鼻喉科,咽部异物感、闷塞感、紧束感,20--50岁人群,药物治疗,根据不同医院，收费标准不一致，市三甲医院约（100 —— 300元）,否,0.5-1%,60-80%,10--14天,https://tag.120ask.com/jibing/ybygz/
内科,呼吸内科,悬雍垂过长症,外科,咽部异物感、恶心、呕吐、咳嗽,儿童,手术治疗,根据不同医院，收费标准不一致，市三甲医院约（3000 —— 8000元）,否,0.1%,95%,14天,https://tag.120ask.com/jibing/xycgcz/
内科,呼吸内科,胃型哮喘,内科,恶心、泛酸、上腹部烧灼痛、呼吸困难,老年人,药物治疗,根据不同医院，收费标准不一致，市三甲医院约（3000 —— 8000元）,否,1%,100%,15天,https://tag.120ask.com/jibing/wxxc/
内科,呼吸内科,先天性声带发育不良,儿科,哭时无声或哭声哑而粗、先天性喉鸣、易发生呼吸困难,新生儿,康复治疗,根据不同医院，收费标准不一致，市三甲医院约（2000—— 5000元）,否,0.001%,0.2%,30天,https://tag.120ask.com/jibing/xtxsdfybl/
内科,呼吸内科,肺吸虫病,传染病科,轻度发热、盗汗、疲乏、食欲不振、咳嗽、胸痛,成年人,药物治疗,根据不同医院，收费标准不一致，市三甲医院约（3000 —— 5000元）,是,0.1%,90%,30天,https://tag.120ask.com/jibing/fxcb/
内科,呼吸内科,大咯血,呼吸内科,咳嗽、咳痰、呼吸困难、咯血,肺结核的患者好发本病,药物治疗、手术治疗,根据不同医院，收费标准不一致，市三甲医院约3000-5000元,否,0.5%-1%,80%,4-8周,https://tag.120ask.com/jibing/dkx/
内科,呼吸内科,先天性小喉,耳鼻喉科,呼吸困难、 声门短而窄、 吞咽困难,婴幼儿,药物治疗,根据不同医院，收费标准不一致，市三甲医院约（3000—— 8000元）,否,0.1%,50%,14天,https://tag.120ask.com/jibing/xtxxh/
内科,呼吸内科,病毒性上呼吸道感染,内科,鼻塞、喷嚏、咳嗽,15岁以下儿童,药物治疗,根据不同医院，收费标准不一致，市三甲医院约（100 —— 300元）,否,10%,95%,7-14天,https://tag.120ask.com/jibing/bdxshxdgr/
内科,呼吸内科,喉麻痹,耳鼻喉科,发音障碍、呼吸困难、声音嘶哑、呛咳,成年人,药物治疗,根据不同医院，收费标准不一致，市三甲医院约（500 —— 1000元）,否,0.1%,100%,30天,https://tag.120ask.com/jibing/hmb/
内科,呼吸内科,复张性肺水肿,内科,咳嗽、胸闷、轻度呼吸浅速、急促查体可闻及两肺哮鸣音、面色苍白,既往行腹腔、腹腔手术的人群,一般疗法、药物疗法、手术疗法,根据不同医院，收费标准不一致，市三甲医院约5000-10000元,否,术后的患病率10%,89%,10天,https://tag.120ask.com/jibing/fzxfsz/
内科,呼吸内科,肺部钩虫病,内科,低热、咽痒、疼痛、干咳、痰中带血、甚至大咯血、部分患者可出现一过性气急、胸闷、喘息,中青年,药物治疗,根据不同医院，收费标准不一致，市三甲医院约（800 —— 2000元）,否,0.001%,89%,10天,https://tag.120ask.com/jibing/fbgcb/
内科,呼吸内科,咽结合膜热,内科,高热、咽部充血，疼痛明显、眼睛发红,7岁以下儿童,药物治疗,根据不同医院，收费标准不一致，市三甲医院约（300 —— 500元）,否,5%,100%,7天,https://tag.120ask.com/jibing/yjhmr/
内科,呼吸内科,萎缩性咽炎,耳鼻喉科,咳出带臭味的干痂、口臭、恶心,成年人,药物治疗,根据不同的医院，收费标准不一致，市三甲医院约（300-1000元）,否,0.1%,99%,14天,https://tag.120ask.com/jibing/wsxyy/
内科,呼吸内科,飞扬喉,中医科,血泡、疼痛、肿胀,儿童,药物治疗,根据不同医院，收费标准不一致，市三甲医院约（200 —— 500元）,否,5%,100%,14天,https://tag.120ask.com/jibing/fyh/
内科,呼吸内科,变异性哮喘,呼吸内科,咳嗽、咳痰、胸闷、喘息、呼吸困难,有哮喘家族史的人群,药物治疗,根据不同医院，收费标准不一致，市三甲医院约1-2万元,否,0.5%-2%，家族史者发病率更高,,终身治疗,https://tag.120ask.com/jibing/byxxc/
内科,呼吸内科,支气管结核,呼吸内科,咳嗽、咯痰、发热、盗汗、呼吸困难、体重减轻、咯血、胸痛、喘息、声嘶、局限性喘鸣音,中老年人,药物治疗,根据不同医院，收费标准不一致，市三甲医院约（3000—— 5000元）,是,0.01%,60%,30天,https://tag.120ask.com/jibing/zqgjh/
内科,呼吸内科,药物性哮喘,内科,发作性喘息、咳嗽、胸闷、呼吸困难,中老年,药物治疗,根据不同医院，收费标准不一致，市三甲医院约（3000—— 8000元）,否,0.001%,40%,10天,https://tag.120ask.com/jibing/ywxxc/
内科,呼吸内科,扁桃体结石,耳鼻喉科,咽部不适、反射性耳痛、吞咽困难,青少年人群,药物治疗、手术治疗,根据不同医院，收费标准不一致，市三甲医院约（500 —— 2000元）,否,0.01%,80%,10-14天,https://tag.120ask.com/jibing/bttjs/
内科,呼吸内科,鼻瓣区狭窄,耳鼻喉科,吸气时鼻腔阻塞,成年人,手术治疗,根据不同医院，收费标准不一致，市三甲医院约（3000 —— 8000元）,否,0.001%,10%,10天,https://tag.120ask.com/jibing/bbqxz/
内科,呼吸内科,咽部创伤,耳鼻喉科,红肿、出血、异物感,成年人,药物治疗,根据不同的医院，收费标准不一致，市三甲医约（500-2400元）,否,0.1%,99%,18天,https://tag.120ask.com/jibing/ybcs/
内科,呼吸内科,热带型肺嗜酸性粒细胞肺炎,内科,低热、体重下降、衰弱、胸痛、肌肉麻木、厌食、阵发性夜间干咳、咳少量玻璃透明状黏稠痰、气喘,年青女性多见,药物治疗,根据不同医院，收费标准不一致，市三甲医院约（2000 —— 5000元）,否,0.0001%,60%,20天,https://tag.120ask.com/jibing/rdxfssxlxbfy/
内科,呼吸内科,朗汉斯细胞的组织细胞增多症,内科,丘疹、溃疡、淋巴结肿大,2岁以下儿童,药物治疗,根据不同医院，收费标准不一致，市三甲医院约（5000—— 2000元）,否,0.01%,50%,180天,https://tag.120ask.com/jibing/lhsxbdzzxbzdz/
内科,呼吸内科,上呼吸道感染,呼吸内科,鼻塞、喷嚏、咳嗽、畏寒,所有人群,药物治疗,根据不同医院，收费标准不一致，市三甲医院约（100 —— 500元）,是,,,,https://tag.120ask.com/jibing/shxdgr/
内科,呼吸内科,慢性复发性腮腺炎,儿科,腮腺区反复肿胀、伴不适、肿胀不如流行性腮腺炎明显、仅有轻度水肿、皮肤可潮红,5岁左右男孩多见,药物治疗,根据不同医院，收费标准不一致，市三甲医院约（500 —— 1000元）,否,0.015,90%,10天,https://tag.120ask.com/jibing/mxffxsxy/
内科,呼吸内科,肺结节病,内科,咳嗽、咯血、乏力、发热、盗汗、食欲减退、体重减轻,20-30岁女性,药物治疗,根据不同医院，收费标准不一致，市三甲医院约（1000—— 3000元）,否,0.01%,98%,30天,https://tag.120ask.com/jibing/fjjb/
内科,呼吸内科,急性额窦炎,内科,鼻塞、流脓涕、头痛、重者畏寒、发热、全身不适,青少年,药物治疗,根据不同医院，收费标准不一致，市三甲医院约（500 —— 1000元）,否,2%,100%,14天,https://tag.120ask.com/jibing/jxhdy/
内科,呼吸内科,肺炎链球菌肺炎,内科,高热、寒战、肌肉酸痛、纳差、疲乏、烦躁不安、呻吟、气促,小儿,药物治疗,根据不同医院，收费标准不一致，市三甲医院约5000--8000元,是,小儿0.2%,98%,3周,https://tag.120ask.com/jibing/fylqjfy/
内科,内分泌科,肥胖,肥胖病专科、内分泌科,乏力、气促、心脏负荷增大所致的胸闷、心悸,多饮多食、饮食节律异常者多见,药物治疗、节食运动治疗,根据不同医院，收费标准不一致，市三甲医院约1000-5000元,否,10%,40%-50%,1-3年,https://tag.120ask.com/jibing/fp/
内科,内分泌科,甲状腺功能减退,内分泌科,智力低下和发育迟缓、表情淡漠、皮肤干燥、、粘液性水肿、体重增加、性欲下降、贫血、怕冷,中老年人及孕期妇女、不孕症和排卵功能异常者,中药、西药治疗,根据不同医院，收费标准不一致，市三甲医院约（5000 —— 10000元）,否,3%,70%,3-5个月,https://tag.120ask.com/jibing/jzxgnjt/
内科,内分泌科,多囊卵巢综合征,妇科,月经紊乱、肥胖、不孕、腹痛、抑郁、月经周期不规律、多毛、痤疮,妇女,药物治疗,根据不同医院，收费标准不一致，市三甲医院约（2000—— 5000元）,否,在某些特定人群特定年龄段中该病的发病率( (在闭经病人中占1/3，在月经稀发病人中占90%）,,国内最认可的有效治疗手段的该病治疗周期（治疗周期120天）,https://tag.120ask.com/jibing/dnlczhz/
内科,内分泌科,高钙血症,内分泌科,乏力、恶心与呕吐、头痛、多尿、惊厥、便秘、疲劳、腱反射消失、食欲减退、心律失常,所有人群,药物治疗、手术治疗,根据不同医院，收费标准不一致，市三甲医院约（3000 —— 5000元）,否,0.0001%,30%,10天,https://tag.120ask.com/jibing/ggxz/
内科,内分泌科,高血糖,内科,多吃、多喝、多尿、体重轻、视物模糊,肥胖、有家族遗传史的人,药物疗法、饮食疗法、运动疗法、健康教育,根据不同医院，收费标准不一致，市三甲医院约1000-3000元,否,50岁以上的患病概率20%,,20天,https://tag.120ask.com/jibing/gxt/
内科,内分泌科,高脂血症,血液科,肥胖纹、重度肥胖、动脉粥样硬化、高尿酸血症、糖尿,肥胖者,饮食治疗、药物治疗,根据不同医院，收费标准不一致，市三甲医院约（500—— 1000元）,否,0.1%,25%,1-3个月,https://tag.120ask.com/jibing/gzxz/
内科,内分泌科,帕金森病,神经内科,震颤、 精神障碍 、震颤性肌强直、运动徐缓、 运动功能障碍 、静止性震颤,老年人群,药物治疗,根据不同医院，收费标准不一致，市三甲医院约（3000 —— 5000元）,否,0.002%,0.1%,1个月,https://tag.120ask.com/jibing/pjsb/
内科,内分泌科,糖尿病肾病,肾内科、内分泌科,蛋白尿、高血压、水肿、糖尿、肾性糖尿、糖尿病酮症酸中毒、肾病性浮肿面容、血糖值升高、食欲减退、恶心与呕吐、贫血、尿糖,糖尿病患者,药物治疗,根据不同医院，收费标准不一致，市三甲医院约（10000 —— 30000元）,否,糖尿病少于5年为7%-10%。20-25年为20-35%，发病25年以上为37%,40%,3个月,https://tag.120ask.com/jibing/tnbsb/
内科,内分泌科,糖尿病,内科-内分泌科,多饮、多食、多尿、体重减轻、消瘦、乏力、视物不清,中老年尤其是50岁以上人群,药物治疗、饮食疗法、运动治疗、心理治疗,根据不同医院，收费标准不一致，市三甲医院约1000-3000元,否,0.5%-1%(多见于肥胖，饮食不合理人群),,>120天(需要终身治疗),https://tag.120ask.com/jibing/tangniaobing/
内科,内分泌科,糖尿病神经病变,内分泌科,感觉障碍、痛呈刺痛、灼痛、钻凿痛或呈昼轻夜重、肌力减退、肌肉萎缩,糖尿病患者,药物治疗,根据不同医院，收费标准不一致，市三甲医院约（8000--15000元）,否,糖尿病者发病率可达3%,80%,2-5月,https://tag.120ask.com/jibing/tnbsjbb/
内科,内分泌科,脂溢性皮炎,皮肤科,红斑鳞屑、油腻性鳞屑、鳞屑样痂皮、丘疹、头皮结痂、皮炎,成人及新生儿,药物治疗,根据不同医院，收费标准不一致，市三甲医院约（500-1000元）,否,0.3%,80%,3-6周,https://tag.120ask.com/jibing/zyxpy/
内科,内分泌科,粘多糖沉积病,内分泌科,角膜混浊、驼背、耳聋、胸廓异常、肝肿大、性发育慢、颈短、肝脾肿大、惊厥、脾肿大,所有群体,病因治疗、对症治疗,根据不同医院，收费标准不一致，市三甲医院约（5000-10000元）,否,0.0001%,10%,10-30天,https://tag.120ask.com/jibing/zdtcjb/
内科,内分泌科,性早熟,内分泌科,骨骺提前闭合 、男性性早熟 、女性性早熟 、乳房早发育、 阴毛早发育,8岁以前女童、9岁以前男童,药物治疗,根据不同医院，收费标准不一致，市三甲医院约（8000 —— 10000元,否,1%,80%,3-6个月,https://tag.120ask.com/jibing/xzs/
内科,内分泌科,狐臭,皮肤科,腋窝汗多、异味,所有人群，青年人多见,药物治疗、激光治疗，手术治疗,根据不同医院，收费标准不一致，市三甲医院约(1000 ——10000元）,否,0.02%,60%,10-30天,https://tag.120ask.com/jibing/huchou/
内科,内分泌科,垂体瘤,内分泌科,头痛、视力减退、闭经、溢乳、不育,青壮年人群,手术治疗、药物治疗,根据不同医院，收费标准不一致，市三甲医院约（3000-10000元）,否,0.001%,70%,一个月,https://tag.120ask.com/jibing/chuitiliu/
内科,内分泌科,巨人症,内分泌科,多汗症、闭经、多饮、多尿、发作性嗜睡和食欲亢进、甲状腺肿大、食欲异常、异常高大、体型异常、女性不孕,无特殊发病群体,药物治疗、手术治疗,根据不同医院，收费标准不一致，市三甲医院约（10000-30000元）,否,0.002%,70%,1-2年,https://tag.120ask.com/jibing/jurenzheng/
内科,内分泌科,肢端肥大症,内分泌科,头痛、乏力、腰酸背痛、多汗症、舌体肥大、骨质疏松、生长激素分泌过多、心力衰竭、高血压、糖代谢紊乱、骨端增大、前额及颧骨突出,无特殊发病群体,药物治疗、手术治疗,根据不同医院，收费标准不一致，市三甲医院约（5000-10000元）,否,0.0003%,60%,6月,https://tag.120ask.com/jibing/zdfdz/
内科,内分泌科,尿崩症,内分泌科,多饮、烦渴、多尿（夜尿显著增多）、谵妄、痉挛、呕吐,所有人群,药物治疗,根据不同医院，收费标准不一致，市三甲医院约20000--50000元,否,0.0025%,80%，一控制症状为主,终身间歇性对症治疗,https://tag.120ask.com/jibing/nbz/
内科,内分泌科,甲亢,内科-内分泌科,突眼、怕热、多汗、皮肤潮湿、易饿多食、消瘦、心慌,20-40岁,一般治疗、药物治疗、手术治疗、放射性碘治疗、甲状腺介入栓塞治疗、中医治疗,根据不同医院，收费标准不一致，市三甲医院约（5000—8000元）,否,0.001%(女性多于男性 具体比例约为4-6:1),,3-12月,https://tag.120ask.com/jibing/jiakang/
内科,内分泌科,甲减,内分泌科,智力低下和发育迟缓、表情淡漠、皮肤干燥、、粘液性水肿、体重增加、性欲下降、贫血、怕冷,中老年人及孕期妇女、不孕症和排卵功能异常者,甲状腺激素长期治疗,根据不同医院，收费标准不一致，市三甲医院约（5000 ——10000元）,否,0.01%,60%,1-3个月,https://tag.120ask.com/jibing/jiajian/
内科,内分泌科,甲状腺炎,内分泌科,甲状腺弥漫性肿大、质地硬韧、无痛或轻压痛、表面光滑、结节,女性多见,药物治疗,根据不同医院，收费标准不一致，市三甲医院约（1000-3000元）,否,0.01%,80%,10-15天,https://tag.120ask.com/jibing/jzxy/
内科,内分泌科,库欣综合征,内分泌科,满月脸、向心性肥胖、库欣综合征、骨质疏松、病态欣快感、失眠、女性体毛多、痤疮样皮疹、闭经、雄激素过多、高血压、色素异常,无特殊发病群体,药物治疗、手术治疗,根据不同医院，收费标准不一致，市三甲医院约（5000-10000元）,否,发病率约为0.001%-0.003%,60%,3-6个月,https://tag.120ask.com/jibing/kxzhz/
内科,内分泌科,嗜铬细胞瘤,内分泌科,血压波动大、心律失常、消瘦、发烧、心悸、恶心与呕吐、腹痛、高血压、儿茶酚胺分泌过量、畏热、胸痛、眩晕,所有人群,药物治疗,根据不同医院，收费标准不一致，市三甲医院约（20000 —— 30000元）,否,0.003%-0.04%,80%,30天,https://tag.120ask.com/jibing/sgxbl/
内科,内分泌科,甲旁减,内分泌科,乏力、焦虑、心悸,甲状腺手术患者,药物治疗,根据不同医院，收费标准不一致，市三甲医院约3000-5000元,否,0.6%-1.0%,,终身间歇性治疗,https://tag.120ask.com/jibing/jpj/
内科,内分泌科,甲状旁腺功能减退症,内分泌科,手足麻木、腹泻、癫痫和癫痫样发作、神经衰弱综合征、头昏、抑郁症、小腿腓部肌肉疼痛和压痛、便秘、皮肤干燥、四肢抽搐、失眠、疲乏,无特殊发病群体,药物治疗,根据不同医院，收费标准不一致，市三甲医院约（5000-10000元）,否,0.0003%,60%,>120天,https://tag.120ask.com/jibing/jzpxgnjtz/
内科,内分泌科,糖尿病酮症酸中毒,内分泌科,食欲减退、乏力、呼吸烂苹果味,糖尿病患者,药物治疗,根据不同医院，收费标准不一致，市三甲医院约（3000-5000元）,否,糖尿病患者中本病的发病率约为0.5%-2%,85%,2-4周,https://tag.120ask.com/jibing/tnbtzszd/
内科,内分泌科,低血糖症,内分泌科,头痛、头晕、焦虑、嗜睡、心动过速、坐立不安、一过性昏厥、定向力障碍、自我定向障碍、眩晕、一过性全面性遗忘、空腹低血糖,糖尿病患者,药物治疗,根据不同医院，收费标准不一致，市三甲医院约（100-500元）,否,糖尿病患者使用胰岛素本病发生率约为0.45%,75%,1-3天,https://tag.120ask.com/jibing/dxtz/
内科,内分泌科,肥胖症,内分泌科,体重增加 、下身肥胖 、肥胖纹 、腹部型肥胖 、男性型肥胖、 继发性肥胖,饮食不健康人群、缺乏运动人群,饮食治疗、药物治疗、心理治疗,根据不同医院，收费标准不一致，市三甲医院约（3000 —— 5000元）,否,10%,80%,6-12个月,https://tag.120ask.com/jibing/fpz/
内科,内分泌科,烟酸缺乏病,营养科,皮炎、水肿、舌炎、腹泻、食欲减退、消化不良、眩晕、疱疹、便秘、头昏、眼花,所有人群,药物治疗,根据不同医院，收费标准不一致，市三甲医院约（8000--15000元）,否,0.001%,70%,2-4个月,https://tag.120ask.com/jibing/ysqfb/
内科,内分泌科,高钾血症,肾内科,心律失常、心动过缓、心脏扩大、心律失常、手足麻木、高血钾、代谢性酸中毒、心脏震颤、瘫痪、心脏停搏、心音微弱、窦性停搏、心室扑动,无特殊发病群体,药物治疗,根据不同医院，收费标准不一致，市三甲医院约（1000-5000元）,否,0.03%,80%,3-7天,https://tag.120ask.com/jibing/gjxz/
内科,内分泌科,Graves病,内分泌科,乏力、心悸、厌食、抑郁、嗜睡、心慌、气短、窦性心动过速、早搏、房颤、眼球突出,所以人群,药物治疗,根据不同医院，收费标准不一致，市三甲医院约（5000—— 10000元）,否,0.02%,80%,1-3个月,https://tag.120ask.com/jibing/gravesb/
内科,内分泌科,甲状腺腺瘤,普外科,颈前区无痛肿块、可随吞咽移动、腺瘤增大压迫气管时引起呼吸不畅,所有人群,手术治疗,根据不同医院，收费标准不一致，市三甲医院约（20000 —— 40000元）,否,在某些特定人群特定年龄段中该病的发病率(单个结节发生率15.6%-28.7% 癌变率为10%～20%）,65%,2-3个月,https://tag.120ask.com/jibing/jzxxl/
内科,内分泌科,代谢综合征,内分泌科,腹部肥胖或超重、高血压、微量白蛋白尿、空腹血糖（FPG）升高,肥胖者,饮食治疗、药物治疗,根据不同医院，收费标准不一致，市三甲医院约（1000—— 5000元）,否,0.005%,60%,1-3个月,https://tag.120ask.com/jibing/dxzhz/
内科,内分泌科,胰岛素瘤,肝胆外科,昏迷、牙关紧闭、低血糖症、低血糖性昏迷、冷汗、心悸、皮肤苍白、心动过速、恶心与呕吐、无力、抽搐、角弓反张,所有人群,药物治疗、手术治疗,根据不同医院，收费标准不一致，市三甲医院约（3000 —— 8000元）,否,在胰腺疾病中，本病发病率占0.2%--0.3%,,3-6个月,https://tag.120ask.com/jibing/ydsl/
内科,内分泌科,淋巴水肿,普外科,丹毒、恶心、高热、寒战、继发感染、静脉曲张、静脉血栓、溃疡,所有人群,药物治疗、手术治疗,根据不同医院，收费标准不一致，市三甲医院约（3000—— 7000元）,否,0.012%,40%,10-30天,https://tag.120ask.com/jibing/lbsz/
内科,内分泌科,代谢性酸中毒,内分泌科,心跳过速、心律失常、呼吸急促、腹痛、呼吸异常、肾性骨质软化、代谢性酸中毒、心悸、新陈代谢低下,所有群体,病因治疗、对症治疗,根据不同医院，收费标准不一致，市三甲医院约（1000-5000元）,否,0.021%,98%,2-5周,https://tag.120ask.com/jibing/dxxszd/
内科,内分泌科,代谢性碱中毒,血液科,头晕、嗜睡、性格改变、谵妄和昏迷、燥动、手足麻木,幽门梗阻、严重呕吐者,药物治疗、支持治疗,根据不同医院，收费标准不一致，市三甲医院约（5000 —— 10000元）,否,0.12%,80%,1-7天,https://tag.120ask.com/jibing/dxxjzd/
内科,内分泌科,呼吸性酸中毒,呼吸内科,呼吸困难、换气不足、乏力、气促、紫绀、头痛胸闷、血压下降、突然发生心室纤颤、谵妄、木僵、昏迷,呼吸系统疾病患者,药物治疗、支持疗法,根据不同医院，收费标准不一致，市三甲医院约（10000 —— 30000元）,否,多见于腹泻、呕吐等人群，其中本病的发病率可占0.060%,90%，具体情况根据原发疾病进行定论,4-12周,https://tag.120ask.com/jibing/hxxszd/
内科,内分泌科,呼吸性碱中毒,急诊科,发热、头晕胸闷、呼吸快深、严重者出现昏厥、意识障碍、手足面部麻木、肌肉震颤、四肢抽搐,所有人群,药物治疗、支持疗法,根据不同医院，收费标准不一致，市三甲医院约（10000 —— 30000元）,否,0.3%,80%,1-7天,https://tag.120ask.com/jibing/hxxjzd/
内科,内分泌科,急性淋巴结炎,普外科,淋巴结肿大、疼痛和压痛、皮肤常红肿、压痛明显、畏寒、发热、头痛,所有人群,药物治疗、支持疗法,根据不同医院，收费标准不一致，市三甲医院约（3000 —— 5000元）,否,0.1%,95%,7天,https://tag.120ask.com/jibing/jxlbjy/
内科,内分泌科,乳腺增生,乳腺外科,乳房疼痛、乳房肿块、乳头溢液,多发于30-50岁女性,药物治疗、手术治疗,根据不同医院，收费标准不一致，市三甲医院约（2000 —— 8000元,否,0.02%-0.05%(40岁上人群多见),20%-30%,1-3个月,https://tag.120ask.com/jibing/rxzs/
内科,内分泌科,高泌乳素血症,妇科、内分泌科,女性不孕、溢乳、月经失调、继发性闭经、乳溢一高泌乳素血症、乳头溢液、乳房肿块,成年女性,药物治疗,根据不同医院，收费标准不一致，市三甲医院约（3000 —— 5000元）,否,0.0001%,70%,1-2个月,https://tag.120ask.com/jibing/gmrsxz/
内科,内分泌科,妊娠合并甲状腺功能亢进,内分泌科,多汗、怕热、心跳加快、脾气急躁,孕妇,西药、,根据不同医院，收费标准不一致，市三甲医院约（5000—— 10000元）,否,0.002%一0.009%,70%,3个月,https://tag.120ask.com/jibing/rshbjzxgnkj/
内科,内分泌科,妊娠合并皮质醇增多症,产科、内分泌科,满月脸、腹部及四肢内侧紫纹、痤疮、体重增加、血糖升高,孕妇,药物治疗、手术治疗,根据不同医院，收费标准不一致，市三甲医院约（5000 —— 10000元）,否,0.0001%,10%,30天,https://tag.120ask.com/jibing/rshbpzczdz/
内科,内分泌科,性变态,心理科,露阴癖、恋物癖、摩擦癖、受虐癖等,性活跃人群尤为多见,心理治疗,根据不同医院，收费标准不一致，市三甲医院约（1000—— 10000元）,否,0.002%-0.003%,60%-80%,1-2年,https://tag.120ask.com/jibing/xingbiantai/
内科,内分泌科,儿童睡眠障碍,神经内科、中医科,打呼噜、喉头哽咽、呼吸暂停、睡眠不安、张口呼吸、多汗、肢体抽动、磨牙、梦话、梦游、遗尿、夜惊、梦行症,2-12岁的儿童,药物治疗、精神治疗,根据不同医院，收费是不一样的，市三甲医院约（1000-2000元）,否,0.001%,90%,7-10天,https://tag.120ask.com/jibing/etsmza/
内科,内分泌科,维生素D中毒症,营养科,恶心与呕吐、食欲下降、脱皮、新生儿脱发、出汗异常、腹泻、软骨发育不良与骨骼畸形、食欲异常、腹痛、便秘,儿童人群,药物治疗、生活调理,根据不同医院，收费标准不一致，市三甲医院约（1000-5000元）,否,0.01%,60%,3-6个月,https://tag.120ask.com/jibing/wssdzdz/
内科,内分泌科,维生素E缺乏病,营养科,贫血、新生儿全身水肿、烦躁不安、溶血性贫血、血小板增多、血小板聚集增强、维生素E缺乏	、水肿、头发分叉、色素斑、疤痕形成、牙齿发黄,所有群体,药物治疗,根据不同医院，收费标准不一致，市三甲医院约（50-100元）,否,0.50%,60%,1-2个月,https://tag.120ask.com/jibing/wsseqfb/
内科,内分泌科,生长激素缺乏症,内分泌科,闭经、无胡须、抑郁、隐睾,所有人群,药物治疗,根据不同医院，收费标准不一致，市三甲医院约（1000—— 2000元）,否,发病率约为0.01%--0.03%,80-85%,3-5年,https://tag.120ask.com/jibing/scjsqfz/
内科,内分泌科,先天性肾上腺皮质增生症,内分泌科,雄激素过多、两性畸形、男性化、食欲较差、呕吐、嗜睡、低钠血症、高钾血症、低血容量休克、泌尿生殖窦、阴唇融合、阴蒂肥大,所有群体,药物治疗,根据不同医院，收费标准不一致，市三甲医院约（2000-5000元）,否,0.01%,0.1%,3个月,https://tag.120ask.com/jibing/xtxssxpzzsz/
内科,内分泌科,甲状腺癌,普外科、肿瘤科,甲状腺结节、无痛性肿块，声音嘶哑，发音困难，吞咽困难、颌下淋巴结肿大、压痛、面部水肿,中老年人群,药物治疗、手术治疗,根据不同医院，收费标准不一致，市三甲医院约（3000-5000元）,否,0.001%,10%,1-3个月,https://tag.120ask.com/jibing/jzxa/
内科,内分泌科,多汗症,皮肤科,腋窝多汗、手足多汗、情绪性多汗症、掌跖多汗、手掌和足底角化伴多汗、上半身代偿性多汗症、多汗症、上半身热刺激性多汗,多在青少年时发病,药物、手术治疗,根据不同医院，收费标准不一致，市三甲医院约（1000 —— 5000元）,否,发病率约为0.02%--0.05%，多见于瘦小或者肥胖的人群，中医认为属于虚证,80%,4-8周,https://tag.120ask.com/jibing/duohanzheng/
内科,内分泌科,多毛症,内分泌科,高雄激素血症、库欣综合征、卵巢性多毛、男性化、皮肤油腻、妊娠时出现的多毛、脱发、雄激素过多,所有人群,病因治疗、局部物理疗法、.药物治疗,根据不同医院，收费标准不一致，市三甲医院约（800 —— 8000元）,否,0.001%,70%,10天,https://tag.120ask.com/jibing/duomaozheng/
内科,内分泌科,糖尿病足,内分泌科,肌肉萎缩、感觉迟钝、皮肤干燥,糖尿病患者,药物治疗,根据不同医院，收费标准不一致，市三甲医院约（300 —— 500元,否,0.02%,40%,3-6月,https://tag.120ask.com/jibing/tnbz/
内科,内分泌科,内分泌疾病,内科的内分泌科,痤疮、月经异常、睡眠异常、精神异常、饮食异常、胃纳异常,精神压力大、生活节奏快的人，尤其是女性,心理疗法、药物疗法、手术疗法,根据不同医院，收费标准不一致，市三甲医院约2000-3000元,否,8%,80%,3月,https://tag.120ask.com/jibing/nfmjb/
内科,内分泌科,男性更年期,内分泌科,忧郁、焦虑、猜疑、烦躁、易激动、心悸、心前区不适;或见血压波动、肢体疼痛、眩晕、耳鸣;或见烘热汗出、心烦,50-60岁男性,中西医结合治疗,根据不同医院，收费标准不一致，市三甲医院约（300-500元）,否,0.003%,70%,30天,https://tag.120ask.com/jibing/nxgnq/
内科,内分泌科,地方性克汀病,内分泌科,智力减低、思维缓慢、听力缺陷、言语功能的部分丧失、皮肤粗糙、甲状腺肿、斜视、腱反射亢进、体格矮小,远离沿海及山区的人群,药物治疗,根据不同医院，收费标准不一致，市三甲医院约（10000 —— 30000元）,否,发病率约为0.005%-0.006%,45%-55%,3-6个月,https://tag.120ask.com/jibing/dfxktb/
内科,内分泌科,亚急性甲状腺炎,内分泌科,头痛、畏寒、乏力、气短、心悸、甲状腺肿、发烧、甲状腺肿大、甲状腺结节、咽喉疼痛、多汗症、易激动,30-50岁女性为发病高峰,饮食、运动、药物治疗,根据不同医院，收费标准不一致，市三甲医院约（3000 —— 5000元）,否,20-40女性患病概率0.064%,,治疗周期180天,https://tag.120ask.com/jibing/yjxjzxy/
内科,内分泌科,甲状腺瘤,外科,心慌、消瘦、乏力、甲状腺功能亢进、甲亢危象、声音嘶哑、呼吸困难、吞咽障碍,女性（年龄常在40岁以下）,手术治疗、药物治疗,根据不同医院，收费标准不一致，市三甲医院约（3000 —— 8000元）,否,0.067%,89.2%(手术治疗),7天,https://tag.120ask.com/jibing/jzxl/
内科,内分泌科,内分泌失调,妇科、中医科,乳房胀痛、 子宫内膜异位、 月经失调、 过早衰老 、营养不良、 痛经、 女性不孕,成年女性,药物治疗,根据不同医院，收费标准不一致，市三甲医院约（3000 —— 5000元）,否,0.003%(女性好发),,>120天,https://tag.120ask.com/jibing/nfmsd/
内科,内分泌科,矮小症,内分泌科,生长障碍、身材矮小、匀称、智力与年龄相当,尚无明确,药物治疗,根据不同医院，收费标准不一致，市三甲医院约（3000-5000元）,否,0.0001%,80%,1-3个月,https://tag.120ask.com/jibing/aixiaozheng/
内科,内分泌科,2型糖尿病,内分泌科,多饮、多食、多尿、体重减轻,肥胖、缺乏运动、饮食不均衡者,饮食疗法、运动疗法、药物疗法,根据不同医院，收费标准不一致，市三甲医院约（5000 —— 80000元）,否,1.3%,91%(上述为控制率),>120天(治疗周期终身用药),https://tag.120ask.com/jibing/x2tnb/
内科,内分泌科,席汉氏综合症,内分泌科,消瘦、乏力、脱发、畏寒、闭经、乳房萎缩,产妇,药物治疗,根据不同医院，收费标准不一致，市三甲医院约（3000 —— 8000元）,否,0.0003%,60%，终身激素替代治疗,10-15周,https://tag.120ask.com/jibing/xhszhz/
内科,内分泌科,发育迟缓,儿科,身高、体重、头围的测量值偏低、运动、智力发育落后,儿童,中药、西药、营养补充,根据不同医院，收费标准不一致，市三甲医院约（5000—— 10000元）,否,0.0001%,50%,30天,https://tag.120ask.com/jibing/fych/
内科,内分泌科,甲亢突眼,内分泌科,易激动、甲亢危象、甲亢性心脏病,甲亢患者,药物治疗,根据不同医院，收费标准不一致，市三甲医院约（3000 —— 5000元）,否,0.015%,70%,30天,https://tag.120ask.com/jibing/jkty/
内科,内分泌科,肾上腺疾病,内分泌科,软弱无力、体重减轻、色素沉着、低血糖,男性肾病患者,中医药物治疗,根据不同医院，收费标准不一致，市三甲医院约（3000-8000元）,否,0.004%-0.005%(发病率约为0.004%-0.005%，常见为库欣综合征),70%(外科手术治疗),1-3个月,https://tag.120ask.com/jibing/ssxjb/
内科,内分泌科,肾上腺皮质功能减退症,内分泌科,乏力、倦怠、食欲减退、恶心、体重减轻、头晕、体位性低血压,男性略少于女性,药物治疗,根据不同医院，收费标准不一致，市三甲医院约（3000-5000元）,否,0.002%,70%,1-3个月,https://tag.120ask.com/jibing/ssxpzgnjtz/
内科,内分泌科,原发性醛固酮增多症,内分泌科、心血管内科,高血压、低血钾、头痛、低钾血症、心肌肥厚、心律失常、糖耐量降低、神经肌肉症状、瘫痪、对称性肌无力、夜尿增多、心力衰竭,无特殊发病群体,手术治疗,根据不同医院，收费标准不一致，市三甲医院约（10000-50000元）,否,7.1%,60%,2-4个月,https://tag.120ask.com/jibing/yfxqgtzdz/
内科,内分泌科,甲状旁腺机能亢进,内分泌科,疲劳、烦躁、过敏、失眠、情绪不稳、食欲不振、恶心、呕吐、便秘,所有人群,手术治疗、药物治疗、透析治疗,根据不同医院，收费标准不一致，市三甲医院约10000--30000,否,0.004%,85%,3-6月,https://tag.120ask.com/jibing/jzpxjnkj/
内科,内分泌科,催乳素瘤,妇科、神经外科,闭经、闭经-乳溢-不育三联征、继发性闭经、性欲减退、视野缺损、骨质疏松、眼睑下垂、恶心与呕吐、头痛、男性不育、溢乳,女性病人常见，多发生于20～40岁,药物治疗、手术治疗、放射治疗,根据不同医院，收费标准不一致，市三甲医院约（3000 —— 6000元）,否,女性病人患病概率0.05%,,治疗周期90天,https://tag.120ask.com/jibing/crsl/
内科,内分泌科,单纯性甲状腺肿,内分泌科,甲状腺肿、咳嗽、吞咽困难、声音嘶哑、呕吐、恶心与呕吐、呼吸异常,流行于离海较远，海拔较高的山区,药物、手术治疗,根据不同医院，收费标准不一致，市三甲医院约（3000 —— 5000元）,否,0.025%,75%,1-3个月,https://tag.120ask.com/jibing/dcxjzxz/
内科,内分泌科,蛋白质-能量营养不良症,营养科,体重不足、乏力、心悸、头晕,饮食习惯不好或是有寄生虫病者多见,食物调理、药物治疗,根据不同医院，收费标准不一致，市三甲医院约（1000 —— 3000元）,否,0.001%,40%,1-3个月,https://tag.120ask.com/jibing/dbznlyyblz/
内科,内分泌科,高渗性非酮症糖尿病昏迷,内分泌科,多饮、多尿、乏力、头晕、食欲减退、指(趾)肿胀、高渗性昏迷、呼吸中可有烂苹果味、镇静、麻醉剂所致昏迷、血糖值升高、恶心与呕吐、尿比重增高,所有人群,药物治疗,根据不同医院，收费标准不一致，市三甲医院约（3000 —— 5000元）,否,0.0001%,60%,1-7天,https://tag.120ask.com/jibing/gsxftztnbhm/
内科,内分泌科,高胆固醇血症,内科,肥胖、体重增加、高血压、头晕头痛,肥胖的人和糖尿病患者,降血脂，调控饮食、适量运动、避免烟酒及甜食,根据不同医院，收费标准不一致，市三甲医院约（5000 —— 8000元）,否,0.9%,80%,1个月,https://tag.120ask.com/jibing/gdgcxz/
内科,内分泌科,高甘油三酯血症,心血管内科,通常检查发现,中老年人,药物治疗、运动饮食调理,根据不同医院，收费标准不一致，市三甲医院约1000--5000元,否,60岁以上老年人发病率约为45%,75%,1-3年,https://tag.120ask.com/jibing/ggysxz/
内科,内分泌科,妊娠合并甲亢,内分泌科、产科,畏热、易激动、失眠、心动过速、乏力、甲状腺肿大、眼球突出、手震颤、心悸、精神过敏、多疑、抑郁,孕妇人群,药物治疗、支持疗法,根据不同医院，收费标准不一致，市三甲医院约（3000 —— 5000元）,否,妊娠期妇女发病率约为0.04%-0.09%,80%,1-2年,https://tag.120ask.com/jibing/rshbjk/
内科,内分泌科,胸腺瘤,心胸外科,胸痛、胸闷、咳嗽、前胸压迫性疼痛、呼吸困难、心包积液、心慌气短、纵隔阴影、胸骨后疼痛、膈麻痹、乏力、盗汗,所有群体,手术治疗,根据不同医院，收费标准不一致，市三甲医院约（20000-50000元）,否,发病率约为0.002%-0.005%,,2-4周,https://tag.120ask.com/jibing/xiongxianliu/
内科,内分泌科,雀斑,皮肤科,黄褐色或褐色斑点、斑点不融合、无自觉症状、日晒可激发或使之加重、一般冬轻夏重,青春期女性,药物治疗,根据不同医院，收费标准不一致，市三甲医院约（1000-5000元）,否,0.5%,40-50%,1-3年,https://tag.120ask.com/jibing/queban/
内科,内分泌科,颈淋巴结结核,普外科、感染科,淋巴结肿大、皮窦道、溃疡、结核中毒、心音遥远、颈部淋巴结肿大 、急性非化脓性一过性颈淋巴结肿胀、无活动性结核病灶、颈肩痛、晨起时颈背部弥漫性剧痛、淋巴结疼痛,所有人群,药物治疗、手术治疗,根据不同医院，收费标准不一致，市三甲医院约（3000 —— 5000元）,是,0.002%,90%,30天,https://tag.120ask.com/jibing/jlbjjh/
内科,内分泌科,慢性淋巴结炎,普外科,淋巴结肿大、淋巴结疼痛、耳后淋巴结肿大、颌下淋巴结肿大压痛、颈部淋巴结肿大 、耳前淋巴结肿大,所有群体,药物治疗、手术治疗,根据不同医院，收费标准不一致，市三甲医院约（500-1000元）,否,0.1%,70%,10天,https://tag.120ask.com/jibing/mxlbjy/
内科,内分泌科,闭经,妇科,周期性下腹坠胀、疼痛、进行性加重、排尿及排便困难、耻骨上痉挛性疼痛、肛门坠胀、尿频、尿急、尿痛,中老年女性,药物治疗,根据不同医院，收费标准不一致，市三甲医院约（5000-10000元）,否,0.02%-0.03%,75%,1-2年,https://tag.120ask.com/jibing/bijing/
内科,内分泌科,新生儿高血糖症,新生儿科,烦渴多饮、多尿、体重减轻、脱水、休克、惊厥、颅内出血、酮症酸中毒、血糖升高 、糖尿,新生儿,药物治疗,根据不同医院，收费标准不一致，市三甲医院约（5000 —— 8000元）,否,发病率约为1%-5%,98%,1-3周,https://tag.120ask.com/jibing/xsegxtz/
内科,内分泌科,小儿糖尿病,内分泌科,多尿、多饮、多食、遗尿、消瘦、体重减轻、糖尿病酮症酸中毒、恶心、呕吐、食欲不振、嗜睡、昏迷,5～6岁及10～14岁小儿多发病，5岁以下小儿少见,药物治疗,根据不同医院，收费标准不一致，市三甲医院约（5000-10000元）,否,发病率特定人群0.04%,90%有效控制治愈,3-5月,https://tag.120ask.com/jibing/xetnb/
内科,内分泌科,小儿生长激素缺乏症,内分泌科,异常矮小、甲状腺功能低下、食欲下降、多尿、生长缓慢、婴儿出牙延迟、阴茎异常、睾丸微小、闭经,所有人群,药物治疗,根据不同医院，收费标准不一致，市三甲医院约（5000 —— 8000元）,否,0.0025%,60%,3个月,https://tag.120ask.com/jibing/xescjsqfz/
内科,内分泌科,糖原累积病,内分泌科,低血糖症、肝脏肿大、昏迷、惊厥、酮症酸中毒、无力、生长缓慢、肝大而硬,所有人群,饮食治疗、基因治疗、手术治疗、药物治疗,根据不同医院，收费标准不一致，市三甲医院约（500——1000 元）,否,0.009%,45%,1-3年,https://tag.120ask.com/jibing/tyljb/
内科,内分泌科,涎石病,口腔科,颌下腺肿大、唾液分泌受阻碍、进食时腺体肿胀和疼痛、腺体肿胀、脓液溢出,本病不多见，中年人、男性发病率高,药物、手术治疗,根据不同医院，收费标准不一致，市三甲医院约（5000 —— 10000元）,否,本病也属于常见疾病，一般人群发病率在0.3%左右,80%,一般2-4周,https://tag.120ask.com/jibing/xianshibing/
内科,内分泌科,粘液表皮样癌,内分泌科、肿瘤科,淋巴结肿大、结节、面肌抽搐,所有人群,药物治疗,根据不同医院，收费标准不一致，市三甲医院约1000-3000元,否,发病率约为0.001%-0.002%,,3-6个月,https://tag.120ask.com/jibing/zybpya/
内科,内分泌科,腺样囊性癌,肿瘤科,结节、腮腺无痛性肿块、剧痛、眼球不能随意动、眶周水肿、头痛,所有人群,手术治疗、药物治疗,根据不同医院，收费标准不一致，市三甲医院约（3000 —— 8000元）,否,0.025%,56%,3-6个月,https://tag.120ask.com/jibing/xynxa/
内科,内分泌科,脱发,皮肤科,永久性秃发、肿瘤性脱发、梳头或洗头时头发脱落增加、毛发异常、毛发脱落、病理性脱发、斑秃、梅毒性脱发、普秃、产后脱发、化妆品的毛发损害、元气虚弱,所有人群,药物治疗,根据不同医院，收费标准不一致，市三甲医院约（500-5000元）,否,1%,60%,10-30天,https://tag.120ask.com/jibing/tuofa/
内科,内分泌科,皮脂腺痣,皮肤科,丘疹、轻度精神发育迟滞、皮肤痣,婴幼儿人群,手术治疗、药物治疗,根据不同医院，收费标准不一致，市三甲医院约（1000 —— 3000元）,否,0.035%,70%,2-4周,https://tag.120ask.com/jibing/pzx/
内科,内分泌科,肥胖性心肌病,心血管内科,端坐呼吸、呼吸困难、猝死、腹胀、肥胖、嗜睡、精神萎靡、自我定向障碍、下肢水肿、劳力性呼吸困难,肥胖、缺乏运动者,饮食、运动、药物治疗,根据不同医院，收费标准不一致，市三甲医院约（5000 —— 10000元）,否,肥胖患者中本病发病率约为0.04%-0.06%,60%，多以控制心衰症状治疗为主,终身间歇性治疗,https://tag.120ask.com/jibing/fpxxjb/
内科,内分泌科,甘露糖苷贮积症,内分泌科,肌张力减低、婴儿头大、巨舌、胸骨隆凸、耳聋、门齿间距增宽、胸腰驼背,多见于婴幼儿及少年,无特殊疗法，必要时可手术矫正骨骼畸形和用抗生素控制感染,根据不同医院，收费标准不一致，市三甲医院约（10000 —— 50000元）,否,0.003%,60%,3-6周,https://tag.120ask.com/jibing/gltzjz/
内科,内分泌科,继发性系统性淀粉样变,皮肤科,肝肿大、脾肿大、蛋白尿、血管炎、结节、淀粉样蛋白沉积、斑疹、荨麻疹样皮疹,所有群体,病因治疗,根据不同医院，收费标准不一致，市三甲医院约（1000-5000元）,否,0.0012%,30%,10-30天,https://tag.120ask.com/jibing/jfxxtxdfyb/
内科,内分泌科,甲亢性心脏病,内分泌科,心脏扩大、右心功能不全、急性房颤、心绞痛、心肌梗死、心律失常、心脏增大、甲亢面容、心动过速、心室扑动、甲状腺机能亢进、右心衰竭,有基础病者,药物治疗、放射性碘治疗、外科手术,根据不同医院，收费标准不一致，市三甲医院约（10000 —— 30000元）,否,0.012%,70%,1-2个月,https://tag.120ask.com/jibing/jkxxzb/
内科,内分泌科,甲状旁腺功能减退性心肌病,心血管内科、内分泌科,肢体或躯干麻木、面部肌肉痉挛、四肢抽搐、手足抽掣、焦虑、烦躁不安、幻觉、皮肤粗糙、色素异常、毛发脱落、水肿、甲状旁腺机能减退,所有人群,药物治疗,根据不同医院，收费标准不一致，市三甲医院约1000-4000元,否,0.002%,40%,3个月,https://tag.120ask.com/jibing/jzpxgnjtxxjb/
内科,内分泌科,甲状旁腺功能亢进性心肌病,心血管内科、内分泌科,骨质疏松、甲亢危象、关节疼痛、高血压、电生理异常、病理性Q波 、心力衰竭、高钙血症、心源性晕厥、围产期心肌病变、甲状旁腺功能亢进、呕吐,所有人群,药物治疗,根据不同医院，收费标准不一致，市三甲医院约（3000 —— 8000元）,否,发病率约为0.002%--0.007%,,1-2年,https://tag.120ask.com/jibing/jzpxgnkjxxjb/
内科,内分泌科,甲状腺功能减退性心肌病,心血管内科、内分泌科,心悸、气短、心动过缓、血压偏低、低血压、心绞痛、心率过缓、心力衰竭,儿童或成人,药物治疗,根据不同医院，收费标准不一致，市三甲医院约（3000 —— 8000元）,否,甲减发病率约0.02%--0.07%。合并心脏病者占甲减患者的15%,90%,1-1.5年,https://tag.120ask.com/jibing/jzxgnjtxxjb/
内科,内分泌科,甲状腺功能亢进性心肌病,心血管内科、内分泌科,心悸、呼吸困难、心前区隐痛、多汗症、巩膜充血、复视、心率增快,多在40岁以上，男女比例1∶2,药物、手术治疗,根据不同医院，收费标准不一致，市三甲医院约（20000 —— 50000元）,否,发病率约为0.004%-0.005%,,3-6个月,https://tag.120ask.com/jibing/jzxgnkjxxjb/
内科,内分泌科,卡他莫拉菌感染,呼吸内科,脓肿 、语言发育迟缓、咳嗽、咳痰、呼吸困难、细菌感染,所有人群,药物治疗,根据不同医院，收费标准不一致，市三甲医院约（3000 —— 8000元）,是,0.001%,60%,3个月,https://tag.120ask.com/jibing/ktmljgr/
内科,内分泌科,老年人甲减性心脏病,心血管内科、内分泌科,运动耐力降低、表情淡漠、记忆力障碍、智力减低、反应迟钝、肌痛、便秘、皮肤干燥、胃寒疼痛、声音嘶哑、食欲减退、面色苍白、疲劳、抑郁、,老年人,饮食、药物治疗,根据不同医院，收费标准不一致，市三甲医院约（3000 —— 8000元）,否,0.005%,80%,3-5周,https://tag.120ask.com/jibing/lnrjjxxzb/
内科,内分泌科,老年人甲亢性心脏病,心血管内科、内分泌科,心律失常、心脏增大、心力衰竭、心绞痛、心悸、气急、胸闷、易激动、甲状腺肿大、嗜睡、抑郁、皮肤紫癜,60岁以上,饮食、药物治疗,根据不同医院，收费标准不一致，市三甲医院约（3000 —— 8000元）,否,0.0053%,70%,1-2个月,https://tag.120ask.com/jibing/lnrjkxxzb/
内科,内分泌科,联合免疫缺陷病,内分泌科,反复感染、出血倾向、共济失调、毛细血管扩张症、体型异常、真菌感染、细菌感染、反复肺炎、腹泻、念珠菌感染、生长缓慢、粒细胞减少,所有人群,药物治疗,根据不同医院，收费标准不一致，市三甲医院约2000-5000元,否,0.00002%,20%,1-3个月,https://tag.120ask.com/jibing/lhmyqxb/
内科,内分泌科,老年人糖尿病性心脏病,心血管内科、内分泌科,心绞痛、心慌、气急、心悸、胸闷、心律失常、心脏破裂、肝脾肿大、端坐呼吸、心率增快,老年糖尿病患者,饮食、生活方式、药物治疗,根据不同医院，收费标准不一致，市三甲医院约（5000 —— 10000元）,否,0.00352%,85%,30天,https://tag.120ask.com/jibing/lnrtnbxxzb/
内科,内分泌科,老年性昏迷,神经内科,意识障碍、缄默症、昏迷、觉醒状态丧失、对光反应消失,老年人,药物治疗,根据不同医院，收费标准不一致，市三甲医院约（5000 —— 10000元）,否,0.005%,50%,2-4周,https://tag.120ask.com/jibing/lnxhm/
内科,内分泌科,老年休克,急诊科、老年科,意识障碍、脉搏细速、血压下降、皮肤湿冷、烦躁不安、呼吸异常、晕厥、休克、心脏骤停、昏迷、气息异常,老年人,药物治疗,根据不同医院，收费标准不一致，市三甲医院约（5000 —— 10000元）,否,50岁以上老年人发病率约为0.01%-0.02%，多见于有心血管疾病患者,75%-85%,4周,https://tag.120ask.com/jibing/lnxk/
内科,内分泌科,黏多糖贮积症Ⅰ型,内分泌科,运动障碍、智力不足、鼻梁宽而平、眼距宽、唇厚、舌大、耳低位、牙齿小而稀疏,1-2岁儿童,西医药物治疗,根据不同医院，收费标准不一致，市三甲医院约（8000-14000元）,否,0.0003%,20%,6个月,https://tag.120ask.com/jibing/dtzjzyix/
内科,内分泌科,黏脂贮积症Ⅲ型,内分泌科,爪状手、畸形、身材矮小、短颈、脊柱侧弯、髋关节发育不良,2～4岁儿童,手术治疗,根据不同医院，收费标准不一致，市三甲医院约（10000-20000元）,否,0.002%,40%,3个月,https://tag.120ask.com/jibing/zzjzx/
内科,内分泌科,全身黏液性水肿,内分泌科,食欲不振、反应迟钝、体温过低、畏寒、非凹陷黏液水肿、肢体的非凹性水肿、食欲异常、腿脚浮肿,甲状腺功能异常者,药物治疗,根据不同医院，收费标准不一致，市三甲医院约（1000 —— 5000元）,否,甲状腺功能减低患者，发病率约5%--10%,75%,3-6个月,https://tag.120ask.com/jibing/qsyxsz/
内科,内分泌科,黏多糖贮积症Ⅱ型,儿内科,关节强直、爪状手、短小、但无脊柱后弯、皮肤呈皱褶性或结节性增厚、尤以上肢及胸部明显、有时可呈对称性分布、并有多毛、可因视网膜变性而失明、常有进行性耳聋、肝脾肿大、伴有慢性腹泻,2岁以上儿童开始发病,特异性的酶替代治疗及基因治疗,根据不同医院，收费标准不一致，市三甲医院约（3000 —— 8000元）,否,发病率约为0.0005%-0.001%,,终身间歇性治疗,https://tag.120ask.com/jibing/dtzjzerx/
内科,内分泌科,肾上腺皮质功能减退性心脏病,内分泌科,食欲减退、恶心呕吐、体重减轻、低血压、色素异常、晕厥、胸部沉重感、腹胀、心悸、倦怠、虚弱、色素沉着、体重减轻及血压下降,发病年龄在20～50岁，男女患病的比率几乎相等,药物治疗,根据不同医院，收费标准不一致，市三甲医院约（1000 —— 5000元）,否,人群患病概率0.03%,,需要终身治疗,https://tag.120ask.com/jibing/ssxpzgnjtxxzb/
内科,内分泌科,天冬氨酰葡萄糖胺尿症,内分泌科,反复上呼吸道感染、腹泻、智力发育迟缓、异常矮小、言语紊乱、肝肿大、咳嗽、面颊明显内陷、脾肿大、体型异常、鼻梁平塌、短颈,所有人群,药物治疗,根据不同医院，收费标准不一致，市三甲医院约（3000 —— 8000元）,否,0.005%,75%,3-6月,https://tag.120ask.com/jibing/tdapttanz/
内科,内分泌科,痛风性心肌病,心血管内科,痛风结节、高血压、肥胖、心绞痛、心肌梗死,大多数患者在30～40岁发病,饮食、药物治疗,根据不同医院，收费标准不一致，市三甲医院约（5000 —— 10000元）,否,特定人群0.005%,80%,2-4月,https://tag.120ask.com/jibing/tfxxjb/
内科,内分泌科,沃纳综合征,心血管内科,皮肤老化、体型异常、鸟嘴样尖鼻、全身毛发呈灰白色、骨质疏松、肌肉萎缩、腱反射消失、皮肤硬化、消瘦、糖尿、视力障碍、眉毛变白,儿童（多见于有血缘婚姻的子代，尤以堂兄妹间结婚者的子代居多）,药物治疗,根据不同医院，收费标准不一致，市三甲医院约（3000 —— 8000元）,否,0.0003%,60%,100>,https://tag.120ask.com/jibing/wnzhz/
内科,内分泌科,吞噬功能缺陷病,儿内科,淋巴结肿大、肝脾肿大、脓肿,婴幼儿,病因治疗、对症治疗,根据不同医院，收费标准不一致，市三甲医院约（50000-100000元）,否,0.00001%,1%,10-30天,https://tag.120ask.com/jibing/tsgnqxb/
内科,内分泌科,小儿迪格奥尔格综合征,儿科,反复感染、抽搐、低钙血症、左心流出道畸形、腹泻、轻度精神发育迟滞、体型异常、耳围凹陷、肺动脉闭锁、唇腭裂、眼距宽阔、步态不稳,儿童,手术治疗,根据不同医院，收费标准不一致，市三甲医院约（10000-50000元）,否,0.0001%-0.0003%,40-50%(手术治疗为主),1-3个月,https://tag.120ask.com/jibing/xedgaegzhz/
内科,内分泌科,小儿共济失调毛细血管扩张综合,儿内科,共济失调、智力发育迟缓,儿童,药物治疗,根据不同医院，收费标准不一致，市三甲医院约（3000 —— 8000元）,否,0.002%,40%,3-6个月,https://tag.120ask.com/jibing/xegjsdmxxgkzzhz/
内科,内分泌科,小儿软骨外胚层发育不全综合征,骨科,牙齿异常、指甲异常、毛发异常、软骨发育不良与骨骼畸形、心脏畸形、并指（趾）畸形、多指（趾）畸形、体型异常、初生婴儿即出现侏儒状态,婴幼儿,对症治疗,根据不同医院，收费标准不一致，市三甲医院约（10000-50000元）,否,0.0002%-0.0003%,,终身间歇性对症治疗,https://tag.120ask.com/jibing/xergwpcfybqzhz/
内科,内分泌科,慢性化脓性腮腺炎,内分泌科,腮腺肿大、腮腺肿胀、腮腺区肿大、化脓性腮腺炎、口干、口臭,所有群体,药物治疗,根据不同医院，收费标准不一致，市三甲医院约（1000-5000元）,否,特定人群0.030%,95%,2-4周,https://tag.120ask.com/jibing/mxhnxsxy/
内科,内分泌科,小儿普通易变型免疫缺陷,儿内科,淋巴结肿大、脾肿大,所有人群,药物治疗,根据不同医院，收费标准不一致，市三甲医院约2000-5000,否,0.005%,75%,2-3月,https://tag.120ask.com/jibing/xeptybxmyqx/
内科,内分泌科,小儿腺苷脱氨酶缺乏,儿科,腹泻、脑膜炎、婴儿肋骨外翻、震颤、耳聋、智力发育迟缓,所有群体,手术治疗,根据不同医院，收费标准不一致，市三甲医院约（50000-100000元）,否,0.002%,30%,1-3个月,https://tag.120ask.com/jibing/xextamqf/
内科,内分泌科,岩藻糖苷贮积症,内分泌科,反复上呼吸道感染、肌张力减低、出汗异常、异常矮小、智力发育迟缓、儿童精神运动发育异常、抽风、脊柱和四肢畸形,先天患儿,对症治疗,根据不同医院，收费标准不一致，市三甲医院约10000--30000,否,发病率约为0.0002%--0.0005%,,终身治疗,https://tag.120ask.com/jibing/yztzjz/
内科,内分泌科,肢端肥大症性心肌病,心血管内科,头痛、腰酸背痛、糖尿、心律失常、生长激素分泌过多、疲乏、腰背酸痛、唇厚舌大、精神萎靡、精神变态、视力障碍、嗜睡,所有群体,药物治疗,根据不同医院，收费标准不一致，市三甲医院约（5000-10000元）,否,0.002%-0.003%,"40%,多以对症治疗为主",终身间歇性治疗,https://tag.120ask.com/jibing/zdfdzxxjb/
内科,内分泌科,足穿通性损害,疼痛科,溃疡、汗闭现象,多见于30～50岁之间的男性,药物治疗,根据不同医院，收费标准不一致，市三甲医院约（500-1000元）,否,发病率约为0.005%-0.007%,75%,4-8周,https://tag.120ask.com/jibing/zctxsh/
内科,内分泌科,等渗性脱水,消化内科,脱水、不口渴、尿少、厌食、恶心、乏力、舌干、眼球下陷、皮肤干燥、松弛,外科病人最易发生,药物治疗,根据不同医院，收费标准不一致，市三甲医院约（3000 —— 8000元）,否,0.13%,95%,3天,https://tag.120ask.com/jibing/dsxts/
内科,内分泌科,低钾血症肾病,肾内科,心律失常、烦渴多饮、多尿、夜尿增多、四肢无力、肠麻痹软瘫、腱反射消失、高血钾、低钾血症、甲亢危象,所有群体,药物治疗,根据不同医院，收费标准不一致，市三甲医院约（5000-10000元）,否,0.001%,30%,10-30天,https://tag.120ask.com/jibing/djxzsb/
内科,内分泌科,范科尼综合征,神经内科,生长缓慢、多尿、腹胀、腹泻、便秘、交替无力、麻痹、消瘦、烦渴、多尿,儿科,药物治疗,根据不同医院，收费标准不一致，市三甲医院约（1000--5000元）,否,0.002%,40%,1-3个月,https://tag.120ask.com/jibing/fknzhz/
内科,内分泌科,高尿酸血症肾病,肾内科,痛风性关节炎呈急性发作深夜加重、结节、突然出现剧烈的腰痛、恶心与呕吐、嗜睡,所有人群,药物治疗,根据不同医院，收费标准不一致，市三甲医院约10000--50000,否,人群患病概率0.007%,70%,3-6个月,https://tag.120ask.com/jibing/gnsxzsb/
内科,内分泌科,感染性急性小管间质性肾炎,肾内科,高热寒战、尿痛、血尿、蛋白尿、急性肾衰竭、骨髓象左移现象、白细胞增多、白细胞尿、管型尿、肾区叩击痛、肾区压痛和叩痛、脓尿,所有群体,药物治疗,根据不同医院，收费标准不一致，市三甲医院约（1000-5000元）,否,0.0030%,75%,6-12个月,https://tag.120ask.com/jibing/grxjxxgjzxsy/
内科,内分泌科,高钙血症肾病,肾内科,多尿、夜尿增多、烦渴多饮、脱水、表皮发生钙化、共济失调、高凝状态、低分子蛋白尿、等渗尿、低钠血症、步态异常、恶心与呕吐,所有群体,对症治疗,根据不同医院，收费标准不一致，市三甲医院约（5000-10000元）,否,0.005%--0.007%,60-70%(多以控制症状为主),终身治疗,https://tag.120ask.com/jibing/ggxzsb/
内科,内分泌科,甲状腺功能亢进症的肾损害,内分泌科,畏热、多尿、消瘦、失眠、高代谢征群、甲状腺肿大、突眼症、慢性肾功能不全、心悸、糖代谢紊乱、内分泌功能减退、内分泌功能亢进,所有群体,药物治疗,根据不同医院，收费标准不一致，市三甲医院约（1000-5000元）,否,0.0006%,85%,3-6月,https://tag.120ask.com/jibing/jzxgnkjzdssh/
内科,内分泌科,假性醛固酮减少症,内分泌科,呕吐、腹泻、口渴感丧失、新生儿反应低下、生长缓慢、脱水、多尿,所有群体,对症治疗,根据不同医院，收费标准不一致，市三甲医院约（500-1000元）,否,0.005%,40%,1-3个月,https://tag.120ask.com/jibing/jxqgtjsz/
内科,内分泌科,镁过多症,血液内科,乏力、高钾血症、呼吸抑制、昏迷、腱反射消失、嗜睡、血压下降,主要是肾功能不全病人,药物治疗,根据不同医院，收费标准不一致，市三甲医院约（500——1000 元）,否,0.002%-0.006%,80%,1-3个月,https://tag.120ask.com/jibing/mgdz/
内科,内分泌科,镁缺乏症,营养科,厌食、恶心与呕吐、衰弱、不自主运动,所有人群,药物治疗、饮食疗法,根据不同医院，收费标准不一致，市三甲医院约5000--10000元,否,0.01%,70%,1个月,https://tag.120ask.com/jibing/mqfz/
内科,内分泌科,钠过多,神经内科,乏力、头痛、易激动兴奋、震颤、抽搐、呼吸困难、咳嗽,所有人群,药物治疗,根据不同医院，收费标准不一致，市三甲医院约10000--30000元,否,本病发病率在45%以上,95%能够治愈,3-6周,https://tag.120ask.com/jibing/naguoduo/
内科,内分泌科,小儿半乳糖血症,内分泌科,营养障碍、智力发育迟缓、肝肿大、脾肿大、智力减低、水肿、呕吐、黄疸、腹水、婴儿喂养困难、肝脏轻度脂肪变性、腹泻,儿童,药物治疗,根据不同医院，收费标准不一致，市三甲医院约（3000 —— 8000元）,否,0.0016%,60%,3个月,https://tag.120ask.com/jibing/xebrtxz/
内科,内分泌科,Austin型幼儿脑硫脂病,神经内科,眼球震颤、共济失调、烦躁不安、肌张力减低、步态异常、反应迟钝、语言发育迟缓、抽风,幼儿,药物治疗,根据不同医院，收费标准不一致，市三甲医院约（5000 —— 20000元）,否,0.006%,70%,2-3月,https://tag.120ask.com/jibing/austinxyenlzb/
内科,内分泌科,肾性糖尿,内分泌科,低血糖症、多尿、多饮、腹泻、脓尿、肾损害、肾性糖尿、脱水,中老年人,饮食治疗,根据不同医院，收费标准不一致，市三甲医院约（1000—— 5000元）,否,0.09%,,需要终身治疗,https://tag.120ask.com/jibing/sxtn/
内科,内分泌科,失盐性肾炎,肾内科,多尿、皮肤色素沉着呈青铜色、夜尿增多、食欲不振、肾小球滤过率下降、失盐、醛固酮分泌增多、脱水、恶心与呕吐、低血压、直立性低血压晕厥、虚脱,各年龄均可发病以青年男性多见,药物治疗,根据不同医院，收费标准不一致，市三甲医院约（3000 —— 8000元）,否,本病罕见，发病率约为0.0001%--0.0002%,40-50%,1-3个月,https://tag.120ask.com/jibing/syxsy/
内科,内分泌科,特发性尿钙增多症,肾内科、泌尿外科,血尿、肾性糖尿、尿道结石、钙沉积、低分子蛋白尿、一侧腰腹突发“刀割”样绞痛、腰痛伴尿频、尿急、尿痛,儿童人群,饮食疗法 、药物疗法,根据不同医院，收费标准不一致，市三甲医院约3000-10000元,否,发病率约为0.004%-0.008%,40%-50%，多以控制症状为主,3-6个月,https://tag.120ask.com/jibing/tfxngzdz/
内科,内分泌科,小儿Alstrom综合征,儿科,视力减退、耳聋、肥胖,儿童,中医药物治疗、西医药物治疗,根据不同医院，收费标准不一致，市三甲医院约（5000 —— 20000元）,否,0.0005%,65%,2-4月,https://tag.120ask.com/jibing/xealstromzhz/
内科,内分泌科,小儿不对称身材-矮小-性发育,内分泌科,眼距宽阔、口角下垂、第5指短小弯曲、呼吸困难、智力减低、脊柱和四肢畸形、体型异常、尿道下裂、性早熟、脸部大小不一、易疲乏、低血糖症,婴幼儿,只能针对并发症进行对症治疗,根据不同医院，收费标准不一致，市三甲医院约（5000-10000元）,否,本病罕见，发病率约为0.0001%-0.0003%,,终身间歇性治疗,https://tag.120ask.com/jibing/xebdcscaxxfyyczhz/
内科,内分泌科,代偿性多汗症,内分泌科,上半身热刺激性多汗、面颈部味觉性多汗、下半身无汗或少汗、夜间盗汗、多汗症、上半身代偿性多汗症,所有群体,药物治疗,根据不同医院，收费标准不一致，市三甲医院约（100-500元）,否,0.006%-0.008%,75%,8-12周,https://tag.120ask.com/jibing/dcxdhz/
内科,内分泌科,血色病,血液科,皮肤色素沉着糖尿病、肝硬化和性腺功能减退,所有人群,药物治疗,根据不同医院，收费标准不一致，市三甲医院约（5000 —— 10000元）,否,0.002%,40%,3个月,https://tag.120ask.com/jibing/xuesebing/
内科,内分泌科,造影剂肾病,泌尿外科,少尿多为暂时性、一般持续性25天,造影经检查损害者,西医药物治疗,根据不同医院，收费标准不一致，市三甲医院约（7000-10000元）,否,0.005%,85%,2-4月,https://tag.120ask.com/jibing/zyjsb/
内科,内分泌科,异位ACTH综合征,内分泌科,满月脸、向心性肥胖、皮肤紫纹、痤疮样皮疹,多见于癌症患者,药物治疗,根据不同医院，收费标准不一致，市三甲医院约（5000 —— 10000元）,否,0.005%,75%,3-6月,https://tag.120ask.com/jibing/ywacthzhz/
内科,内分泌科,自身免疫性甲状腺疾病相关肾病,肾内科,蛋白尿、 肾病综合征,所有人群,中医药物治疗、西医药物治疗,根据不同医院，收费标准不一致，市三甲医院约（10000 —— 30000元）,否,0.005%,30%,3个月,https://tag.120ask.com/jibing/zsmyxjzxjbxgsb/
内科,内分泌科,ADH分泌过多综合征,内分泌科,食欲不振、恶心、呕吐、昏迷、惊厥、嗜睡、水肿、无力,中老年人,中医药物治疗、西医药物治疗,根据不同医院，收费标准不一致，市三甲医院约（300 —— 1000元）,否,0.02%-0.03%(上述为50岁以上中老年人群中发病率),85%(多以控制症状为主),3-6个月,https://tag.120ask.com/jibing/adhfmgdzhz/
内科,内分泌科,垂体性矮小病,内分泌科,不长个子、发育迟缓,所有人群,激素替代治疗,根据不同医院，收费标准不一致，市三甲医院约（5000 —— 10000元）,否,0.001%,78%,90天,https://tag.120ask.com/jibing/ctxaxb/
内科,内分泌科,蛋白质-能量营养不良,消化内科、营养科,消瘦、乏力、面色苍白,饮食习惯不好、有寄生虫病、消耗性疾病的患者多见,药物治疗、饮食习惯改变,根据不同医院，收费标准不一致，市三甲医院约（1000 —— 5000元）,否,0.001%,40%,3个月,https://tag.120ask.com/jibing/dbznlyybl/
内科,内分泌科,垂体卒中,内分泌科,恶心、 复视、 感觉障碍、 高热 、昏迷、 剧烈头痛、 尿崩、 偏盲,所有人群,药物治疗、手术治疗、放疗,根据不同医院，收费标准不一致，市三甲医院约(20000--50000元),否,0.08%,75%,4-8月,https://tag.120ask.com/jibing/ctzz/
内科,内分泌科,伴纤维囊性骨炎的假性甲状旁腺,内分泌科,低钙血症,所有群体,药物治疗、对症治疗,根据不同医院，收费标准不一致，市三甲医院约（5000-10000元）,否,0.0003%,45%,1-2个月,https://tag.120ask.com/jibing/bxwnxgydjxjzpxgndxz/
内科,内分泌科,闭经溢乳综合征,内分泌科,闭经、溢乳、乳溢一高泌乳素血症、女性不孕、黏液性水肿、乳腺小叶增生、月经稀少、月经失调、不排卵、卵巢功能障碍、雌激素不足、出汗异常,女性,药物治疗,根据不同医院，收费标准不一致，市三甲医院约（1000-5000元）,否,0.01%,30%,30天,https://tag.120ask.com/jibing/bjyrzhz/
内科,内分泌科,代谢性白内障,内分泌科,晶状体混浊、晶状体膨胀增大、水肿,糖尿病人群,饮食治疗、手术治疗、药物治疗,根据不同医院，收费标准不一致，市三甲医院约（500—— 4500元）,否,0.3%-0.5%,50--70%,10--21天,https://tag.120ask.com/jibing/dxxbnz/
内科,内分泌科,产后甲状腺炎,内分泌科,畏寒、体重增加、水肿、乏力、分娩后甲状腺肿大、食欲异常、消耗性体重下降、神经质性格,产妇,药物治疗,根据不同医院，收费标准不一致，市三甲医院约（1000-5000元）,否,发病率约为0.001%-0.003%,,终身治疗,https://tag.120ask.com/jibing/chjzxy/
内科,内分泌科,低血糖,内分泌科,心悸、冷汗、面色苍白、头晕、恶心与呕吐、视力障碍、木僵、昏迷、癫痫、无力、眩晕、饥饿感,所有人群,药物治疗、支持疗法,根据不同医院，收费标准不一致，市三甲医院约（3000 —— 5000元）,否,0.1%(50岁以上患病概率10%),95%,3-7天,https://tag.120ask.com/jibing/dixuetang/
内科,内分泌科,成人全垂体功能减退,内分泌科,垂体功能减退、性欲减退、脱发、皮肤干燥、畏寒、神疲乏力、闭经、毛发脱落、乏力,所有群体,病因治疗,根据不同医院，收费标准不一致，市三甲医院约（500-1000元）,否,0.03%,60%,1-3个月,https://tag.120ask.com/jibing/crqctgnjt/
内科,内分泌科,成人型女性乳房肥大症,内分泌科,乳房巨大、乳头内陷、胸闷、气急、乳腺肥大、静脉曲张、颈背疼痛、驼背、胸廓畸形、下垂乳房,所有群体,手术治疗,根据不同医院，收费标准不一致，市三甲医院约（5000-10000元）,否,0.001%--0.0015%,60-70%,2-4个月,https://tag.120ask.com/jibing/crxnxrffdz/
内科,内分泌科,低血糖综合征,内分泌科,头晕、休克、饥饿感,所有人群,手术治疗、药物治疗,根据不同医院，收费标准不一致，市三甲医院约（5000 —— 10000元）,否,2%,99%,7天,https://tag.120ask.com/jibing/dxtzhz/
内科,内分泌科,丹吉尔病,内分泌科,白细胞减少、角膜混浊、脾肿大、贫血、丘疹、血小板减少、硬化,纯型合子者,饮食治疗、药物治疗,根据不同医院，收费标准不一致，市三甲医院约（1000—— 2000元）,否,发病率约为0.0002%-0.0005%,,终身间歇性治疗,https://tag.120ask.com/jibing/djeb/
内科,内分泌科,成人硬肿症,皮肤科,皮肤呈实质性非凹陷性发硬、皮肤硬化、吞咽困难、心律失常,成年人群,生活调理、药物治疗,根据不同医院，收费标准不一致，市三甲医院约2000--5000元,否,发病率约为0.002%-0.003%,,终身间歇性对症治疗,https://tag.120ask.com/jibing/cryzz/
内科,内分泌科,地方性甲状腺肿,内分泌科,甲状腺肿大、呼吸困难、吞咽困难、声音嘶哑、咳嗽,远离沿海及海拔高的山区的人群,药物治疗、手术治疗,根据不同医院，收费标准不一致，市三甲医院约（5000 —— 8000元）,否,2%,95%,3-6月,https://tag.120ask.com/jibing/dfxjzxz/
内科,内分泌科,单纯性肥胖,内分泌科,遗传性肥胖,所有群体,病因治疗、对症治疗,根据不同医院，收费标准不一致，市三甲医院约（500-1000元）,否,10%,60%,3-6个月,https://tag.120ask.com/jibing/dcxfp/
内科,内分泌科,毒性结节性甲状腺肿,普外科,结节、疲乏、呼吸异常、甲状腺肿、消瘦、咳声嘶哑,所有群体,手术治疗,根据不同医院，收费标准不一致，市三甲医院约（5000-10000元）,否,0.002%,75%,3-6月,https://tag.120ask.com/jibing/dxjjxjzxz/
内科,内分泌科,碘源性甲亢,内分泌科,甲状腺结节、甲状腺肿、血管杂音、碘甲亢、震颤、心动过速、体重减轻、嗜睡,高碘地区人群,药物治疗、手术治疗,根据不同医院，收费标准不一致，市三甲医院约（5000 —— 8000元）,否,发病率约为0.001%--0.002%,,3-6个月,https://tag.120ask.com/jibing/dyxjk/
内科,内分泌科,毒性弥漫性甲状腺肿,内分泌科,消瘦、易激动、多汗症、甲状腺肿大、血管杂音、突眼症、食欲异常、出汗异常、喜凉怕热、心率增快,所有群体,药物治疗、手术治疗,根据不同医院，收费标准不一致，市三甲医院约（10000-50000元）,否,0.03%--0.08%,90%,3-6月,https://tag.120ask.com/jibing/dxmmxjzxz/
内科,内分泌科,泛发性扁平黄色瘤,眼科,丘疹、色素异常,常见于老年,病因治疗、对症治疗,根据不同医院，收费标准不一致，市三甲医院约（500-1000元）,否,0.01%,,终身治疗,https://tag.120ask.com/jibing/ffxbphsl/
内科,内分泌科,多发性内分泌腺瘤Ⅱ型,肿瘤科,消化性溃疡、腹泻、皮肤潮红,家族遗传,药物治疗,根据不同医院，收费标准不一致，市三甲医院约3000--8000元,否,0.0002%-0.0003%,45%(外科手术治疗),>20天(终身间歇性对症治疗),https://tag.120ask.com/jibing/dfxnfmxlx/
内科,内分泌科,干燥综合征神经系统损害,风湿免疫科,面部麻木、角膜反射迟钝、角膜溃疡、舌痛、偏瘫、运动性失语、偏盲偏身感觉障碍、意识障碍、口腔溃疡、面神经瘫痪、嗅觉丧失、瞳孔大小不等,所有群体,病因治疗、对症治疗 暂无,根据不同医院，收费标准不一致，市三甲医院约（5000-10000元）,否,0.005%,60%,3-6月,https://tag.120ask.com/jibing/gzzhzsjxtsh/
内科,内分泌科,绝经与阿尔茨海默病综合征,神经内科,记忆力、抽象思维、定向力等的障碍、同时伴有社会活动能力的减退,65岁以上老年人,药物治疗,根据不同医院，收费标准不一致，市三甲医院约（10000 —— 50000元）,否,8%,10%,1-6个月,https://tag.120ask.com/jibing/jjyaechmbzhz/
内科,内分泌科,多发性内分泌肿瘤综合征Ⅰ型,肿瘤科、内分泌科,指甲呈现黑色、月经期长痘、腹泻、头痛,遗传疾病,药物治疗,根据不同医院，收费标准不一致，市三甲医院约10000--20000元,否,0.002%,50%,1-6月,https://tag.120ask.com/jibing/dfxnfmzlzhzx/
内科,内分泌科,放射性甲状腺炎,内分泌科,吞咽困难、乏力、心慌、皮肤瘙痒、甲状腺肿、紧张性手抖、水肿,所有群体,病因治疗、对症治疗,根据不同医院，收费标准不一致，市三甲医院约（1000-5000元）,否,发病率约为0.006%--0.009%,,终身治疗,https://tag.120ask.com/jibing/fsxjzxy/
内科,内分泌科,多骨纤维发育不良,骨科,骨骼损害、皮肤色素沉着、性早熟,儿童、青少年,药物治疗、手术治疗,根据不同医院，收费标准不一致，市三甲医院约（5000 —— 10000元）,否,0.0025%,60%,2-3周,https://tag.120ask.com/jibing/dgxwfybl/
内科,内分泌科,非甲状腺性的病态综合征,内分泌科,发烧、白细胞增多、面部水肿、蛋白尿、全身感染中毒症状、消瘦、贫血、低蛋白血症、高血压、蜘蛛痣、肝掌、静脉曲张,所有群体,药物治疗,根据不同医院，收费标准不一致，市三甲医院约（5000-10000元）,否,0.0035%,80%,1-3个月,https://tag.120ask.com/jibing/fjzxxdbtzhz/
内科,内分泌科,绝经期关节炎,内分泌科,潮红潮热、月经失调、畏寒、头晕、贫血、食欲减退、记忆力消失、失眠、水肿、月经周期改变、瘙痒、疼痛,绝经期女性,药物治疗、生活调理,根据不同医院，收费标准不一致，市三甲医院约10000--50000,否,女性发病率约为3%-5%,70%,8-12周,https://tag.120ask.com/jibing/jjqgjy/
内科,内分泌科,肥胖性生殖无能综合征,内分泌科,肥胖、性发育慢、男子性功能障碍、闭经、头痛、下丘脑损害、尿崩、体型异常、肌张力减低、皮肤苍白、皮肤干燥、无胡须腋毛和阴毛,所有群体,药物治疗,根据不同医院，收费标准不一致，市三甲医院约（1000-5000元）,否,0.001%,,终身间歇性治疗,https://tag.120ask.com/jibing/fpxszwnzhz/
内科,内分泌科,高碘性甲状腺肿,内分泌科,甲状腺肿大、食欲不振、黏液性水肿、智力减低、畏寒,高点地区人群,药物治疗,根据不同医院，收费标准不一致，市三甲医院约（5000 —— 8000元）,否,患病概率0.14%,,需要终身治疗,https://tag.120ask.com/jibing/gdxjzxz/
内科,内分泌科,多腺体缺陷综合征,内分泌科,个别腺体破坏出现无特殊顺序,所有群体,病因治疗、对症治疗,根据不同医院，收费标准不一致，市三甲医院约（1000-5000元）,否,本病罕见，发病率约为0.0001%-0.0002%,30%，多以对症治疗为主,1-3年,https://tag.120ask.com/jibing/dxtqxzhz/
内科,内分泌科,老年人糖尿病周围神经病,内分泌科、神经内科,呈对称性疼痛和感觉异常、下肢症状较上肢多见、感觉异常有麻木、蚁走、虫爬、发热、触电样感觉、往往从远端脚趾上行可达膝上、患者有穿袜子与戴手套样感觉,老年糖尿病患者,中药治疗、西药治疗,根据不同医院，收费标准不一致，市三甲医院约（5000—— 10000元）,否,糖尿病患者并发本病的几率约为30-50%，属于远期并发症,30-50%，多以控制为主,终身治疗,https://tag.120ask.com/jibing/lnrtnbzwsjb/
内科,内分泌科,风温,中医科,发热微恶寒、咳嗽、身热烦渴咳喘胸闷、身热昏愦汗出气短倦卧肢冷、壮热心烦，口渴,所有人群,药物治疗,根据不同医院，收费标准不一致，市三甲医院约（1000 —— 3000元）,否,0.001%-0.002%,90%,4-6个周,https://tag.120ask.com/jibing/fengwen/
内科,内分泌科,妇女雄激素源性秃发,内分泌科,全秃 、毛发异常、脱发呈弥漫性、顶部头发稀疏,女性,中医药物治疗、西医药物治疗,根据不同医院，收费标准不一致，市三甲医院约（5000 —— 10000元）,否,0.01%,60%,2-4个月,https://tag.120ask.com/jibing/fnxjsyxtf/
内科,内分泌科,高渗性非酮症性糖尿病昏迷,内分泌科,头昏想睡觉、舌质红绛、脱水、多饮、呼吸中可有烂苹果味、烦躁不安、嗜睡、定向力障碍、昏迷,老年人，肾功能下降者,药物治疗,根据不同医院，收费标准不一致，市三甲医院约10000--30000,否,0.005%,40%,3个月,https://tag.120ask.com/jibing/gsxftzxtnbhm/
内科,内分泌科,复合型酸碱失衡,消化内科,呼吸性酸中毒、代谢性酸中毒、呼吸性碱中毒、代谢性碱中毒、头痛、心悸、肌性肌无力、混合型酸碱平衡紊乱、感觉障碍、眩晕、晕厥、心律失常,所有群体,对症治疗,根据不同医院，收费标准不一致，市三甲医院约（5000-10000元）,否,0.005%,85%,2-4周,https://tag.120ask.com/jibing/fhxsjsh/
内科,内分泌科,功能性下丘脑性闭经,内分泌科,闭经、抑郁、假孕、神经性厌食、运动性闭经、食欲不振,青年女性,病因治疗、对症治疗,根据不同医院，收费标准不一致，市三甲医院约（1000-5000元）,否,发病率约为0.004%-0.005%,80%,3-6个月,https://tag.120ask.com/jibing/gnxxqnxbj/
内科,内分泌科,高脂蛋白血症Ⅰ型,血液科,腹痛、有黄色瘤、肝肿大、脾肿大,所有人群,饮食调理、药物治疗,根据不同医院，收费标准不一致，市三甲医院约（3000 —— 10000元）,否,发病率约为0.001%-0.002%，50岁以上中老年多见,55%-75%,1-3年,https://tag.120ask.com/jibing/gzdbxzx/
内科,内分泌科,黄瘤,内分泌科,结节、丘疹、斑疹,所有群体,对症治疗,暂无,否,0.05%,95%,3-6周,https://tag.120ask.com/jibing/huangliu/
内科,内分泌科,骨髓-胰腺综合征,内分泌科,贫血、胰腺外分泌功能不良  、肾功能衰竭、肝功能衰竭,所有群体,病因治疗、对症治疗,根据不同医院，收费标准不一致，市三甲医院约（1000-5000元）,否,0.0005%,85%,2-4月,https://tag.120ask.com/jibing/gsyxzhz/
内科,内分泌科,高脂蛋白血症Ⅱ型,心血管内科,睑黄斑瘤、结节性黄瘤、腱黄瘤和动脉硬化症,常在20～50岁之间出现,药物治疗,根据不同医院，收费标准不一致，市三甲医院约（3000 —— 8000元）,否,0.002%,40%,1-3个月,https://tag.120ask.com/jibing/gzdbxzerx/
内科,内分泌科,获得性高脂蛋白血症,血液科,结节、黄斑病、扁平、结节性黄瘤,所有群体,病因治疗,根据不同医院，收费标准不一致，市三甲医院约（1000-5000元）,否,0.003%-0.005%,65%,6-12个月,https://tag.120ask.com/jibing/hdxgzdbxz/
内科,内分泌科,光化性角化病,皮肤科,手掌及足趾皮肤过度角化、皮损可呈角样突起、表皮角化、丘疹、鳞屑、毛细血管扩张症,所有人群,药物治疗,根据不同医院，收费标准不一致，市三甲医院约（5000 —— 20000元）,否,发病率约为0.002%--0.003%,20-30%，多以控制症状为主,6-12个月,https://tag.120ask.com/jibing/ghxjhb/
内科,内分泌科,高脂蛋白血症Ⅲ型,心血管内科,手掌线状黄瘤和结节性黄瘤、胆固醇和甘油三酯水平增高,成年人,药物治疗,根据不同医院，收费标准不一致，市三甲医院约（3000 —— 8000元）,否,0.002%,40%,3个月,https://tag.120ask.com/jibing/gzdbxzsanx/
内科,内分泌科,基底细胞腺瘤,肿瘤科,无痛性肿块,多见于男性、50-60岁多发,手术治疗,根据不同医院，收费标准不一致，市三甲医院约（10000-50000元）,否,0.001%,40%,1个月,https://tag.120ask.com/jibing/jdxbxl/
内科,内分泌科,吉兰-巴雷综合征,神经内科,双下肢肌无力，下肢麻木、下肢刺痛感、数天后从下肢上升至躯干和上肢、呈弛缓性瘫痪,所有人,药物治疗、对症支持治疗、康复治疗、中医治疗,根据不同医院，收费标准不一致，市三甲医院约（5000 —— 20000元）,否,发病率约为0.001%-0.0005%,60-70%,1-3个月,https://tag.120ask.com/jibing/jlblzhz/
内科,内分泌科,类固醇肌病,内分泌科,肌痛常见、类固醇减量、后肌痛消失,所有人群,药物治疗,根据不同医院，收费标准不一致，市三甲医院约（10000 —— 20000元）,否,0.0012%,30%,1-2个月,https://tag.120ask.com/jibing/lgcjb/
内科,内分泌科,高脂蛋白血症Ⅳ型,血液科,肥胖、糖耐量异常,美国的男性中多见,药物治疗,根据不同医院，收费标准不一致，市三甲医院约（3000 —— 8000元）,否,0.02%,85%,1年,https://tag.120ask.com/jibing/gzdbxzsix/
内科,内分泌科,急性放射性甲状腺炎,内分泌科,疼痛、触痛、颈部肿胀,所有人群,药物治疗,根据不同医院，收费标准不一致，市三甲医院约5000--10000,否,0.003%,80%,10天,https://tag.120ask.com/jibing/jxfsxjzxy/
内科,内分泌科,汗证,中医科,自汗、盗汗、口渴、目眶塌陷,小儿、老年人、体质不足人群、高温作业者,中医药物治疗,根据不同医院，收费标准不一致，市三甲医院约（1000-3000元）,否,0.004%-0.006%,75%,4-6周,https://tag.120ask.com/jibing/hanzheng/
内科,内分泌科,高脂蛋白血症Ⅴ型,心血管内科,发疹性黄瘤、肝脾肿大、腹绞痛、高尿酸血症和高糖血症,多在成人发病,药物治疗,根据不同医院，收费标准不一致，市三甲医院约（3000 —— 8000元）,否,0.007%,,需要终身治疗,https://tag.120ask.com/jibing/gzdbxzwux/
内科,内分泌科,急性颌下腺炎,口腔科,颌下腺疼痛、压痛、颌下腺导管口有咸味或脓性分泌物排出、颌下腺肿大、脉搏加速、白细胞增多、水肿、感染性发热,所有人群,药物治疗、物理治疗,根据不同医院，收费标准不一致，市三甲医院约10000--50000,否,0.005%,68%,治疗周期7天,https://tag.120ask.com/jibing/jxxxy/
内科,内分泌科,颌面部淋巴管瘤,口腔科,结节、囊肿、巨舌、巨唇,儿童及青少年,药物治疗、手术治疗,根据不同医院，收费标准不一致，市三甲医院约（10000-50000元）,否,0.05%,20%,1-2年,https://tag.120ask.com/jibing/mblbgl/
内科,内分泌科,急性化脓性甲状腺炎,内分泌科,发热伴寒战、声音嘶哑、吞咽困难、脓肿、冷结节,所有人群,药物治疗,根据不同医院，收费标准不一致，市三甲医院约5000--10000,否,0.5%,90%,3-6周,https://tag.120ask.com/jibing/jxhnxjzxy/
内科,内分泌科,褐黄病,皮肤科,指甲、耳软骨出现褐色色素沉着、关节疼痛、下背部僵硬和疼痛、脊柱和四肢畸形,遗传患者,药物治疗,根据不同医院，收费标准不一致，市三甲医院约3000--7000,否,0.01%-0.05%,55%(以激光治疗为主),2-6个月,https://tag.120ask.com/jibing/hehuangbing/
内科,内分泌科,睾丸女性化,泌尿外科,盲袋阴道、先天性无子宫、闭经、无胡须腋毛和阴毛、血清睾酮浓度明显升高、腋毛变稀少,原发性闭经患者较多见,手术治疗、西医药物治疗,根据不同医院，收费标准不一致，市三甲医院约（15000 —— 40000元）,否,0.001%,10%,30天,https://tag.120ask.com/jibing/wnxh/
内科,内分泌科,喉返神经损伤,耳鼻喉科,声嘶、发声无力、咳嗽无力,颈部外伤或者手术,药物治疗，手术治疗,根据不同的医院，收费标准不一致，市三甲医院约（10000-20000元）,否,0.002%,60%,1个月,https://tag.120ask.com/jibing/hfsjss/
内科,内分泌科,戈谢病,血液内科,颈强直、吞咽困难、卧床不起、急腹症、出血倾向、角弓反张、抽搐、骨痛,先天遗传患者,对症治疗、营养治疗,根据不同医院，收费标准不一致，市三甲医院约10000--50000,否,0.0001%,10%,2--6个月,https://tag.120ask.com/jibing/gexiebing/
内科,内分泌科,继发性肾上腺功能不足,内分泌科,乏力、体重减轻、色素异常、食欲不振、恶心与呕吐、腹胀、性欲减退、头晕、眼花、嗜睡,原疾病继发,药物治疗,根据不同医院，收费标准不一致，市三甲医院约（10000-50000元）,否,0.0001%,30%,30天,https://tag.120ask.com/jibing/jfxssxgnbz/
内科,内分泌科,脊柱裂和有关畸形,脊柱外科,脊髓内胶质增生、脊柱生理弯曲消失、感觉障碍、脊柱裂、脊柱骨质改变、发育性畸形、瘫痪、脊柱的成角畸形、脊髓压迫、腰背酸痛、脊柱后突、椎间隙变化,婴幼儿,病因治疗、对症治疗,根据不同医院，收费标准不一致，市三甲医院约（10000-50000元）,否,0.0001%,10%,1--6个月,https://tag.120ask.com/jibing/jzlhygjx/
内科,内分泌科,继发性甲状旁腺功能亢进症,内分泌科,骨痛、病理性骨折、皮肤瘙痒、溃疡、关节畸形、肌肉萎缩、肌肉坏死、关节疼痛,所有人群,药物治疗,根据不同医院，收费标准不一致，市三甲医院约10000--50000,否,0.0001%,60%,10-30天,https://tag.120ask.com/jibing/jfxjzpxgnkjz/
内科,内分泌科,甲状旁腺功能异常伴发的精神障,内分泌科,神经衰弱综合征、抑郁症、意识障碍、智力减低、多汗症、幻听、肌张力减低、食欲减退、精神障碍、眩晕、共济失调、易哭,所有群体,手术治疗,根据不同医院，收费标准不一致，市三甲医院约（5000-10000元）,否,0.001%,50%,3-6个月,https://tag.120ask.com/jibing/jzpxgnycbfdjsza/
内科,内分泌科,家族性甲状腺非髓样癌,内分泌科,吞咽困难、呼吸困难、声音嘶哑、甲状腺肿、甲状腺结节,家族遗传疾病,手术治疗、放射治疗、药物治疗、化疗,根据不同医院，收费标准不一致，市三甲医院约50000--100000,否,0.001%-0.002%(具有遗传性),65%(外科手术治疗),3-6个月,https://tag.120ask.com/jibing/jzxjzxfsya/
内科,内分泌科,甲状腺激素抵抗综合征,内分泌科,甲状腺肿、智力减低、骨龄延迟,儿童、青少年人群,基因治疗、药物治疗,根据不同医院，收费标准不一致，市三甲医院约5000--10000,否,本病少见，发病率约为0.001%-0.002%,25%，多以对症治疗为主,终身间歇性治疗,https://tag.120ask.com/jibing/jzxjsdkzhz/
内科,内分泌科,家族性抗维生素D佝偻病,营养科,“O”形腿、骨痛、婴儿出牙延迟、软骨发育不良与骨骼畸形、,儿童人群,药物治疗,根据不同医院，收费标准不一致，市三甲医院约8000--12000,否,0.002%,80%,终身用药控制,https://tag.120ask.com/jibing/jzxkwssdb/
内科,内分泌科,甲状腺舌管囊肿与瘘,耳鼻喉科,颈部甲状软骨部位囊肿、疼痛、结痂,儿童人群,手术治疗、药物治疗,根据不同医院，收费标准不一致，市三甲医院约10000--50000,否,人群患病概率0.002%,,手术治疗周期15天,https://tag.120ask.com/jibing/jzxsgnzy/
内科,内分泌科,甲状腺功能减退伴发的精神障碍,内分泌科,黏液性水肿、粘液性水肿面容 、精神障碍、视野缩小、震颤、步态不稳、抑郁、思维缓慢、异常矮小,所有人群,药物治疗、生活调理,根据不同医院，收费标准不一致，市三甲医院约8000--15000,否,0.005%,70%,3-6个月,https://tag.120ask.com/jibing/jzxgnjtbfdjsza/
内科,内分泌科,甲状腺微小癌,普外科,甲状腺结节、骨转移、肺部转移,所有群体,手术治疗、对症治疗,根据不同医院，收费标准不一致，市三甲医院约（1000-5000元）,否,0.005%,20%,3-6月,https://tag.120ask.com/jibing/jzxwxa/
内科,内分泌科,甲亢合并妊娠,产科、内分泌科,甲状腺肿大、畏光及流泪、心动过速、高代谢征群、心悸、易激动、消瘦、血管杂音、毛细血管扩张症、复视、眶周水肿、结膜充血,孕妇,药物治疗,根据不同医院，收费标准不一致，市三甲医院约（500-1000元）,否,0.001%,60%,30天,https://tag.120ask.com/jibing/jkhbrs/
内科,内分泌科,甲状腺功能亢进性肝病,内分泌科,黄疸、食欲不振、腹泻、消瘦、发烧,所有群体,病因治疗,根据不同医院，收费标准不一致，市三甲医院约（1000-5000元）,否,0.01%,65%,1-6个月,https://tag.120ask.com/jibing/jzxgnkjxgb/
内科,内分泌科,内分泌性肌病,神经内科、内分泌科,肩带肌、上肢和胸背部诸肌的肌无力和肌萎缩、肌肉萎缩、突眼症、手内肌萎缩、眼肌麻痹、斜视、复视、两眼上视障碍、眼睑痉挛、肌痛、构音障碍、眼球震颤,所有群体,病因治疗、对症治疗,根据不同医院，收费标准不一致，市三甲医院约（10000-50000元）,否,0.015%,75%,3-6月,https://tag.120ask.com/jibing/nfmxjb/
内科,内分泌科,假性甲状旁腺功能减退症,内分泌科,焦虑、皮肤粗糙、指（趾）甲脆软萎缩、营养不良、幻觉、甲状旁腺机能减退、刺痛、平滑肌痉挛、全身骨骼肌痉挛、抑郁、惊厥、毛发脱落,所有群体,病因治疗、对症治疗,根据不同医院，收费标准不一致，市三甲医院约（1000-5000元）,否,0.0001%,30%,14--21天,https://tag.120ask.com/jibing/jxjzpxgnjtz/
内科,内分泌科,甲状腺功能亢进性骨矿疾病,内分泌科、骨科,骨质疏松、乏力、头痛、身痛、突眼症、甲状腺肿大,所有群体,药物治疗、手术治疗,根据不同医院，收费标准不一致，市三甲医院约（1000-5000元）,否,0.005%,75%,3-6个月,https://tag.120ask.com/jibing/jzxgnkjxgkjb/
内科,内分泌科,结节性甲状腺肿,内分泌科、普外科,甲状腺肿大、腺体表面一般较平坦、质软、吞咽时腺体随着喉和气管上下移动　　,青春期女性,西药、中药、手术治疗,根据不同医院，收费标准不一致，市三甲医院约（2000—— 10000元）,否,0.001%,70%,3个月,https://tag.120ask.com/jibing/jjxjzxz/
内科,内分泌科,经行发热,中医科、妇科,伴随月经来潮而周期性发热,生育期女性,中药治疗,根据不同医院，收费标准不一致，市三甲医院约（500—— 1000元）,否,0.1%,90%,2-4周,https://tag.120ask.com/jibing/jxfr/
内科,内分泌科,甲状腺功能异常伴发的精神障碍,内分泌科、精神心理科,情绪不宁、失眠、人格改变、幻听、被害妄想、偏执性妄想、智能减退、甲状腺肿大、躁狂、抑郁,所有人群,药物治疗,根据不同医院，收费标准不一致，市三甲医院约1000--5000,否,0.001%,30%,1-3个月,https://tag.120ask.com/jibing/jzxgnycbfdjsza/
内科,内分泌科,颈部囊状淋巴管瘤,肿瘤科,淋巴管淤积、颈部囊性病变、囊肿、吞咽障碍、运动功能障碍、肌肉萎缩、呼吸异常、呼吸窘迫综合症、气管移位、瘤细胞浸润,所有群体,药物治疗、手术治疗,根据不同医院，收费标准不一致，市三甲医院约（10000-50000元）,否,0.002%,75%,1-3个月,https://tag.120ask.com/jibing/jbnzlbgl/
内科,内分泌科,经行流涎,中医科,肝气郁结、流涎,妇女,中医药物治疗,根据不同医院，收费标准不一致，市三甲医院约（100 —— 500元）,否,女性发病率约0.1-0.2%,60%,3-6个月,https://tag.120ask.com/jibing/jxlx/
内科,内分泌科,甲状腺功能正常的甲状腺肿大,内分泌科,结节、甲状腺囊性肿块,所有人群,药物治疗,根据不同医院，收费标准不一致，市三甲医院约10000--30000,否,0.001%,60%,30天,https://tag.120ask.com/jibing/jzxgnzcdjzxzd/
内科,内分泌科,颈部淋巴结结核,感染科,颈部淋巴结肿大 、进行性颈部肿块、全身感染中毒症状、免疫力降低、指甲异常,所有人群,药物治疗,根据不同医院，收费标准不一致，市三甲医院约8000--12000,否,0.005%,,治疗周期9个月,https://tag.120ask.com/jibing/jblbjjh/
内科,内分泌科,抗利尿激素分泌异常综合征,内分泌科,厌食、恶心与呕吐、嗜睡、惊厥、昏睡、昏迷,所有人群,药物治疗,根据不同医院，收费标准不一致，市三甲医院约5000--10000,否,发病率约为0.001%--0.009%,75-85%，多以控制症状为主,终身治疗控制症状发生,https://tag.120ask.com/jibing/klnjsfmyczhz/
内科,内分泌科,胫前黏液水肿,内分泌科,小腿前水肿、按压回复慢,营养不良、有肝病、甲低者多见,药物治疗、针对病因治疗,根据不同医院，收费标准不一致，市三甲医院约（5000 —— 10000元）,否,甲状腺功能减低者发病率约为20%,80%,2-3个月,https://tag.120ask.com/jibing/qysz/
内科,内分泌科,抗体免疫缺陷病,风湿免疫科,反复感染、慢性腹泻,病人均为男性,药物治疗,根据不同医院，收费标准不一致，市三甲医院约10000--40000,否,0.0012%,30%,30天,https://tag.120ask.com/jibing/ktmyqxb/
内科,内分泌科,老年人肥胖症,内分泌科,水肿、焦虑、抑郁、打鼾、呼吸暂停、呼吸衰竭、猝死、腰背痛、肌肉酸痛、髋关节痛、肩关节痛、高血压,老年人,对症治疗,根据不同医院，收费标准不一致，市三甲医院约（500-1000元）,否,10%,85%,1-3个月,https://tag.120ask.com/jibing/lnrfpz/
内科,内分泌科,静止性淋巴细胞性甲状腺炎,内分泌科,甲状腺肿、乏力、吞咽困难、心悸、精神紧张、震颤、多汗,多发生于产后期妇女,药物治疗,根据不同医院，收费标准不一致，市三甲医院约5000--10000,否,0.05%,85%,3-6月,https://tag.120ask.com/jibing/jzxlbxbxjzxy/
内科,内分泌科,克兰费尔特综合征,内分泌科,睾丸微小、智力发育迟缓、异常高大、无胡须、男性乳房大、男子性功能障碍、智力减低、胡子稀疏,男性遗传,药物治疗,根据不同医院，收费标准不一致，市三甲医院约10000--60000,否,0.005%,80%,3-6周,https://tag.120ask.com/jibing/klfetzhz/
内科,内分泌科,老年人高钙血症,心血管内科,疲乏无力、精神不易集中、失眠、抑郁、神志不清甚至昏迷、腱反射迟钝、肌力降低、恶心,维生素D作用过强、噻嗪类利尿药长期使用者多见,药物治疗,根据不同医院，收费标准不一致，市三甲医院约（2000 —— 8000元）,否,0.5%,95%,2-4月,https://tag.120ask.com/jibing/lnrggxz/
内科,内分泌科,空鞍综合征,内分泌科,头痛、肥胖、视力障碍、高血压、恶心与呕吐,女性病人多见，占80%～90%。经产妇常见，平均有4个子女。肥胖者居多。发病年龄平均为40岁左右，从20多岁至70岁都可发病,药物治疗、手术治疗,根据不同医院，收费标准不一致，市三甲医院约（1000-5000元）,否,0.0002%-0.0006%,55%,3个月,https://tag.120ask.com/jibing/kazhz/
内科,内分泌科,老年人高渗性非酮症糖尿病昏迷,内分泌科,昏迷、反应迟钝、高热、言语紊乱、幻觉、意识朦胧状态 、糖尿、眼球震颤、休克、斜视,老年人群,药物治疗,根据不同医院，收费标准不一致，市三甲医院约10000--30000,否,糖尿病患者中本病发病率约为0.04%-0.08%,90%,2-4周,https://tag.120ask.com/jibing/lnrgsxftztnbhm/
内科,内分泌科,巨人症与肢端肥大症,内分泌科,鼻端肥大、舌体肥大、乏力、多汗症、皮肤粗糙、生长激素分泌过多、粘液腺体肥大、增殖腺肥大、肢体过度肥大、体型异常、视野缺损、腕管综合征,所有群体,药物治疗、手术治疗,根据不同医院，收费标准不一致，市三甲医院约（5000-10000元）,否,0.0006%,40%,3个月,https://tag.120ask.com/jibing/jrzyzdfdz/
内科,内分泌科,巨细胞病毒病,儿内科,发烧、黄疸、呼吸困难、低热、死胎、流产、呼吸暂停、发作性咳嗽,儿童人群及孕妇,药物治疗,根据不同医院，收费标准不一致，市三甲医院约20000--60000,否,儿童发病率约为1%,70%,7-14天,https://tag.120ask.com/jibing/jxbbdb/
内科,内分泌科,老年甲状腺功能减退症,内分泌科,表情淡漠、面色苍白、粘液性水肿 、皮肤干燥、抑郁、畏寒、疲劳、反应迟钝,老年人群,药物治疗,根据不同医院，收费标准不一致，市三甲医院约10000--30000,否,50岁以上中老年人群中发病率约为0.002%--0.004%,85%以上可以通过药物控制,终身治疗,https://tag.120ask.com/jibing/lnjzxgnjtz/
内科,内分泌科,老年人甲状腺癌,内分泌科,颈部单个或多个质硬大小不一无痛性肿块、吞咽困难、声音嘶哑,老年人群,手术治疗、放射治疗、西药治疗、化疗,根据不同医院，收费标准不一致，市三甲医院约20000--50000元,否,0.0038%,50%,1--6个月,https://tag.120ask.com/jibing/lnrjzxa/
内科,内分泌科,老年人垂体瘤,神经内科,内分泌激素过多、部分或全垂体功能低下、垂体腺瘤邻近组织受压,老年人,西医药物治疗,根据不同医院，收费标准不一致，市三甲医院约（10000-50000元）,否,0.001%,10%,10-30天,https://tag.120ask.com/jibing/lnrctl/
内科,内分泌科,老年人甲状腺功能低下,内分泌科,浮肿、低体温、心率慢,所有老年人可见,药物治疗,根据不同医院，收费标准不一致，市三甲医院约（2000 —— 5000元）,否,0.01%,60%,3个月,https://tag.120ask.com/jibing/lnrjzxgndx/
内科,内分泌科,老年人代谢性酸中毒,消化内科、ICU,呼吸加深、乏力、头晕、心悸,有糖尿病等老年患者多见,药物治疗、治疗原发病,根据不同医院，收费标准不一致，市三甲医院约（5000 —— 10000元）,否,0.001%,60%,1-2个月,https://tag.120ask.com/jibing/lnrdxxszd/
内科,内分泌科,老年人甲状腺功能亢进危象,内分泌科,高热、反应迟钝、恶心、嗜睡、皮肤苍白、腹泻、畏热、黄疸、恶心与呕吐、食欲异常,老年人群,药物治疗,根据不同医院，收费标准不一致，市三甲医院约10000--30000,否,0.005%,30%,3个月,https://tag.120ask.com/jibing/lnrjzxgnkjwx/
内科,内分泌科,老年人嗜铬细胞瘤危象,心血管内科、内分泌科,四肢震颤、心绞痛、高血压、出汗异常、恶心与呕吐、心悸、心律失常、休克,老年人群,药物治疗,根据不同医院，收费标准不一致，市三甲医院约10000--50000,否,0.005%,60%,3个月,https://tag.120ask.com/jibing/lnrsgxblwx/
内科,内分泌科,老年人低血糖昏迷,内分泌科,头晕、躁动不安、出虚汗、面色苍白、心悸、手足冰凉、甚至昏迷跌倒,老年糖尿病人群,药物治疗、对症治疗,根据不同医院，收费标准不一致，市三甲医院约（300 —— 1000元）,否,糖尿病患者中发病率约5%,85%,2-4周,https://tag.120ask.com/jibing/lnrdxthm/
内科,内分泌科,老年人甲状腺功能亢进症,内分泌科,暴怒、便秘、充血、低热、第一心音亢进、恶病质、恶心,老年人,内科药物治疗、131I放射治疗、外科手术治疗,根据不同医院，收费标准不一致，市三甲医院约（2000——30000元）,否,0.0001%,30%,10-30天,https://tag.120ask.com/jibing/lnrjzxgnkjz/
内科,内分泌科,老年人糖尿病乳酸性中毒,内分泌科,恶心与呕吐、疲乏、无力、厌食、昏迷、嗜睡、深昏迷、休克、昏睡,老年人群,药物治疗、透析治疗,根据不同医院，收费标准不一致，市三甲医院约5000--10000,否,0.005%,85%,2-4月,https://tag.120ask.com/jibing/lnrtnbrsxzd/
内科,内分泌科,类固醇5α-还原酶2缺乏综合征,内分泌科,阴茎短、性腺发育不良、两性畸形、尿道下裂、盲袋阴道、精液少、无胡须腋毛和阴毛、色素沉着,男性人群,药物治疗,根据不同医院，收费标准不一致，市三甲医院约10000--30000,否,0.0008%,30--50%,1--3个月,https://tag.120ask.com/jibing/lgc5hym2qfzhz/
内科,内分泌科,老年人尿崩症,内分泌科,垂体功能减退、低血钾、多尿、多饮、耳聋、颅内压增高、尿崩、尿渗透压下降,老年人,中医药物治疗、西医药物治疗,根据不同医院，收费标准不一致，市三甲医院约（2000—— 5000元）,否,0.03%,30%,3--8周,https://tag.120ask.com/jibing/lnrnbz/
内科,内分泌科,老年人糖尿病酮症酸中毒,内分泌科,多饮多尿、体力及体重下降加重、皮肤干燥、眼球下陷、头痛、头晕、委靡继而烦躁、嗜睡、昏迷、呼吸中可有类似烂苹果气味的酮臭味,有糖尿病的患者较常见,药物治疗、支持治疗,根据不同医院，收费标准不一致，市三甲医院约（5000 —— 20000元）,否,0.12%,70%,7天,https://tag.120ask.com/jibing/lnrtnbtzszd/
内科,内分泌科,慢性淋巴细胞性甲状腺炎,内分泌科,甲状腺肿大、乏力、淋巴结肿大、结节、水肿、畏热、甲状腺肿、吞咽困难,所有人群,药物治疗,根据不同医院，收费标准不一致，市三甲医院约（3000 —— 5000元）,否,0.005%,65%,1-3个月,https://tag.120ask.com/jibing/mxlbxbxjzxy/
内科,内分泌科,类脂质蛋白沉积症,风湿免疫科,声音嘶哑、结节、脱发、丘疹、色素异常、糖尿、毛发异常、牙齿异常,发生于婴儿,对症治疗,根据不同医院，收费标准不一致，市三甲医院约3000--8000,否,发生率约为0.0002%--0.0004%,30%，多以控制症状为主,3-5个月,https://tag.120ask.com/jibing/lzzdbcjz/
内科,内分泌科,慢性纤维性甲状腺炎,内分泌科,甲状腺肿大、呼吸困难、吞咽困难,所有人群,药物治疗,根据不同医院，收费标准不一致，市三甲医院约（3000 —— 8000元）,否,0.001%,70%,10-30天,https://tag.120ask.com/jibing/mxxwxjzxy/
内科,内分泌科,慢性自身免疫性甲状腺炎,内分泌科,甲状腺呈弥漫性肿大质地坚韧、吞咽困难、甲亢面容,多见于中年女性,药物治疗,根据不同医院，收费标准不一致，市三甲医院约5000--10000,否,0.001%,60%,2-4周,https://tag.120ask.com/jibing/mxzsmyxjzxy/
内科,内分泌科,老年人痛风,肾内科,关节红肿热痛、喝酒、吃海鲜等加重,饮酒、爱吃豆类的老年人易发,药物治疗、饮食调理,根据不同医院，收费标准不一致，市三甲医院约（1000 —— 3000元）,否,5%,70%,3-6月,https://tag.120ask.com/jibing/lnrtf/
内科,内分泌科,老年人异位抗利尿素分泌综合征,老年科,低钠血症、恶心、乏力、高渗尿、昏迷、肌痛、脑水肿、皮质素不足,老年人群,药物治疗、手术治疗,根据不同医院，收费标准不一致，市三甲医院约（50000 —— 70000元）,否,0.008%,40%,2个月,https://tag.120ask.com/jibing/lnrywklnsfmzhz/
内科,内分泌科,淋巴细胞性垂体炎,内分泌科,尿崩、乏力、嗜睡、毛发脱落、溢乳、头痛、视力视野改变、肥胖,多见于妊娠时或产后妇女,药物治疗,根据不同医院，收费标准不一致，市三甲医院约10000--50000,否,0.005%,80%,2-4月,https://tag.120ask.com/jibing/lbxbxcty/
内科,内分泌科,泌乳素瘤,肿瘤科、内分泌科,非孕期非哺乳期乳房有乳汁分泌、月经不调,育龄期妇女易发,药物治疗、手术治疗,根据不同医院，收费标准不一致，市三甲医院约（10000 —— 30000元）,否,0.03%,80%,3-6月,https://tag.120ask.com/jibing/mrsl/
内科,内分泌科,卵巢过度刺激综合征,妇科,下腹不适、沉重感或轻微的下腹痛、纳差、卵巢增大可达5cm、恶心、呕吐、口渴、偶伴腹泻、体重增加,使用促排卵药物的女性,西药治疗,根据不同医院，收费标准不一致，市三甲医院约（2000—— 5000元）,否,0.001%,40%,7-10天,https://tag.120ask.com/jibing/lcgdcjzhz/
内科,内分泌科,雷凡斯坦综合征,内分泌科,尿道下裂、盲袋阴道、阴蒂肥大、隐睾、血清睾酮浓度明显升高,所有群体,病因治疗、对症治疗,根据不同医院，收费标准不一致，市三甲医院约（2000-5000元）,否,0.001%,40%,3个月,https://tag.120ask.com/jibing/lfstzhz/
内科,内分泌科,内分泌性眼球突出,内分泌科,眼球突出、甲状腺肿大、视力障碍、视野缺损,所有群体,药物治疗、手术治疗,根据不同医院，收费标准不一致，市三甲医院约（500-1000元）,否,0.001%,60%,1-3个月,https://tag.120ask.com/jibing/nfmxyqtc/
内科,内分泌科,男性青春期发育延迟,内分泌科,不长喉结、不长腋毛、不长阴毛,营养不良的男性青年多见,饮食调理、药物治疗,根据不同医院，收费标准不一致，市三甲医院约1000--5000,否,发病率约为0.01%-0.02%，多为青春期延迟,75%,1-2年,https://tag.120ask.com/jibing/nxqcqfyyc/
内科,内分泌科,纳尔逊综合征,内分泌科,色素异常、头痛、视力障碍、眼睑下垂、视神经萎缩、视野缩小、恶心与呕吐、皮肤硬化、视力视野改变、乏力,所有群体,手术治疗,根据不同医院，收费标准不一致，市三甲医院约（5000-10000元）,否,0.0001%,70%,1--6个月,https://tag.120ask.com/jibing/nexzhz/
内科,内分泌科,男性青春期乳房发育,内分泌科,肝掌、腹部肿块、蜘蛛痣,儿童期、青春期男性,药物治疗、手术治疗,根据不同医院，收费标准不一致，市三甲医院约（400—— 2000元）,否,0.6%(上述为儿童期、青春期男性患病概率),99.1%,4-8周,https://tag.120ask.com/jibing/nxqcqrffy/
内科,内分泌科,男性乳房肥大症,乳腺外科,乳房肿块、男性乳房大,所有人群,药物治疗,根据不同医院，收费标准不一致，市三甲医院约（3000 —— 5000元）,否,0.05%，肥胖者多见,78%,2-4周,https://tag.120ask.com/jibing/nxrffdz/
内科,内分泌科,男性生殖腺机能减退症,内分泌科,两性畸形、雄激素过少、睾丸微小、无胡须腋毛和阴毛、性欲减退、男性不育,所有群体,病因治疗、对症治疗,据不同医院，收费标准不一致，市三甲医院约（1000-5000元）,否,0.005%,60%,1-2个月,https://tag.120ask.com/jibing/nxszxjnjtz/
内科,内分泌科,黏多糖贮积症Ⅲ型,儿内科,智力低下、进行性神经症状如抽风、运动过多、痉挛性四肢瘫、全身无力、攻击性行为,一般在4～7岁发病，10岁时最严重,药物治疗,根据不同医院，收费标准不一致，市三甲医院约（3000 —— 8000元）,否,0.001%,40%,2-4个月,https://tag.120ask.com/jibing/dtzjzsanx/
内科,内分泌科,黏脂贮积症Ⅳ型,儿内科,角膜浑浊、智力低下、四肢肌张力低下、精神异常、,儿童,遗传咨询和优生,根据不同医院，收费标准不一致，市三甲医院约（500 —— 1000元）,否,0.001%,30%,终身间歇性治疗,https://tag.120ask.com/jibing/zzjzsix/
内科,内分泌科,男性特纳综合征,内分泌科,心脏畸形、眼睑下垂、隐睾,性染色体畸变的男性,手术治疗、药物治疗,根据不同医院，收费标准不一致，市三甲医院约（3000—— 8000元）,否,0.0004%,,终身治疗,https://tag.120ask.com/jibing/nxtnzhz/
内科,内分泌科,黏多糖贮积症Ⅳ型,儿内科,一般在45岁时因走路困难并出现脊柱畸形方被发现、身材矮小、脊柱变短而肢体相对过长、站立时手可伸至膝部、关节肿大以腕、膝部为著、呈球形,儿童、两性均可发病，男稍多于女,预防为主、药物治疗、手术治疗,根据不同医院，收费标准不一致，市三甲医院约（3000 —— 10000元）,否,本病发病率约为0.0004%-0.0008%,30%-40%,终身治疗,https://tag.120ask.com/jibing/dtzjzsix/
内科,内分泌科,男性性早熟,内分泌科、儿科,年纪过小长喉结、腋毛、阴毛,经常吃保健品或反季的疏菜水果的幼儿多见,药物治疗、饮食调节,根据不同医院，收费标准不一致，市三甲医院约（2000 —— 5000元）,否,10%,80%,3-6月,https://tag.120ask.com/jibing/nxxzs/
内科,内分泌科,黏多糖贮积症Ⅴ型,儿内科,进行性角膜周边部浑浊、可发生色素性视网膜炎、关节强直、爪状手、面、容轻度粗笨样、口宽大多毛、无明显侏儒,儿童,药物治疗,根据不同医院，收费标准不一致，市三甲医院约（3000 —— 8000元）,否,0.000001%,20-30%，大多以控制症状为主,终身治疗,https://tag.120ask.com/jibing/dtzjzwux/
内科,内分泌科,女性的青春期延迟,内分泌科,有家族遗传史、13-16岁仍缺乏第二性征发育、身材矮小、幼稚、智力正常、骨龄成熟相应延迟,青春期女性,药物治疗,根据不同医院，收费标准不一致，市三甲医院约（5000—— 10000元）,否,0.4%～0.6%,80%,3个月,https://tag.120ask.com/jibing/nxdqcqyc/
内科,内分泌科,男子乳房发育症,内分泌科,男性乳房大、乳房肿块、乳房硬化、乳房胀痛、乳房肥大,男性,药物治疗、手术治疗,根据不同医院，收费标准不一致，市三甲医院约（5000-10000元）,否,0.001%,70%,1-3个月,https://tag.120ask.com/jibing/nzrffyz/
内科,内分泌科,黏多糖贮积症Ⅵ型,儿内科,关节运动受限、疝气、四肢挛缩、容貌粗笨、短颈、身材矮小、因躯干和四肢发育迟缓、故可出现身材比例失调,儿童,手术治疗、药物治疗,根据不同医院，收费标准不一致，市三甲医院约（3000 —— 8000元）,否,0.0002%-0.0005%,10%-20%,大部分患儿需要终身治疗,https://tag.120ask.com/jibing/dtzjzliux/
内科,内分泌科,男子乳腺发育,内分泌科,乳房胀痛、乳房肥大、乳房硬化、男性乳房大、乳头溢液、乳腺肥大,男性,药物治疗、手术治疗,根据不同医院，收费标准不一致，市三甲医院约（1000-5000元）,否,0.03%--0.09%(肥胖男性发病率约为0.03%--0.09%),75%,3-6个月,https://tag.120ask.com/jibing/nzrxfy/
内科,内分泌科,黏多糖贮积症Ⅶ型,儿内科,生后不久就出现特殊容貌、肝脾肿大和生长迟缓、以后可出现反复呼吸道感染、反应迟钝、驼背和其他畸形,儿童,药物治疗,根据不同医院，收费标准不一致，市三甲医院约（3000 —— 8000元）,否,0.02%,75%,2-4月,https://tag.120ask.com/jibing/dtzjzqix/
内科,内分泌科,男子雄激素源性秃发,内分泌科,脱发、毛发稀少、毛发脱落、秃斑,男性人群,药物治疗,根据不同医院，收费标准不一致，市三甲医院约1000--5000,否,0.0005%,,治疗周期90天,https://tag.120ask.com/jibing/nzxjsyxtf/
内科,内分泌科,黏多糖贮积症Ⅷ型,儿内科,身材较同龄矮小、上部较短、肢体相对长、部分患者可关节肿大、以膝关节为主、患者面容多异常、表现为鼻梁低平、眼距增宽、智力低下、角膜正常、毛发多而粗,儿童,药物治疗,根据不同医院，收费标准不一致，市三甲医院约（3000 —— 8000元）,否,本病罕见，发病率约为0.0008%-0.0009%,,终身治疗,https://tag.120ask.com/jibing/dtzjzbax/
内科,内分泌科,脑垂体功能异常伴发的精神障碍,内分泌科,易激惹、焦虑、意识障碍、木僵、呆滞、躁狂、眩晕、情绪低落、痴呆、幻觉、抑郁、思维贫乏,所有群体,病因治疗、对症治疗,根据不同医院，收费标准不一致，市三甲医院约（1000-5000元）,否,0.002%,60%,3个月,https://tag.120ask.com/jibing/nctgnycbfdjsza/
内科,内分泌科,黏脂贮积症Ⅰ型,儿内科,眼间距过宽、眶上嵴轻度突出、扁平鼻梁和短头畸形、轻度骨畸形、智力发育迟缓、部分患儿有角膜浑浊和皮肤樱红斑点、常有语言发育迟缓和听力障碍、骨骼异常,儿童,药物治疗,根据不同医院，收费标准不一致，市三甲医院约（3000 —— 8000元）,否,0.001%,40%,3个月,https://tag.120ask.com/jibing/zzjzyix/
内科,内分泌科,皮肤穿入性毛囊和毛囊周角化病,内分泌科、皮肤科,结节、丘疹,所有人群,药物治疗,根据不同医院，收费标准不一致，市三甲医院约1000-3000元,否,0.001%-0.01%,30--50%,1--3个月,https://tag.120ask.com/jibing/pfcrxmnhmnzjhb/
内科,内分泌科,青春期发育迟缓,内分泌科,无月经来潮、乳房或乳头未发育、性发育慢、青春期胸部发育缓慢、青春期身体发育缓慢,青少年,病因治疗、对症治疗,根据不同医院，收费标准不一致，市三甲医院约（100-500元）,否,0.003%,80%,3-6月,https://tag.120ask.com/jibing/qcqfych/
内科,内分泌科,黏脂贮积症Ⅱ型,儿内科,全身性肌张力低、不能在床上滚动、头支撑不良和许多外观异常、部分病例可有重度智力低下,儿童,手术治疗,根据不同医院，收费标准不一致，市三甲医院约（10000 —— 50000元）,否,发病率约为0.002%-0.003%,,1-3个月,https://tag.120ask.com/jibing/zzjzerx/
内科,内分泌科,青年人中的成年发病型糖尿病,内分泌科,多饮、多尿、餐后血糖高、血糖升高,所有群体,病因治疗、对症治疗,根据不同医院，收费标准不一致，市三甲医院约（1000-5000元）,否,0.005%,40%,3个月,https://tag.120ask.com/jibing/qnrzdcnfbxtnb/
内科,内分泌科,妊娠合并甲状腺功能减退,产科、内分泌科,疲乏、无力、面部浮肿、抑郁、孕妇乏力、易疲乏、嗜睡、手指发僵疼痛、皮肤干燥、心音低钝,孕妇,病因治疗、对症治疗,根据不同医院，收费标准不一致，市三甲医院约（500-1000元）,否,0.005%,90%,3-6月,https://tag.120ask.com/jibing/rshbjzxgnjt/
内科,内分泌科,功能失调性子宫出血病,妇科,无规律地子宫出血血量时多时少、周期短于21天、时流时止、头晕、心慌、气短、乏力、水肿、食欲不振,更年期女性,手术治疗,根据不同医院，收费标准不一致，市三甲医院约（8000-11000元）,否,0.006%,80%,10-30天,https://tag.120ask.com/jibing/gnsdxzgcxb/
内科,内分泌科,痛性肥胖病,神经内科,痴呆、剧痛、衰弱、停经、抑郁,病年龄多为30～50岁、即育龄妇女,对症治疗、药物治疗,根据不同医院，收费标准不一致，市三甲医院约（2000 —— 8000元）,否,0.003%-0.004%,60%,6-12个月,https://tag.120ask.com/jibing/txfpb/
内科,内分泌科,糖尿病性神经病,内分泌科,多饮、多食、多尿、消瘦、疲乏、胃肠功能紊乱、腹泻、膀胱障碍、阳痿萎、体位性低血压,中老年,西药,根据不同医院，收费标准不一致，市三甲医院约（10000 —— 50000元）,否,0.5%,20%,1-3个月,https://tag.120ask.com/jibing/tnbxsjb/
内科,内分泌科,全身脂肪代谢障碍,内分泌科,多尿、肝脾肿大、高血压、皮下脂肪消失、偏瘫、消瘦、心脏肥大、脂肪代谢障碍,分为先天型与成人型两类,中医药物治疗、西医药物治疗,根据不同医院，收费标准不一致，市三甲医院约（300 —— 1000元）,否,0.001%,40%,30天,https://tag.120ask.com/jibing/qszfdxza/
内科,内分泌科,妊娠合并慢性肾上腺皮质功能减,产科,皮肤粘膜色素斑、精神萎靡、孕妇嗜睡、孕妇乏力,孕妇人群,药物治疗,根据不同医院，收费标准不一致，市三甲医院约10000--30000,否,0.001%--0.002%(发病率约为0.001%--0.002%，多见于产后大出血的孕妇),60-70%,8-12周,https://tag.120ask.com/jibing/rshbmxssxpzgnjt/
内科,内分泌科,乳溢,内分泌科,闭经、继发性闭经、库欣综合征、盆腔肿块、头痛、外阴萎缩、溢乳、月经稀少,青年男性或未哺乳女性,药物治疗、放疗、手术治疗,根据不同医院，收费标准不一致，市三甲医院约（2000—— 5000元）,否,0.001%,99%,3-6周,https://tag.120ask.com/jibing/ruyi/
内科,内分泌科,醛固酮缺乏症,内分泌科,食欲不振、恶心与呕吐、心律失常、高钾血症、高血钾、低血压、口渴喜饮、血压下降、失水、乏力,多见于中老年人群,药物治疗,根据不同医院，收费标准不一致，市三甲医院约（1000--3000元）,否,0.0004%-0.0008%,,终身间歇性对症治疗,https://tag.120ask.com/jibing/qgtqfz/
内科,内分泌科,慢性肾上腺皮质功能减退症,内分泌科,色素异常、乏力、食欲不振、恶心与呕吐、消瘦、嗜睡、肾上腺危象、腹泻、视力障碍、复视、精神障碍、抽搐,所有人群,药物治疗,根据不同医院，收费标准不一致，市三甲医院约（10000--30000元）,否,0.0001%--0.0002%,85%,需终身口服糖皮质激素进行替代治疗,https://tag.120ask.com/jibing/mxssxpzgnjtz/
内科,内分泌科,妊娠期甲状腺功能亢进,妇产科,甲状腺肿大、眼球突出、面色潮红、心悸、体重减轻、失眠、腹泻、易激动、食欲异常、双手震颤,孕妇,药物治疗、预防治疗,根据不同医院，收费标准不一致，市三甲医院约（1000-5000元）,否,0.001%,85%,3-6个月,https://tag.120ask.com/jibing/rsqjzxgnkj/
内科,内分泌科,散发性甲状腺肿,内分泌科,疼痛、呼吸困难、咳嗽、吞咽困难、声音嘶哑、面部水肿,所有人群,药物治疗,根据不同医院，收费标准不一致，市三甲医院约4000--8000,否,0.013%,60%,1-3个月,https://tag.120ask.com/jibing/sfxjzxz/
内科,内分泌科,热汗,中医科,心火不宁，烦躁出汗,青壮年,中医药物治疗、西医药物治疗,根据不同医院，收费标准不一致，市三甲医院约（500 —— 1000元）,否,0.02%,80%,7--10天,https://tag.120ask.com/jibing/rehan/
内科,内分泌科,妊娠期糖尿病,妇产科,孕期尿糖多次检测阳性、体重大于90Kg、胎儿偏大、羊水量多,有糖尿病家族史的孕期女性,饮食指导、西药治疗,根据不同医院，收费标准不一致，市三甲医院约（1000 —— 5000元）,否,0.08%,85%,1-3个月,https://tag.120ask.com/jibing/rsqtnb/
内科,内分泌科,舌扁平苔藓,口腔科,部分患者无自觉症状、口腔黏膜白色丘疹、水泡、口干、烧灼感、刺痒、粘膜糜烂、遇辣、热、咸味刺激时疼痛,中年人,西药治疗，中药治疗,根据不同医院，收费标准不一致，市三甲医院约（5000 —— 10000元）,否,2%,90%,3-6周,https://tag.120ask.com/jibing/sbpt/
内科,内分泌科,乳酸酸中毒,急诊科,恶心、腹痛、昏迷、木僵、神志模糊、嗜睡、休克、紫绀,所有人群,血液透析、药物治疗,根据不同医院，收费标准不一致，市三甲医院约（3000—— 8000元）,否,0.13%,87%,15天,https://tag.120ask.com/jibing/rsszd/
内科,内分泌科,神经性厌食症与神经性贪食症,心理科,暴饮暴食、 闭经 、便秘、 低钾血症、 低血压 、多尿 、恶病质 、腹鸣、判断障碍、消瘦、性格孤僻、精神抑郁、厌食、腹痛、腹胀、早饱、皮肤干燥、毳毛增多、皮肤皱褶多深、营养不良、闭经、性功能减退、阴毛、腋毛脱落、乳房子宫萎缩、低血糖、多尿,所有人群,精神行为治疗、饮食治疗、 药物治疗,根据不同医院，收费标准不一致，市三甲医院约(10000----30000元),否,0.002%,75%,3个月,https://tag.120ask.com/jibing/sjxyszysjxtsz/
内科,内分泌科,妊娠合并甲状旁腺功能减退,产科,烦躁不安、 易激动、 抑郁、指端或口唇部麻木和刺痛、手足与面部肌肉痉挛。,妊娠妇女,中医药物治疗、西医药物治疗,根据不同医院，收费标准不一致，市三甲医院约（5000 —— 10000元）,否,0.001%,30%,1-3个月,https://tag.120ask.com/jibing/rshbjzpxgnjt/
内科,内分泌科,乳头状囊腺癌,乳腺外科,面部一侧或者口腔内下颌部位出现一个无痛性肿块、生长较快,所有人群,手术治疗,根据不同医院，收费标准不一致，市三甲医院约（10000 —— 20000元）,否,0.001%-0.0025%,55%(外科手术治疗),1-3个月,https://tag.120ask.com/jibing/rtznxa/
内科,内分泌科,妊娠合并甲状旁腺功能亢进,产科、内分泌科,食欲减退、腹胀、消化不良、恶心、呕吐、便秘、多尿、血尿、骨骼疼痛、孕妇乏力、反酸、嗳气、上腹部烧灼感,孕妇人群,保守治疗、手术治疗、药物治疗、对症治疗,根据不同医院，收费标准不一致，市三甲医院约10000--50000,否,0.001%,98%,6个月,https://tag.120ask.com/jibing/rshbjzpxgnkj/
内科,内分泌科,肾上腺皮质功能异常伴发的精神,神经内科,幻觉、易激惹、意识障碍、嗜睡、躁狂、情绪起伏大、精神障碍、抑郁、幻听、记忆力障碍、哭泣晕厥、烦躁不安,所有人群,药物治疗、手术治疗,根据不同医院，收费标准不一致，市三甲医院约（5000-10000元）,否,0.0006%,75%,2-4年,https://tag.120ask.com/jibing/ssxpzgnycbfdjsza/
内科,内分泌科,肾上腺意外瘤,内分泌科,高血压、骨质疏松、库欣综合征、皮质醇增多、肾上腺转移、向心性肥胖,中老年人,手术治疗、保守治疗,根据不同医院，收费标准不一致，市三甲医院约（8000 —— 10000元）,否,0.06%,70%,1-3个月,https://tag.120ask.com/jibing/ssxywl/
内科,内分泌科,下丘脑多汗症,神经内科,盗汗、上半身代偿性多汗、发作性局限性出汗,所有人群,药物治疗、病因治疗、心理治疗、中药治疗,根据不同医院，收费标准不一致，市三甲医院约5000--12000,否,0.005%-0.008%,,终身间歇性治疗,https://tag.120ask.com/jibing/xqndhz/
内科,内分泌科,肾上腺髓质增生,内分泌科,心悸、头痛、呕吐、周身出汗、出汗异常、活动后气促、眩晕、恶心与呕吐,所有人群,手术治疗、药物治疗、中药治疗,根据不同医院，收费标准不一致，市三甲医院约10000--30000,否,0.0032%,65%,1-3个月,https://tag.120ask.com/jibing/ssxszzs/
内科,内分泌科,肾上腺危象,内分泌科,发热、厌食、恶心与呕吐、心率增快、脱水、昏迷、嗜睡、腹痛、腹泻、虚脱,原基础疾病继发,药物治疗,根据不同医院，收费标准不一致，市三甲医院约（10000-50000元）,否,0.0001%,85%,7-10天,https://tag.120ask.com/jibing/ssxwx/
内科,内分泌科,太阳病,中医科,头痛、发热、汗出、恶风,普通人群,中医药物治疗,根据不同医院，收费标准不一致，市三甲医院约（50 —— 1000元）,否,0.02%,60%,7--14天,https://tag.120ask.com/jibing/taiyangbing/
内科,内分泌科,糖代谢异常伴发的精神障碍,内分泌科,神经衰弱综合征、抑郁、焦虑、幻觉、意识障碍、易激惹、嗜睡、乏力、记忆力障碍、注意力不集中、紧张、恐惧,所有群体,病因治疗、对症治疗,根据不同医院，收费标准不一致，市三甲医院约（1000-5000元）,否,0.0013%,20%,1-2个月,https://tag.120ask.com/jibing/tdxycbfdjsza/
内科,内分泌科,糖尿病性视网膜病变,眼科,多尿、多饮、高血压、贫血、视神经萎缩、视网膜出血、视网膜水肿、视网膜脱离,糖尿病患者,一般治疗、药物治疗、中药治疗、物理治疗、手术治疗,根据不同医院，收费标准不一致，市三甲医院约（10000——50000元）,否,0.02%-0.05%,,终身治疗,https://tag.120ask.com/jibing/tnbxswmbb/
内科,内分泌科,嗜酸性腺瘤,肿瘤科,肿瘤一般为圆形或椭圆形、表面光滑、个别呈结节状,50～60岁人群,手术治疗,根据不同医院，收费标准不一致，市三甲医院约（4000-6000元）,否,0.02%,75%,2-4月,https://tag.120ask.com/jibing/ssxxl/
内科,内分泌科,糖尿病合并低血糖,内分泌科,心悸、焦虑、听力减退、嗜睡、四肢俱软、出汗异常、饥饿时上腹痛、紧张、面色苍白、视物模糊、复视,糖尿病患者,药物治疗,根据不同医院，收费标准不一致，市三甲医院约5000--8000,否,0.005%，糖尿病患者发病率高达3%,80%,2-4周,https://tag.120ask.com/jibing/tnbhbdxt/
内科,内分泌科,暑湿,中医科,身热、头身重病、微汗、口渴、脘痞,成年人,中医药物治疗、西医药物治疗,根据不同医院，收费标准不一致，市三甲医院约（500 —— 1000元）,否,0.30%,99%,7天,https://tag.120ask.com/jibing/shushi/
内科,内分泌科,糖尿病和高血压,内分泌科、心血管内科,口渴、尿多、头晕、头痛、体重减轻、多食、头疼、头昏,40岁以上人群多见,药物治疗、饮食调理,根据不同医院，收费标准不一致，市三甲医院约（5000 —— 8000元）,否,50岁以上患病概率10%,10%,6-12个月,https://tag.120ask.com/jibing/tnbhgxy/
内科,内分泌科,糖原贮积病,内分泌科,空腹低血糖、智力减低、惊厥、腹水、昏迷、黄疸、肌无力,遗传疾病,药物治疗、对症治疗、支持治疗,根据不同医院，收费标准不一致，市三甲医院约5000--10000,否,0.005%-0.007%,74%,1-3年,https://tag.120ask.com/jibing/tyzjb/
内科,内分泌科,糖尿病乳酸性酸中毒,内分泌科,恶心与呕吐、腹泻、休克、体温过低、皮肤潮红肿胀、呕吐、意识障碍,糖尿病患者,药物治疗、预防治疗、透析治疗,根据不同医院，收费标准不一致，市三甲医院约10000--30000,否,0.003%,70%,3个月,https://tag.120ask.com/jibing/tnbrsxszd/
内科,内分泌科,糖原贮积病Ⅰ型,内分泌科,凝血功能障碍、发育迟缓、心力衰竭、巨舌肌无力,婴幼儿,西医药物治疗,根据不同医院，收费标准不一致，市三甲医院约（4000-6000元）,否,0.002%,40%,2个月,https://tag.120ask.com/jibing/tyzjbx/
内科,内分泌科,糖原贮积病Ⅱ型,神经内科,婴儿在进食后发绀、呼吸困难、呼吸窘迫、弛缓性瘫痪、儿童和成年人多见四肢肌肉萎缩、无力、,各年龄组均可发病,药物治疗,根据不同医院，收费标准不一致，市三甲医院约（3000 —— 10000元）,否,0.0003%-0.004%,,8-12周,https://tag.120ask.com/jibing/tyzjberx/
内科,内分泌科,糖尿病心脏病,内分泌科,休息时心动过速、无痛性心肌梗死、直立性低血压、猝死,中老年人,西药治疗,根据不同医院，收费标准不一致，市三甲医院约（10000 —— 50000元）,否,0.5%,30%,5-6个月,https://tag.120ask.com/jibing/tnbxzb/
内科,内分泌科,糖原贮积病Ⅴ型,神经内科,运动后肌痉挛和偶伴一过性肌红蛋白尿、肌疲劳和肌无力,各年龄组均可发病,药物治疗,根据不同医院，收费标准不一致，市三甲医院约（3000 —— 8000元）,否,0.005%--0.009%,40-50%,4-8周,https://tag.120ask.com/jibing/tyzjbwux/
内科,内分泌科,特发性低促性腺激素性性腺功能,内分泌科,喉结不明显、无胡须腋毛和阴毛、骨龄延迟、隐睾、肋骨融合、嗅觉丧失、神经性耳聋、红色盲、绿色盲、弓形足、咖啡斑、性腺发育不良,所有群体,病因治疗、对症治疗,根据不同医院，收费标准不一致，市三甲医院约（1000-5000元）,否,0.005%,68%,1-3个月,https://tag.120ask.com/jibing/tfxdcxxjsxxxgnjtz/
内科,内分泌科,糖尿病性肾病,内分泌科,尿少、蛋白尿、血尿,有糖尿病、病史比较长的患者多见,药物治疗、换肾治疗,根据不同医院，收费标准不一致，市三甲医院约（5000 —— 10000元）,否,0.102%,10%,30天,https://tag.120ask.com/jibing/tnbxsb/
内科,内分泌科,特发性青春期延迟,内分泌科,患儿生长停滞、男孩主要表现为睾丸体积不增大、女孩乳房不发育,青少年,药物治疗,根据不同医院，收费标准不一致，市三甲医院约（5000 —— 10000元）,否,0.002%-0.005%(多见于男性，由于性激素缺乏所致),85%,1-2年,https://tag.120ask.com/jibing/tfxqcqyc/
内科,内分泌科,特发性皮肤钙化病,皮肤科,大关节附近坚硬的皮下结节、皮肤损害呈坚硬的白色丘疹,肾性甲状旁腺功能亢进及骨营养不良者,西医药物治疗,根据不同医院，收费标准不一致，市三甲医院约（1000-5000元）,否,0.0021%,75%,1-2个月,https://tag.120ask.com/jibing/tfxpfghb/
内科,内分泌科,松果体瘤,神经外科,头痛、呕吐、两眼上视不能、动眼神经麻痹、使眼球运动障碍、共济失调瞳孔反射改变、阿罗瞳孔嗜睡、视力下降、视神经乳头水肿、性早熟表现、精神异常、多食嗜睡、肥胖、及行为异常、体温调节失衡,多见于男孩,放疗、手术治疗、化疗,根据不同医院，收费标准不一致，市三甲医院约(100000--200000元),否,0.001%,20--40%,1-3月,https://tag.120ask.com/jibing/sgtl/
内科,内分泌科,痛风和高尿酸血症,风湿免疫科,关节疼痛、痛风结石、肾功能损害,中青年男性,药物治疗,根据不同医院，收费标准不一致，市三甲医院约（2000 —— 3000元）,否,0.073%,,需要终身治疗,https://tag.120ask.com/jibing/tfhgnsxz/
内科,内分泌科,涎瘘,口腔科,颜面皮肤小瘘口，垂液流出,成年人,中医药物治疗、西医药物治疗、手术治疗,根据不同医院，收费标准不一致，市三甲医院约（5000 —— 10000元）,否,0.002%,70%,1个月,https://tag.120ask.com/jibing/xian/
内科,内分泌科,无功能垂体腺瘤,神经外科,头痛、视觉缺损、视力障碍、呕吐、颅内压增高、同向偏盲视、神经萎缩、脑积水、视盘水肿、癫痫样抽搐,好发于青壮年,西医手术治疗、西医药物治疗、放射治疗,根据不同医院，收费标准不一致，市三甲医院约（50000 —— 100000元）,否,0.0012%,30%,1-2个月,https://tag.120ask.com/jibing/wgnctxl/
内科,内分泌科,涎腺病毒病,口腔科,黄疸、紫癜、发热、触痛,婴儿,药物治疗、中药治疗,根据不同医院，收费标准不一致，市三甲医院约8000--12000,否,0.060%,90%,2-5周,https://tag.120ask.com/jibing/xxbdb/
内科,内分泌科,无功能性甲状旁腺囊肿,内分泌科,颈前肿物、压迫症状、肿物大小不一、表面光滑、质地柔软、波动感、无触痛,好发于青中年，以女性多发,穿刺抽液法、甲状旁腺囊肿切除术,根据不同医院，收费标准不一致，市三甲医院约（10000 —— 15000元）,否,0.0025%,75%,7-21天,https://tag.120ask.com/jibing/wgnxjzpxnz/
内科,内分泌科,涎腺的未分化癌,肿瘤科、口腔科,疼痛性肿块、面神经出现瘫痪、与周围组织粘、肿块固定、皮肤受累可破溃,男女无差别、各年纪均可见,手术治疗、化疗、药物治疗,根据不同医院，收费标准不一致，市三甲医院约（20000 —— 60000元）,否,发病率约为0.001%,,1-3个月,https://tag.120ask.com/jibing/xxdwfha/
内科,内分泌科,外科淋巴管瘤,普外科,呼吸道阻塞、继发感染、舌炎、肢体肿胀、口腔血泡、淋巴管淤积,中老年人,手术治疗,根据不同医院，收费标准不一致，市三甲医院约（30000 —— 70000元）,否,0.2%--0.4%(50岁以上人群，发病率约0.2%--0.4%),40-60%,1-2年,https://tag.120ask.com/jibing/wklbgl/
内科,内分泌科,无痛性甲状腺炎,内分泌科,低热、多汗、心动过速、无甲状腺疼痛,产后多见,西药治疗,根据不同医院，收费标准不一致，市三甲医院约（5000 —— 10000元）,否,0.03%(上述为女性产后发病率),60%,2-3年,https://tag.120ask.com/jibing/wtxjzxy/
内科,内分泌科,涎腺混合瘤,内分泌科、口腔科,咽部异物感、腮腺无痛性肿块、面神经瘫痪、颌下腺肿大,所有群体,手术治疗,根据不同医院，收费标准不一致，市三甲医院约（10000 —— 50000元）,否,0.0052%,60%,10--21天,https://tag.120ask.com/jibing/xxhhl/
内科,内分泌科,外科皮脂腺囊肿,普外科,体表无痛性肿物,各年龄人群,手术治疗,根据不同医院，收费标准不一致，市三甲医院约（500—— 1000元）,否,0.0004%-0.0007%,90%(外科手术治疗),2-4周,https://tag.120ask.com/jibing/wkpzxnz/
内科,内分泌科,希恩综合征,内分泌科,月经不来、面色苍白、浮肿,生产时出现过大出血的妇女多见,药物替代疗法,根据不同医院，收费标准不一致，市三甲医院约（20000 —— 50000元）,否,0.1%,85%,2-4月,https://tag.120ask.com/jibing/xienzhz/
内科,内分泌科,涎腺结核,结核科,脓性分泌物、疼痛,所有人群,药物治疗、手术治疗,根据不同医院，收费标准不一致，市三甲医院约（5000 —— 20000元）,是,0.001%,65%,2-3年,https://tag.120ask.com/jibing/xxjh/
内科,内分泌科,维生素D依赖性佝偻病,神经内科,肌性肌无力、骨痛、碱性磷酸酶增高、异常矮小,常见于儿童,药物治疗,根据不同医院，收费标准不一致，市三甲医院约（300 —— 1000元）,否,0.001%,60%,10天,https://tag.120ask.com/jibing/wssdylxb/
内科,内分泌科,涎腺囊肿,口腔颌面外科,口腔粘膜下肿胀、流脓,青壮年,西医疗法、中医疗法,根据不同医院，收费标准不一致，市三甲医院约（500 —— 2000元）,否,0.025%,50--70%,10--21天,https://tag.120ask.com/jibing/xxnz/
内科,内分泌科,下丘脑疾病,内分泌科,肥胖、厌食、消瘦、体温调节紊乱、食欲异常、顽固性失眠、头痛、视野缺损、定向力障碍、幻觉、发绀,所有群体,病因治疗、对症治疗,根据不同医院，收费标准不一致，市三甲医院约（5000-10000元）,否,0.002%,75%,1-3个月,https://tag.120ask.com/jibing/xqnjb/
内科,内分泌科,腺淋巴瘤,血液科、普外科,囊肿、腮腺无痛性肿块,所有人群,药物治疗,根据不同医院，收费标准不一致，市三甲医院约（10000 —— 30000元）,否,0.052%,,2-4月,https://tag.120ask.com/jibing/xlbl/
内科,内分泌科,下丘脑综合征,内分泌科,尿崩、头痛、视力障碍、肥胖、嗜睡、下丘脑损害、智力减低、食欲异常、精神恍惚、性发育慢、性早熟,所有群体,病因治疗、对症治疗,根据不同医院，收费标准不一致，市三甲医院约（1000-5000元）,否,0.0035%,75%,2-4个月,https://tag.120ask.com/jibing/xqnzhz/
内科,内分泌科,腺泡细胞癌,肿瘤科,淋巴结肿、结节,40～60岁女性,手术治疗,根据不同医院，收费标准不一致，市三甲医院约（5000-8000元）,否,0.005%,20%,3个月,https://tag.120ask.com/jibing/xpxba/
内科,内分泌科,小儿多发性内分泌腺瘤Ⅱ型,肿瘤科、内分泌科,腹泻、消化性溃疡、潮热、阴部皮肤潮红、肛周皮肤潮红,遗传患者,药物治疗,根据不同医院，收费标准不一致，市三甲医院约（6000--10000元）,否,0.00021%,80%,10-30天,https://tag.120ask.com/jibing/xedfxnfmxlx/
内科,内分泌科,小儿阿姆斯特丹型侏儒,儿内科,发绀、斜视,婴幼儿,对症治疗、手术治疗,根据不同医院，收费标准不一致，市三甲医院约（3000 —— 8000元）,否,0.0001%,30%,3-5年,https://tag.120ask.com/jibing/xeamstdxr/
内科,内分泌科,小儿结节性甲状腺肿,内分泌科,可触及单个或多个圆形结节，表面光滑，很少粘连，无触痛,儿童,药物治疗、手术治疗,根据不同医院，收费标准不一致，市三甲医院约（1000 —— 10000元）,否,0.002%,75%,3个月,https://tag.120ask.com/jibing/xejjxjzxz/
内科,内分泌科,小儿肥胖性生殖无能综合征,儿科,男童常有阴茎、阴囊及睾丸甚小、往往有隐睾、女孩则乳房特别大而乳腺呈萎缩状态、内、外生殖器均发育不良、,20岁以下的男童多见,手术治疗,根据不同医院，收费标准不一致，市三甲医院约（10000-50000元）,否,儿童发病率约为0.0004%-0.0006%,,3-6个月,https://tag.120ask.com/jibing/xefpxszwnzhz/
内科,内分泌科,小儿埃莱尔-当洛综合征,儿内科,反复出血、关节松弛、结节、静脉曲张、膀胱憩室、血肿形成,儿童,对症治疗、手术治疗,根据不同医院，收费标准不一致，市三甲医院约（3000 —— 10000元）,否,0.00351%,40%,1-3个月,https://tag.120ask.com/jibing/xealedlzhz/
内科,内分泌科,小儿抗利尿激素分泌异常综合征,内分泌科,食欲不振、恶心与呕吐、惊厥、昏迷、中心静脉压偏高、低钠血症、水中毒、食欲异常、尿中持续性排钠、抗利尿激素(ADH)分泌减少、晕厥、小儿尿色发蓝,婴幼儿,病因治疗、对症治疗,根据不同医院，收费标准不一致，市三甲医院约（1000-5000元）,否,0.0001%-0.0002%,20-30%,终身治疗,https://tag.120ask.com/jibing/xeklnjsfmyczhz/
内科,内分泌科,小儿库欣综合征,内分泌科,无力、 高血压、肌肉萎缩、继发感染、男性化、满月脸,小儿,手术治疗、药物治疗、对症治疗,根据不同医院，收费标准不一致，市三甲医院约（10000——50000元）,否,0.003%--0.007%,60%(多以控制症状为主),3-6个月,https://tag.120ask.com/jibing/xekxzhz/
内科,内分泌科,小儿黑酸尿综合征,儿科综合,喝奶后排出尿黑酸、尿液静置后变黑、汗变黑、巩膜和耳廓软骨有蓝黑色色素沉着、耳廓变硬,尿黑酸氧化酶的先天性缺乏者,药物治疗、手术治疗,根据不同医院，收费标准不一致，市三甲医院约（800 —— 3000元）,否,0.004%-0.005%,,终身间歇性治疗,https://tag.120ask.com/jibing/xehsnzhz/
内科,内分泌科,小儿慢性淋巴细胞性甲状腺炎,内分泌科,多汗、心悸、消瘦、突眼,儿童人群,药物治疗,根据不同医院，收费标准不一致，市三甲医院约8000--15000,否,0.0035%,75%,14天,https://tag.120ask.com/jibing/xemxlbxbxjzxy/
内科,内分泌科,小儿急性化脓性甲状腺炎,内分泌科,发烧、脖子痛、头痛,所有小儿可见,药物治疗、手术治疗,根据不同医院，收费标准不一致，市三甲医院约（5000 —— 10000元）,否,0.001%--0.003%,75-80%,1-3个月,https://tag.120ask.com/jibing/xejxhnxjzxy/
内科,内分泌科,小儿单纯性甲状腺肿,内分泌科,呼吸困难、多汗、咳嗽、心率增快、月经失调、声音嘶哑、面部浮肿、结节,儿童人群,药物治疗,根据不同医院，收费标准不一致，市三甲医院约10000--30000,否,0.002%-0.003%,75%-85%,1-2月,https://tag.120ask.com/jibing/xedcxjzxz/
内科,内分泌科,小儿女性性早熟,儿内科、内分泌科,乳房发育、年纪过小来月经、长阴毛,经常吃保健品、反季疏菜水果的幼女,饮食调理、药物治疗,根据不同医院，收费标准不一致，市三甲医院约（5000 —— 10000元）,否,幼女患病概率0.6%,,治疗周期60天,https://tag.120ask.com/jibing/xenxxzs/
内科,内分泌科,小儿加压素分泌过多综合征,内分泌科,水中毒、低钠血症、食欲不振、恶心与呕吐、肌张力减低、食欲异常、意识朦胧状态、水潴留,罹患肺部疾病、中枢神经系统疾病的小儿尤为多见。,针对原发病治疗、维持电解质平衡,根据不同医院，收费标准不一致，市三甲医院约（1000-5000元）,否,0.0025%,70%,1--3个月,https://tag.120ask.com/jibing/xejysfmgdzhz/
内科,内分泌科,小儿低血糖,儿内科,休克、大汗淋漓、头晕、面色苍白、乏力,所有幼儿,手术治疗、药物治疗,根据不同医院，收费标准不一致，市三甲医院约（1000 —— 5000元）,否,0.05%,90%,3--7天,https://tag.120ask.com/jibing/xedxt/
内科,内分泌科,小儿脾大,儿外科,消化不好、睡眠异常、白细胞肝功能异常,新生儿、幼儿,药物治疗、手术治疗,根据不同医院，收费标准不一致，市三甲医院约（200—— 3000元）,否,0.002%,60%,1-2个月,https://tag.120ask.com/jibing/xepd/
内科,内分泌科,小儿甲状旁腺功能减退症,内分泌科,抽搐、四肢麻木、腹痛、耳垂小、尿失禁与遗尿、步态异常、头痛,儿童人群,药物治疗,根据不同医院，收费标准不一致，市三甲医院约（10000-50000元）,否,特定人群0.05%,95%,2-4月,https://tag.120ask.com/jibing/xejzpxgnjtz/
内科,内分泌科,小儿甲状腺癌,肿瘤科、内分泌科,进行性颈部肿块、颈部淋巴结肿大、单发性坚实性结节、呼吸困难、声音嘶哑、肺部转移,15岁以下儿童,手术治疗,根据不同医院，收费标准不一致，市三甲医院约（20000 —— 60000元）,否,0.023%,69%,14天,https://tag.120ask.com/jibing/xejzxa/
内科,内分泌科,小儿地方性克汀病,儿科,智力发育迟缓、耳聋、发音障碍、青春期身体发育缓慢、步态不稳、甲状腺功能低下、水肿、颅面骨畸形、植物神经功能障碍、膝内翻膝外翻或髋内翻、小儿维生素D缺乏、发烧,婴幼儿,病因治疗,根据不同医院，收费标准不一致，市三甲医院约（10000-50000元）,否,0.002%,75%,1-3个月,https://tag.120ask.com/jibing/xedfxktb/
内科,内分泌科,小儿醛固酮过多症,儿内科,肌无力、疲劳、抽搐、感觉异常、遗尿、夜间多尿、便秘恶心身材矮小、,常染色体隐性遗传性疾病家族中较常见,手术治疗、药物治疗,根据不同医院，收费标准不一致，市三甲医院约（6000 —— 10000元）,否,0.002%,40%,3个月,https://tag.120ask.com/jibing/xeqgtgdz/
内科,内分泌科,小儿甲状腺功能亢进症,内分泌科,易激惹、注意力不集中、眼球突出、情绪不宁、腹泻、多汗、低热、无力、眼肌麻痹、复视,儿童人群,药物治疗,根据不同医院，收费标准不一致，市三甲医院约4000--8000,否,0.001%,68%,3个月,https://tag.120ask.com/jibing/xejzxgnkjz/
内科,内分泌科,小儿肾上腺皮质功能不全,内分泌科,婴儿喂养困难、食欲不振、恶心、呕吐、食欲异常、疲劳、体型异常、恶心与呕吐、皮肤为金属颜色或石板灰色,儿童人群,药物治疗,根据不同医院，收费标准不一致，市三甲医院约5000--10000,否,0.0001%,80%,大部分需要终身激素替代治疗,https://tag.120ask.com/jibing/xessxpzgnbq/
内科,内分泌科,小儿假性甲状旁腺功能减低症,儿内科、内分泌科,肌肉痉挛、抽搐、惊厥、易激动、喉鸣声、幻觉、容易激动,儿童人群,生活调理、药物治疗,根据不同医院，收费标准不一致，市三甲医院约4000--8000,否,0.001%,90%,1-3个月,https://tag.120ask.com/jibing/xejxjzpxgnjdz/
内科,内分泌科,小儿肾上腺皮质与髓质增生并存,内分泌科,多血质、腹痛、高血压、库欣综合征、满月脸、髓质增生、头痛、向心性肥胖,儿童,手术治疗,根据不同医院，收费标准不一致，市三甲医院约（6000 —— 8000元）,否,0.01%-0.02%,55%-65%,3-6个月,https://tag.120ask.com/jibing/xessxpzyszzsbczhz/
内科,内分泌科,小儿散发性甲状腺肿,内分泌科,吞咽困难、胸闷憋气、畏热、甲状腺肿、无痛性硬实结节、冷结节,儿童人群,药物治疗,根据不同医院，收费标准不一致，市三甲医院约8000--15000,否,0.05%,85%,2-4月,https://tag.120ask.com/jibing/xesfxjzxz/
内科,内分泌科,小儿先天性卵巢发育不全,儿内科,青春期不发育，原发性闭经、身材矮小、颈蹼、肘外翻,儿童,西药治疗,根据不同医院，收费标准不一致，市三甲医院约（1000—— 5000元）,否,0.001%,20%,30天,https://tag.120ask.com/jibing/xextxlcfybq/
内科,内分泌科,小儿纤维性骨营养不良综合征,儿内科,色素沉着、性早熟、甲状腺肿大、库欣综合征、色素异常、甲状腺机能亢进、病理性骨折、甲状旁腺功能亢进、低磷血症、高钙血症,儿童,药物治疗,根据不同医院，收费标准不一致，市三甲医院约（3000 —— 8000元）,否,0.0025%,78%,1-3个月,https://tag.120ask.com/jibing/xexwxgyyblzhz/
内科,内分泌科,小儿糖原贮积病Ⅰ型,儿内科,空腹低血糖、肝肿大、酮症酸中毒、血脂异常、乳酸蓄积过多、凝血功能障碍、生长缓慢、对称性肌无力,儿童,暂无,根据不同医院，收费标准不一致，市三甲医院约（5000 —— 7000元）,否,0.0006%-0.0008%,,终身间歇性对症治疗,https://tag.120ask.com/jibing/xetyzjbyix/
内科,内分泌科,性功能异常伴发的精神障碍,精神心理科,情感改变、意欲障碍、食欲或性欲异常,成年人,心理治疗、药物治疗,根据不同医院，收费标准不一致，市三甲医院约（2000 —— 5000元）,否,发病率约为0.011%--0.02%,50-70%,1-3年,https://tag.120ask.com/jibing/xgnycbfdjsza/
内科,内分泌科,小儿糖原贮积病Ⅵ型,内分泌科,肝大和生长迟缓、可有轻度血脂及转氨酶增高、生长滞后,儿童,药物治疗,根据不同医院，收费标准不一致，市三甲医院约（3000 —— 8000元）,否,0.002%,40%,3个月,https://tag.120ask.com/jibing/xetyzjbliux/
内科,内分泌科,小儿亚急性甲状腺炎,内分泌科,高热、高热寒战、咽痛、甲状腺肿大、麻痹、无力、焦虑、体重减轻、失眠、四肢无力、畏热、寒战,儿童,药物治疗,根据不同医院，收费标准不一致，市三甲医院约（1000 —— 5000元）,否,0.0005%,95%,2-4月,https://tag.120ask.com/jibing/xeyjxjzxy/
内科,内分泌科,小儿糖原贮积病Ⅶ型,内分泌科,肌肉无力、肌疼痛性痉挛,儿童,预防性治疗,根据不同医院，收费标准不一致，市三甲医院约（3000 —— 8000元）,否,0.001%,40%,3个月,https://tag.120ask.com/jibing/xetyzjbqix/
内科,内分泌科,小儿原发性甲状旁腺功能亢进症,内分泌科、儿内科,食欲异常、恶心与呕吐、腹胀、抑郁、食欲不振、嗜睡、惊厥、发热伴有腹痛、腹泻,儿童人群,手术治疗、药物治疗,根据不同医院，收费标准不一致，市三甲医院约10000--50000,否,0.002%,60%,3个月,https://tag.120ask.com/jibing/xeyfxjzpxgnkjz/
内科,内分泌科,小儿无甲状腺性克汀病,内分泌科,青春期身体发育缓慢、智力减低、运动时疼痛感、动作缓慢不灵活,儿童人群,药物治疗,根据不同医院，收费标准不一致，市三甲医院约8000--15000,否,发病率约为0.002%--0.005%,60%,终身治疗,https://tag.120ask.com/jibing/xewjzxxktb/
内科,内分泌科,小儿早老症,神经内科,发绀、腹痛、关节僵直、口鼻周围发绀、皮下脂肪消失、肾结石、脱发、心肌梗死,儿童,理疗、按摩、药物治疗,根据不同医院，收费标准不一致，市三甲医院约（3000 —— 10000元）,否,0.0035%,70%,1-3个月,https://tag.120ask.com/jibing/xezlz/
内科,内分泌科,胸腺囊肿,心胸外科,颈部囊肿表现为颈部肿块、纵隔内胸腺囊肿病人可以出现气短、咳嗽和胸部疼痛,颈部胸腺囊肿多见于10～20岁的患者、纵隔内胸腺囊肿则多为30～60岁,手术治疗,根据不同医院，收费标准不一致，市三甲医院约（5000 —— 10000元）,否,0.005%--0.01%,80%,3周--2月,https://tag.120ask.com/jibing/xiongxiannangzhong/
内科,内分泌科,小儿无脾综合征,儿外科,出生后即有持续青紫、发绀、呼吸困难、血管畸形、婴儿喂养困难、免疫功能障碍收缩期杂音、心动过速、心前区隆起,婴幼儿,对症治疗,根据不同医院，收费标准不一致，市三甲医院约（10000-50000元）,否,本病罕见，发病率约为0.0001%,,终身性间歇性治疗,https://tag.120ask.com/jibing/xewpzhz/
内科,内分泌科,小儿肢端肥大症和垂体性巨人症,神经内科,心律失常、呼吸困难、头痛、视力障碍、食欲异常、色素异常、疲劳、水肿、色素沉着、月经失调、多汗,所有人群,手术治疗、放射疗法、激素治疗,根据不同医院，收费标准不一致，市三甲医院约1000--3000,否,0.0035%,70%,1-3个月,https://tag.120ask.com/jibing/xezdfdzhctxjrz/
内科,内分泌科,休止期脱发,皮肤科,梳头或洗头时头发脱落增加、弥漫性头发脱落、头发枯黄稀疏,中青年人,病因治疗、对症治疗,根据不同医院，收费标准不一致，市三甲医院约（100 —— 500元）,否,发病率约为0.001%-0.002%,55%,6-8周,https://tag.120ask.com/jibing/xzqtf/
内科,内分泌科,小儿先天性甲状腺功能减低症,内分泌科,喂养困难、生长障碍、哭声低哑、体温不升，经常腹胀便秘、黄疸迟退、贫血、智力低下、顽固性低血糖，心包积液,新生儿、婴幼儿,西药治疗,根据不同医院，收费标准不一致，市三甲医院约（1000-5000元）,否,0.005%,60%,3-6个月,https://tag.120ask.com/jibing/xextxjzxgnjdz/
内科,内分泌科,小儿侏儒-视网膜萎缩-耳聋综,内分泌科,异常矮小 、共济失调 、面容憔悴早老,儿童,中医药物治疗、西医药物治疗,根据不同医院，收费标准不一致，市三甲医院约（5000 —— 10000元）,否,0.0001--0.0005%,15%,3月--1年以上,https://tag.120ask.com/jibing/xerswmwselzhz/
内科,内分泌科,血卟啉病,内分泌科,腹痛、心动过速、白细胞增多、便秘、神经痛、视神经萎缩、眼肌麻痹、面神经瘫痪、声带麻痹、呕吐、恶心与呕吐、吞咽困难,婴幼儿,药物治疗,根据不同医院，收费标准不一致，市三甲医院约（3000 —— 8000元）,否,发病率约为0.0001%--0.0002%,30-50%，多以控制症状治疗为主,3-5年,https://tag.120ask.com/jibing/xb/
内科,内分泌科,脂质沉积性肌病,内分泌科,对称性肌无力、肌肉萎缩、低血糖症,儿童,中医药物治疗、西医药物治疗,根据不同医院，收费标准不一致，市三甲医院约（5000 —— 10000元）,否,0.005%,40%,1-3个月,https://tag.120ask.com/jibing/zzcjxjb/
内科,内分泌科,I型糖尿病,内分泌科,糖尿、糖代谢紊乱、血糖值升高,所有人群,药物治疗,根据不同医院，收费标准不一致，市三甲医院约（5000 ——10000元）,否,人群患病概率0.002%,,需要终身治疗,https://tag.120ask.com/jibing/ixtnb/
内科,内分泌科,心火上炎,中医科,心神不安、口舌生疮、面红目赤,青壮年,中医药物治疗、西医药物治疗,根据不同医院，收费标准不一致，市三甲医院约（1000 —— 2000元）,否,0.01%,100%,3-5天,https://tag.120ask.com/jibing/xhsy/
内科,内分泌科,新生儿低血糖症与高血糖症,新生儿科,低血糖症、多尿、高血压、红细胞增多、昏迷、惊厥、颅内出血、糖尿,多发生于早产儿、足月小样儿、糖尿病母亲婴儿,药物治疗、对症治疗,根据不同医院，收费标准不一致，市三甲医院约（1000 —— 5000元）,否,0.00652%,85%,1-2周,https://tag.120ask.com/jibing/xsedxtzygxtz/
内科,内分泌科,烟酸缺乏,内分泌科,皮炎、 水肿、 舌炎、腹泻、食欲减退、消化不良、眩晕、疱疹、便秘、头昏,所有人群,中医药物治疗、西医药物治疗,根据不同医院，收费标准不一致，市三甲医院约（5000 —— 10000元）,否,0.01%,60%,2-4个月,https://tag.120ask.com/jibing/ysqf/
内科,内分泌科,亚急性皮肤红斑狼疮,皮肤科,毛细血管扩张症、鳞屑、丘疹、色素脱失,所有人群,药物治疗,根据不同医院，收费标准不一致，市三甲医院约（10000 —— 50000元）,否,人群患病概率0.064%,,需要终身治疗,https://tag.120ask.com/jibing/yjxpfhblc/
内科,内分泌科,亚临床甲状腺功能减退症,内分泌科,所有人群,便秘、 抽筋 、反应迟钝、 皮肤干燥、 疲乏、 贫血、 声音嘶哑、 体重增加 、肌无力、畏寒、、眼睑水肿,药物治疗、,根据不同医院，收费标准不一致，市三甲医院约(5000-10000元),否,4%--10%,60%,1-3个月,https://tag.120ask.com/jibing/ylcjzxgnjtz/
内科,内分泌科,月经不调,妇科、中医科,月经不定时、经期延长、经量减少或增加,生活无规律、营养不良的女性多见,药物治疗,根据不同医院，收费标准不一致，市三甲医院约（2000 —— 5000元）,否,0.1%,69%,1-2个月,https://tag.120ask.com/jibing/yjbt/
内科,内分泌科,亚临床甲状腺功能亢进,内分泌科,通常无症状或心律失常、轻微精神异常,所有人群,药物治疗,根据不同医院，收费标准不一致，市三甲医院约（5000-10000元）,否,0.0025%,80%,1-3个月,https://tag.120ask.com/jibing/ylcjzxgnkj/
内科,内分泌科,早熟性儿童乳房肥大症,儿内科,乳房早发育、阴毛早发育、腹胀、腹痛、性早熟、盆腔包块、阴道出血,婴幼儿,药物治疗,根据不同医院，收费标准不一致，市三甲医院约（3000 —— 8000元）,否,婴幼儿患病概率1.6%,,治疗周期30天,https://tag.120ask.com/jibing/zsxetrffdz/
内科,内分泌科,异源内分泌综合征,内分泌科,腹胀、恶心、呕吐、烦渴多饮、食欲减退、昏迷、精神障碍、无力、肌张力降低、震颤、幻觉、视力障碍,所有人群,药物治疗,根据不同医院，收费标准不一致，市三甲医院约（3000 —— 8000元）,否,发病率约为0.003%--0.007%,,3-6个月,https://tag.120ask.com/jibing/yynfmzhz/
内科,内分泌科,亚临床型克汀病,内分泌科,轻度治疗落后、计算能力差、记忆力能力不良、注意力不集中、认识力低、理解能力低、情感障碍,碘缺乏患者,西药治疗,根据不同医院，收费标准不一致，市三甲医院约（1000 —— 5000元）,否,0.02%,80%,3-6月,https://tag.120ask.com/jibing/ylcxktb/
内科,内分泌科,营养不良性皮肤钙化病,皮肤科,钙沉积、皮肤钙化、营养不良、硬斑、肢端硬化,一般见于系统性硬皮病患者，偶见于泛发性硬斑病者,药物治疗、手术治疗,根据不同医院，收费标准不一致，市三甲医院约（2000 —— 6000元）,否,发病率约为0.004%-0.008%,40%-60%,1-2个月,https://tag.120ask.com/jibing/yyblxpfghb/
内科,内分泌科,振栗,中医科,手足发抖,所有人群,中医药物治疗,根据不同医院，收费标准不一致，市三甲医院约（500 —— 1000元）,否,0.005%,60%,2-4月,https://tag.120ask.com/jibing/zhenli/
内科,内分泌科,原发性甲状旁腺功能亢进症,内分泌科,精神萎靡、食欲不振、恶心与呕吐、无力、体重减轻、四肢麻木、反应迟钝、记忆力障碍、易激动、抑郁、嗅觉丧失、听觉障碍,所有人群,手术治疗、药物治疗,根据不同医院，收费标准不一致，市三甲医院约6000--12000,否,0.001%,60%,3-6个月,https://tag.120ask.com/jibing/yfxjzpxgnkjz/
内科,内分泌科,药物性牙龈增生,口腔科,牙龈肿胀 牙疼、常发生于全口牙、龈但以上、下颌前牙区较重,所有人群,中医药物治疗、西医药物治疗,根据不同医院，收费标准不一致，市三甲医院约（500 —— 1000元）,否,发病率约为0.007-0.009%多有药物过敏史,70%,4-6周,https://tag.120ask.com/jibing/ywxyzs/
内科,内分泌科,原发性甲状旁腺功能亢进症与肾,内分泌科,记忆力障碍、情绪起伏大、抑郁、嗜睡、肌肉萎缩、恶心与呕吐、幻觉、昏迷、四肢无力,中年人群,药物治疗、手术治疗,根据不同医院，收费标准不一致，市三甲医院约6000--12000,否,0.05%,70%,3-6月,https://tag.120ask.com/jibing/yfxjzpxgnkjzysb/
内科,内分泌科,胰岛功能性β细胞瘤,肿瘤科,饥饿后低血糖、餐后低血糖、继发性肥胖、记忆力障碍、反应迟钝,青年、中年人群,手术治疗、药物治疗,根据不同医院，收费标准不一致，市三甲医院约（10000-50000元）,否,0.005%,75%,1-3个月,https://tag.120ask.com/jibing/ydgnxxbl/
内科,内分泌科,原发性甲状腺恶性淋巴瘤,肿瘤科、内分泌科,呼吸困难、声嘶、甲状腺质地硬实肿块、,中老年人群,药物治疗、放射治疗,根据不同医院，收费标准不一致，市三甲医院约30000--50000,否,0.005%,30%,6-12月,https://tag.120ask.com/jibing/yfxjzxexlbl/
内科,内分泌科,胰岛素抵抗与代谢综合征,内分泌科,高血压、 向心性肥胖、 多囊卵巢,所有人群,中医药物治疗、西医药物治疗,根据不同医院，收费标准不一致，市三甲医院约（5000 —— 10000元）,否,0.6%,10%(控制血糖为主，完全治愈不足10%),>120天(大部分病人需终身治疗),https://tag.120ask.com/jibing/ydsdkydxzhz/
内科,内分泌科,脂性渐进性坏死,皮肤病科,胫前出现大片硬皮病样斑块,30～40岁人群,西医药物治疗,根据不同医院，收费标准不一致，市三甲医院约（8000-10000元）,否,0.0006%--0.0008%,65%,6-12个月,https://tag.120ask.com/jibing/zxjjxhs/
内科,内分泌科,中老年男子部分性雄激素缺乏综,内分泌科,疲乏、食欲减退、焦虑、失眠、心悸、健忘、嗜睡、抑郁、注意力不集中、性欲减退、无力、烦躁易怒,中老年男性人群,药物治疗,根据不同医院，收费标准不一致，市三甲医院约5000--10000,否,0.01%,80%,30天,https://tag.120ask.com/jibing/zlnnzbfxxjsqfzhz/
内科,内分泌科,原发性肾上腺皮质功能减退症,内分泌科,厌食、恶心、呕吐、腹痛、体重下降、记忆力减退、健忘、抑郁、精神错乱、性欲减退、腋毛和阴毛脱落闭经、疲乏无力,均可发病,西药治疗,根据不同医院，收费标准不一致，市三甲医院约（5000 —— 50000元）,否,人群患病概率0.18%,,需要终身治疗,https://tag.120ask.com/jibing/yfxssxpzgnjtz/
内科,内分泌科,原发性系统性淀粉样变,皮肤科,腕管综合征、肝肿大、巨舌、蛋白尿、丘疹、扁平苔癣、吞咽困难、溃疡、结节、皮肤瘀点、皮肤瘀斑、皮肤紫癜,所有群体,药物治疗,根据不同医院，收费标准不一致，市三甲医院约（1000-5000元）,否,发病率低，约0.005%,50%-80%,1-3个月,https://tag.120ask.com/jibing/yfxxtxdfyb/
内科,内分泌科,致密性骨发育障碍,骨科,异常矮小、 骨脆、 眼球突出,所有人群,支持疗法,根据不同医院，收费标准不一致，市三甲医院约（5000-10000元）,否,0.002%,65%,3个月,https://tag.120ask.com/jibing/zmxgfyza/
内科,内分泌科,疰夏,中医科,神疲倦怠，乏力嗜睡，眩晕多汗，心烦口渴，纳呆体瘦。,成年人,中医药物治疗、西医药物治疗,根据不同医院，收费标准不一致，市三甲医院约（500 —— 1000元）,否,0.002%-0.007%,85%,2周,https://tag.120ask.com/jibing/xia/
内科,内分泌科,转移性皮肤钙化病,皮肤科,丘疹、 皮肤钙化、 溃疡,所有人群,手术治疗、中医药物治疗、西医药物治疗,根据不同医院，收费标准不一致，市三甲医院约（10000 —— 50000元）,否,0.0055%,80%,2-4月,https://tag.120ask.com/jibing/zyxpfghb/
内科,内分泌科,壮热,中医科,恶寒、高热,所有人群,中医药物治疗,根据不同医院，收费标准不一致，市三甲医院约（300 —— 1000元）,否,0.2%,90%,1周,https://tag.120ask.com/jibing/zhuangre/
内科,内分泌科,自主性高功能性甲状腺腺瘤,普外科,颈部无痛性肿物、多汗、易怒、多食消廋、心悸、多汗,中青年女性,手术治疗,根据不同医院，收费标准不一致，市三甲医院约（10000 —— 20000元）,否,发病率约为0.004%--0.009%,75-85%,1-3个月,https://tag.120ask.com/jibing/zzxggnxjzxxl/
内科,内分泌科,营养代谢疾病伴发的精神障碍,精神科,有烦躁、焦虑、自责自罪、企图自杀、严重时意识模糊、昏睡、谵妄、或错乱状态,所有人群,西药治疗,根据不同医院，收费标准不一致，市三甲医院约（5000—— 10000元）,否,0.03%,80%,60天,https://tag.120ask.com/jibing/yydxjbbfdjsza/
内科,内分泌科,手汗症,中医科,手掌潮湿、头大汗、满脸涨红、发热,亚热带地区的年轻人,一般疗法、手术疗法、心理疗法,根据不同医院，收费标准不一致，市三甲医院约1000-2000元,否,好发人群的患病率0.9%,34%,20天,https://tag.120ask.com/jibing/shouhanzheng/
内科,内分泌科,糖尿病坏疽,内分泌科,行走后下肢乏力、麻木、腓肠肌疼痛、静息痛、浅表溃疡、坏疽,中老年人,药物治疗、手术治疗,根据不同医院，收费标准不一致，市三甲医院约3000--10000元,否,糖尿病并发症之一，糖尿病患者中发病率约为1%-5%,,1-3个月,https://tag.120ask.com/jibing/tnbhj/
内科,内分泌科,甲状腺肿大,内分泌科,呼吸困难 、甲状腺肿大 、声音嘶哑、 吞咽困难、 声音嘶哑、 咳嗽,所有人群,药物治疗,根据不同医院，收费标准不一致，市三甲医院约（1000 —— 3000元）,否,0.02%,90%,2-4月,https://tag.120ask.com/jibing/jzxzd/
内科,内分泌科,II型糖尿病,内分泌科,轻度乏力、口渴,40-60岁,药物治疗,2000--5000元,否,,,,https://tag.120ask.com/jibing/2xtnb/
内科,内分泌科,亚临床甲亢,内分泌科,脖子增大、情绪暴躁、指端抖动,自身免疫性疾病者多发,药物治疗,根据不同医院，收费标准不一致，市三甲医院约2000-5000元,否,0.4%-1%,75%,1-2月,https://tag.120ask.com/jibing/ylcjk/
内科,内分泌科,亚临床甲减,内分泌科,肢体水肿、表情呆滞、运动迟缓,自身免疫性疾病患者多见,药物治疗,根据不同医院，收费标准不一致，市三甲医院约3000-5000元,否,1.5%-2.5%,,1-4周,https://tag.120ask.com/jibing/ylcjj/
内科,内分泌科,亚甲炎,骨科、皮肤科,甲旁脓肿、发热、感染指端肿胀,卫生不洁者多发,药物治疗,根据不同医院，收费标准不一致，市三甲医院约2000-3000元,否,1.2%-1.5%,90%,2-3周,https://tag.120ask.com/jibing/yjy/
内科,内分泌科,垂体前叶功能减退症,内分泌科,性功能减退、毛发疏松、肥胖、皮肤色素沉着,分娩大出血患者,激素补充治疗,根据不同医院，收费标准不一致，市三甲医院约10000-40000元,否,0.05%-0.1%,,终身治疗,https://tag.120ask.com/jibing/ctqygnjtz/
内科,内分泌科,慢性甲状腺炎,内分泌科,缓起的甲状腺肿大、疼痛、咽部不适感,30-50岁女性,药物治疗,2000-3000元,否,0.001%,0.1%,30天,https://tag.120ask.com/jibing/mxjzxy/
内科,内分泌科,甲亢性心病,内分泌科、心内科,心悸、心慌、脖子增大,甲亢患者好发,药物治疗,根据不同医院，收费标准不一致，市三甲医院约3000-5000元,否,0.6%-1.1%,,1-2月,https://tag.120ask.com/jibing/jkxxb/
内科,内分泌科,甲亢性肝病,内分泌科,咽食、黄疸、腹痛、腹胀,甲亢患者,药物治疗,根据不同医院，收费标准不一致，市三甲医院约3000-6000元,否,0.5%-1.5%,80%,1-2月,https://tag.120ask.com/jibing/jkxgb/
内科,内分泌科,甲状腺功能异常,内科的内分泌科,疲乏无力、怕热多汗、皮肤潮湿、多食善饥、体重下降、多言好动、紧张焦虑、失眠不安、甲减相反,中老年人,"1.药物治疗：抗甲状腺药物；左旋甲状腺药物的治疗
2.手术治疗；
3.心理疗法：嘱患者乐观面对生活",根据不同医院，收费标准不一致，市三甲医院约2000-6000元,否,患病率0.2%,,100天,https://tag.120ask.com/jibing/jzxgnyc/
内科,内分泌科,甲状腺结节样病变,内分泌科,般为多发性结节、质软或稍硬、光滑、无触痛、有时结节境界不清、触摸甲状腺表面仅有不规则或分叶状感觉,30岁以上女性多见,药物治疗、手术治疗,根据不同医院，收费标准不一致，市三甲医院约（2000—— 5000元）,否,0.13%,60%,20天,https://tag.120ask.com/jibing/jzxjjybb/
内科,内分泌科,男性乳房肥大,内分泌科,肥胖、乳房增大、音调增高,喜食油腻食物的男性人群,药物治疗,根据不同医院，收费标准不一致，市三甲医院约2000-10000元,否,0.05%-0.1%,80%,8-12周,https://tag.120ask.com/jibing/nxrffd/
内科,内分泌科,糖尿病合并高血压,内分泌科,多饮、多尿、多食、乏力、困倦、消瘦、头痛、头晕、视物模糊、眼花、,老年人,药物治疗,根据不同医院，收费标准不一致，市三甲医院约（3000 —— 5000元）,否,,,,https://tag.120ask.com/jibing/tnbhbgxy/
内科,内分泌科,糖耐量受损,内科,多吃、多喝、多尿、体重轻可有皮肤瘙痒、外阴瘙痒、视力模糊,肥胖、高血压患者、老年人、家族中有糖尿病家族史的人,饮食疗法、运动疗法、药物疗法,根据不同医院，收费标准不一致，市三甲医院约300-800元,否,50%,10%,120天,https://tag.120ask.com/jibing/tnlsx/
内科,内分泌科,女性性早熟,内分泌科、儿科,年纪过小长喉结、腋毛、阴毛,经常吃保健品或反季的疏菜水果的幼儿多见,药物治疗、饮食调节,根据不同医院，收费标准不一致，市三甲医院约（2000 —— 5000元）,否,10%,80%,3-6月,https://tag.120ask.com/jibing/nxxzs/
内科,内分泌科,甲状旁腺功能亢进,内分泌科,心悸、出汗、体重减少,成年女性,药物治疗、手术治疗,根据医院级别不同，收费标准也不一致，市三甲医院约（1000--20000元）,否,1%,50--70%,1--6个月,https://tag.120ask.com/jibing/jzpxgnkj/
内科,内分泌科,高渗性非酮症高血糖昏迷,内科,烦渴、多饮、多尿、乏力、头晕、食欲下降、呕吐,中老年人,药物治疗,根据不同医院，收费标准不一致，市三甲医院约（3000 — 8000元）,否,0.001%,40%,20天,https://tag.120ask.com/jibing/gsxftzgxthm/
内科,内分泌科,c胰岛功能性β细胞瘤,内分泌科,饥饿或运动后有心慌、恶心、头晕、出汗等症状、身体逐渐肥胖、记忆力、反应力下降,20～50岁,手术治疗、药物治疗,根据不同医院，收费标准不一致，市三甲医院约（3000 —— 8000元）,否,0.0001%,0.1%,30天,https://tag.120ask.com/jibing/cydgnxβxbl/
内科,内分泌科,槭糖尿病,儿科,喂食困难、呕吐、惊厥、肌张力增高、角弓反张状、嗜睡、昏迷,婴儿期,药物治疗,根据不同医院，收费标准不一致，市三甲医院约（3000—— 8000元）,否,0.0001%,0.1%,30天,https://tag.120ask.com/jibing/qtnb/
内科,内分泌科,垂体前叶机能减退症,内科,空腹血糖低、骨折修复减慢、怕冷、低体温、纳差、腹胀、便秘、动作缓慢、性欲减退、体重下降,任何年龄,一般疗法、饮食疗法、药物疗法,根据不同医院，收费标准不一致，市三甲医院约1000-3000元,否,0.9%,87%,20天,https://tag.120ask.com/jibing/ctqyjnjtz/
内科,内分泌科,甲状腺功能亢进伴发的精神障碍,内分泌科、精神科,焦虑、头痛、眩晕、胸闷,精神抑郁倾向的患者多见,药物治疗,根据不同医院，收费标准不一致，市三甲医院约3000-5000元,否,0.5%-1.0%,75%,1-6个月,https://tag.120ask.com/jibing/jzxgnkjbfdjsza/
内科,内分泌科,甲亢眼突,内分泌科,眼球突出、眼睑充血水肿、眶周组织饱满,40-50岁女性,药物治疗,根据不同医院，收费标准不一致，市三甲医院约（5000 —— 10000元）,否,3%,100%,6个月,https://tag.120ask.com/jibing/jkyt/
内科,内分泌科,老年人糖尿病,内分泌科,疲乏无力、体重减轻、小便多,60岁以上老年人,药物治疗,根据不同医院，收费标准不一致，市三甲医院约（5000 —— 20000元）,否,8%,20%,长期治疗,https://tag.120ask.com/jibing/lnrtnb/
内科,内分泌科,甲状腺功能减退症,内分泌科,皮肤增厚、粗糙干燥、心率减慢、皮肤发凉,18--60岁成年人,药物治疗,根据不同医院，收费标准不一致，市三甲医院约（3000 —— 8000元）,否,1%,50-60%,长期治疗,https://tag.120ask.com/jibing/jiazxgnjtz/
内科,内分泌科,高胰岛素血症,内科,多吃、多喝、多尿、视物模糊、肥胖,既往有高血压、糖尿病的人,一般疗法、药物疗法、运动疗法,根据不同医院，收费标准不一致，市三甲医院约2000-3000元,否,10%,98%,120天,https://tag.120ask.com/jibing/gydsxz/
内科,内分泌科,无泪症,眼科,无泪、少泪,中老年人,药物治疗,根据不同医院，收费标准不一致，市三甲医院约（300 —— 2000元）,否,0.01%,30-50%,1-3周,https://tag.120ask.com/jibing/wlz/
内科,内分泌科,男性更年期综合症,内分泌科、男科、中医科,心情烦躁、阳痿、勃起功能障碍、勃起持续时间短、早泄,性生活频繁的男性,药物治疗,根据不同医院，收费标准不一致，市三甲医院约5000-10000,否,0.54%-4.15%,75%,1-2年,https://tag.120ask.com/jibing/nxgnqzhz/
内科,内分泌科,早秃,皮肤科,脱发、瘙痒,成年人,药物治疗,根据不同的医院，收费标准不一致，市三甲医院约（700-5000元）,否,0.2%,98%,90天,https://tag.120ask.com/jibing/zt/
内科,内分泌科,女性假两性畸形,妇科,闭经、外阴发育异常、难辨性别、嗓音低沉、身材较矮、阴蒂肥大、阴唇融合、多毛、子宫、卵巢及阴道发育正常,青少年,手术治疗、药物治疗,根据不同医院，收费标准不一致，市三甲医院约（3000 —— 8000元）,否,0.001%,10%,30天,https://tag.120ask.com/jibing/nvjlxjx/
内科,内分泌科,甲状腺功能亢进症,内分泌科,怕热、多汗、多食、消瘦、心悸、急躁、激动、失眠、头晕、多虑、易怒、多言、手抖,中青年女性,药物治疗,根据不同医院，收费标准不一致，市三甲医院约（3000 —— 8000元）,否,0.01%,70%,30天,https://tag.120ask.com/jibing/jzxgnkjz/
内科,内分泌科,甲状腺功能亢进危象,内分泌科,高热、休克、心力衰竭,中年女性,药物治疗,根据不同医院，收费标准不一致，市三甲医院约（5000—— 10000元）,否,0.1%,5%,7天,https://tag.120ask.com/jibing/jzxgnkjwx/
内科,内分泌科,1型糖尿病,内科,口渴、多饮、多尿、多食、乏力消瘦,青少年,药物治疗,根据不同医院，收费标准不一致，市三甲医院约（3000 —— 8000元）,否,1%,20%,终身,https://tag.120ask.com/jibing/1xtnb/
内科,内分泌科,糖尿病前期,内科,饥饿、多食、手脚麻痹、发抖,中老年人,药物治疗,根据不同医院，收费标准不一致，市三甲医院约（1000 — 2000元）,否,3%,98%,15天,https://tag.120ask.com/jibing/tnbqq/
内科,内分泌科,急性低血糖症,内科,头晕、恶心、呕吐、心悸、昏迷,中老年人,药物治疗,根据不同医院，收费标准不一致，市三甲医院约（300 —— 1000元）,否,0.1,90%,5-7天,https://tag.120ask.com/jibing/jxdxtz/
内科,肾病内科,产褥感染,产科,发热、腹痛、异常恶露、产褥感染、外阴烧灼刺激感、排尿时外阴灼热、瘙痒或疼痛、外阴瘙痒、败血症、外阴痛、产后下腹坠痛或阴道坠胀感、阴道口局部红肿热痛、阴道脓性分泌物、宫颈黏液脓性分泌物、尿痛、尿频,产妇,药物治疗、手术治疗,根据不同医院，收费标准不一致，市三甲医院约（5000-10000元）,否,孕产妇发病率约为1%,85%,1-2周,https://tag.120ask.com/jibing/crgr/
内科,肾病内科,高血压肾病,肾内科,夜尿增多、蛋白尿、高血压、血尿、慢性肾衰竭、肾功能衰竭,高血压患者,药物治疗,根据不同医院，收费标准不一致，市三甲医院约（5000 —— 8000元,否,0.12%,45%,30天,https://tag.120ask.com/jibing/gxysb/
内科,肾病内科,慢性肾功能衰竭,肾内科,慢性肾功能不全、水肿、甲状旁腺功能亢进、代谢性酸中毒、水盐代谢障碍、糖代谢紊乱、水潴留、多尿、夜尿增多、高血压、骨软化、高镁血症,所有人群,药物治疗、手术治疗,根据不同医院，收费标准不一致，市三甲医院约（5000 —— 8000元）,否,0.005%,60%,3-6个月,https://tag.120ask.com/jibing/mxsgnsj/
内科,肾病内科,肾结核,肾内科、感染科,无痛性血尿、尿频、尿痛、尿急、低热、盗汗、血尿 脓尿,青壮年人群,药物治疗、手术治疗,根据不同医院，收费标准不一致，市三甲医院约（3000-5000元）,是,0.006%,,治疗周期9个月,https://tag.120ask.com/jibing/shenjiehe/
内科,肾病内科,肾结石,泌尿外科,腰部绞痛、血尿,青壮年是高发人群（发病的高峰年龄是20~50岁）,保守治疗、药物治疗、手术治疗,根据不同医院，结石大小不同，收费标准不一致，市三甲医院约（1000 - 6000元）,否,0.02%(在某些特定人群特定年龄段中该病的发病率( 南方东南各省肾结石发病率为24%左右；北方为12-16%； 男性是女性的2~3倍）),70%,30天,https://tag.120ask.com/jibing/shenjieshi/
内科,肾病内科,肾病,内科、肾病科,尿量异常（少尿、无尿、多尿）、尿频、尿急、尿痛、尿潴留、尿失禁、腰痛（肾绞痛）,肥胖人群、高血压人群、劳累人群、反复感染患者,药物治疗、中医治疗、透析治疗、手术治疗,根据不同医院，收费标准不一致，市三甲医院约（10000--30000元）,否,0.003%-0.005%,75%-80%,4-6个月,https://tag.120ask.com/jibing/shenbing/
内科,肾病内科,肾功能衰竭,肾内科,恶心、呕吐、头痛、乏力、烦躁不安、嗜睡、少尿、无尿、昏迷,所有群体,药物治疗,根据不同医院，收费标准不一致，市三甲医院约（20000-50000元）,否,0.005%,60%,3个月,https://tag.120ask.com/jibing/sgnsj/
内科,肾病内科,肾炎,肾内科,少尿、肉眼血尿、面部或下肢水肿、呼吸困难,老年人、肾功能损害患者、高血压患者、肥胖者、糖尿病人群,西药治疗、透析治疗、中药治疗、饮食调理,根据不同医院，收费标准不一致，市三甲医院约5000--10000,否,0.1--0.2%,85%,1-3个月,https://tag.120ask.com/jibing/shenyan/
内科,肾病内科,糖尿病肾病,肾内科、内分泌科,蛋白尿、高血压、水肿、糖尿、肾性糖尿、糖尿病酮症酸中毒、肾病性浮肿面容、血糖值升高、食欲减退、恶心与呕吐、贫血、尿糖,糖尿病患者,药物治疗,根据不同医院，收费标准不一致，市三甲医院约（10000 —— 30000元）,否,糖尿病少于5年为7%-10%。20-25年为20-35%，发病25年以上为37%,40%,3个月,https://tag.120ask.com/jibing/tnbsb/
内科,肾病内科,尿道炎,泌尿外科,尿频、尿急、尿痛,中青年人群20-40岁年龄多见,药物治疗,根据不同医院，收费标准不一致，市三甲医院约200--500元,否,0.12%(上述为40岁以后女性患病比例),95%,15-30天,https://tag.120ask.com/jibing/niaodaoyan/
内科,肾病内科,尿毒症,肾内科,虚弱无力、呼吸深长、反应淡漠、谵妄、惊厥、精神异常,所有人群,保守疗法、血液透析、腹膜透析、肾移植,根据不同医院，收费标准不一致，市三甲医院约（50000-100000元）,否,0.0002%,10%(治疗后80%可以好转),6个月,https://tag.120ask.com/jibing/ndz/
内科,肾病内科,遗尿症,儿内科,尿频、尿急、排尿障碍、儿童尿床、小儿遗尿,学龄前儿童,药物治疗,根据不同医院，收费标准不一致，市三甲医院约（3000 —— 5000元,否,婴幼儿患者发病率约为5%,80%,3-6月,https://tag.120ask.com/jibing/yiniaozheng/
内科,肾病内科,肾盂肾炎,泌尿外科,尿频、尿急、尿痛、尿混浊、腰酸痛、夜尿增多、食欲不振,女性人群,药物治疗,根据不同医院，收费标准不一致，市三甲医院约（500-1000元）,否,女性人群患病概率0.07%,,治疗周期90天,https://tag.120ask.com/jibing/sysy/
内科,肾病内科,肾病综合征,肾内科,大量蛋白尿、低蛋白血症、高脂血症、水肿、疲倦、厌食、苍白、精神萎靡,所有人群,一般治疗、对症治疗、中药治疗,根据不同医院，收费标准不一致，市三甲医院约（5000-15000元）,否,0.006%,60%,3个月,https://tag.120ask.com/jibing/sbzhz/
内科,肾病内科,IgA肾病,肾内科,蛋白尿、血尿、肾病综合征,所有人群,药物治疗,根据不同医院，收费标准不一致，市三甲医院约（3000 —— 5000元）,否,发病率约为0.004%--0.005%,,大部分需要终身治疗,https://tag.120ask.com/jibing/iggsb/
内科,肾病内科,肾囊肿,泌尿外科,腰背酸痛、腹部肿块、血尿,中青年人群,手术疗法,根据不同医院，收费标准不一致，市三甲医院约（3000-30000元）,否,0.001%(50岁以上的人群中发病率超过50%),70%,3个月,https://tag.120ask.com/jibing/snz/
内科,肾病内科,肾小管性酸中毒,肾内科,多尿、烦渴、遗尿、血尿、脓尿、乳糜尿、蛋白尿、呼吸困难、乏力,所有人群,药物、血液透析,根据不同医院，收费标准不一致，市三甲医院约（6000 —— 8000元）,否,0.002%-0.003%,60%,7-14天,https://tag.120ask.com/jibing/sxgxszd/
内科,肾病内科,肾动脉狭窄,肾内科、心血管内科,高血压、肾小球滤过率下降、体内水钠潴留、肾衰竭、腹部血管杂音、肾动脉狭窄,主要见于中老年人,手术治疗,根据不同医院，收费标准不一致，市三甲医院约（10000-50000元）,否,0.002%,20%,30天,https://tag.120ask.com/jibing/sdmxz/
内科,肾病内科,肾动脉栓塞,普外科,高热、镜下血尿、急性肾绞痛,肾功能不全患者,手术治疗,根据不同医院，收费标准不一致，市三甲医院约（10000-15000元）,否,0.002%,60%,3个月,https://tag.120ask.com/jibing/sdmss/
内科,肾病内科,肾癌,泌尿外科,血尿、腰痛、腹部肿块,50-70岁,药物治疗、手术疗法,根据不同医院，收费标准不一致，市三甲医院约（30000-50000元）,否,0.0003%,40%,1-3个月,https://tag.120ask.com/jibing/sa/
内科,肾病内科,肾衰竭,肾内科,低比重尿、水中毒、高钾血症、尿钠高、血尿、蛋白尿、管型尿,所有人群,药物治疗,根据不同医院，收费标准不一致，市三甲医院约（3000—— 5000元）,否,慢性肾炎最终会发展成为本病，人群中发病率约0.02%,,终身治疗,https://tag.120ask.com/jibing/ssj/
内科,肾病内科,尿崩症,内分泌科,多饮、烦渴、多尿（夜尿显著增多）、谵妄、痉挛、呕吐,所有人群,药物治疗,根据不同医院，收费标准不一致，市三甲医院约20000--50000元,否,0.0025%,80%，一控制症状为主,终身间歇性对症治疗,https://tag.120ask.com/jibing/nbz/
内科,肾病内科,低钾血症,肾内科,肌无力、发作性软瘫、四肢麻木、抽搐无力、甲亢危象、低血钾、心力衰竭、呼吸异常、心律失常、代谢性低钾、肠蠕动减慢、食欲缺乏、腹胀、恶心、便秘,所有群体,药物治疗,根据不同医院，收费标准不一致，市三甲医院约（5000-10000元）,否,0.01%,80%,2-4周,https://tag.120ask.com/jibing/djxz/
内科,肾病内科,高钾血症,肾内科,心律失常、心动过缓、心脏扩大、心律失常、手足麻木、高血钾、代谢性酸中毒、心脏震颤、瘫痪、心脏停搏、心音微弱、窦性停搏、心室扑动,无特殊发病群体,药物治疗,根据不同医院，收费标准不一致，市三甲医院约（1000-5000元）,否,0.03%,80%,3-7天,https://tag.120ask.com/jibing/gjxz/
内科,肾病内科,狼疮性肾炎,肾内科、风湿免疫科,血尿、高血压、浮肿、肾功能减退、夜尿增多,20-40岁的育龄女性,药物治疗,根据不同医院，收费标准不一致，市三甲医院约（5000-10000元）,否,0.008%,70%,2-4月,https://tag.120ask.com/jibing/lcxsy/
内科,肾病内科,紫癜性肾炎,肾内科,皮肤紫癜、关节肿痛、腹痛便血、血尿、蛋白尿,青少年,西医治疗、中医中药治疗,根据不同医院，收费标准不一致，市三甲医院约（3000-5000元）,否,0.06%,80%,2-3月,https://tag.120ask.com/jibing/zxsy/
内科,肾病内科,巴特综合征,肾内科,血红蛋白尿、脓尿、蛋白尿、低血钾、夜尿增多、烦渴多饮、麻痹、肠麻痹、心律失常、嗜盐、体重减轻、便秘,所有群体,药物治疗,根据不同医院，收费标准不一致，市三甲医院约（1000-5000元）,否,5%,55%,1-2年,https://tag.120ask.com/jibing/btzhz/
内科,肾病内科,多囊肾,肾内科,血尿、高血压、双侧肾内痛,所有人群,药物治疗、手术治疗,根据不同医院，收费标准不一致，市三甲医院约（10000 —— 30000元,否,50岁以上患病概率0.03-0.05%,75%,治疗周期15-45天,https://tag.120ask.com/jibing/duonangshen/
内科,肾病内科,蹄铁形肾,泌尿外科,腹痛、恶心与呕吐、排尿不畅,可在任何年龄段被发现,药物、手术治疗,根据不同医院，收费标准不一致，市三甲医院约（30000——50000元）,否,先天性发育异常，发病率约0.003%--0.01%,,1-3年,https://tag.120ask.com/jibing/ttxs/
内科,肾病内科,肾积水,泌尿科,腰部肿块、腰痛伴肾区叩击痛、肾盂积水,所有人群,西医药物治疗、中医药物治疗,根据不同医院，收费标准不一致，市三甲医院约（3000 —— 5000元）,否,0.0001%,80%,7--21天,https://tag.120ask.com/jibing/shenjishui/
内科,肾病内科,肾下垂,泌尿外科,腰背痛、肾区钝痛、恶心呕吐、疲劳、眼花、尿频尿急尿痛、发烧、血尿、消化不良、腹胀、嗳气,多见于女性,手术治疗,根据不同医院，收费标准不一致，市三甲医院约（10000 —— 30000元）,否,0.005-0.008%,50--70%,14--30天,https://tag.120ask.com/jibing/shenxiachui/
内科,肾病内科,肾功能不全,肾内科,厌食、腹部不适、恶心、呕吐、腹泻、舌炎、疲乏、头晕、头痛、,原基础疾病继发,西药治疗、中药治疗、手术治疗、饮食治疗、生活调理,根据不同医院，收费标准不一致，市三甲医院约10000--30000元,否,60岁以上具有高血压的老年人发病率约为0.06%--0.09%,60%,1-3年,https://tag.120ask.com/jibing/sgnbq/
内科,肾病内科,肾移植,泌尿外科,排异反应、蛋白尿、血尿、无尿、少尿,肾移植患者,手术治疗、药物治疗,根据不同医院，收费标准不一致，市三甲医院约（150000-300000元）,否,用于肾衰竭治疗的首选方法之一，慢性肾炎病人中发生率约10%,20-30%,1-3年,https://tag.120ask.com/jibing/shenyizhi/
内科,肾病内科,肾周围炎,肾内科,肾脓肿、脓肿 、发热伴寒战、疼痛、水肿、剧痛,所有群体,对症治疗,根据不同医院，收费标准不一致，市三甲医院约（1000-5000元）,否,发病率约为0.004%-0.008%，多为肾盂肾炎继发所致,65%,8周,https://tag.120ask.com/jibing/szwy/
内科,肾病内科,小儿尿路感染,泌尿外科,发热、食欲不振、呕吐、腹泻、尿频、尿急、尿痛、排尿时哭闹,儿童人群,药物治疗,根据不同医院，收费标准不一致，市三甲医院约（2000 —— 5000元）,否,1%-3%,97%,7天,https://tag.120ask.com/jibing/xenlgr/
内科,肾病内科,小儿慢性肾功能衰竭,肾内科,多尿、少尿、高血钾、肾小球滤过率下降、无尿、低钠血症、代谢性酸中毒、高钾血症、心肌肥厚、心律失常、心包炎、贫血,儿科,病因治疗,根据不同医院，收费标准不一致，市三甲医院约（5000-10000元）,否,特定人群0.03%,60%,3-6月,https://tag.120ask.com/jibing/xemxsgnsj/
内科,肾病内科,小儿急性肾功能衰竭,肾内科,尿少或尿无、食欲下降、心跳不正常,拉肚子、脱水的患儿易发,药物治疗,根据不同医院，收费标准不一致，市三甲医院约（10000-50000元）,否,占儿科肾病的5-10%,30%,3个月-6个月,https://tag.120ask.com/jibing/xejxsgnsj/
内科,肾病内科,儿童遗尿症,儿内科,小儿遗尿、习惯性尿裤、逼尿肌无反射、尿失禁、遗尿,本病多见于男孩,药物、心理治疗,根据不同医院，收费标准不一致，市三甲医院约（1000 —— 5000元）,否,2%,85%,3-6月,https://tag.120ask.com/jibing/etynz/
内科,肾病内科,流行性出血热,肾内科、感染科,发热、头痛、眼眶痛、腰痛、恶心呕吐、水肿、肾区有叩痛、低血压、少尿及多尿现象、面红、颈红、胸口红,所有人群,药物治疗,根据不同医院，收费标准不一致，市三甲医院约（5000-10000元）,是,0.0035%,60%,1-3个月,https://tag.120ask.com/jibing/lxxcxr/
内科,肾病内科,腹痛,消化内科,疼痛、肠道痉挛、消化不良、食欲不振,所有人群,药物治疗、手术治疗,根据不同医院，收费标准不一致，市三甲医院约（3000 —— 6000元）,否,0.003%,95%,7-10天,https://tag.120ask.com/jibing/futong/
内科,肾病内科,肾病综合症,肾内科,水肿、蛋白尿、低蛋白血症、高脂血症,所有人均可发病,药物治疗,根据不同医院，收费标准不一致，市三甲医院约（5000 —— 10000元）,否,0.1%,10%,30天,https://tag.120ask.com/jibing/shenbingzonghezheng/
内科,肾病内科,肾小球肾炎,肾内科,肾源性水肿、蛋白尿,所有人群,药物治疗、透析治疗,根据不同医院，收费标准不一致，市三甲医院约（30000 —— 50000元）,否,0.03%,85%,1-6个月,https://tag.120ask.com/jibing/sxqsy/
内科,肾病内科,小儿肾病,肾内科,蛋白尿、低蛋白血症、高胆固醇血症、凹陷性水肿、尿少、血尿,儿童,药物治疗,根据不同医院，收费标准不一致，市三甲医院约（5000—— 10000元）,否,儿童肾病发病率约0.01%--0.03%,,6-9月,https://tag.120ask.com/jibing/xesb/
内科,肾病内科,肾小管疾病,肾内科,多尿、尿崩、烦渴、头晕、乏力、纳差、恶心,原有先天性遗传性肾小管功能缺陷患者、获得性肾小管-间质疾病患者并发,病因治疗、药物治疗,根据不同医院，收费标准不一致，市三甲医院约10000--15000元,否,0.002%,65%,2-4周,https://tag.120ask.com/jibing/sxgjb/
内科,肾病内科,间质性肾炎,肾内科,多尿、烦渴多饮、夜尿增多、血尿、面部蝶形红斑、肌性肌无力、发热伴有皮疹、贫血、高血压、小管间质性肾炎、恶心、关节疼痛,所有群体,药物治疗,根据不同医院，收费标准不一致，市三甲医院约（5000-10000元）,否,0.03%,85%,3-6月,https://tag.120ask.com/jibing/jzxsy/
内科,肾病内科,继发性肾脏疾病,肾内科,尿少、腰痛、血尿、营养不良,既往有肾脏疾病、高血压等疾病的患者多见,透析、药物治疗,根据不同医院，收费标准不一致，市三甲医院约（5000 —— 10000元）,否,0.004%-0.006%,60%,6-12个月,https://tag.120ask.com/jibing/jfxszjb/
内科,肾病内科,溶血尿毒综合征,肾内科、血液科,呕血与黑便、溶血性贫血、无尿、血尿、少尿、腹痛、腹泻、黄疸、昏迷、褐色尿、吡咯烷及呱啶尿、急性溶血性尿毒综合征,所有人群,药物治疗,根据不同医院，收费标准不一致，市三甲医院约（3000 —— 5000元）,否,发病率约为0.004%-0.005%,70%,1-3个月,https://tag.120ask.com/jibing/rxndzhz/
内科,肾病内科,隐匿性肾小球肾炎,肾内科,血尿、蛋白尿、少尿、高血压、水肿、肾功能损伤,无特发人群,饮食、药物、血液透析、腹膜透析治疗,根据不同医院，收费标准不一致，市三甲医院约（6000 —— 8000元,否,发病率约为0.005%--0.007%,50%,3-5年,https://tag.120ask.com/jibing/ynxsxqsy/
内科,肾病内科,急性肾小球肾炎,肾内科,蛋白尿、高血压、少尿、氮质血症、血尿伴蛋白尿、水肿、眼睑浮肿、无尿、疲乏、厌食、恶心与呕吐、头晕,常见于3-8岁儿童,药物治疗,根据不同医院，收费标准不一致，市三甲医院约（20000-50000元）,否,1-3%,95%,8-12周,https://tag.120ask.com/jibing/jxsxqsy/
内科,肾病内科,妊娠合并慢性肾炎,肾内科,头疼、恶心、呕吐、腰疼、蛋白尿、血尿、水肿、高血压,孕期女性,终止妊娠、西药治疗,根据不同医院，收费标准不一致，市三甲医院约（2000— 5000元）,否,0.1%,60%,3个月,https://tag.120ask.com/jibing/rshbmxsy/
内科,肾病内科,妊娠合并急性肾盂肾炎,肾内科、产科,流产、早产、发热、腹痛、腹泻、恶心、呕吐、腰痛、肾区叩击痛、,妊娠期常见,药物、手术治疗,根据不同医院，收费标准不一致，市三甲医院约（6000 —— 8000元）,否,0.0002%,90%,10-20天,https://tag.120ask.com/jibing/rshbjxsysy/
内科,肾病内科,慢性肾小球肾炎,肾内科,蛋白尿、下肢水肿、眼睑浮肿、尿蛋白、腰酸、乏力、食欲不振、高血压,青、中年男性,饮食、药物治疗,根据不同医院，收费标准不一致，市三甲医院约（5000 —— 7000元）,否,0.005%，多来源于急性肾小球肾炎,75%,3-6月,https://tag.120ask.com/jibing/mxsxqsy/
内科,肾病内科,急进性肾小球肾炎,肾内科,少尿、无尿、血尿、蛋白尿、水肿、高血压,青年、中、老年人,药物、血液透析治疗,根据不同医院，收费标准不一致，市三甲医院约（3000 —— 8000元）,否,0.0007%,30%,3个月--1年以上,https://tag.120ask.com/jibing/jjxsxqsy/
内科,肾病内科,Fanconi综合征,肾内科,低尿酸血症、肾性糖尿、氨基酸尿、磷酸盐尿、肾功能衰竭、低钾、低钠血症,所有人群,药物治疗,根据不同医院，收费标准不一致，市三甲医院约（5000—— 10000元）,否,0.023%,70%,3个月,https://tag.120ask.com/jibing/fanconizhz/
内科,肾病内科,感染性休克,急诊科,血管内凝血、视网膜水肿、视乳头水肿、皮肤苍白、收缩压下降、脉压小、少尿、血小板减少、白细胞减少、肝功能受损、昏迷、甲皱毛细血管袢数减少,所有群体,药物治疗,根据不同医院，收费标准不一致，市三甲医院约（10000-30000元）,否,0.15%,98%,3-6周,https://tag.120ask.com/jibing/grxxk/
内科,肾病内科,肾肿瘤,肿瘤科、泌尿外科,腰背部疼痛、血尿、腹部肿块,无特殊发病群体,手术治疗、药物治疗,根据不同医院，收费标准不一致，市三甲医院约（20000-50000元）,否,0.005%,80%,2-4月,https://tag.120ask.com/jibing/shenzhongliu/
内科,肾病内科,尿失禁,神经内科、泌尿外科,尿频伴尿急和尿痛、逼尿肌反射亢进、尿失禁与遗尿、排尿困难及尿潴留,无特殊发病群体,药物治疗、手术治疗,根据不同医院，收费标准不一致，市三甲医院约（5000-10000元）,否,0.005%,60%,7--10天,https://tag.120ask.com/jibing/niaoshijin/
内科,肾病内科,肾盂肿瘤,泌尿外科、肿瘤科,血尿、突发性绞痛、上腹部包块、尿频伴尿急和尿痛、发热伴尿频、尿急、尿痛、腰疼、尿血、贫血、指甲呈半圆形、肾内动脉变细或阻塞 、重度痛,所有人群,药物治疗、手术治疗,根据不同医院，收费标准不一致，市三甲医院约（3000 —— 5000元）,否,0.0012%,60%,1-3个月,https://tag.120ask.com/jibing/syzl/
内科,肾病内科,肾血管性高血压,心血管内科、肾内科,高血压、头痛、头晕、视物模糊、弥漫性下腰痛、血尿、蛋白尿、舒张压上升、腹部血管杂音、间歇性跛行、下肢感应痛或放射痛的腰背痛、眼底改变,多见于３０岁以下的女性、大于５０岁的男性,药物治疗、手术治疗（自体肾移植术、经皮腔内血管成形术）,根据不同医院，收费标准不一致，市三甲医院约（50000 —— 80000元）,否,肾炎患者中，本病发生率约为1-2%,20%，多以控制血压为主,3-6个月,https://tag.120ask.com/jibing/sxgxgxy/
内科,肾病内科,输尿管损伤,泌尿外科,少尿、血尿、腰痛伴肾区叩击痛、上腹部疼痛、尿瘘、尿外渗、无尿、继发感染、发热伴寒战,所有人群,药物、手术治疗,根据不同医院，收费标准不一致，市三甲医院约（5000 —— 10000元）,否,0.0025%，多见于外伤,70%,7-14天,https://tag.120ask.com/jibing/sngss/
内科,肾病内科,肾错构瘤,泌尿外科,大脑发育障碍、胃肠道症状、下腰部疼痛、智力减低、癫痫、面颊部皮脂腺瘤,女性多见，发病年龄多在20～50岁,手术治疗,根据不同医院，收费标准不一致，市三甲医院约（50000 —— 70000元）,否,0.005%,60%,1-3个月,https://tag.120ask.com/jibing/scgl/
内科,肾病内科,小儿先天性肾病综合征,肾内科,眼距宽阔、鼻梁低、蛋白尿、水肿、腹胀、腹痛、贫血、胸痛、腰部钝痛、腹水、尿色酱红或呈酱油色、低蛋白血症,儿童多见,药物治疗,根据不同医院，收费标准不一致，市三甲医院约（30000 —— 60000元）,否,发病率约为0.001%-0.002%,,1-2年,https://tag.120ask.com/jibing/xextxsbzhz/
内科,肾病内科,小儿肾小管性酸中毒,泌尿外科,肾钙化、肾结石、生长缓慢、脱水、多饮、多尿、纳差、呕吐、低钾血症、骨痛、自发性骨折,多见于男孩,药物治疗,根据不同医院，收费标准不一致，市三甲医院约（5000 —— 10000元）,否,0.0001%,60%,3-7天,https://tag.120ask.com/jibing/xesxgxszd/
内科,肾病内科,B链球菌群感染,感染科,发热、头晕、呕吐、腹泻、肝肿大,所有人群,药物治疗,根据不同医院，收费标准不一致，市三甲医院约（3000 —— 8000元）,否,7.9%,93%,7天,https://tag.120ask.com/jibing/blqjqgr/
内科,肾病内科,多系统器官功能衰竭,重症监护科,血糖升高 、凝血障碍、呼吸困难、肺实变、呼吸不规则、呼吸暂停、少尿、心律失常、昏迷、休克、脏器衰竭、气急,所有人群,药物治疗,根据不同医院，收费标准不一致，市三甲医院约2000-5000元,否,0.01%,65%,1-2个月,https://tag.120ask.com/jibing/dxtqggnsj/
内科,肾病内科,非特异性系统性坏死性小血管炎,血液内科,低氧血症、肺泡出血、呼吸衰竭、咯血、贫血、肾功能衰竭、血管炎,所有人群,药物治疗,根据不同医院，收费标准不一致，市三甲医院约（50000 —— 70000元）,否,0.003%,40%,2个月,https://tag.120ask.com/jibing/ftyxxtxhsxxxgy/
内科,肾病内科,肺出血－肾炎综合征,肾内科,咯血、少尿、咳嗽、肺部出血、血尿、疲乏、无力、体重减轻、血清抗GBM抗体阳性、气喘、呼吸困难、胸痛,所有人群,药物治疗,根据不同医院，收费标准不一致，市三甲医院约（3000 —— 8000元）,否,0.0001%,70%,10-30天,https://tag.120ask.com/jibing/fcxsyzhz/
内科,肾病内科,丙型肝炎病毒感染与肾小球肾炎,肝病科、肾内科,血尿、蛋白尿、冷球蛋白血症、血清丙肝病毒RNA(HCV-RNA)阳性、抗-HCVAg阳性、口唇发黄、紫癜、低补体血症、转氨酶增高、单项ALT升高,所有人群,药物治疗,根据不同医院，收费标准不一致，市三甲医院约5000-10000元,否,发病率0.0002%--0.0005%,,3-6月,https://tag.120ask.com/jibing/bxgybdgrysxqsy/
内科,肾病内科,感染性心内膜炎肾损害,心血管内科、肾内科,血尿、蛋白尿、发烧、周身不适、脉搏加速、心率过缓、心力衰竭、慢性肾衰竭、腰背痛、高热寒战、感染性赘生物、心悸,所有人群,药物治疗,根据不同医院，收费标准不一致，市三甲医院约20000-40000元,否,感染性系内膜炎中本病的发病率约为0.02%-0.08%,70%,3-6个月,https://tag.120ask.com/jibing/grxxnmyssh/
内科,肾病内科,镉中毒,急诊科,中毒早期表现咽痛﹑咳嗽﹑胸闷﹑气短﹑头晕﹑恶心﹑全身酸痛﹑无力﹑发热等症状、严重者可出现中毒性肺水肿或化学性肺炎、有明显的呼吸困难﹑胸痛﹑咯大量泡沫血色痰、可因急性呼吸衰竭而死亡,所有人群均可发病,药物治疗、,根据不同医院，收费标准不一致，市三甲医院约（3000 —— 10000元）,否,多见于镉工业工作人员或者水质被污染的居民，发病率约为0.0004%-0.0007%,45%-55%,3-6个月,https://tag.120ask.com/jibing/gezhongdu/
内科,肾病内科,继发性系统性淀粉样变,皮肤科,肝肿大、脾肿大、蛋白尿、血管炎、结节、淀粉样蛋白沉积、斑疹、荨麻疹样皮疹,所有群体,病因治疗,根据不同医院，收费标准不一致，市三甲医院约（1000-5000元）,否,0.0012%,30%,10-30天,https://tag.120ask.com/jibing/jfxxtxdfyb/
内科,肾病内科,老年人感染性休克,呼吸内科、心血管内科,肺部感染（多见）、恶心呕吐、腹胀、腹泻、神志恍惚、表情淡漠、低热、低血压、心动过速、晕厥,体虚老年人,药物治疗、支持疗法,根据不同医院，收费标准不一致，市三甲医院约（20000 —— 50000元）,否,多见于有慢性肺部疾病的老年人，发病率5-10%,60%,1-6月,https://tag.120ask.com/jibing/lnrgrxxk/
内科,肾病内科,老年人高血压危象,心血管内科,高血压、剧烈头痛、发热、出汗、心率加快、皮肤潮红、口干、尿频、排尿困难及手足颤抖,老年高血压患者,药物治疗,根据不同医院，收费标准不一致，市三甲医院约（10000 —— 30000元）,否,0.01%,80%,2-4周,https://tag.120ask.com/jibing/lnrgxywx/
内科,肾病内科,肝肾综合征,肝病科、肾内科,黄疸、腹水、少尿、无尿、血尿、发烧、食欲不振、乏力、发烧,原有肝病患者,药物、手术、血液净化、肝移植治疗,根据不同医院，收费标准不一致，市三甲医院约（10000 ——50000元）,否,肝硬化后1年内发病率为18%,50%,3个月,https://tag.120ask.com/jibing/gszhz/
内科,肾病内科,肝硬化性肾损害,消化内科、肾病科,全身乏力、黄疸、脾大、腹水、呕血、黑便、水肿、高血压、少尿、血尿,肝炎患者,药物治疗、支持疗法,根据不同医院，收费标准不一致，市三甲医院约（30000 —— 50000元）,否,0.003%-0.005%,65%,3-6个月,https://tag.120ask.com/jibing/gyhxssh/
内科,肾病内科,淋巴瘤样肉芽肿,呼吸内科、肿瘤科,周身不适、乏力、关节疼痛、咳嗽、腹痛、感觉障碍、消瘦、耳聋、体重减轻,本病可发生于任何年龄、以20～60岁最多见、男性略多于女性,药物治疗、放射治疗,根据不同医院，收费标准不一致，市三甲医院约（5000 —— 10000元）,否,0.002%,40%,3个月,https://tag.120ask.com/jibing/lblyryz/
内科,肾病内科,慢性呼吸衰竭,呼吸内科,呼吸功能衰竭、紫绀、发绀、心律失常、水肿、潮式呼吸、狂躁、昏迷、抽搐,原有肺部疾病患者,药物治疗、机械通气,根据不同医院，收费标准不一致，市三甲医院约（5000 —— 10000元）,否,呼吸系统里面占0.05%-0.08%,65%,24天-50天,https://tag.120ask.com/jibing/mxhxsj/
内科,肾病内科,农药中毒性肾病,急诊科、肾内科,呼吸气为蒜臭味、抽搐、大小便失禁、口吐白沫、眩晕、乏力、腹痛,所有人群,洗胃、药物治疗,根据不同医院，收费标准不一致，市三甲医院约（5000 —— 10000元）,否,0.002%,40%,1-3个月,https://tag.120ask.com/jibing/nyzdxsb/
内科,肾病内科,内脏利什曼病,呼吸内科、传染科,持续性发热、肝肿大、脾肿大、淋巴结肿大、牵涉痛、内脏痛、头痛、鼻出血、出汗疲乏、全身不适、无力,人类对本病有普遍的易感性，但10岁以下儿童更为易感,饮食、药物、手术治疗,根据不同医院，收费标准不一致，市三甲医院约（10000 —— 50000元）,是,0.0001%,20--40%,1--3个月,https://tag.120ask.com/jibing/nzlsmb/
内科,肾病内科,镍中毒,急诊科,咳嗽、粉红色泡沫痰、胸闷、胸痛、丘疹、斑疹、咳痰、紫绀、疱疹、头痛、头晕、乏力,所有群体,药物治疗,根据不同医院，收费标准不一致，市三甲医院约（5000-10000元）,否,0.001%,80%,3个月,https://tag.120ask.com/jibing/niezhongdu/
内科,肾病内科,软化斑,皮肤科,柔软、黄色、微隆起的斑块、低热、惊厥、嗜睡、重度贫血、肝肿大、肝脏肿大、双肾肿大、肾功能减退,最常见于有慢性尿路感染的中年妇女,药物、手术治疗,根据不同医院，收费标准不一致，市三甲医院约（5000 —— 10000元）,否,0.004%,75%,25-50天,https://tag.120ask.com/jibing/ruanhuaban/
内科,肾病内科,家族性地中海热,风湿免疫科,腹泻、关节疼痛、关节肿胀、斑疹、腹膜炎、急性疼痛、心包炎、紫斑、脾大、淀粉样变性、脾肿大、蛋白尿,所有人群,药物治疗,根据不同医院，收费标准不一致，市三甲医院约（3000 —— 8000元）,否,0.002%,65%,1-3个月,https://tag.120ask.com/jibing/jzxdzhr/
内科,肾病内科,双侧肾缺如,泌尿外科,呼吸异常、呼吸衰竭、无尿、皮肤异常干燥松弛、手相对大并呈爪形、铃状胸,新生儿,目前暂无相关资料,根据不同医院，收费标准不一致，市三甲医院约（5000 —— 10000元）,否,0.0002%,,终身间歇性对症治疗,https://tag.120ask.com/jibing/scsqr/
内科,肾病内科,弹性假黄瘤,心血管内科,高血压、视网膜出血、视力障碍、关节松弛、结节、丘疹、皮损皮黄到橙色、心力衰竭、猝死、心肌梗死、上消化道出血、皮肤弹性差,所有群体,对症治疗,根据不同医院，收费标准不一致，市三甲医院约（1000-5000元）,否,0.0001%,75%,1-2个月,https://tag.120ask.com/jibing/dxjhl/
内科,肾病内科,小儿结节性多动脉炎,儿科,发烧、乏力、消瘦、腹痛、管型尿、肾功能衰竭、便血、脂肪泻、体重减轻、急腹症、黄疸、关节痛,婴幼儿,药物治疗,根据不同医院，收费标准不一致，市三甲医院约（1000-5000元）,否,0.0005%,95%,1-3月,https://tag.120ask.com/jibing/xejjxddmy/
内科,肾病内科,小儿肺出血-肾炎综合征,肾内科,咯血、血尿、蛋白尿、贫血、无力、呼吸困难、少尿、咳痰、面色苍白、眩晕、水肿、头痛,婴幼儿,药物治疗、手术治疗,根据不同医院，收费标准不一致，市三甲医院约（10000-50000元）,否,0.5%,90%,2-4月,https://tag.120ask.com/jibing/xefcxsyzhz/
内科,肾病内科,氯丙嗪类中毒,急诊科,头晕、嗜睡、软弱、精神失常、恶心呕吐、腹痛腹胀、黄疸、心悸、四肢发冷、抽搐、休克,儿童人群,手术治疗（洗胃、催吐）、药物治疗、支持疗法,根据不同医院，收费标准不一致，市三甲医院约（5000 —— 8000元）,否,0.003%,90%,1个月,https://tag.120ask.com/jibing/lblzd/
内科,肾病内科,小儿韦格纳肉芽肿,儿科,鼻塞、乏力、咳嗽、咯血伴胸痛、关节痛、气胸、呼吸急促、关节疼痛、体重减轻、鼻出血、呼吸异常、血尿,儿童,药物治疗,根据不同医院，收费标准不一致，市三甲医院约（3000 —— 8000元）,否,1-3%,80%,>50天,https://tag.120ask.com/jibing/xewgnryz/
内科,肾病内科,纤维化综合征,风湿免疫科,便秘、肠出血、恶心、腹膜后纤维化、腹痛、腹泻、全腹痛、吞咽困难,中老年人,药物治疗,根据不同医院，收费标准不一致，市三甲医院约（400 —— 1000元）,否,0.0002%,30%,3个月,https://tag.120ask.com/jibing/xwhzhz/
内科,肾病内科,单纯肾异位,泌尿外科,腹部肿块、血尿、脓尿、下腹痛、胃肠道症状,所有群体,病因治疗、对症治疗,根据不同医院，收费标准不一致，市三甲医院约（1000-5000元）,否,发病率约为0.002%-0.005%,,如无内脏压迫者一般不需治疗，不影响健康,https://tag.120ask.com/jibing/dcsyw/
内科,肾病内科,II型肾小管性酸中毒,肾内科、急诊科,乏力、厌食、代谢性酸中毒、恶心与呕吐、尿中磷酸盐排出增多、尿钙增多,所有人群,药物治疗,根据不同医院，收费标准不一致，市三甲医院约10000-50000元,否,0.0001%,60%,7--14天,https://tag.120ask.com/jibing/iixsxgxszd/
内科,肾病内科,单纯性肾囊肿,肾内科,一般无特殊症状、囊肿较大合并感染则可有腰痛、或偶有镜下血尿、囊肿合并结石感染则患侧肾区可有叩击痛,所有人群,药物治疗、手术治疗,根据不同医院，收费标准不一致，市三甲医院约（3000 —— 8000元）,否,人群患病概率0.31%,,手术治疗周期7天,https://tag.120ask.com/jibing/dcxsnz/
内科,肾病内科,败血症肾损害,肾内科,高热寒战、寒战、头痛、腹胀、关节疼痛、周身不适、皮疹,所有人群,药物治疗、透析治疗,根据不同医院，收费标准不一致，市三甲医院约30000--60000,否,0.001%,45%,30天,https://tag.120ask.com/jibing/bxzssh/
内科,肾病内科,额外肾,肾内科、泌尿外科,腹痛、发烧、腹部肿块,该病的发生率非常低，无法确切统计,对症治疗、手术治疗,根据不同医院，收费标准不一致，市三甲医院约（10000 —— 50000元）,否,0.001%,95%,1-3月,https://tag.120ask.com/jibing/ewaishen/
内科,肾病内科,等渗性脱水,消化内科,脱水、不口渴、尿少、厌食、恶心、乏力、舌干、眼球下陷、皮肤干燥、松弛,外科病人最易发生,药物治疗,根据不同医院，收费标准不一致，市三甲医院约（3000 —— 8000元）,否,0.13%,95%,3天,https://tag.120ask.com/jibing/dsxts/
内科,肾病内科,恶性高血压性小动脉性肾硬化,肾内科,蛋白尿、肉眼血尿、白细胞尿、神志异常,原发性高血压人群、原有泌尿系疾病患者,药物治疗、透析治疗、手术治疗,根据不同医院，收费标准不一致，市三甲医院约10000--30000元,否,0.002%,60%,3个月,https://tag.120ask.com/jibing/exgxyxxdmxsyh/
内科,肾病内科,播散性黄瘤伴尿崩症,神经内科,播散性皮肤丘疹性黄瘤、黏膜黄瘤,所有群体,对症治疗,根据不同医院，收费标准不一致，市三甲医院约（1000-5000元）,否,0.00001%,71%,10-30天,https://tag.120ask.com/jibing/bsxhlbnbz/
内科,肾病内科,低钾血症肾病,肾内科,心律失常、烦渴多饮、多尿、夜尿增多、四肢无力、肠麻痹软瘫、腱反射消失、高血钾、低钾血症、甲亢危象,所有群体,药物治疗,根据不同医院，收费标准不一致，市三甲医院约（5000-10000元）,否,0.001%,30%,10-30天,https://tag.120ask.com/jibing/djxzsb/
内科,肾病内科,薄肾小球基底膜病,肾内科,持续性血尿或无明显蛋白尿,所有人群,生活调理、药物治疗,根据不同医院，收费标准不一致，市三甲医院约1000--3000元,否,0.0001%,10%,30天,https://tag.120ask.com/jibing/bsxqjdmb/
内科,肾病内科,法布里病,肾内科,血尿、蛋白尿、水肿、出汗异常、角膜混浊、手掌和足底间歇发作性刺痛、烧灼痛向四肢近端放射、少汗或无汗、缩瞳、发作性腹痛、腹泻、恶心呕吐、消瘦,先天遗传,手术治疗、透析治疗、药物治疗、中药治疗,根据不同医院，收费标准不一致，市三甲医院约（30000--70000元）,否,0.001%,40%,1-2个月,https://tag.120ask.com/jibing/fblb/
内科,肾病内科,低渗性脱水,急诊科,疲乏感、头晕、手足麻木、恶心、呕吐、脉搏细速、血压不稳定、视力模糊、尿量少,所有人均可发病,药物治疗,根据不同医院，收费标准不一致，市三甲医院约（1000 —— 2000元）,否,0.97%,99%,7天,https://tag.120ask.com/jibing/dishenxingtuoshui/
内科,肾病内科,范科尼综合征,神经内科,生长缓慢、多尿、腹胀、腹泻、便秘、交替无力、麻痹、消瘦、烦渴、多尿,儿科,药物治疗,根据不同医院，收费标准不一致，市三甲医院约（1000--5000元）,否,0.002%,40%,1-3个月,https://tag.120ask.com/jibing/fknzhz/
内科,肾病内科,常染色体显性多囊肾,泌尿外科,血尿、蛋白尿、脓尿,所有群体,药物治疗、手术治疗,根据不同医院，收费标准不一致，市三甲医院约（10000-50000元）,否,本病罕见，发病率约为0.0005%-0.001%,,终身间歇性治疗,https://tag.120ask.com/jibing/crstxxdns/
内科,肾病内科,放射性肾炎,肾内科,水肿、贫血、高血压、肾缺血、肾脏缩小、血尿、心脏扩大、呼吸急促、头痛,大量接受放射性照射患者,药物、血液透析、手术治疗,根据不同医院，收费标准不一致，市三甲医院约（3000 —— 8000元）,否,0.001%,30%,3个月,https://tag.120ask.com/jibing/fsxsy/
内科,肾病内科,成人多囊肾,泌尿外科,双侧肾内痛、血尿、绞痛、上腹部包块、发热伴寒战、膀胱刺激症、慢性肾功能不全、头痛、恶心与呕吐、乏力、体重减轻、压痛,成年群体,手术治疗,根据不同医院，收费标准不一致，市三甲医院约（1000-5000元）,否,0.001%,70%,1-2个月,https://tag.120ask.com/jibing/crdns/
内科,肾病内科,非IgA系膜增生性肾炎,肾内科,肾病综合征、高血压、蛋白尿、血尿、肾区钝痛,所有人群,药物治疗,根据不同医院，收费标准不一致，市三甲医院约（3000 —— 5000元）,否,0.003%,80%,1-3个月,https://tag.120ask.com/jibing/figaxmzsxsy/
内科,肾病内科,多肾盏畸形,肾内科,发烧,所有群体,手术治疗,根据不同医院，收费标准不一致，市三甲医院约（5000-10000元）,否,0.002%-0.003%,70%,8-12周,https://tag.120ask.com/jibing/dszjx/
内科,肾病内科,单侧肾缺如,泌尿外科,尿少、腰痛、乏力,所有人群,肾移植、药物治疗,根据不同医院，收费标准不一致，市三甲医院约（50000 —— 100000元）,否,0.0002%-0.0004%,2%,>20天(终身间歇性治疗),https://tag.120ask.com/jibing/dcsqr/
内科,肾病内科,非特异性尿道炎,肾内科,尿道分泌粘液或脓性分泌物、尿道刺痒、尿道烧灼感、排尿疼痛、脓性分泌物、宫颈黏液脓性分泌物、外阴瘙痒、腹部不适、附睾肿大发硬、睾丸触痛、睾丸疼痛、阴囊水肿,所有群体,药物治疗,根据不同医院，收费标准不一致，市三甲医院约（1000-5000元）,否,0.12%,90%,7-21天,https://tag.120ask.com/jibing/ftyxndy/
内科,肾病内科,非甾体类抗炎药物性肾病,肾内科,发热、皮疹、腰困、浮肿,好发于30～70岁的妇女。,药物治疗、支持治疗,根据不同医院，收费标准不一致，市三甲医院约（5000 —— 10000元）,否,长期进食止痛药患者发病率可达5-9%,40-50%，以对症治疗为主,2-4年,https://tag.120ask.com/jibing/ftlkyywxsb/
内科,肾病内科,高尿酸血症肾病,肾内科,痛风性关节炎呈急性发作深夜加重、结节、突然出现剧烈的腰痛、恶心与呕吐、嗜睡,所有人群,药物治疗,根据不同医院，收费标准不一致，市三甲医院约10000--50000,否,人群患病概率0.007%,70%,3-6个月,https://tag.120ask.com/jibing/gnsxzsb/
内科,肾病内科,黄色肉芽肿性肾盂肾炎,肾内科,复杂性尿路感染、发烧、乏力、消瘦、不规则热、输尿管梗阻、肾区钝痛、厌食、便秘、尿道结石,所有群体,手术治疗,根据不同医院，收费标准不一致，市三甲医院约（5000-10000元）,否,0.002%,75%,2-4个月,https://tag.120ask.com/jibing/hsryzxsysy/
内科,肾病内科,高渗性脱水,消化内科,脱水、昏迷、少尿、乏力、唇干舌燥、皮肤弹性差、躁狂,所有人群,药物治疗,根据不同医院，收费标准不一致，市三甲医院约（3000 —— 8000元）,否,发病率在0.35%,85%以上可以治愈,3-7周,https://tag.120ask.com/jibing/gsxts/
内科,肾病内科,混合型肾小管性酸中毒,肾内科,代谢性酸中毒、低钾血症、糖尿、生长缓慢、氨基酸尿症、低血钾、低钠血症、尿路结石、维生素D缺乏、骨硬化、甲状旁腺功能亢进、恶心,所有群体,药物治疗,根据不同医院，收费标准不一致，市三甲医院约（5000-10000元）,否,0.03%--0.05%,40%,6-12个月,https://tag.120ask.com/jibing/hhxsxgxszd/
内科,肾病内科,急进性肾炎,肾内科,少尿或无尿、血尿、大量蛋白尿、浮肿、 紫癜,多出现在原发疾病基础上继发,药物治疗、透析治疗、手术治疗,根据不同医院，收费标准不一致，市三甲医院约（30000--60000元）,否,0.005%,50%,1-3个月,https://tag.120ask.com/jibing/jjxsy/
内科,肾病内科,肝源性肾损害,肾内科,血尿、黄疸、蜘蛛痣、肝掌、脾大、腹水、腿脚浮肿、眼睑浮肿,肝病患者,病因治疗,根据不同医院，收费标准不一致，市三甲医院约（1000-5000元）,否,0.002%,75%,3个月,https://tag.120ask.com/jibing/gyxssh/
内科,肾病内科,梗阻性尿路疾病,泌尿外科,少尿、腰痛伴肾区叩击痛、腰背痛、腹痛、,常见于年龄>60岁的男性,手术治疗、西药治疗、中药,根据不同医院，收费标准不一致，市三甲医院约（5000 —— 10000元）,否,0.0004%,85%,3-6周,https://tag.120ask.com/jibing/gzxnljb/
内科,肾病内科,急性风湿热肾损害,肾内科、风湿科,一过性肉眼血尿、血红蛋白尿、脓尿、乳糜尿、肾病综合征,所有群体,病因治疗,根据不同医院，收费标准不一致，市三甲医院约（500-1000元）,否,0.05%,60%,2-4月,https://tag.120ask.com/jibing/jxfsrssh/
内科,肾病内科,感染性急性小管间质性肾炎,肾内科,高热寒战、尿痛、血尿、蛋白尿、急性肾衰竭、骨髓象左移现象、白细胞增多、白细胞尿、管型尿、肾区叩击痛、肾区压痛和叩痛、脓尿,所有群体,药物治疗,根据不同医院，收费标准不一致，市三甲医院约（1000-5000元）,否,0.0030%,75%,6-12个月,https://tag.120ask.com/jibing/grxjxxgjzxsy/
内科,肾病内科,梗阻性肾病,肾内科、普外科,血尿、血红蛋白尿、脓尿、蛋白尿、肾病综合征、尿频、夜尿增多、尿痛、排尿困难及尿潴留、乏力、食欲不振、恶心与呕吐,所有群体,药物治疗、手术治疗,根据不同医院，收费标准不一致，市三甲医院约（5000-10000元）,否,0.001%,70%,10-30天,https://tag.120ask.com/jibing/gzxsb/
内科,肾病内科,急性肾功能衰竭,肾内科,厌食、恶心、呕吐、腹泻、呃逆、头昏、头痛、烦燥不安、,所有人群,药物、血液透析治疗,根据不同医院，收费标准不一致，市三甲医院约（10000 —— 50000元）,否,0.05%,50%,2--8周,https://tag.120ask.com/jibing/jxsgnsj/
内科,肾病内科,铁线虫病,感染科,腹泻、尿急、尿频、尿痛、膀胱刺激症、热痛、消化不良、血尿,所有人群,手术治疗、药物治疗,根据不同医院，收费标准不一致，市三甲医院约（500—— 2000元）,是,0.005%,80%,2-4月,https://tag.120ask.com/jibing/txcb/
内科,肾病内科,钩端螺旋体病的肾损害,肾内科、感染科,发热、肌痛、乏力、结膜充血、腓肠肌压痛、尿血、昏迷、黄疸、恶心与呕吐、心率过缓,钩端螺旋体病患者,药物治疗,根据不同医院，收费标准不一致，市三甲医院约（5000-10000元）,是,0.002%,50%,2个月,https://tag.120ask.com/jibing/gdlxtbdssh/
内科,肾病内科,急性肾小管坏死,肾内科,少尿、食欲不振、恶心与呕吐、多尿、腹泻、贫血、嗜睡、昏迷、抽搐、消瘦、肌肉萎缩,所有人群,药物治疗,根据不同医院，收费标准不一致，市三甲医院约10000--60000,否,0.01%,80%,1个月,https://tag.120ask.com/jibing/jxsxghs/
内科,肾病内科,过敏性急性小管间质性肾炎,肾内科,发热、皮疹、血尿、关节痛、可有明显腰痛,老年人群,药物治疗、营养支持治疗、透析治疗,根据不同医院，收费标准不一致，市三甲医院约10000--50000,否,0.003%,70%,1-3个月,https://tag.120ask.com/jibing/gmxjxxgjzxsy/
内科,肾病内科,急性肾小管间质性肾炎,肾内科,多尿、蛋白尿、少尿、荨麻疹样皮疹、发热,撒野人群,药物治疗、透析治疗,根据不同医院，收费标准不一致，市三甲医院约10000--50000,否,0.001%,85%,10-15天,https://tag.120ask.com/jibing/jxsxgjzxsy/
内科,肾病内科,高钙血症肾病,肾内科,多尿、夜尿增多、烦渴多饮、脱水、表皮发生钙化、共济失调、高凝状态、低分子蛋白尿、等渗尿、低钠血症、步态异常、恶心与呕吐,所有群体,对症治疗,根据不同医院，收费标准不一致，市三甲医院约（5000-10000元）,否,0.005%--0.007%,60-70%(多以控制症状为主),终身治疗,https://tag.120ask.com/jibing/ggxzsb/
内科,肾病内科,海洛因肾脏病,肾内科,水肿、蛋白尿、血脂异常、低蛋白血症、成瘾、肾病综合征,所有群体,对症治疗,根据不同医院，收费标准不一致，市三甲医院约（1000-5000元）,否,吸毒人群中本病发病率约为1%-5%,60%，对症治疗为主,3-6个月,https://tag.120ask.com/jibing/hlyszb/
内科,肾病内科,急性肾炎综合征,肾内科,血尿、凹陷性浮肿、头痛、头晕、呕吐,所有人群,西药治疗、透析治疗,根据不同医院，收费标准不一致，市三甲医院约20000--50000元,否,0.0031%-0.0042%,85%,4-8周,https://tag.120ask.com/jibing/jxsyzhz/
内科,肾病内科,急性肾炎,肾内科,凹陷性水肿、血尿或肉眼血尿,所有人群,药物治疗、透析治疗,根据不同医院，收费标准不一致，市三甲医院约10000--30000元,否,0.003%,80%,10-30天,https://tag.120ask.com/jibing/jxsy/
内科,肾病内科,急性肾盂肾炎,肾内科,高热寒战、浑身酸痛、尿频、尿急、尿痛、腰痛伴肾区叩击痛、疲乏无力、食欲减退、可有恶心呕吐,所有人群,药没治疗,根据不同医院，收费标准不一致，市三甲医院约（3000 —— 5000元）,否,发病率约为0.005%-0.009%,85%,4-8周,https://tag.120ask.com/jibing/jxsysy/
内科,肾病内科,挤压综合征,急诊科,挤压伤、皮肤有压痕、体循环淤血、皮肤张力增加、头晕、周身不适、呼吸衰竭、贫血、头目晕沉、瘀血积聚、腹痛、急性肾衰竭,所有群体,手术治疗,根据不同医院，收费标准不一致，市三甲医院约（10000-50000元）,否,0.1%,99%,90天,https://tag.120ask.com/jibing/jyzhz/
内科,肾病内科,交叉性异位肾伴有或不伴有融合,肾内科,脓尿、腹部肿块、血尿、腹痛,所有群体,对症治疗,根据不同医院，收费标准不一致，市三甲医院约（1000-5000元）,否,0.005%,60%,2-4月,https://tag.120ask.com/jibing/jcxywsbyhbbyrh/
内科,肾病内科,近端(Ⅱ型)肾小管性酸中毒,肾内科,恶心与呕吐、肌无力、厌食、乏力、便秘,所有人群,药物治疗,根据不同医院，收费标准不一致，市三甲医院约（20000--60000元）,否,0.01%,40%,1-3个月,https://tag.120ask.com/jibing/jdxsxgxszd/
内科,肾病内科,老年人梗阻性肾病,泌尿外科,少尿、尿频伴尿急和尿痛、腹胀、恶心与呕吐、肾病性浮肿面容,老年人群,手术治疗、药物治疗,根据不同医院，收费标准不一致，市三甲医院约30000--70000,否,60岁以上老年人群本病发生率约为0.08%,60%,3个月,https://tag.120ask.com/jibing/lnrgzxsb/
内科,肾病内科,寄生虫性尿路感染,感染科、泌尿外科,白带增多、外阴瘙痒、尿道烧灼感、尿频伴尿急和尿痛、排尿前后膀胱区痛、脓尿、寒战、高热、肾区叩击痛、尿道口有白膜形成、血尿,所有人群,药物治疗,根据不同医院，收费标准不一致，市三甲医院约（3000 —— 8000元）,否,0.001%,70%,7-14天,https://tag.120ask.com/jibing/jscxnlgr/
内科,肾病内科,近端肾小管性酸中毒,肾内科,生长缓慢、营养不良、乏力、厌食、多尿、糖尿、恶心与呕吐、疲乏,所有人群,对症治疗、药物治疗,根据不同医院，收费标准不一致，市三甲医院约10000--30000,否,0.001%,80%,1-7天,https://tag.120ask.com/jibing/jdsxgxszd/
内科,肾病内科,老年人急进性肾炎,肾内科,无尿、血尿、蛋白尿、高血压、肾功能衰竭、氮质血症、疲劳、恶心与呕吐、食欲不振、关节疼痛、腹痛、少尿,老年人,激素冲击疗法,根据不同医院，收费标准不一致，市三甲医院约（5000-10000元）,否,0.5%-0.7%,75%,8-12周,https://tag.120ask.com/jibing/lnrjjxsy/
内科,肾病内科,家族性出血性肾炎,肾内科,蛋白尿、血尿、听力减退、眼缺陷、紫癜、耳聋,遗传家族,生活调理、药物治疗,根据不同医院，收费标准不一致，市三甲医院约2000--10000,否,0.003%,30%,3个月,https://tag.120ask.com/jibing/jzxcxxsy/
内科,肾病内科,经行尿感,泌尿外科,每逢经行或经刚净后发生尿频、尿急、尿痛,生育期女性,中药治疗、西药治疗,根据不同医院，收费标准不一致，市三甲医院约（500—— 1000元）,否,0.01%,96%,7-14天,https://tag.120ask.com/jibing/jxng/
内科,肾病内科,老年人急性感染后肾炎,肾内科,血尿、蛋白尿、高血压、水肿、肾小球滤过率下降、少尿、无尿、肾脏受累、小管间质性肾炎、伤口感染、尿频伴尿急和尿痛、疲乏,老年人,对症治疗,根据不同医院，收费标准不一致，市三甲医院约（5000-10000元）,否,0.001%,75%,10-30天,https://tag.120ask.com/jibing/lnrjxgrhsy/
内科,肾病内科,局灶性节段性肾小球硬化,肾内科,肾病综合征、蛋白尿、血尿、肾衰竭,所有群体,病因治疗,根据不同医院，收费标准不一致，市三甲医院约（5000-10000元）,否,发病率约为0.004%--0.005%,45%-65%,3-6个月,https://tag.120ask.com/jibing/jzxjdxsxqyh/
内科,肾病内科,老年人急性肾功能衰竭,肾内科,氮质血症、混合型酸碱平衡紊乱、食欲减退、恶心与呕吐、腹胀、腹泻、上消化道出血、高血压、心力衰竭、心律失常、嗜睡、意识障碍,60岁以上老年人群,对症治疗,根据不同医院，收费标准不一致，市三甲医院约（5000-10000元）,否,0.01%,50%,3个月,https://tag.120ask.com/jibing/lnrjxsgnsj/
内科,肾病内科,甲状腺功能亢进症的肾损害,内分泌科,畏热、多尿、消瘦、失眠、高代谢征群、甲状腺肿大、突眼症、慢性肾功能不全、心悸、糖代谢紊乱、内分泌功能减退、内分泌功能亢进,所有群体,药物治疗,根据不同医院，收费标准不一致，市三甲医院约（1000-5000元）,否,0.0006%,85%,3-6月,https://tag.120ask.com/jibing/jzxgnkjzdssh/
内科,肾病内科,局灶性肾小球硬化症,肾内科,血尿、蛋白尿、高血压、肾病综合征、肾小球硬化,所有人群,药物治疗,根据不同医院，收费标准不一致，市三甲医院约（5000 ——10000元）,否,0.08%,80%,2-4月,https://tag.120ask.com/jibing/jzxsxqyhz/
内科,肾病内科,老年人慢性肾功能衰竭,肾内科,贫血、高血压、癫痫和癫痫样发作、尿毒症、发音障碍、肌束震颤、偏瘫、意识障碍、脱水、水潴留、心动过缓、房室传导阻滞,老年人,病因治疗,根据不同医院，收费标准不一致，市三甲医院约（5000-10000元）,否,0.001%,75%,1-3个月,https://tag.120ask.com/jibing/lnrmxsgnsj/
内科,肾病内科,假性醛固酮减少症,内分泌科,呕吐、腹泻、口渴感丧失、新生儿反应低下、生长缓慢、脱水、多尿,所有群体,对症治疗,根据不同医院，收费标准不一致，市三甲医院约（500-1000元）,否,0.005%,40%,1-3个月,https://tag.120ask.com/jibing/jxqgtjsz/
内科,肾病内科,抗菌药中毒性肾病,肾内科,血尿、少尿、全身过敏和发热皮疹关节痛、蛋白尿、关节疼痛、乏力、头晕、食欲减退、恶心与呕吐、听力减退,所有人群,药物治疗,根据不同医院，收费标准不一致，市三甲医院约10000--30000,否,发病率约为0.001%，多以服用抗真菌药物所致,70%,1-3个月,https://tag.120ask.com/jibing/kjyzdxsb/
内科,肾病内科,老年人慢性肾盂肾炎,肾内科,全身不适、体重减轻、低热、尿失禁、排尿困难、尿潴留、多尿、夜尿等。少数病人表现为腰痛、腹部隐痛或肾绞痛,老年人,中药、西药治疗,根据不同医院，收费标准不一致，市三甲医院约（3000 —— 10000元）,否,0.01%,60%,7-21天,https://tag.120ask.com/jibing/lnrmxsysy/
内科,肾病内科,间质性膀胱炎,泌尿外科,夜尿增多、血尿、溃疡、胀痛、尿急、尿频,女性多发,药物治疗,根据不同医院，收费标准不一致，市三甲医院约10000--50000,否,0.005%,90%,5周,https://tag.120ask.com/jibing/jzxby/
内科,肾病内科,老年人泌尿系结石,泌尿外科,腰部钝痛或绞痛并向下放射至会阴及髋部、血尿、恶心、呕吐、尿频、尿痛、尿急,老年人群,药物治疗、手术治疗、碎石治疗、中药治疗,根据不同医院，收费标准不一致，市三甲医院约10000--20000元,否,14%,65.3％,14天,https://tag.120ask.com/jibing/lnrmnxjs/
内科,肾病内科,老年人肾癌,泌尿外科,血尿、疼痛和肿块,多发人群有遗传性肾癌家族史者；中年以上的吸烟、酗酒、患高血压的“胖”男人。,药物治疗、手术治疗、支持治疗,根据不同医院，收费标准不一致，市三甲医院约（20000 —— 50000元）,否,0.005%,20%,3个月,https://tag.120ask.com/jibing/lnrsa/
内科,肾病内科,老年人尿失禁,泌尿外科,膀胱痉挛、尿频、尿急、尿失禁、逼尿肌反射亢进、逼尿肌无反射,老年人,病因治疗、对症治疗,根据不同医院，收费标准不一致，市三甲医院约（1000-5000元）,否,0.02%,70%,1-2个月,https://tag.120ask.com/jibing/lnrnsj/
内科,肾病内科,老年人肾病综合征,肾内科,晨起眼睑、面部、踝部可见水肿、蛋白尿、低蛋白血症、高胆固醇血症,老年人,对症治疗、利尿消肿治疗,根据不同医院，收费标准不一致，市三甲医院约（5000 —— 30000元）,否,0.001%,50%,1-2个月,https://tag.120ask.com/jibing/lnrsbzhz/
内科,肾病内科,链球菌感染后的急性肾小球肾炎,泌尿科,头疼、咽痛、皮肤感染、眼睑水肿、高血压、蛋白尿、血尿,儿童、青壮年,中药治疗、西药治疗,根据不同医院，收费标准不一致，市三甲医院约（5000—— 10000元）,否,0.001%,20%,1-2个月,https://tag.120ask.com/jibing/lqjgrhdjxsxqsy/
内科,肾病内科,老年人前列腺增生症,泌尿外科,夜尿增多、尿失禁与遗尿、排尿困难及尿潴留、尿流变细或中断、血尿、膀胱结石、尿频,50岁以上,药物治疗,根据不同医院，收费标准不一致，市三甲医院约1000--5000,否,50岁以上的国内发病率约50%,60%,3个月,https://tag.120ask.com/jibing/lnrqlxzsz/
内科,肾病内科,老年人糖尿病肾病,肾内科、内分泌科,糖尿、蛋白尿、水肿、慢性肾功能不全、血液粘度增高、血脂异常、血糖值升高、肾病综合征、高血压、脂肪代谢障碍、水盐代谢障碍、疲劳,所有群体,药物治疗,根据不同医院，收费标准不一致，市三甲医院约（1000-5000元）,否,老年人患病概率0.087%,,治疗周期30天,https://tag.120ask.com/jibing/lnrtnbsb/
内科,肾病内科,良性高血压性小动脉性肾硬化,肾内科,高血压、蛋白尿、肾功能衰竭、肾脏缩小、心室肥大、视网膜水肿、高尿酸血症,所有群体,病因治疗,根据不同医院，收费标准不一致，市三甲医院约（1000-5000元）,否,0.002%-0.005%,80%,2-4月,https://tag.120ask.com/jibing/lxgxyxxdmxsyh/
内科,肾病内科,慢性反流性肾病,肾内科,尿床、排尿不连续、排尿特征性姿势、反复下尿路感染、膀胱形态学改变,儿童,手术治疗,根据不同医院，收费标准不一致，市三甲医院约（4000-6000元）,否,0.001%,30%,10-30天,https://tag.120ask.com/jibing/mxflxsb/
内科,肾病内科,良性前列腺增生,肾内科,尿频、排尿困难及尿潴留、尿流变细或中断、血尿伴排尿不畅、血尿、尿失禁、前列腺肥大、尿后滴沥、急性尿潴留、膀胱排空不全、膀胱残余尿量增多、余沥不净,所有群体,保列治、爱普列特、舍尼通、通尿灵、泊泌松、癃闭舒,根据不同医院，收费标准不一致，市三甲医院约（1000-5000元）,否,40岁以上男性患病概率1.3%,,手术治疗周期7天,https://tag.120ask.com/jibing/lxqlxzs/
内科,肾病内科,老年人原发性高血压引起的良性,肾内科、心血管内科,头疼、头晕、脚底无力,老年人有烟酒嗜好者、作息不规律者,中医药物治疗、西医药物治疗,根据不同医院，收费标准不一致，市三甲医院约（2000-10000元）,否,0.01%,10%,30天,https://tag.120ask.com/jibing/lnryfxgxyyqdlxxdmsyh/
内科,肾病内科,类风湿性关节炎的肾损害,肾内科,关节僵直、关节疼痛、关节肿胀、血尿、晨僵、蛋白尿、高血压、关节游走性疼痛，肿胀、关节强直、关节强硬,类风湿患者,药物治疗,根据不同医院，收费标准不一致，市三甲医院约（1000-5000元）,否,0.12%,40%,30天,https://tag.120ask.com/jibing/lfsxgjydssh/
内科,肾病内科,磷脂酰胆碱-胆固醇酰基转移酶,肾内科,贫血、角膜混浊、肾病综合征、蛋白尿,所有人群,药物治疗,根据不同医院，收费标准不一致，市三甲医院约5000-10000元,否,0.002%,30%,3个月,https://tag.120ask.com/jibing/lzdjdgcjzymqf/
内科,肾病内科,类风湿性关节炎肾损害,肾内科,发热、关节僵直、关节肿胀、血尿、蛋白尿、高血压、夜尿增多、皮下结节,风湿性关节炎患者,药物治疗、中药治疗、理疗,根据不同医院，收费标准不一致，市三甲医院约15000--30000,否,0.003--0.007%,30--40%,1--3个月,https://tag.120ask.com/jibing/lfsxgjyssh/
内科,肾病内科,慢性肾炎,肾内科,血尿、蛋白尿、水肿、高血压、少尿、慢性肾功能不全,青、中年男性,药物治疗,根据不同医院，收费标准不一致，市三甲医院约（3000 —— 5000元）,否,0.05%,95%,2-6月,https://tag.120ask.com/jibing/mxsy/
内科,肾病内科,冷球蛋白血症肾损害,肾内科,肝肿大、冷球蛋白血症、脾肿大、关节疼痛、急性肾衰竭、冷球蛋白发生沉淀或呈胶冻状、多克隆型冷球蛋白血症、淋巴结肿大、抗HCVAg阳性、肾病综合征,所有人群,药物治疗,根据不同医院，收费标准不一致，市三甲医院约（5000 —— 20000元）,否,0.002%,50%,3个月,https://tag.120ask.com/jibing/lqdbxzssh/
内科,肾病内科,慢性肾盂肾炎,肾内科,畏寒、发热、乏力、食欲不振、腰酸腰痛、肾区叩痛、尿频、尿急、尿痛及排尿困难,反复尿路感染患者,药物治疗、支持疗法,根据不同医院，收费标准不一致，市三甲医院约（3000 —— 5000元）,否,2%～8%,70%,2-4周,https://tag.120ask.com/jibing/mxsysy/
内科,肾病内科,锂肾病,肾内科,情感淡漠、反应迟钝、震颤、强直和共济失调、并可能发生意识障碍和昏迷,成年人,药物治疗、透析治疗,根据不同医院，收费标准不一致，市三甲医院约（5000 —— 1000元）,否,0.0001%,20%,5年,https://tag.120ask.com/jibing/lishenbing/
内科,肾病内科,疟疾肾病,肾内科,高血压、蛋白尿、血尿、水肿、胸腔积液、腹水伴有肝、脾z肿及贫血、持续发热,有疟疾流行地区的人群较多见,药物治疗,根据不同医院，收费标准不一致，市三甲医院约（1000 —— 3000元）,是,0.001%,10%,30天,https://tag.120ask.com/jibing/njsb/
内科,肾病内科,梅毒肾病,肾内科、性病科,水肿、蛋白尿、血尿、慢性肾功能不全,所有群体,药物治疗,根据不同医院，收费标准不一致，市三甲医院约（5000-10000元）,否,5%(有多性伴侣人群发病率约5%),60%,1-2年,https://tag.120ask.com/jibing/mdsb/
内科,肾病内科,镰状细胞性肾病,肾内科,血尿、蛋白尿、低蛋白血症、指（趾）骨梗死、肾病综合征、胸痛、脱水、关节疼痛、皮肤老化、身痛、急性肾衰竭、发烧,女性发病率高于男性，尤其青少年，6～15岁较多见,药物治疗,根据不同医院，收费标准不一致，市三甲医院约（5000 —— 10000元）,否,0.05%,80%,3-5月,https://tag.120ask.com/jibing/lzxbxsb/
内科,肾病内科,巯甲丙脯酸肾损害,肾内科,少尿、无尿、糖尿、蛋白尿、高钾血症、高血压、肾病性浮肿面容、肾小球滤过率下降、低蛋白血症、急性肾衰竭、咳嗽,所有人群,对症治疗,根据不同医院，收费标准不一致，市三甲医院约（8000 —— 30000元）,否,发病率约为0.004%--0.006%,,6-12月,https://tag.120ask.com/jibing/jbfsssh/
内科,肾病内科,镁过多症,血液内科,乏力、高钾血症、呼吸抑制、昏迷、腱反射消失、嗜睡、血压下降,主要是肾功能不全病人,药物治疗,根据不同医院，收费标准不一致，市三甲医院约（500——1000 元）,否,0.002%-0.006%,80%,1-3个月,https://tag.120ask.com/jibing/mgdz/
内科,肾病内科,免疫抑制药和抗癌药中毒性肾病,肾内科,蛋白尿、齿龈增生、面部多毛、少尿、肝功能受损、管型尿,免疫力低下与癌症患者,药物治疗,根据不同医院，收费标准不一致，市三甲医院约（5000—— 15000元）,否,0.0001%,70%,3个月,https://tag.120ask.com/jibing/myyzyhkayzdxsb/
内科,肾病内科,慢脾风,中医科,面唇发青发黯额上汗出四肢厥冷手足微搐,儿童,药物治疗,根据不同医院，收费标准不一致，市三甲医院约（30 —— 1000元）,否,0.02%,60%,1-2个月,https://tag.120ask.com/jibing/manpifeng/
内科,肾病内科,镁缺乏症,营养科,厌食、恶心与呕吐、衰弱、不自主运动,所有人群,药物治疗、饮食疗法,根据不同医院，收费标准不一致，市三甲医院约5000--10000元,否,0.01%,70%,1个月,https://tag.120ask.com/jibing/mqfz/
内科,肾病内科,膜性肾病,肾内科,大量蛋白尿,成年人,西药治疗、中药治疗、生活调理,根据不同医院，收费标准不一致，市三甲医院约3000--8000元,否,40岁以上人群多见，发病率约为0.004%-0.009%，属于肾病综合征一种常见类型,55%-65%，多以控制蛋白尿治疗为主,6-12个月,https://tag.120ask.com/jibing/mxsb/
内科,肾病内科,免疫介导性肾脏病,肾内科,血尿伴蛋白尿、白细胞尿,所有群体,对症治疗,根据不同医院，收费标准不一致，市三甲医院约（1000-5000元）,否,0.05%,75%,2-4月,https://tag.120ask.com/jibing/myjdxszb/
内科,肾病内科,膜性肾小球肾炎,肾内科,高血压、水肿、蛋白尿、肉眼血尿、腰痛,可发生于任何年龄、以成人多见、平均年龄35岁左右,药物治疗,根据不同医院，收费标准不一致，市三甲医院约（5000 —— 10000元）,否,0.3%--0.6%(50岁以上老年人发病率约0.3%--0.6%),40-50%(多以控制蛋白尿治疗为主),8-12个月,https://tag.120ask.com/jibing/moxsxqsy/
内科,肾病内科,膜增生性肾小球肾炎,肾内科,多数起病隐袭、缓慢以血尿、蛋白尿、高血压、水肿为其基本临床表现可有不同程度肾功能减退病情迁延、反复渐进性发展为慢性肾衰竭,可发生于任何年龄，但以青、中年男性为主,药物治疗、透析治疗、中医药治疗,根据不同医院，收费标准不一致，市三甲医院约（1000-5000元）,否,0.03%,80%,3-6月,https://tag.120ask.com/jibing/mzsxsxqsy/
内科,肾病内科,膀胱输尿管反流,泌尿外科,血尿、尿急、尿痛、尿频、发热、恶心呕吐、腹痛,所有人群,药物治疗、手术治疗,根据不同医院，收费标准不一致，市三甲医院约(5000——20000元）,否,0.001%,60%,10-30天,https://tag.120ask.com/jibing/bsngfl/
内科,肾病内科,尿毒症昏迷,肾内科,早期表现为疲劳、乏力、头痛、头晕、理解力和记忆力减退等进一步发展出现烦躁不安、肌肉颤动、幻觉的人等严重者还会出现嗜睡、昏迷脑电波常有异常,尿毒症透析患者,透析治疗、肾移植治疗、支持治疗、对症处理、中医药治疗,根据不同医院，收费标准不一致，市三甲医院约（50000 —— 100000元）,否,0.1%,50%,3个月,https://tag.120ask.com/jibing/ndzhm/
内科,肾病内科,膀胱与尿道结石,泌尿外科,尿痛、排尿困难、尿潴留、血尿及尿频尿急、尿道溃疡尿外渗,中老年人,手术治疗,根据不同医院，收费标准不一致，市三甲医院约（8000-10000元）,否,0.05%,80%,2-4周,https://tag.120ask.com/jibing/byndjs/
内科,肾病内科,尿路软斑症,肾内科,尿频伴尿急和尿痛、尿内出现蛋白及管型、无症状性菌尿、血尿、发烧、腰背痛、腹部肿块,所有人群,药物治疗,根据不同医院，收费标准不一致，市三甲医院约（3000 —— 8000元）,否,0.002%,40%,3个月,https://tag.120ask.com/jibing/nlrbz/
内科,肾病内科,钠过多,神经内科,乏力、头痛、易激动兴奋、震颤、抽搐、呼吸困难、咳嗽,所有人群,药物治疗,根据不同医院，收费标准不一致，市三甲医院约10000--30000元,否,本病发病率在45%以上,95%能够治愈,3-6周,https://tag.120ask.com/jibing/naguoduo/
内科,肾病内科,尿路真菌感染,泌尿科,尿频、尿急、尿痛、腰痛,有霉菌性阴道炎、免疫力差的女性易患,药物治疗,根据不同医院，收费标准不一致，市三甲医院约1000---3000元,是,0.080%,90%,20天,https://tag.120ask.com/jibing/nlzjgr/
内科,肾病内科,囊性肾病,肾内科,血尿、高血压、肾区叩击痛,所有群体,病因治疗,根据不同医院，收费标准不一致，市三甲医院约（1000-5000元）,否,发病率约0.006%--0.007%,,1-2个月,https://tag.120ask.com/jibing/nxsb/
内科,肾病内科,轻链病与轻链沉积病,血液科,淋巴结肿大、贫血、不明原因发热、无力、脾大、病理性骨折、伴高血压、皮肤出血点、牙龈出血,本病多发于中、老年人(>45岁),药物治疗,根据不同医院，收费标准不一致，市三甲医院约（20000 —— 50000元）,否,0.0001%,60%,1--3个月,https://tag.120ask.com/jibing/qlbyqlcjb/
内科,肾病内科,尼曼-皮克病,肾内科,食欲不振、腹泻、呕吐、营养不良、耳聋、麻痹、消瘦、抽搐、脾肿大、淋巴结肿大、肝肿大,所有群体,对症治疗,根据不同医院，收费标准不一致，市三甲医院约（1000-5000元）,否,0.01%,40%,3-6月,https://tag.120ask.com/jibing/nmpkb/
内科,肾病内科,妊娠合并多囊肾,产科、泌尿外科,脓尿、尿频、肾功能衰竭、慢性肾功能不全、妊娠蛋白尿、妊娠期高血压、孕妇腹部硬块、腰痛伴尿频、尿急、尿痛、妊娠时持续性腹痛或腰酸腰痛、孕产妇腰痛、腹痛、下腹部包块,孕妇,病因治疗、对症治疗,根据不同医院，收费标准不一致，市三甲医院约（1000-5000元）,否,本病罕见，发病率约为0.0001%--0.0004%,,1-3个月,https://tag.120ask.com/jibing/rshbdns/
内科,肾病内科,妊娠合并急性肾小球肾炎,肾内科、产科,水肿、血尿、高血压、少尿、乏力、头痛、恶心与呕吐、妊娠期高血压、眼睑浮肿、可逆性氮质血症,妊娠期妇女,药物治疗,根据不同医院，收费标准不一致，市三甲医院约（500-1000元）,否,本病在特定妊娠人群中发病比例在3%,,一般在3-6周时间,https://tag.120ask.com/jibing/rshbjxsxqsy/
内科,肾病内科,妊娠期急性肾功能衰竭,产科,妊娠毒血症、胎盘早剥、腰部钝痛、少尿、肾衰竭、夜尿增多、低钠血症、肾小动脉有纤维梗死、急性肾衰竭、高血氮、局限性肾坏死、舌淡体胖,孕妇,对症治疗,根据不同医院，收费标准不一致，市三甲医院约（1000-5000元）,否,妊娠妇女本病发生率约为0.03%--0.04%，多发生在伴有高血压的妇女,60-80%,3-6个月,https://tag.120ask.com/jibing/rsqjxsgnsj/
内科,肾病内科,膀胱颈挛缩,泌尿外科,进行性排尿困难、慢性尿潴留,中年妇女,手术治疗,根据不同医院，收费标准不一致，市三甲医院约（5000-10000元）,否,0.001%,30%,7-14天,https://tag.120ask.com/jibing/bjls/
内科,肾病内科,妊娠合并慢性肾小球肾炎,妇科、肾病科,孕妇乏力、孕妇贫血、妊娠期高血压、妊娠蛋白尿、妊娠毒血症、孕妇全身性水肿,孕妇,病因治疗、对症治疗,根据不同医院，收费标准不一致，市三甲医院约（500-1000元）,否,0.00251%,60%,2-4周,https://tag.120ask.com/jibing/rshbmxsxqsy/
内科,肾病内科,溶血尿毒症综合征,血液科,尿量增多、腹泻、一过性肉眼血尿、贫血、头痛、心律失常、脱水,所有人群,药物治疗、透析治疗,根据不同医院，收费标准不一致，市三甲医院约10000--50000,否,发病率约为0.005%-0.009%,50%,3-6个月,https://tag.120ask.com/jibing/rxndzzhz/
内科,肾病内科,肾动脉闭塞,泌尿外科,恶心与呕吐、无尿、急性肾衰竭,所有群体,药物治疗、手术治疗,根据不同医院，收费标准不一致，市三甲医院约（5000-10000元）,否,0.005%,75%,2-5月,https://tag.120ask.com/jibing/sdmbs/
内科,肾病内科,妊娠合并肾病综合征,肾内科,蛋白尿、低蛋白血症、孕妇全身性水肿、妊高征、血浆胆固醇水平高、贫血、脉压小、易昏厥、低血压、循环衰竭、休克、乏力,孕妇,对症治疗,根据不同医院，收费标准不一致，市三甲医院约（1000-5000元）,否,0.01%,30%,10-30天,https://tag.120ask.com/jibing/rshbsbzhz/
内科,肾病内科,肾动脉瘤,泌尿外科,疼痛、血尿、高血压,所有人群,外科手术、介入、药物治疗,根据不同医院，收费标准不一致，市三甲医院约（5000——20000元）,否,0.0002%-0.0003%,65%-75%(外科手术治疗),6-8周,https://tag.120ask.com/jibing/sdml/
内科,肾病内科,肾及输尿管重复畸形,泌尿外科,肾结石、肾盂积水、肠外结核,所有群体,病因治疗、对症治疗,根据不同医院，收费标准不一致，市三甲医院约（5000-10000元）,否,0.05%,75%,2-4月,https://tag.120ask.com/jibing/sjsngzfjx/
内科,肾病内科,Ⅳ型肾小管性酸中毒,肾内科,倦怠、动作迟钝、嗜睡、肌肉无力、心律失常,所有人群,生活调理、药物治疗,根据不同医院，收费标准不一致，市三甲医院约5000--10000元,否,0.5%,75%,3-6月,https://tag.120ask.com/jibing/xsxgxszd/
内科,肾病内科,肾动脉血栓形成和栓塞,肾内科,血尿、高血压、腹痛、腰背痛、恶心与呕吐、肾区叩击痛、蛋白尿、发烧、肾功能衰竭、压痛、胃肠道出血、网状青斑,所有群体,手术治疗,根据不同医院，收费标准不一致，市三甲医院约（5000-10000元）,否,0.0004%-0.0008%,75%,1-3个月,https://tag.120ask.com/jibing/sdmxsxchss/
内科,肾病内科,烧伤后急性肾功能衰竭,烧伤科,尿比重下降、昏迷、肾衰竭、休克、排尿困难及尿潴留、肾小球滤过率下降、低血容量休克、少尿、氮质血症,所有群体,对症治疗,根据不同医院，收费标准不一致，市三甲医院约（5000-10000元）,否,0.005%,86%,2-4月,https://tag.120ask.com/jibing/sshjxsgnsj/
内科,肾病内科,肾结核对侧肾积水,泌尿外科,尿频伴尿急和尿痛、血尿、尿失禁与遗尿、腰背痛,所有人群,药物治疗,根据不同医院，收费标准不一致，市三甲医院约（3000 —— 8000元）,否,0.001%-0.005%(占肾结核的15%),60%,3个月,https://tag.120ask.com/jibing/sjhdcsjs/
内科,肾病内科,肾动脉粥样栓塞,心血管内科、肾内科,血尿、管型尿,所有群体,手术治疗,根据不同医院，收费标准不一致，市三甲医院约（5000-10000元）,否,0.01%-0.02%(上述为肾病患者发病比例),75%(外科手术治疗),2-3个月,https://tag.120ask.com/jibing/sdmzyss/
内科,肾病内科,神经源性膀胱,泌尿外科,膀胱的感觉（尿意、膀胱膨胀）明显减退或增丧失,成年人,药物治疗、手术治疗,根据不同医院，收费标准不一致，市三甲医院约（3000 —— 8000元）,否,0.05%,85%,2-4月,https://tag.120ask.com/jibing/shenjingyuanxingbang/
内科,肾病内科,肾发育不全,肾内科,高血压、视力障碍,所有群体科,病因治疗、对症治疗,根据不同医院，收费标准不一致，市三甲医院约（5000-10000元）,否,0.0005%--0.0007%,80%,1-3个月,https://tag.120ask.com/jibing/sfybq/
内科,肾病内科,肾钙乳,肾内科,血尿、腰背痛、肌肉颤动,所有人群,药物治疗、手术治疗,根据不同医院，收费标准不一致，市三甲医院约10000--50000,否,0.002%,70%,2-4月,https://tag.120ask.com/jibing/shengairu/
内科,肾病内科,肾淀粉样变性,肾内科,蛋白尿、肾病综合征、水肿、多尿、心音异常、慢性肾衰竭、淀粉样蛋白沉积、急性肾衰竭、心力衰竭、肾浓缩功能障碍、心脏增大,所有群体,病因治疗、对症治疗,根据不同医院，收费标准不一致，市三甲医院约（5000-10000元）,否,0.0007%,85%,3-5月,https://tag.120ask.com/jibing/sdfybx/
内科,肾病内科,肾静脉血栓,肾内科,高热寒战、腹痛、突然出现剧烈的腰痛、肾区压痛和叩痛、血尿、肋间隙可有压痛、持续性尿蛋白、下肢水肿,所有群体,药物治疗,根据不同医院，收费标准不一致，市三甲医院约（5000-10000元）,否,0.01%-0.03%(肾病患者中本病发病率约为0.01%-0.03%),65%,45天,https://tag.120ask.com/jibing/sjmxs/
内科,肾病内科,肾疳,中医科、消化内科,上热下冷，寒热时作，齿龂生疮，耳焦脑热；手足逆冷，吐逆滑泄；下部生疮，脱肛不收，夜啼饶哭，渐成困重,小儿,中医药物治疗、西医药物治疗,根据不同医院，收费标准不一致，市三甲医院约（500 —— 5000元）,否,婴幼儿发病率约为0.001%-0.002%,65%-75%,1-3个月,https://tag.120ask.com/jibing/shen/
内科,肾病内科,肾动静脉瘘,泌尿外科,血尿、蛋白尿、高血压、血管杂音、左心室肥厚、左心衰竭,所有群体,手术治疗,根据不同医院，收费标准不一致，市三甲医院约（5000-10000元）,否,本病罕见，发病率约为0.0001%,,1-3个月,https://tag.120ask.com/jibing/sdjm/
内科,肾病内科,肾咳,肾内科、中医科,咳嗽、咳痰、腰部钝痛、耳聋、腰膝酸痛,中老年人,药物治疗,根据不同医院，收费标准不一致，市三甲医院约（3000 —— 5000元）,否,0.03%--0.07%,80%,8-12周,https://tag.120ask.com/jibing/shenke/
内科,肾病内科,肾及输尿管结石,泌尿外科,剧烈腹痛、恶心、呕吐、血尿、发热、肾积水,青壮年,手术治疗、药物治疗,根据不同医院，收费标准不一致，市三甲医院约（5000 —— 20000元）,否,人群患病概率0.4%,,手术治疗周期7天,https://tag.120ask.com/jibing/sjsngjs/
内科,肾病内科,肾前性肾功能衰竭,肾内科,口渴、直立性头晕、皮肤弹性差、粘膜干燥,所有人群,西药治疗、透析治疗,根据不同医院，收费标准不一致，市三甲医院约8000--15000,否,0.005%,70%,1-3月,https://tag.120ask.com/jibing/sqxsgnsj/
内科,肾病内科,肾皮质化脓性感染,肾内科,腰背痛、高热寒战、食欲不振、尿频伴尿急和尿痛、腰痛伴尿频、尿急、尿痛、发热伴尿频、尿急、尿痛、腰疼、寒战、皮质功能减退、发热伴寒战、淋巴液流出、发烧,所有群体,病因治疗,根据不同医院，收费标准不一致，市三甲医院约（5000-10000元）,否,0.1%,85%,3-6周,https://tag.120ask.com/jibing/spzhnxgr/
内科,肾病内科,肾融合,肾内科,输尿管梗阻、下腹部包块,所有人群,药物治疗,根据不同医院，收费标准不一致，市三甲医院约2000-5000元,否,婴幼儿发病率约为0.001%-0.002%,55%,1-3，部分病例需多次手术矫正,https://tag.120ask.com/jibing/shenronghe/
内科,肾病内科,肾气不固,中医科,遗精滑泄、腰膝酸软、神疲乏力、耳鸣、夜尿多、尿频便溏、月经时多时少且淋漓不断、带下清稀、形寒肢冷,所有人群,药物治疗,根据不同医院，收费标准不一致，市三甲医院约（3000 —— 5000元）,否,0.03%,80%,3-6个月,https://tag.120ask.com/jibing/sqbg/
内科,肾病内科,肾性失镁,肾内科,肌肉挛缩、四肢抽搐、手足抽掣、抽风、步态不稳、恶心与呕吐、食欲不振、无力、眩晕、幻觉,肾脏疾病患者,药物治疗,根据不同医院，收费标准不一致，市三甲医院约（1000-5000元）,否,0.0035%,80%,1--3周,https://tag.120ask.com/jibing/sxsm/
内科,肾病内科,肾石症,肾内科,无症状或突然发作疼痛以胀痛钝痛为主并向下腹部、大腿内侧及外阴部等处放射、血尿、尿闭、尿频、尿急、尿痛,所有人群,生活调理、药物治疗、手术治疗,根据不同医院，收费标准不一致，市三甲医院约（40000--80000元）,否,人群患病概率0.5%,,手术治疗周期7天,https://tag.120ask.com/jibing/shenshizheng/
内科,肾病内科,肾痈,泌尿外科,肾区红肿热痛、少腹及肋下胀满、寒热往来,青壮年男性,中医药物治疗、西医药物治疗、手术治疗,根据不同医院，收费标准不一致，市三甲医院约（500 —— 15000元）,否,0.001%,60%,10-30天,https://tag.120ask.com/jibing/shenyong/
内科,肾病内科,肾性糖尿,内分泌科,低血糖症、多尿、多饮、腹泻、脓尿、肾损害、肾性糖尿、脱水,中老年人,饮食治疗,根据不同医院，收费标准不一致，市三甲医院约（1000—— 5000元）,否,0.09%,,需要终身治疗,https://tag.120ask.com/jibing/sxtn/
内科,肾病内科,肾髓质坏死,肾内科,低氧血症、脱水、败血症、急性肾衰竭,所有人群,药物治疗,根据不同医院，收费标准不一致，市三甲医院约（8000 —— 30000元）,否,0.0001%,20%,30天,https://tag.120ask.com/jibing/sszhs/
内科,肾病内科,肾虚眩晕,中医科,眩晕、耳鸣、听力下降、腰膝酸软、精神萎靡,所有人群,药物治疗,根据不同医院，收费标准不一致，市三甲医院约（3000 —— 5000元）,否,10%,70%,3个月,https://tag.120ask.com/jibing/sxxy/
内科,肾病内科,肾髓质囊性病,肾内科、泌尿外科,低钠血症、血尿、脓尿、烦渴多饮、绞痛、遗尿、贫血、抽搐,所有人群,对症治疗,根据不同医院，收费标准不一致，市三甲医院约（3000 —— 8000元,否,0.05%,80%,3-5月,https://tag.120ask.com/jibing/ssznxb/
内科,肾病内科,肾盂输尿管连接部梗阻,泌尿外,复杂性尿路感染、感染性发热、高热寒战、败血症、肾损害、腹膜炎、尿毒症、慢性肾功能不全、无尿、贫血、生长缓慢、厌食,所有人群,手术治疗,根据不同医院，收费标准不一致，市三甲医院约（1000-5000元）,否,0.012%,80%,10天,https://tag.120ask.com/jibing/sysngljbgz/
内科,肾病内科,肾虚腰痛,中医科,腰腰膝酸软、面色晄白、手足不温、少气乏力、少腹拘急、面色潮红、手足心热、口燥咽干、舌红少苦,所有人群,药物治疗,根据不同医院，收费标准不一致，市三甲医院约（3000 —— 5000元）,否,0.1%,80%,1-3个月,https://tag.120ask.com/jibing/sxyt/
内科,肾病内科,肾细胞癌,肿瘤科、普外科,低热、食欲减退、病理性骨折、血清碱性磷酸酶活性增高、血浆白蛋白降低、球蛋白异常、内分泌功能减退、胃肠道功能不好、消化不良、吸收不良综合征、不明原因发热、溴磺酞排泄延迟,所有群体,手术治疗,根据不同医院，收费标准不一致，市三甲医院约（5000-10000元）,否,少见，约10万分之2-3,,1个月,https://tag.120ask.com/jibing/sxba/
内科,肾病内科,肾旋转异常,肾内科,脓尿、血尿,所有群体,病因治疗、对症治疗,根据不同医院，收费标准不一致，市三甲医院约（1000-5000元）,否,0.0001%--0.0005%,70%,1--6个月,https://tag.120ask.com/jibing/sxzyc/
内科,肾病内科,肾脏疾病伴发的精神障碍,肾内科,意识障碍、嗜睡、痴呆、思维贫乏、木僵、易激惹、脑衰弱综合征、抑郁、神经衰弱综合征、谵妄、昏迷、乏力,所有群体,病因治疗,根据不同医院，收费标准不一致，市三甲医院约（1000-5000元）,否,0.001%,70%,65天,https://tag.120ask.com/jibing/szjbbfdjsza/
内科,肾病内科,肾血管畸形与压迫,肾内科,高血压 、血尿、 蛋白尿,所有人群,手术治疗、药物治疗,根据不同医院，收费标准不一致，市三甲医院约（10000 —— 50000元）,否,0.001%,50%,3个月,https://tag.120ask.com/jibing/sxgjxyyp/
内科,肾病内科,肾脏损伤,泌尿外科,尿外渗、红细胞压积偏高、血尿、低位腰痛、肾脓肿、高血压,所有群体,手术治疗,根据不同医院，收费标准不一致，市三甲医院约（5000-10000元）,否,腹部外伤中本病发生率约为0.005%--0.008%,,1-2个月,https://tag.120ask.com/jibing/szss/
内科,肾病内科,肾性氨基酸尿,肾内科,智力发育迟缓、吡咯烷及呱啶尿、高尿酸血症、低钙血症、糙皮病样皮疹、共济失调、氨基酸尿症、二碱基氨基酸尿症	、特异性氨基酸尿、步态不稳、四肢震颤、舞蹈样不自主运动,所有群体,药物治疗,根据不同医院，收费标准不一致，市三甲医院约（1000-5000元）,否,0.015%,65%,70天,https://tag.120ask.com/jibing/sxajsn/
内科,肾病内科,肾盏积水,肾内科,腰痛、血尿、尿频,所有人群,药物治疗、手术治疗,根据不同医院，收费标准不一致，市三甲医院约（5000 —— 8000元）,否,0.0003%,85%,2-4月,https://tag.120ask.com/jibing/szjs/
内科,肾病内科,肾性尿崩症,肾内科,烦渴多饮、多尿、智力发育迟缓、多饮、脱水、昏迷、抽搐、高热、高钠血症,所有群体,病因治疗、对症治疗,根据不同医院，收费标准不一致，市三甲医院约（1000-5000元）,否,0.00015%--0.0002%,60-80%,1-3个月,https://tag.120ask.com/jibing/sxnbz/
内科,肾病内科,肾盏憩室,泌尿外科,腰痛、肉眼血尿、脓尿、发热及尿频、尿急、尿痛,所有人群,非手术治疗、手术治疗、对症治疗,根据不同医院，收费标准不一致，市三甲医院约（5000-10000元）,否,本病罕见，发病率约为0.0001%--0.0002%,,1-2个月,https://tag.120ask.com/jibing/szs/
内科,肾病内科,肾异位血管及副血管,肾内科,血尿、腰背痛、脓尿、恶心与呕吐,所有群体,治疗以手术为主,根据不同医院，收费标准不一致，市三甲医院约（5000-10000元）,否,0.001%,60%,2-4周,https://tag.120ask.com/jibing/sywxgjfxg/
内科,肾病内科,输尿管瓣膜,泌尿外科,恶心与呕吐、腹痛、癌性输尿管狭窄、输尿管扩张、巨输尿管症、血尿,所有群体,手术治疗,根据不同医院，收费标准不一致，市三甲医院约（5000-10000元）,否,0.001%-0.002%,65%-75%,1-3个月,https://tag.120ask.com/jibing/sngbm/
内科,肾病内科,肾硬化症,肾内科,腰酸、腰痛、 水肿、 血尿、夜尿多、头痛、 眩晕、 心悸、 气短,动脉粥样硬化患者,预防治疗、西药治疗、中药治疗、生活调理,根据不同医院，收费标准不一致，市三甲医院约10000--30000元,否,0.0003%,85%,1-3个月,https://tag.120ask.com/jibing/syhz/
内科,肾病内科,失盐性肾炎,肾内科,多尿、皮肤色素沉着呈青铜色、夜尿增多、食欲不振、肾小球滤过率下降、失盐、醛固酮分泌增多、脱水、恶心与呕吐、低血压、直立性低血压晕厥、虚脱,各年龄均可发病以青年男性多见,药物治疗,根据不同医院，收费标准不一致，市三甲医院约（3000 —— 8000元）,否,本病罕见，发病率约为0.0001%--0.0002%,40-50%,1-3个月,https://tag.120ask.com/jibing/syxsy/
内科,肾病内科,输尿管结核,泌尿外科、感染科,血尿、尿频、尿急、尿痛,以前有其它部位结核病者多见,药物治疗、手术治疗,根据不同医院，收费标准不一致，市三甲医院约（5000 —— 20000元）,是,0.001%,60%,30天,https://tag.120ask.com/jibing/sngjh/
内科,肾病内科,特发性急性小管间质性肾炎,肾内科,乏力、厌食、肌痛、恶心与呕吐、白细胞尿、贫血、蛋白尿、血尿,所有人群,药物治疗,根据不同医院，收费标准不一致，市三甲医院约10000--30000,否,0.01%,70%,3个月,https://tag.120ask.com/jibing/tfxjxxgjzxsy/
内科,肾病内科,下消,肾内科、中医科,消瘦、尿黄似浓茶、小便淋漓、尿液混浊、尿液中有稠厚胶样物,60岁以上老年人群,药物治疗、饮食治疗,根据不同医院，收费标准不一致，市三甲医院约2000-20000元,否,2%,,终身疾病,https://tag.120ask.com/jibing/xiaxiao/
内科,肾病内科,输尿管脱垂,泌尿外科,腰背痛、排尿不畅、尿流中断、排尿困难及尿潴留、尿路结石、血尿,所有群体,病因治疗、对症治疗,根据不同医院，收费标准不一致，市三甲医院约（5000-10000元）,否,0.00001%,90%,30天,https://tag.120ask.com/jibing/sngtc/
内科,肾病内科,特发性尿钙增多症,肾内科、泌尿外科,血尿、肾性糖尿、尿道结石、钙沉积、低分子蛋白尿、一侧腰腹突发“刀割”样绞痛、腰痛伴尿频、尿急、尿痛,儿童人群,饮食疗法 、药物疗法,根据不同医院，收费标准不一致，市三甲医院约3000-10000元,否,发病率约为0.004%-0.008%,40%-50%，多以控制症状为主,3-6个月,https://tag.120ask.com/jibing/tfxngzdz/
内科,肾病内科,先天性巨输尿管,泌尿外科,腰痛血尿尿频及脓尿、发热,好发于小儿，男多于女,手术治疗、药物治疗,根据不同医院，收费标准不一致，市三甲医院约（10000 —— 100000元）,否,0.008%,40%,3-6个月,https://tag.120ask.com/jibing/xtxjsng/
内科,肾病内科,特异性肾实质疾病,肾病科,双侧腰痛、剧痛、血尿,咽痛或上呼吸道感染史患者、使用抗生素或其他肾毒性药物患者,西医药物治疗,根据不同医院，收费标准不一致，市三甲医院约（8000-10000元）,否,0.001%,40%,1-3个月,https://tag.120ask.com/jibing/tyxsszjb/
内科,肾病内科,先天性肾病综合征,肾内科,先兆早产、胎盘大、新生儿蛋白尿、生长缓慢、小头、眼距宽阔,新生儿,预防治疗、药物治疗,根据不同医院，收费标准不一致，市三甲医院约10000--50000,否,本病罕见，发病率约为0.006%-0.008%,65%,6-12个月,https://tag.120ask.com/jibing/xtxsbzhz/
内科,肾病内科,小儿Alstrom综合征,儿科,视力减退、耳聋、肥胖,儿童,中医药物治疗、西医药物治疗,根据不同医院，收费标准不一致，市三甲医院约（5000 —— 20000元）,否,0.0005%,65%,2-4月,https://tag.120ask.com/jibing/xealstromzhz/
内科,肾病内科,双重输尿管,泌尿外科,便秘、输尿管扩张、尿急、尿频、尿失禁、男性不育、肾盂积水、下腹部包块,所有群体,对症治疗、手术治疗,根据不同医院，收费标准不一致，市三甲医院约（5000-10000元）,否,0.0001%,30--50%,2--6周,https://tag.120ask.com/jibing/szsng/
内科,肾病内科,小儿不对称身材-矮小-性发育,内分泌科,眼距宽阔、口角下垂、第5指短小弯曲、呼吸困难、智力减低、脊柱和四肢畸形、体型异常、尿道下裂、性早熟、脸部大小不一、易疲乏、低血糖症,婴幼儿,只能针对并发症进行对症治疗,根据不同医院，收费标准不一致，市三甲医院约（5000-10000元）,否,本病罕见，发病率约为0.0001%-0.0003%,,终身间歇性治疗,https://tag.120ask.com/jibing/xebdcscaxxfyyczhz/
内科,肾病内科,水臌,中医科,腹胀大、皮薄而紧、色苍、小便难、两胁痛,成年人群,中医药物治疗、西医药物治疗,根据不同医院，收费标准不一致，市三甲医院约（5000 —— 8000元）,否,0.005%,65%,3-6月,https://tag.120ask.com/jibing/shui/
内科,肾病内科,微小病变型肾病,肾内科,蛋白尿、血尿、肾病综合征、低蛋白血症、面部水肿、下肢水肿、高血压、低血压、呼吸困难、腹水、胸腔积液、阴囊水肿,所有人群,药物治疗,根据不同医院，收费标准不一致，市三甲医院约（5000 —— 10000元）,否,18岁一下青少年以及儿童多见，发病率约为0.002%--0.004%,70-80%，大部分对激素敏感,6-8个月,https://tag.120ask.com/jibing/wxbbxsb/
内科,肾病内科,小儿单纯性血尿,肾内科,血尿、蛋白尿、腹痛、尿痛、尿频、尿急、尿失禁与遗尿,婴幼儿,对症治疗,根据不同医院，收费标准不一致，市三甲医院约（100-500元）,否,0.0035%,75%,1-3个月,https://tag.120ask.com/jibing/xedcxxn/
内科,肾病内科,微小病变性肾病,肾内科,水肿、蛋白尿、低蛋白血症、高血压、低血压、血尿,所有人群均可发病,药物治疗,根据不同医院，收费标准不一致，市三甲医院约（5000 —— 1000元）,否,0.001%,80%,3个月,https://tag.120ask.com/jibing/weixbbxsb/
内科,肾病内科,小儿低氯性氮质血症综合征,儿内科,疲劳、厌食、恶心与呕吐、少尿、呼吸困难、心律失常、肾功能衰竭、嗜睡、高钾血症、呕吐、惊厥、昏迷,儿童,药物治疗,根据不同医院，收费标准不一致，市三甲医院约（3000 —— 8000元）,否,0.005%,60%,1-2个月,https://tag.120ask.com/jibing/xedlxdzxzzhz/
内科,肾病内科,下腔静脉后输尿管,泌尿外科,腰背痛、癌性输尿管狭窄、巨输尿管症、血尿、长脉,所有群体,手术治疗,根据不同医院，收费标准不一致，市三甲医院约（5000-10000元）,否,发病率约为0.002%--0.004%,,8-12周,https://tag.120ask.com/jibing/xqjmhsng/
内科,肾病内科,小儿迁延性肾小球肾炎,肾内科,蛋白尿、血尿、水肿,儿童,药物治疗,根据不同医院，收费标准不一致，市三甲医院约（5000 —— 10000元）,否,发病率约为0.005%-0.008%,75%,1-3个月,https://tag.120ask.com/jibing/xeqyxsxqsy/
内科,肾病内科,小儿急进性肾小球肾炎,肾内科,发烧、高血压、水肿、少尿、血尿、蛋白尿、精神萎靡、呕吐、乏力、鼻出血,儿童,药物治疗、透析治疗、手术治疗、血浆置换、中药治疗,根据不同医院，收费标准不一致，市三甲医院约（10000 —— 50000元）,否,发病率约为0.0002%-0.0005%,75%-85%,3-6个月,https://tag.120ask.com/jibing/xejjxsxqsy/
内科,肾病内科,小儿莱施-尼汉综合征,神经内科,暴怒、自我残伤行为、双侧手足徐动、攻击行为、语言发育迟缓、不自主运动、多尿、结节,多为男孩,支持治疗、药物治疗,根据不同医院，收费标准不一致，市三甲医院约（800 —— 2000元）,否,0.03%,80%,2-4月,https://tag.120ask.com/jibing/xelsnhzhz/
内科,肾病内科,小儿蓝尿布综合征,小儿内科,便秘、反复感染、钙化、高钙血症、面色苍白、尿磷、肾钙化、肾结石,婴幼儿,对症治疗、药物治疗,根据不同医院，收费标准不一致，市三甲医院约（1000—— 3000元）,否,0.002%,40%,2-4个月,https://tag.120ask.com/jibing/xelnbzhz/
内科,肾病内科,新生儿急性肾功能衰竭,新生儿科,无尿、少尿、水肿、皮肤苍白、体重增加、心力衰竭、多尿、厌食、高血压、高钾血症、低钙血症、代谢性酸中毒,新生儿,对症治疗,根据不同医院，收费标准不一致，市三甲医院约（5000-10000元）,否,0.004%,70%,2-4月,https://tag.120ask.com/jibing/xsejxsgnsj/
内科,肾病内科,小儿肾性糖尿,儿科,低血糖症、水样便、脱水、营养不良、食欲异常、腹水、腹泻、消瘦,婴幼儿,病因治疗、对症治疗,根据不同医院，收费标准不一致，市三甲医院约（500-1000元）,否,0.0035%,70%,3-6个月,https://tag.120ask.com/jibing/xesxtn/
内科,肾病内科,小儿狼疮肾炎,风湿免疫科,关节疼痛、关节肿胀、黏膜损害、慢性肾功能不全、肾脏受累、水肿、肾小球滤过率下降、消耗性体重下降、高热、低热、食欲不振、乏力,婴幼儿,药物治疗,根据不同医院，收费标准不一致，市三甲医院约（5000-10000元）,否,0.001%,20%,1-3个月,https://tag.120ask.com/jibing/xelcsy/
内科,肾病内科,新生儿泌尿系统感染,泌尿外科,小儿发热、厌奶、面色苍白、嗜睡、恶心与呕吐、新生儿蛋白尿、腹痛、排尿疼痛、呕吐、惊厥、黄疸、腹胀,新生儿,药物治疗,根据不同医院，收费标准不一致，市三甲医院约（1000-5000元）,否,发病率占新生儿的0.01%--0.04%,95%,1-2周,https://tag.120ask.com/jibing/xsemnxtgr/
内科,肾病内科,小儿肾血管性高血压,儿科,头痛、头晕、烦躁不安、呕吐、心力衰竭、肾功能衰竭、尿素廓清障碍、肾病综合征、舒张压上升、发烧、门诊高血压、水肿,婴幼儿,药物治疗,根据不同医院，收费标准不一致，市三甲医院约（5000-10000元）,否,0.002%,60%,1-2个月,https://tag.120ask.com/jibing/xesxgxgxy/
内科,肾病内科,新生儿肾静脉血栓,新生儿科,腰部包块、血尿、面色苍白、呼吸急促、高血压、肺栓塞、肢体栓塞、腹痛、少尿、血小板减少、蛋白尿、恶心与呕吐,新生儿,病因治疗、对症治疗,根据不同医院，收费标准不一致，市三甲医院约（5000-10000元）,否,0.001%,20%,1-3个月,https://tag.120ask.com/jibing/xsesjmxs/
内科,肾病内科,小儿慢性肾小球肾炎,肾内科,血尿、高血压、水肿,儿童,中医药物治疗、西医药物治疗,根据不同医院，收费标准不一致，市三甲医院约（10000 —— 30000元）,否,0.013%,70%,30天,https://tag.120ask.com/jibing/xemxsxqsy/
内科,肾病内科,胸内肾,胸心外科、泌尿外科,腹式反常呼吸,所有人群,支持疗法,根据不同医院，收费标准不一致，市三甲医院约（5000 —— 10000元）,否,0.0004%,85%,2-4月,https://tag.120ask.com/jibing/xiongneishen/
内科,肾病内科,小儿尿崩症,小儿内科,多饮、烦渴、多尿、夜尿增多,好发于任何人，头颅肿瘤患者，多是中枢性尿崩症,药物治疗，支持治疗,根据不同医院，收费标准不一致，市三甲医院约（5000 ——10000元）,否,发病率约为0.0005%--0.0007%,,3-5年,https://tag.120ask.com/jibing/xenbz/
内科,肾病内科,血尿,泌尿科,尿色红、镜下血尿,膀胱肿瘤、泌尿系感染患者多见,西医药物治疗,根据不同医院，收费标准不一致，市三甲医院约（1000-3000元）,否,0.002%,95%(一般经过有效治疗95%可以治愈),7-14天,https://tag.120ask.com/jibing/xueniao/
内科,肾病内科,小儿先天性肾上腺皮质增生症,内分泌科,代谢性酸中毒、腹泻、高血钾、两性畸形、脱水、性早熟、雄激素过多、休克,学龄儿童和青少年,药物治疗,根据不同医院，收费标准不一致，市三甲医院约（5000-20000元）,否,0.001%,20%,3个月,https://tag.120ask.com/jibing/xextxssxpzzsz/
内科,肾病内科,小儿尿感,肾内科、儿科,发烧、面色苍白、呕吐、腹胀、乏力、腰酸、腹泻、血尿、婴儿体重增长缓慢或不增加、小儿咳嗽、尿急、尿频,儿童,药物治疗,根据不同医院，收费标准不一致，市三甲医院约（300 —— 000元）,否,0.003%,85%,10-50天,https://tag.120ask.com/jibing/xeng/
内科,肾病内科,I型肾小管性酸中毒,肾内科,恶心与呕吐、心悸、厌食、气短、尿中磷酸盐排出增多、代谢性酸中毒,所有群体,药物治疗,根据不同医院，收费标准不一致，市三甲医院约（1000-5000元）,否,0.0002%--0.0003%,40-50%,3-6个月,https://tag.120ask.com/jibing/ixsxgxszd/
内科,肾病内科,腰痛-血尿综合征,肾内科,腰痛、 、尿频、尿痛,所有人群,药物治疗、手术治疗,根据不同医院，收费标准不一致，市三甲医院约（10000 —— 20000元）,否,0.01%,40--60%,2--6周,https://tag.120ask.com/jibing/ytxnzhz/
内科,肾病内科,小儿原发性肾病综合征,肾内科,蛋白尿、低蛋白血症、水肿、皮肤干燥、腹泻、高血压、营养不良、面色苍白、毛发干枯、指甲失去光泽和平整状态变薄且脆出现白色横纹、精神萎靡、倦怠肢冷,婴幼儿,病因治疗、对症治疗,根据不同医院，收费标准不一致，市三甲医院约（5000-10000元）,否,发病率约为0.002%-0.005%,75%-85%,3-6个月,https://tag.120ask.com/jibing/xeyfxsbzhz/
内科,肾病内科,疫斑热,感染科,斑疹、低血压、多尿、恶寒、腹痛、高热、少尿、头痛,所有人群，青壮年男性多见,中医药治疗、西医药治疗、一般治疗,根据不同医院，收费标准不一致，市三甲医院约（5000——10000元）,是,0.0001%,60%,1-7天,https://tag.120ask.com/jibing/yibanre/
内科,肾病内科,衣原体尿路感染,泌尿外科,尿频伴尿急和尿痛、尿道烧灼感、尿道口痒、尿道口有白膜形成、排尿困难及尿潴留、白带增多、急性宫颈炎、尿道流出分泌物、阴道分泌物增多,所有群体,药物治疗,根据不同医院，收费标准不一致，市三甲医院约（500-1000元）,是,多性伴侣者发病率约为0.5%-0.7%,40%-50%,4-6个月,https://tag.120ask.com/jibing/yytnlgr/
内科,肾病内科,小儿皱梅腹综合征,泌尿外科,腹部皮肤梅干样皱纹、皮肤干枯、隐睾、腹肌严重发育不良、输尿管扩张、肾功能衰竭、上尿路结构和功能损害、氮质血症,新生儿,手术治疗,根据不同医院，收费标准不一致，市三甲医院约（10000-50000元）,否,0.05%,80%,2-4月,https://tag.120ask.com/jibing/xezmfzhz/
内科,肾病内科,阴痹,中医科、疼痛科,痛无定所，按之而不得，腹胀，腰痛，大便难，肩背颈项痛，时眩，脉沉而迟。,老年人,中医药物治疗、西医药物治疗,根据不同医院，收费标准不一致，市三甲医院约（5000 —— 10000元）,否,0.001%,40%,3个月,https://tag.120ask.com/jibing/yinbi/
内科,肾病内科,乙型肝炎病毒相关性肾炎,传染科、肝病科,低热、乏力、食欲减退、恶心、呕吐、厌油、腹胀、肝区疼痛、尿黄,以青中年多见,药物治疗、支持治疗,根据不同医院，收费标准不一致，市三甲医院约（5000 —— 8000元）,是,10%,30%,5-6个月,https://tag.120ask.com/jibing/yxgybdxgxsy/
内科,肾病内科,阴茎纤维性海绵体炎,泌尿外科,多个或单个无痛性结节、勃起可出现疼痛或弯曲畸形、起性生活障碍或阳萎、茎勃起时疼痛及勃起时阴茎弯曲,多发生于45～60岁,物理治疗、药物治疗、手术治疗,根据不同医院，收费标准不一致，市三甲医院约（10000-50000元）,否,20岁以上男性患病概率1.31%,,治疗周期30天,https://tag.120ask.com/jibing/yjxwxhmty/
内科,肾病内科,远端肾小管性酸中毒,肾内科,无症状或多尿、合并电解质紊乱症状、肾功能损害症状,青年或中年人群,药物治疗、对症治疗,根据不同医院，收费标准不一致，市三甲医院约（5000-10000元）,否,0.005%,85%,1-3月,https://tag.120ask.com/jibing/ydsxgxszd/
内科,肾病内科,隐匿型肾炎,肾内科,无症状性肉眼血尿、无症状性蛋白尿,所有人群,西药治疗、中药治疗、生活调理,根据不同医院，收费标准不一致，市三甲医院约10000--20000,否,0.001%,60%,30天,https://tag.120ask.com/jibing/ynxsy/
内科,肾病内科,造影剂肾病,泌尿外科,少尿多为暂时性、一般持续性25天,造影经检查损害者,西医药物治疗,根据不同医院，收费标准不一致，市三甲医院约（7000-10000元）,否,0.005%,85%,2-4月,https://tag.120ask.com/jibing/zyjsb/
内科,肾病内科,真菌性尿路感染,泌尿外科,尿频、尿急、尿痛、尿道有分泌物,有霉菌性阴道炎、免疫力低下的患者多见,药物治疗,根据不同医院，收费标准不一致，市三甲医院约（500 —— 2000元）,是,0.05%--0.07%,70-80%,2-4周,https://tag.120ask.com/jibing/zjxnlgr/
内科,肾病内科,重链病,肿瘤科,呼吸困难、淋巴结肿大、皮肤瘙痒肠穿孔、腹水、腹痛、腹泻、肝脾肿大、贫血,年轻人,药物治疗,根据不同医院，收费标准不一致，市三甲医院约（6000—— 20000元）,否,0.001%,30%,3个月,https://tag.120ask.com/jibing/zhonglianbing/
内科,肾病内科,鱼胆中毒,急诊科,恶心、头痛、嗜睡、神志模糊、谵语、抽搐、昏迷、呕吐、腹痛、腹泻、黄疸、乏力、纳差,所有人群,药物、催吐、洗胃、导泻、透析治疗,根据不同医院，收费标准不一致，市三甲医院约（3000 —— 8000元）,否,0.001%,50%,7--21天,https://tag.120ask.com/jibing/ydzd/
内科,肾病内科,镇痛剂肾病,肾内科,多尿、夜尿增多、脓尿、血尿、食欲减退、溃疡、头晕,长期滥用镇痛药物患者,药物治疗、手术治疗,根据不同医院，收费标准不一致，市三甲医院约5000--10000,否,占使用镇静剂患者的1%,70%,2年,https://tag.120ask.com/jibing/ztjsb/
内科,肾病内科,原发性IgA肾病,肾内科,反复发作性肉眼血尿、腹痛、腰痛、肌肉痛、低热、水肿,所有人群,西药治疗、透析治疗,根据不同医院，收费标准不一致，市三甲医院约10000--30000元,否,0.21%,,需要终身治疗,https://tag.120ask.com/jibing/yfxigasb/
内科,肾病内科,支原体尿路感染,泌尿外科,膀胱刺激症、发烧、尿频伴尿急和尿痛、腰痛伴尿频、尿急、尿痛、尿道烧灼感、尿道刺痒、尿道口痒、尿道口有白膜形成、尿痛、宫颈糜烂、急性宫颈炎、腰背痛,所有群体,药物治疗,根据不同医院，收费标准不一致，市三甲医院约（500-1000元）,是,发病率约为0.3%--0.9%，多发生于不喜饮水者,90%,1-2周,https://tag.120ask.com/jibing/zytnlgr/
内科,肾病内科,自身免疫性甲状腺疾病相关肾病,肾内科,蛋白尿、 肾病综合征,所有人群,中医药物治疗、西医药物治疗,根据不同医院，收费标准不一致，市三甲医院约（10000 —— 30000元）,否,0.005%,30%,3个月,https://tag.120ask.com/jibing/zsmyxjzxjbxgsb/
内科,肾病内科,原发性单克隆球蛋白病肾损害,肾内科,蛋白尿、水肿、高血压、消瘦、疲劳、血尿、急性肾衰竭、肾病综合征、慢性肾衰竭,所有群体,药物治疗,根据不同医院，收费标准不一致，市三甲医院约（5000-10000元）,否,成人发病率0.005%--0.01%,60%,3周---6个月,https://tag.120ask.com/jibing/yfxdklqdbbssh/
内科,肾病内科,脂蛋白肾小球病,肾内科,蛋白尿、肾小球体积增大、高血脂性血管损害、脂肪浸润,所有群体,对症治疗、药物治疗,根据不同医院，收费标准不一致，市三甲医院约（1000-5000元）,否,0.001%,65%,30天,https://tag.120ask.com/jibing/zdbsxqb/
内科,肾病内科,原发性巨球蛋白血症肾损害,肾内科,头痛、头昏、眩晕、复视、耳聋、感觉异常、短暂性偏瘫及共济失调,中老年人群,药物治疗,根据不同医院，收费标准不一致，市三甲医院约10000--50000,否,0.005%,50%,2-4年,https://tag.120ask.com/jibing/yfxjqdbxzssh/
内科,肾病内科,脂肪营养不良,肾内科,血尿、脓尿、急性腹痛、水肿、发烧、氮质血症、高血压、生长缓慢、发热、水肿,所有人群,药物、饮食、肾移植治疗,根据不同医院，收费标准不一致，市三甲医院约（3000 —— 8000元）,否,0.015%,750%,3-5周,https://tag.120ask.com/jibing/zfyybl/
内科,肾病内科,原发性小血管炎性肾损害,肾内科,血尿、蛋白尿、发烧、多形红斑样皮疹、血红蛋白尿、血管过敏性炎症、脓尿、小血管纤维性坏死、急性肾衰竭、肾病综合征、非对称性关节痛、慢性肾衰竭,所有群体,对症治疗,根据不同医院，收费标准不一致，市三甲医院约（1000-5000元）,否,0.001%,40%,10-30天,https://tag.120ask.com/jibing/yfxxxgyxssh/
内科,肾病内科,指甲-髌骨综合征,骨科,指（趾）甲缺失、肾盏变钝、肾结石、肾病综合征、肘关节畸形、肾小球基底膜蛾噬现象、髌骨缺失或发育不良、匙状指（趾）、指甲营养障碍、肾功能衰竭、蛋白尿、血尿,所有群体,对症治疗,根据不同医院，收费标准不一致，市三甲医院约（1000-5000元）,否,本病罕见，发病率约为0.0003%-0.0005%,,终身间歇性治疗,https://tag.120ask.com/jibing/zjgzhz/
内科,肾病内科,中毒性肾病,肾内科,烦渴多饮、多尿、糖尿、低血钾、低钙血症、氮质血症、白细胞尿、管型尿、尿蛋白、淋巴结肿大、关节疼痛、嗜酸细胞增加,所有群体,病因治疗,根据不同医院，收费标准不一致，市三甲医院约（1000-5000元）,否,0.002%,40%,1-3个月,https://tag.120ask.com/jibing/zdxsb/
内科,肾病内科,重金属中毒性肾病,急诊科、肾内科,肾小球滤过率下降、头痛、发烧、腹痛、贫血、黄疸、高尿酸血症、高钾血症、肾间质纤维化、钙化、小管萎缩病变、心力衰竭,所有群体,病因治疗,根据不同医院，收费标准不一致，市三甲医院约（1000-5000元）,否,发病率约0.005%,50-60%,2-4年,https://tag.120ask.com/jibing/zjszdxsb/
内科,肾病内科,痛风性肾病,肾内科,肾绞痛、血尿、尿痛、腰酸、乏力、头昏、头痛、浮肿,肥胖、喜肉食人群、酗酒者,西药治疗、中药治疗、手术治疗,根据不同医院，收费标准不一致，市三甲医院约3000--8000元,否,高尿酸患者中，本病发生率约为0.03%--0.07%,40-60%,4-6个月,https://tag.120ask.com/jibing/tfxsb/
内科,肾病内科,慢性肾衰竭,肾内科,食欲不振、呕吐、虚弱无力、呼吸深长,原发肾脏疾病患者,药物治疗、透析治疗、中医治疗,根据不同医院，收费标准不一致，市三甲医院约5000--12000元,否,0.002%，多见于慢性肾炎患者,40%,终身治疗,https://tag.120ask.com/jibing/mxssj/
内科,肾病内科,蛋白尿,肾内科,尿少、尿多、腰痛、营养不良,既往有肾炎或其它肾病的人多见,中药治疗、西药激素治疗、输液治疗,根据不同医字、收费标准不一致，市三甲医院约1000---5000元,否,0.005%-0.01%,75%,3-6个月,https://tag.120ask.com/jibing/danbainiao/
内科,肾病内科,新月体型肾炎,内科,起病急、血尿、蛋白尿、尿少、水肿、高血压、少尿或无尿,青中年,强化疗法、替代疗法、药物治疗,根据不同医院，收费标准不一致，市三甲医院约6000-20000元,否,0.3%,90%,60天,https://tag.120ask.com/jibing/xytxsy/
内科,肾病内科,泌尿系疾病,泌尿科,尿频、尿急、尿痛、遗尿、排尿困难,成年女性,药物治疗,根据不同医院，收费标准不一致，市三甲医院约（7000 —— 20000元）,否,20%,80%,7天,https://tag.120ask.com/jibing/mnxjb/
内科,肾病内科,肾上腺皮质功能减退,内分泌科,全身不适、无精打采、乏力、倦怠、食欲减退、恶心、体重减轻、头晕、体位性低血压,中老年人,药物治疗,根据不同医院，收费标准不一致，市三甲医院约3000-5000元,否,0.01%,1%,3个月,https://tag.120ask.com/jibing/ssxpzgnjt/
内科,肾病内科,肾发育不良,肾内科,排尿困难、腹胀、全身水肿,近亲结婚所生子女多见,药物治疗,根据不同医院，收费标准不一致，市三甲医院约2000-5000元,否,0.001%,20%,终身间歇性治疗,https://tag.120ask.com/jibing/sfybuq/
内科,肾病内科,肾石,泌尿外科,排尿困难、血尿、腹痛,饮水少者易发,药物治疗、手术治疗,根据不同医院，收费标准不一致，市三甲医院约3000-5000元,否,1%-20%,95%,1-2周,https://tag.120ask.com/jibing/shenshi/
内科,肾病内科,肾硬化,肾内科,体重过重、头痛、眩晕、心悸、气短、精神紧张,成年人,药物治疗,根据不同医院，收费标准不一致，市三甲医院约（5000 ——10000元）,否,0.1%,98%,30天,https://tag.120ask.com/jibing/syh/
内科,肾病内科,肾萎缩,肾内科、泌尿外科,少尿、无尿、腹胀,60岁以上老年人群,药物治疗,根据不同医院，收费标准不一致，市三甲医院约3000-4000元,否,0.5%-1.0%,60%,1-2月,https://tag.120ask.com/jibing/sws/
内科,肾病内科,肾透明细胞癌,肿瘤科,发热、乏力、血尿、肾区痛、肿块,30-50岁,手术治疗、药物治疗,根据不同医院，收费标准不一致，市三甲医院约5000-10000元,否,0.01%,0.2%,30天,https://tag.120ask.com/jibing/stmxba/
内科,肾病内科,醛固酮过多症,内分分泌科,乏力、心悸、胸闷、心慌,肝硬化患者好发,药物治疗,根据不同医院，收费标准不一致，市三甲医院约2000-5000元,否,0.5%-1.8%,60%,2-8周,https://tag.120ask.com/jibing/qgtgdz/
内科,肾病内科,隐匿性肾炎,泌尿科,持续性轻度蛋白尿、复发性血尿、腰酸、乏力、肉眼血尿,中青年,药物治疗,根据不同医院，收费标准不一致，市三甲医院约300-500元,否,0.01%,60%,30天,https://tag.120ask.com/jibing/ynsy/
内科,肾病内科,马蹄肾,内科,上腹部、脐部或腰部疼痛、慢性便秘、蛋白尿、血尿,成年人,药物治疗,根据不同医院，收费标准不一致，市三甲医院约（5000—— 10000元）,否,0.01%,50%,15天,https://tag.120ask.com/jibing/mts/
内科,肾病内科,遗尿,泌尿科,夜间尿床、日间常有尿频、尿急、排尿困难,儿童,药物治疗,300-500元,否,0.01%,90%,10-20天,https://tag.120ask.com/jibing/yiniao/
内科,肾病内科,慢性肾功能不全,泌尿科,厌食、贫血、疲乏无力、体重减轻、精神不易集中,肾小球肾炎病人,药物治疗、透析治疗、肾移植,根据不同医院，收费标准不一致，市三甲医院约（5000 ——50000元）,否,,,,https://tag.120ask.com/jibing/mxsgnbq/
内科,肾病内科,肾性骨病,骨科、肾内科,血尿、泡沫样尿、尿量增多,肾脏疾病患者多见,药物治疗,根据不同医院，收费标准不一致，市三甲医院约4000-10000元,否,0.35%-0.5%,65%,8-12周,https://tag.120ask.com/jibing/sxgb/
内科,肾病内科,系膜增生性肾小球肾炎,泌尿科,血尿、蛋白尿、高血压、腰痛,16～30岁,药物治疗,根据不同医院，收费标准不一致，市三甲医院约（5000—— 10000元）,否,占成人原发性肾小球疾病肾活检病例的24.7%～30.3%,0.1%,30天,https://tag.120ask.com/jibing/xmzsxsxqsy/
内科,肾病内科,遗传性肾炎,内科,血尿、听力障碍、视力下降、视力模糊,家族中患有肾病的人群,一般疗法、药物疗法、物理疗法、基因疗法,根据不同医院，收费标准不一致，市三甲医院约200-1000元,否,好发人群的患病率60%,2%,120天,https://tag.120ask.com/jibing/ycxsy/
内科,肾病内科,非细菌性前列腺炎,泌尿科,尿频、尿急、尿痛、排尿时尿道不适或灼热、尿路刺激、排尿困难、腹痛、腰痛,中青年男性,药物治疗,根据不同医院，收费标准不一致，市三甲医院约（1000—— 2000元）,否,0.01%,87%,15天,https://tag.120ask.com/jibing/fxjxqlxy/
内科,肾病内科,原发性膀胱输尿管返流,泌尿科,尿频、尿急、尿痛、腰痛、发热、贫血、浮肿、胃纳差,儿童多为先天性、发病率高于成年人,药物治疗、手术治疗,根据不同医院，收费标准不一致，市三甲医院约（3000—— 8000元）,否,0.001%,60%,30天,https://tag.120ask.com/jibing/yfxpgsngfl/
内科,肾病内科,急性尿道炎,外科,尿频、尿急、尿痛、尿道口分泌物增多,18--45岁青壮年,药物治疗,根据不同医院，收费标准不一致，市三甲医院约（100 —— 300元）,否,1-5%,90%,7-10天,https://tag.120ask.com/jibing/jxndy/
内科,肾病内科,急性肾功能不全,内科,血压升高、头晕、头痛、贫血、少尿、水肿,中老年人,药物治疗,根据不同医院，收费标准不一致，市三甲医院约（3000 —— 8000元）,否,0.001%,10%,10天,https://tag.120ask.com/jibing/jxsgnbq/
内科,肾病内科,小儿肾小管-间质肾炎,儿科,发热、皮疹、关节痛、水肿、夜尿、多尿、呕吐、腹泻、厌食、腹痛,儿童,药物治疗,根据不同医院，收费标准不一致，市三甲医院约（5000 —— 10000元）,否,0.001%,30%,20天,https://tag.120ask.com/jibing/xesxgjzsy/
内科,肾病内科,反流性肾病,肾内科,尿频、尿急、腰痛,肾小球肾炎者多见,药物治疗,根据不同医院，收费标准不一致，市三甲医院约2000-3000元,否,0.58%-2.5%,65%,1-2个月,https://tag.120ask.com/jibing/flxsb/
内科,肾病内科,肾性脑病,内科,恶心、呕吐、水肿、嗜睡、昏睡,60岁以上老年人,药物治疗,根据不同医院，收费标准不一致，市三甲医院约（5000 ——20000元）,否,0.2%,30-50%,3-8周,https://tag.120ask.com/jibing/sxnb/
内科,肾病内科,双侧先天性肾上腺皮质增生,内分泌科,多毛、男性化、低血压、色素沉、闭经、男性假两性畸形,婴幼儿--青春期,药物治疗、手术治疗,根据不同医院，收费标准不一致，市三甲医院约（3000—— 8000元）,否,0.00001%,0.1%,30天,https://tag.120ask.com/jibing/scxtxssxpzzs/
内科,肾病内科,系膜毛细血管性肾小球肾炎,泌尿科,水肿、肉眼血尿、血压升高、贫血,少儿及青年,药物治疗,根据不同医院，收费标准不一致，市三甲医院约（3000—— 8000元）,否,0.0001%,1%,30天,https://tag.120ask.com/jibing/xmmxxgxsxqsy/
内科,肾病内科,恶性肾小动脉硬化,肾内科,腹痛、出现紫斑,成年人,药物治疗,根据不同的医院，收费标准不一致，市三甲医院约（1500-3600元）,否,0.5%,96%,28天,https://tag.120ask.com/jibing/exsxdmyh/
内科,血液内科,贫血,血液内科,面色萎黄、气短乏力、少气懒言、消化不良、食欲不振,老弱病后体虚的人群,药物治疗、饮食疗法,根据不同医院，收费标准不一致，市三甲医院约（2000 —— 5000元）,否,1%,60--80%,1--6个月,https://tag.120ask.com/jibing/pinxue/
内科,血液内科,白血病,血液科,发热、进行性贫血、显著的出血倾向、骨关节疼痛、鼻出血、牙龈出血,青少年,药物治疗,根据不同医院，收费标准不一致，市三甲医院约（50000-100000元）,否,0.00005%,10%,3-5年,https://tag.120ask.com/jibing/baixuebing/
内科,血液内科,败血症,血液科,畏寒发热、呕吐、腹泻、腹痛、瘀点、瘀斑、猩红热样皮疹、关节肿痛、活动障碍,"营养不良,贫血，糖尿病及肝硬化的患者",药物治疗,根据不同医院，收费标准不一致，市三甲医院约（3000 ——6000元）,否,0.0001%,90%,7-14天,https://tag.120ask.com/jibing/baixuezheng/
内科,血液内科,地中海贫血,血液科,贫血、气血虚弱、腹部肿块、生长缓慢、红细胞分布宽度偏低、脾肿大、头晕、皮肤呈浅黄或深金黄色、阴血不足、急性贫血、黄疸、溃疡,所有人群,药物治疗,根据不同医院，收费标准不一致，市三甲医院约（5000-10000元）,否,0.005%(一般地区0.5%，广东、广西5%以上。),30--60%,1---3个月,https://tag.120ask.com/jibing/dzhpx/
内科,血液内科,骨髓纤维化,血液科,疲乏、 髓性纤维化、 出汗异常、 消瘦 、肝肿大、 脾肿大 、贫血 、体重减轻,所有人群,药物治疗,根据不同医院，收费标准不一致，市三甲医院约（3000 —— 5000元）,否,发病率约为0.0001%-0.0002%，中老年多见,25-35%，多以对症治疗为主,终身间歇性治疗,https://tag.120ask.com/jibing/gsxwh/
内科,血液内科,骨髓增生异常综合征,血液科,贫血、面色苍白、劳累后心悸、气短、淋巴结肿大、败血症的征象、鼻出血、脾肿大、关节疼痛、血小板增多、发烧、消瘦,所有人群,药物治疗,根据不同医院，收费标准不一致，市三甲医院约（5000-10000元）,否,0.0001%,45%,30天,https://tag.120ask.com/jibing/gszsyczhz/
内科,血液内科,再生障碍性贫血,血液内科,苍白、乏力、头昏、心悸、气短、出血,青少年、老年群体,支持治疗,根据不同医院，收费标准不一致，市三甲医院约（20000-50000元）,否,0.005%-0.007%,70%(骨髓移植治疗),6-12个月,https://tag.120ask.com/jibing/zszaxpx/
内科,血液内科,血液病,血液病科,出血、头晕头疼、低热、肝脾淋巴结肿大,青壮年,中药、西药,根据不同医院，收费标准不一致，市三甲医院约（50000 —— 100000元）,否,0.02%,30%,1-3年,https://tag.120ask.com/jibing/xueyebing/
内科,血液内科,血小板减少性紫癜,血液科,发热、畏寒、皮肤粘膜紫癜、甚至大片瘀斑和血肿、皮肤瘀点以下肢为多、分布均匀、鼻出血、齿龈出血、皮肤出血点、皮肤瘀斑、皮肤紫癜、贫血、鼻出血、紫斑、色素异常、碰撞后皮肤容易青紫、畏寒、月经量多、血象异常,女性多见,药物治疗,根据不同医院，收费标准不一致，市三甲医院约（5000-10000元）,否,0.05%,80%,30天,https://tag.120ask.com/jibing/xxbjsxz/
内科,血液内科,血小板减少症,血液科,鼻衄、出血倾向、氮质血症、肝掌、恶心、高血压、关节疼痛、HIV感染,所有人群,中医药物治疗、西医药物治疗,根据不同医院，收费标准不一致，市三甲医院约（2000 —— 10000元）,否,0.002%,85%,3-6月,https://tag.120ask.com/jibing/xxbjsz/
内科,血液内科,缺铁性贫血,血液科,乏力、食欲减退、易倦、头晕、眼花、心悸、气短、指甲皱缩、皮肤黏膜苍白、皮肤干枯,青少年,药物治疗,根据不同医院，收费标准不一致，市三甲医院约（500-1000元）,否,0.3%,95%,30-60天,https://tag.120ask.com/jibing/qtxpx/
内科,血液内科,巨幼细胞贫血,血液科,面色苍白、乏力、耐力下降、头昏、心悸食欲不振、腹胀、便秘、腹泻,所有人群,药物治疗,根据不同医院，收费标准不一致，市三甲医院约（3000—— 5000元）,否,人群患病概率0.03%,,治疗周期90天,https://tag.120ask.com/jibing/jyxbpx/
内科,血液内科,遗传性球形细胞增多症,血液科,贫血、黄疸及脾肿大,婴幼儿 儿童,药物治疗 、手术治疗,根据不同医院和收费标准不同，一般在市三甲级医院收费约5000-10000元。,否,0.0001%,30%,1-3个月,https://tag.120ask.com/jibing/ycxqxxbzdz/
内科,血液内科,异常血红蛋白病,血液病科,贫血、消瘦、黄疸、腹泻、食欲异常、纳差,先天遗传患者,药物治疗、输血治疗,根据不同医院，收费标准不一致，市三甲医院约(10000--30000元）,否,0.33%,40%,3个月,https://tag.120ask.com/jibing/ycxhdbb/
内科,血液内科,自身免疫性溶血性贫血,血液科,面白不华、气短、头晕、耳鸣、纳差、大便溏泄、腰膝酸软、发烧、黄疸、畏寒、腰酸背痛、血红蛋白尿,所有群体,药物治疗,根据不同医院，收费标准不一致，市三甲医院约（5000-10000元）,否,0.0155%--0.0228%,75%,3-6个月,https://tag.120ask.com/jibing/zsmyxrxxpx/
内科,血液内科,阵发性睡眠性血红蛋白尿,血液科,贫血、出血、感染、发热、黄疸、肝脾轻度肿大、血栓形成,20-40岁青壮年,药物治疗,根据不同医院，收费标准不一致，市三甲医院约（8000 —— 10000元）,否,0.003%,75%,30天,https://tag.120ask.com/jibing/zfxsmxxhdbn/
内科,血液内科,多发性骨髓瘤,骨科,溶骨性损害、 胸部隐痛、 瘤细胞浸润 、弥漫性骨质疏松、 广泛性骨质疏松,所有人群,手术治疗、药物治疗,根据不同医院，收费标准不一致，市三甲医院约（3000 —— 5000元）,否,0.002%,30%,1个月,https://tag.120ask.com/jibing/dfxgsl/
内科,血液内科,恶性组织细胞病,肿瘤科,高热、贫血、感染、出血、消瘦、食欲不振、黄疸、腹痛、肝脾淋巴结肿大,15-40岁常见,药物、化学治疗,根据不同医院，收费标准不一致，市三甲医院约（80000 —— 90000元）,否,0.003%,70%,1-3个月,https://tag.120ask.com/jibing/exzzxbb/
内科,血液内科,真性红细胞增多症,血液科,红细胞增多、白细胞增多、血小板增多、肝脾肿大、鼻出血、牙龈出血、皮肤粘膜红紫、头昏、头晕、头痛、高血压,所有群体,病因治疗、对症治疗,根据不同医院，收费标准不一致，市三甲医院约（5000-10000元）,否,0.005%-0.008%,85%,1-3个月,https://tag.120ask.com/jibing/zxhxbzdz/
内科,血液内科,原发性血小板增多症,血液科,出血倾向、微血栓形成、肝肿大、脾肿大、消瘦、血象异常、感觉障碍、眩晕、头痛、血小板增多、视力障碍,50~70岁人群,药物治疗,根据不同医院，收费标准不一致，市三甲医院约（5000-10000元）,否,发病率约为0.0005%—0.0009%,,终身间断治疗,https://tag.120ask.com/jibing/yfxxxbzdz/
内科,血液内科,脾亢,中医科、消化内科,腹胀、面色苍白、虚弱乏力、出血,原有基础疾病继发,药物治疗、手术治疗、输血治疗,根据不同医院，收费标准不一致，市三甲医院约2000--5000元,否,0.01%,90%,5-7天,https://tag.120ask.com/jibing/pikang/
内科,血液内科,过敏性紫癜,血液科,皮肤紫癜、斑丘疹样紫癜,儿童和青少年,药物治疗,根据不同医院，收费标准不一致，市三甲医院约（3000-5000元）,否,0.0012%,90%,7-10天,https://tag.120ask.com/jibing/gmxzd/
内科,血液内科,遗传性出血性毛细血管扩张症,血液科,呕血、黑便、血尿、肝区痛、月经量多、眼底出血、肝肿大,多在20～30岁之间发病,药物治疗,根据不同医院，收费标准不一致，市三甲医院约（9000 —— 10000元）,否,0.002%,80%,4-6月,https://tag.120ask.com/jibing/ycxcxxmxxgkzz/
内科,血液内科,单纯性紫癜,皮肤科,皮肤瘀点、皮肤瘀斑、皮肤疼痛,女性（多见于儿童期及青春期女孩）,药物治疗,根据不同医院，收费标准不一致，市三甲医院约（500—— 2000元）,否,0.022%,80%,10天,https://tag.120ask.com/jibing/dcxz/
内科,血液内科,特发性血小板减少性紫癜,血液科,皮肤黏膜出血、皮肤出血斑、皮肤出血点、鼻衄、牙龈出血、刷牙出血、齿龈出血、呕血与黑便、出血倾向、下消化道少量出血、上消化道出血、黏膜出现出血点,所有人群,药物治疗,根据不同医院，收费标准不一致，市三甲医院约（3000 —— 5000元,否,0.001%,65%,1-2个月,https://tag.120ask.com/jibing/tfxxxbjsxz/
内科,血液内科,血友病,血液科,皮肤出血斑、出血不能自发停止、出血不止,常幼年发病,药物治疗、手术治疗,根据不同医院，收费标准不一致，市三甲医院约（30000-50000元）,否,0.0027%,10%,1-6个月,https://tag.120ask.com/jibing/xyb/
内科,血液内科,血管性血友病,血液科,出血时间延长、齿龈出血、胃肠道出血、腹腔出血、鼻出血、血尿、月经量多、产后出血、,所有人群,药物治疗,根据不同医院，收费标准不一致，市三甲医院约（10000 —— 20000元）,否,0.00025%,40%,3个月,https://tag.120ask.com/jibing/xgxxyb/
内科,血液内科,维生素K缺乏症,营养科,严重的出血倾向、可见皮肤紫癜、粘膜出血注射部位出血不止常有呕血、便血、可有出血性贫血,"新生儿、３个月以内单纯母乳喂养幼
儿",药物治疗,根据不同医院，收费标准不一致，市三甲医院约（10000 —— 20000元）,否,0.015%,70%,7=21天,https://tag.120ask.com/jibing/wssKqfz/
内科,血液内科,弥散性血管内凝血,急诊科,多发性出血倾向、皮肤出血点、发绀、少尿、呼吸困难、恶心与呕吐、腹痛、烦躁不安、嗜睡、意识障碍、昏迷、惊厥、颅神经麻痹、广泛而自发性出血、肢端发冷、青紫、消化道出血、皮肤粘膜苍白和黄疸,所有群体,药物治疗,根据不同医院，收费标准不一致，市三甲医院约（5000-10000元）,否,0.01%,70%,7-14天,https://tag.120ask.com/jibing/msxxgnnx/
内科,血液内科,低钠血症,血液科,低钠血症、双手活动软弱无力、乏力、恶心与呕吐、头痛、肌肉痉挛性疼痛,所有群体,药物治疗,根据不同医院，收费标准不一致，市三甲医院约（5000-10000元）,否,0.021%,99%,3-7天,https://tag.120ask.com/jibing/dnxz/
内科,血液内科,高钠血症,血液科,脑细胞脱水、恶心与呕吐、少尿、高钠血症、失水、嗜睡、抽搐、癫痫和癫痫样发作、昏迷、高血压、低血钾,所有人群,药物治疗,根据不同医院，收费标准不一致，市三甲医院约（3000 —— 5000元）,否,0.01%,80%,3-7天,https://tag.120ask.com/jibing/gnxz/
内科,血液内科,低钾血症,肾内科,肌无力、发作性软瘫、四肢麻木、抽搐无力、甲亢危象、低血钾、心力衰竭、呼吸异常、心律失常、代谢性低钾、肠蠕动减慢、食欲缺乏、腹胀、恶心、便秘,所有群体,药物治疗,根据不同医院，收费标准不一致，市三甲医院约（5000-10000元）,否,0.01%,80%,2-4周,https://tag.120ask.com/jibing/djxz/
内科,血液内科,高钾血症,肾内科,心律失常、心动过缓、心脏扩大、心律失常、手足麻木、高血钾、代谢性酸中毒、心脏震颤、瘫痪、心脏停搏、心音微弱、窦性停搏、心室扑动,无特殊发病群体,药物治疗,根据不同医院，收费标准不一致，市三甲医院约（1000-5000元）,否,0.03%,80%,3-7天,https://tag.120ask.com/jibing/gjxz/
内科,血液内科,铁中毒,急诊科,腹部不适、腹痛、恶心与呕吐、腹泻、休克、呕血与黑便、头痛、便血、黑便、昏睡、烦躁不安、呕血,所有人群,药物治疗、洗胃,根据不同医院，收费标准不一致，市三甲医院约10000--30000,否,0.0003%-0.0005%(多见于补铁过多者),85%,2-4周,https://tag.120ask.com/jibing/tiezhongdu/
内科,血液内科,白细胞减少症,血液科,疲乏、无力、头晕、食欲减退、高热,所有人群,药物治疗,根据不同医院，收费标准不一致，市三甲医院约（3000 —— 8000元）,否,本病发病率在特定人群中占有10%,,2-6月,https://tag.120ask.com/jibing/bxbjsz/
内科,血液内科,传染性单核细胞增多症,传染科,淋巴结肿大、头痛、恶心与呕吐、咽痛、鼻塞、畏寒、头昏、食欲不振、寒战、肝脾肿大、斑丘疹 、猩红热样皮疹,本病好发于青少年，男比女多为3:2,药物治疗,根据不同医院，收费标准不一致，市三甲医院约（500-1000元）,是,0.03%--0.07%,80%,1-2个月,https://tag.120ask.com/jibing/crxdhxbzdz/
内科,血液内科,菌血症,血液科,发烧、乏力、头痛、心跳快,有感染、免疫力差的人多见,药物治疗、手术治疗,根据不同医院，收费标准不一致，市三甲医院约（5000 —— 20000元）,是,0.005%,,治疗周期一般在2-3个月,https://tag.120ask.com/jibing/junxuezheng/
内科,血液内科,慢性粒细胞白血病,血液科,血象异常、乏力、低热、多汗症、盗汗 、体重减轻、脾肿大、肝肿大、白细胞增多、头晕,50岁以上的人群最常见,马利兰、异靛甲、羟基脲、二溴甘露醇、6-疏基嘌呤、三尖杉酯碱,根据不同医院，收费标准不一致，市三甲医院约（20000-50000元）,否,占所有成人白血病的0.15-0.20%,40%,3个月,https://tag.120ask.com/jibing/mxlxbbxb/
内科,血液内科,代谢性酸中毒,内分泌科,心跳过速、心律失常、呼吸急促、腹痛、呼吸异常、肾性骨质软化、代谢性酸中毒、心悸、新陈代谢低下,所有群体,病因治疗、对症治疗,根据不同医院，收费标准不一致，市三甲医院约（1000-5000元）,否,0.021%,98%,2-5周,https://tag.120ask.com/jibing/dxxszd/
内科,血液内科,代谢性碱中毒,血液科,头晕、嗜睡、性格改变、谵妄和昏迷、燥动、手足麻木,幽门梗阻、严重呕吐者,药物治疗、支持治疗,根据不同医院，收费标准不一致，市三甲医院约（5000 —— 10000元）,否,0.12%,80%,1-7天,https://tag.120ask.com/jibing/dxxjzd/
内科,血液内科,呼吸性酸中毒,呼吸内科,呼吸困难、换气不足、乏力、气促、紫绀、头痛胸闷、血压下降、突然发生心室纤颤、谵妄、木僵、昏迷,呼吸系统疾病患者,药物治疗、支持疗法,根据不同医院，收费标准不一致，市三甲医院约（10000 —— 30000元）,否,多见于腹泻、呕吐等人群，其中本病的发病率可占0.060%,90%，具体情况根据原发疾病进行定论,4-12周,https://tag.120ask.com/jibing/hxxszd/
内科,血液内科,呼吸性碱中毒,急诊科,发热、头晕胸闷、呼吸快深、严重者出现昏厥、意识障碍、手足面部麻木、肌肉震颤、四肢抽搐,所有人群,药物治疗、支持疗法,根据不同医院，收费标准不一致，市三甲医院约（10000 —— 30000元）,否,0.3%,80%,1-7天,https://tag.120ask.com/jibing/hxxjzd/
内科,血液内科,妊娠合并贫血,产科,头晕、面色苍白、心累、心悸,营养不良、饮食习惯不好、有阴道出血的孕妇多见,药物治疗、输血治疗,根据不同医院，收费标准不一致，市三甲医院约500---1000元,否,孕妇患病概率37%,,治疗周期30天,https://tag.120ask.com/jibing/rshbpx/
内科,血液内科,新生儿溶血病,儿科,新生儿全身水肿、皮肤苍白、皮肤瘀斑、胸腔积液、四肢肌张力增强、抽搐、角弓反张、呼吸衰竭、溶血现象、水肿、黄疸、肝肿大,新生儿,要是治疗,根据不同医院，收费标准不一致，市三甲医院约（3000 —— 8000元）,否,0.01%,20%,7天,https://tag.120ask.com/jibing/xserxb/
内科,血液内科,新生儿败血症,新生儿科,精神萎靡、呼吸窘迫综合症、发烧、黄疸、肝脾肿大、低血压、代谢性酸中毒、腹胀、呕吐、腹泻、瘀斑、皮肤瘀点,新生儿,药物治疗,根据不同医院，收费标准不一致，市三甲医院约（5000-10000元）,否,0.001%--0.005%,80%,2--8周,https://tag.120ask.com/jibing/xsebxz/
内科,血液内科,新生儿出血症,新生儿科,鼻出血、便血、脐部出血、出血症、胃肠道出血、颅内出血、腹腔出血、休克、呕血、瘀斑、血肿形成、尿血,好发于出生1周内新生儿,药物、输血治疗,根据不同医院，收费标准不一致，市三甲医院约（5000 —— 10000元）,否,0.003%,85%,1-2周,https://tag.120ask.com/jibing/xsecxz/
内科,血液内科,新生儿低钙血症,新生儿科,烦躁不安、惊厥、肌张力降低、新生儿抽搐、惊跳、咽喉痉挛、呼吸暂停、紫绀,新生儿,药物治疗,根据不同医院，收费标准不一致，市三甲医院约（3000 —— 7000元）,否,0.02%,90%,1-2周,https://tag.120ask.com/jibing/xsedgxz/
内科,血液内科,小儿缺铁性贫血,儿科,皮肤苍白、口唇苍白、精神萎靡、注意力不集中、肝脾肿大、眩晕、疲劳、休克、消瘦、烦躁不安、食欲减退、淋巴结肿大,儿童,药物治疗,根据不同医院，收费标准不一致，市三甲医院约（1000 —— 5000元）,否,在儿童患病率约为0.50%,,正规治疗周期为100天,https://tag.120ask.com/jibing/xeqtxpx/
内科,血液内科,维生素E缺乏病,营养科,贫血、新生儿全身水肿、烦躁不安、溶血性贫血、血小板增多、血小板聚集增强、维生素E缺乏	、水肿、头发分叉、色素斑、疤痕形成、牙齿发黄,所有群体,药物治疗,根据不同医院，收费标准不一致，市三甲医院约（50-100元）,否,0.50%,60%,1-2个月,https://tag.120ask.com/jibing/wsseqfb/
内科,血液内科,维生素K缺乏病,血液科,牙龈出血、鼻出血、痔出血、皮肤青紫色改变、黑便、月经量多、咳血痰、黄疸、血尿,所有人群,药物治疗,根据不同医院，收费标准不一致，市三甲医院约4000--6000,否,婴幼儿发病率约为0.01%--0.02%,95%,1-2周,https://tag.120ask.com/jibing/wsskqfb/
内科,血液内科,霍奇金病,血液科,胸痛、脾肿大、腹痛、咳嗽、腹部肿块、淋巴结肿大、颈部淋巴结肿大 、胸闷、气短、咽痛、鼻塞、盗汗,中枢神经系统感染、血源性化脓性脑膜炎、脑肿瘤,化疗、放疗、骨髓移植,根据不同医院，收费标准不一致，市三甲医院约（50000 —— 70000元）,否,0.03%--0.05%,5年生存率50%,1-3年,https://tag.120ask.com/jibing/hqjb/
内科,血液内科,皮肤卟啉病,皮肤科,皮肤脆性增加、皮肤丰满度丧失、水肿、胡萝卜素血症、皮肤硬化、光感性皮肤损害,儿童人群,药物治疗,根据不同医院，收费标准不一致，市三甲医院约（500 —— 2000元）,否,0.035%,50--70%,3--10周,https://tag.120ask.com/jibing/pfb/
内科,血液内科,炭疽,感染科,发热、头痛、淋巴结肿大、丘疹或斑疹逐渐形成水疱、溃疡最终形成黑色似煤炭的干痂,接触食草动物人群,西药治疗,根据不同医院，收费标准不一致，市三甲医院约（1000 —— 2000元）,是,0.0002%,60%,3个月,https://tag.120ask.com/jibing/tanju/
内科,血液内科,下肢静脉曲张,骨科,下肢表浅静脉扩张伸长迂曲、患肢酸胀乏力沉重,常见于从事持久体力劳动或站立工作的人员,物理疗法、手术治疗,根据不同医院，收费标准不一致，市三甲医院约（2000 —— 5000元）,否,0.003%,,手术治疗周期21天,https://tag.120ask.com/jibing/xzjmqz/
内科,血液内科,脾功能亢进,消化内科,脾肿大、面色苍白、头晕、心悸、贫血、头痛、头昏、腹胀、进食后饱胀感,所有人群,药物、手术治疗,根据不同医院，收费标准不一致，市三甲医院约（5000 —— 10000元）,否,0.025%,,治疗周期咋2-4个月。,https://tag.120ask.com/jibing/pgnkj/
内科,血液内科,锁骨下动脉盗血综合征,血管外科,手指发绀或坏死、共济失调、眩晕、视力障碍、轻瘫、复视、晕厥、间歇性跛行、吞咽困难、耳鸣、抽搐、头痛,所有人群,药物治疗,根据不同医院，收费标准不一致，市三甲医院约（3000 —— 5000元）,否,0.002%,65%,3个月,https://tag.120ask.com/jibing/sgxdmdxzhz/
内科,血液内科,溶血尿毒综合征,肾内科、血液科,呕血与黑便、溶血性贫血、无尿、血尿、少尿、腹痛、腹泻、黄疸、昏迷、褐色尿、吡咯烷及呱啶尿、急性溶血性尿毒综合征,所有人群,药物治疗,根据不同医院，收费标准不一致，市三甲医院约（3000 —— 5000元）,否,发病率约为0.004%-0.005%,70%,1-3个月,https://tag.120ask.com/jibing/rxndzhz/
内科,血液内科,骨髓异常增生综合征,血液病科,面色苍白，乏力，活动后心悸，气短，老年人贫血常使原有的慢性心，肺疾病加重，发热,中老年人,西药治疗、中药治疗,根据不同医院，收费标准不一致，市三甲医院约（50000 —— 100000元）,否,0.0003%,30%,3个月,https://tag.120ask.com/jibing/gsyczszhz/
内科,血液内科,急性淋巴细胞白血病,血液科,发烧、牙龈出血、鼻出血、皮肤瘀点、阴道出血、盆腔包块、月经失调、胸腔积液、皮肤瘀斑、贫血、关节疼痛、胸骨压痛,发病高峰年龄为3～4岁，男孩发病率略高于女孩，二者的比例约为1．1～1．6∶1,药物治疗、化学治疗,根据不同医院，收费标准不一致，市三甲医院约（50000-100000元）,否,0.001%,45%,30天,https://tag.120ask.com/jibing/jxlbxbbxb/
内科,血液内科,骨髓增生性疾病,血液科,头痛、眩晕、多汗、疲乏、体重下降、食欲减退、左上腹疼痛,儿童、血液病患者,西医药物治疗,根据不同医院，收费标准不一致，市三甲医院约（10000-15000元）,否,0.003%--0.005%,40-50%,6-12个月,https://tag.120ask.com/jibing/gszsxjb/
内科,血液内科,儿童白血病,血液科,牙龈出血、鼻出血、血流不止、贫血、淋巴结肝、脾肿大、发热、口腔粘膜溃疡、牙龈肿胀,儿童,药物治疗,根据不同医院，收费标准不一致，市三甲医院约（50000—— 100000元）,否,0.0003%,10%,1-6个月,https://tag.120ask.com/jibing/etbxb/
内科,血液内科,凝血功能障碍性疾病,血液科,牙龈或鼻腔出血、皮下瘀斑、月经量多,青壮年,西药治疗,根据不同医院，收费标准不一致，市三甲医院约（10000 —— 100000元）,否,0.01%,30%,30天,https://tag.120ask.com/jibing/nxgnzaxjb/
内科,血液内科,急性粒细胞白血病,血液病,贫血、发热、皮肤、齿龈、口腔和鼻黏膜出血、胸骨下端叩击痛、眼眶绿色瘤、头痛、呕吐、抽搐、视力模糊、视乳头水肿,所有人群,药物治疗,根据不同医院，收费标准不一致，市三甲医院约10000--30000元,否,发病率约为0.004%-0.006%,,1-3年,https://tag.120ask.com/jibing/jxlxbbxb/
内科,血液内科,T细胞淋巴瘤,肿瘤科,发烧、结节性红斑、消瘦、体重减轻、疲困,所有人群,化学治疗、药物治疗,根据不同医院，收费标准不一致，市三甲医院约50000--100000元,否,0.001%-0.002%,78%,1-3个月,https://tag.120ask.com/jibing/txblbl/
内科,血液内科,急性白血病,血液科,发热、贫血、出血、感染、体重减轻、关节疼痛、颅内出血,儿童、青年,化学治疗、骨髓移植、靶向治疗,根据不同医院，收费标准不一致，市三甲医院约（80000 —— 100000元）,否,0.006%,45%,3-6月,https://tag.120ask.com/jibing/jxbxb/
内科,血液内科,溶血性贫血,血液科,高热寒战、腰酸背痛、四肢酸痛无力、面色苍白、头痛、呕吐、黄疸、溶血性贫血、血沉增快、肝功能受损、溶血现象、肝脾肿大,所有人群,药物治疗,根据不同医院，收费标准不一致，市三甲医院约（3000 —— 5000元）,否,占贫血的 10%-15%,75%,1-3个月,https://tag.120ask.com/jibing/rxxpx/
内科,血液内科,非霍奇金淋巴瘤,血液科、肿瘤科,淋巴结肿大、浅表淋巴结肿大、消瘦、发烧、胸闷、胸痛、呼吸困难、腹痛、腹部肿块、贫血、衰弱、盗汗,所有人群,药物治疗,根据不同医院，收费标准不一致，市三甲医院约（30000 —— 50000元）,否,0.05%,70%,3-6月,https://tag.120ask.com/jibing/fhqjlbl/
内科,血液内科,慢性淋巴细胞白血病,血液科,消瘦、贫血、疲乏、体重减轻、反复感染、出血倾向、浅表淋巴结肿大,60岁以上的人群最常见,药物、化学、放射治疗,根据不同医院，收费标准不一致，市三甲医院约（8000 —— 10000元）,否,发病率0.001%--0.002%,,2-4月,https://tag.120ask.com/jibing/mxlbxbbxb/
内科,血液内科,骨髓移植,血液科,恶心、呕吐、腹泻、脱发、乏力、纳差,所有人群,骨髓移植,根据不同医院，收费标准不一致，市三甲医院约（80000 ——200000元）,否,见于严重的造血疾病患者根治性治疗，发生率约为0.001%--0.002%,70-80%,1-3年,https://tag.120ask.com/jibing/gsyz/
内科,血液内科,造血干细胞移植,血液内科,无巨核细胞性血小板减少、地中海贫血、骨髓纤维化,所有人群,手术治疗、药物治疗,根据不同医院，收费标准不一致，市三甲医院约（100000 —— 200000元）,否,人群患病概率0.13%,,手术治疗周期14天,https://tag.120ask.com/jibing/zxgxbyz/
内科,血液内科,感染性休克,急诊科,血管内凝血、视网膜水肿、视乳头水肿、皮肤苍白、收缩压下降、脉压小、少尿、血小板减少、白细胞减少、肝功能受损、昏迷、甲皱毛细血管袢数减少,所有群体,药物治疗,根据不同医院，收费标准不一致，市三甲医院约（10000-30000元）,否,0.15%,98%,3-6周,https://tag.120ask.com/jibing/grxxk/
内科,血液内科,过敏性休克,急诊科,恐惧、心慌、烦躁不安、血压下降、恶心与呕吐、出汗异常、瘙痒、皮肤划线处的风团样损害、疱疹、呼吸异常、全身过敏反应、腹泻,所有群体,药物治疗,根据不同医院，收费标准不一致，市三甲医院约（5000-10000元）,否,0.001%,60%,7--21天,https://tag.120ask.com/jibing/gmxxk/
内科,血液内科,失血性休克,急诊科,休克、心力衰竭、皮肤苍白、手足厥冷、出冷汗、烦躁不安,无特殊发病群体,药物治疗,根据不同医院，收费标准不一致，市三甲医院约（5000-10000元）,否,0.005%,55%,1-5天,https://tag.120ask.com/jibing/sxxxk/
内科,血液内科,新生儿溶血,新生儿科,新生儿全身水肿、皮肤苍白、皮肤瘀斑、抽搐、角弓反张,新生儿,药物治疗、宫内输血,根据不同医院，收费标准不一致，市三甲医院约10000--50000元,否,发生率约1/1000，见于Rh阴性母亲第二胎rh阳性患儿或者母亲是O型，父亲为A/B/AB,60-80%,1-3个月,https://tag.120ask.com/jibing/xserx/
内科,血液内科,不动杆菌感染,呼吸内科,咳嗽、胸痛、不规则热、气急、痰中带血、发绀、败血症、毒血症、皮肤瘀点、皮肤瘀斑、肝脾肿大、咳痰,所有人群,药物治疗,根据不同医院，收费标准不一致，市三甲医院约3000-5000元,否,发病率约为0.003%--0.007%,60-80%,2-4周,https://tag.120ask.com/jibing/bdgjgr/
内科,血液内科,闭锁肺综合征,呼吸内科,端坐呼吸、发绀、胸廓异常、呼吸音减弱、哮鸣音、出汗异常,所有人群,药物治疗,根据不同医院，收费标准不一致，市三甲医院约（3000 —— 8000元）,否,0.002%,75%,3个月,https://tag.120ask.com/jibing/bsfzhz/
内科,血液内科,巴西紫热,传染科,紫癜、腹痛、高热、休克、腹泻、血压下降、胃肠道出血、少尿、发绀、流泪、呕吐、神志不清,儿童,药物治疗,根据不同医院，收费标准不一致，市三甲医院约（3000 —— 8000元）,是,0.003%,40%,1-3个月,https://tag.120ask.com/jibing/bxzr/
内科,血液内科,胆固醇肺炎,呼吸内科,咳嗽、咳痰、胸痛、咳血痰、发烧、气息异常、啰音、胸腔积液、消瘦、呼吸异常、呼吸衰竭、烦躁不安,所有人群,药物治疗,根据不同医院，收费标准不一致，市三甲医院约（1000 —— 5000元）,否,0.0006%-0.0008%,55%-80%,4-6个月,https://tag.120ask.com/jibing/dgcfy/
内科,血液内科,肺淀粉样变性,呼吸内科,声音嘶哑、呼吸困难、咳嗽、咯血、活动后气促、喉鸣声、致死性上呼吸道出血、呼吸窘迫综合症、呼吸衰竭、啰音、呼吸异常、淋巴结肿大,所有群体,目前尚无特效治疗方法,根据不同医院，收费标准不一致，市三甲医院约（3000-5000元）,否,发病率约为0.004%-0.005%,75%-85%,1-3年,https://tag.120ask.com/jibing/fdfybx/
内科,血液内科,肺泡通气低下综合征,呼吸内科,神志淡漠、头痛、疲劳、嗜睡、气息异常、代谢性酸中毒、意识朦胧状态 、恶心与呕吐、黏膜损害、肺泡炎症、高通气、呼吸异常,所有人群,药物治疗,根据不同医院，收费标准不一致，市三甲医院约1000-3000元,否,0.05%,85%,1-3月,https://tag.120ask.com/jibing/fptqdxzhz/
内科,血液内科,肺炎链球菌败血症,呼吸内科,寒战、高热、头痛、身痛、昏睡、败血症、发烧、脑膜炎、呼吸困难、反复肺炎、咳嗽、呼吸衰竭,所有人群,药物治疗,根据不同医院，收费标准不一致，市三甲医院约（3000 —— 8000元）,否,0.0052%,80%,7-14天,https://tag.120ask.com/jibing/fylqjbxz/
内科,血液内科,大肠恶性淋巴瘤,消化内科、肿瘤科,溃疡、结节状息肉样肿块、息肉、结肠袋半月襞消失,所有人群,药物、放射、化学、手术治疗,根据不同医院，收费标准不一致，市三甲医院约（10000 —— 50000元）,否,0.0045%,35%,1-3个月,https://tag.120ask.com/jibing/dcexlbl/
内科,血液内科,弓形体病,呼吸内科,心律失常、头痛、昏迷、恶心与呕吐、高热、关节疼痛、斑疹、抽搐、肝脾肿大、蛋白尿、贫血、心绞痛,所有人群,药物治疗,根据不同医院，收费标准不一致，市三甲医院约1000-3000元,否,0.03%,80%,2-4月,https://tag.120ask.com/jibing/gxtb/
内科,血液内科,高原红细胞增多症,血液内科,头痛、头晕、气短、乏力、记忆力障碍、精神萎靡、心悸、睡眠障碍、耳鸣、食欲较差、发绀、结膜充血,多见于高原移居人群，少见于高原世居人群，男性发病率明显高于女性,药物、血液稀释治疗,根据不同医院，收费标准不一致，市三甲医院约（5000 —— 10000元）,否,25%(平原地去高原生活着多见),95%,3-6个月,https://tag.120ask.com/jibing/gyhxbzdz/
内科,血液内科,附红细胞体病,血液科,淋巴结肿大、发烧、肝脾肿大、贫血、腹泻、皮肤瘙痒,所有人群,药物治疗,根据不同医院，收费标准不一致，市三甲医院约2000-5000元,否,0.0001%,30%,10-30天,https://tag.120ask.com/jibing/fhxbtb/
内科,血液内科,过度通气综合征,呼吸内科,呼吸急促、呼吸困难、胸痛、胸闷、呼吸异常、心悸、头痛、心动过速、抽筋、头晕、意识障碍,所有群体,病因治疗,根据不同医院，收费标准不一致，市三甲医院约（1000-3000元）,否,见于哮喘患者，发病率20%,,1-3年,https://tag.120ask.com/jibing/gdtqzhz/
内科,血液内科,过敏性血管炎,心血管内科、变态反应科,斑疹、结节、便血、血管炎、腹痛、咯血、心力衰竭、水肿、血尿、溃疡、疲劳、发烧、乏力,发病年龄>16岁,药物治疗,根据不同医院，收费标准不一致，市三甲医院约（5000 —— 10000元）,否,青年人群中发病率约0.052%,75%,6-12个月,https://tag.120ask.com/jibing/gmxxgy/
内科,血液内科,急性纵隔炎,呼吸内科,发热伴寒战、头痛头昏、呼吸困难、发绀、吞咽困难、咳嗽、气促、咯血、耳痛,呼吸道感染史、外伤或手术史患者,手术治疗、药物治疗,根据不同医院，收费标准不一致，市三甲医院约（15000 —— 30000元）,否,0.0003%,80%,7天,https://tag.120ask.com/jibing/jxzgy/
内科,血液内科,抗胰蛋白酶缺乏症,呼吸内科,呼吸困难、咳嗽、消瘦、感染性发热、呼吸音低、咳痰、啰音、气胸、呼吸异常,所有人群,药物治疗,根据不同医院，收费标准不一致，市三甲医院约（1000 —— 5000元）,否,0.001%--0.003%,30--50%,3周--6个月,https://tag.120ask.com/jibing/kydbmqfz/
内科,血液内科,联合免疫缺陷病,内分泌科,反复感染、出血倾向、共济失调、毛细血管扩张症、体型异常、真菌感染、细菌感染、反复肺炎、腹泻、念珠菌感染、生长缓慢、粒细胞减少,所有人群,药物治疗,根据不同医院，收费标准不一致，市三甲医院约2000-5000元,否,0.00002%,20%,1-3个月,https://tag.120ask.com/jibing/lhmyqxb/
内科,血液内科,链杆菌病,呼吸内科,高热寒战、头痛、呕吐、斑丘疹 、关节疼痛、发烧、斑疹、细菌性心内膜炎,所有人群,药物治疗,根据不同医院，收费标准不一致，市三甲医院约2000-4000元,是,人群患病概率0.0069%,,治疗周期14-21天,https://tag.120ask.com/jibing/lgjb/
内科,血液内科,肝紫癜病,血液科,发烧、肝肿大、腹痛、腹泻、腹胀、腹部肿块、发绀、肝淤血、脾肿大、紫癜、脾紫癜,所有人群,药物治疗,根据不同医院，收费标准不一致，市三甲医院约2000-5000元,否,0.005%,85%,3-5月,https://tag.120ask.com/jibing/gzb/
内科,血液内科,流感嗜血杆菌感染,呼吸内科,痉挛性咳嗽、脑膜炎、咽痛、发烧、头痛、嗜睡、昏迷、惊厥、颈强直,所有人群,药物治疗,根据不同医院，收费标准不一致，市三甲医院约1000-3000元,否,人群患病概率67%,,治疗周期7天,https://tag.120ask.com/jibing/lgsxgjgr/
内科,血液内科,免疫缺陷性肺炎,呼吸内科,血管性水肿、面部畸形、眼球震颤、血小板减少、湿疹、毛细血管扩张症、畏光,所有人群,药物治疗,根据不同医院，收费标准不一致，市三甲医院约（3000 —— 8000元）,否,本病罕见，发病率约为0.0005%-0.001%,60%,1-3个月,https://tag.120ask.com/jibing/myqxxfy/
内科,血液内科,Nezelot综合征,呼吸内科、心血管内科,反复肺炎、白色念珠菌感染、消化不良、小儿发热,所有人群,药物治疗,根据不同医院，收费标准不一致，市三甲医院约2000-5000元,否,本病罕见，发病率约为0.0002%-0.0004%,55%,1-2年,https://tag.120ask.com/jibing/nezelotzhz/
内科,血液内科,Q热肺炎,呼吸内科、感染科,弛张热、恶心、肺实变、腹痛、腹泻、干咳、肝脾肿大、高热,所有人群,药物治疗,根据不同医院，收费标准不一致，市三甲医院约（1000 —— 5000元）,是,0.005%,80%,3-6周,https://tag.120ask.com/jibing/qrfy/
内科,血液内科,妊娠合并淋巴瘤,肿瘤科,淋巴结肿大、发烧、贫血、消瘦、乏力、厌食、瘙痒、畏寒、夜间盗汗、腹股沟淋巴结肿大、颈部淋巴结肿大,孕妇,药物治疗、手术治疗,根据不同医院，收费标准不一致，市三甲医院约（3000 —— 8000元）,否,0.0002%,75%,1-6个月,https://tag.120ask.com/jibing/rshblbl/
内科,血液内科,特发性肺含铁血黄素沉着症,呼吸内科,呼吸困难、咳嗽、咯血、贫血、呼吸异常、啰音、皮肤含铁血黄素沉着、气息异常、皮肤为金属颜色或石板灰色、咳痰、急性呼吸窘迫综合征、心音异常,所有人群,药物治疗,根据不同医院，收费标准不一致，市三甲医院约2000-5000元,否,0.005%,70%,4-6周,https://tag.120ask.com/jibing/tfxfhtxhsczz/
内科,血液内科,水、电解质紊乱伴发的精神障碍,内分泌科、精神病科,脱水、幻觉、水中毒、精神障碍、瘫痪、抽搐、腱反射亢进、眩晕、震颤、胸闷、昏迷、心力衰竭,所有人群,药物治疗,根据不同医院，收费标准不一致，市三甲医院约2000-5000元,否,0.01%--0.05%,60%--80%,7--14天,https://tag.120ask.com/jibing/sdjzwlbfdjsza/
内科,血液内科,先天性动脉导管未闭,心胸外科,紫绀、呼吸困难、气促,所有人群,药物、手术治疗,根据不同医院，收费标准不一致，市三甲医院约（10000 —— 50000元）,否,0.001%-0.005%(占先天性心脏病的5%-10%),70%,3个月,https://tag.120ask.com/jibing/xtxdmdgwb/
内科,血液内科,铜绿假单胞菌感染,呼吸内科,发烧、弛张热、稽留热、脓肿 、软组织感染、脓疱、蜂窝组织炎、溃疡、皮下结节、新生儿腹泻、咳痰、脓痰,所有群体,药物治疗,根据不同医院，收费标准不一致，市三甲医院约（3000-5000元）,否,0.0001%,74%,7-14天,https://tag.120ask.com/jibing/tljdbjgr/
内科,血液内科,弹性假黄瘤,心血管内科,高血压、视网膜出血、视力障碍、关节松弛、结节、丘疹、皮损皮黄到橙色、心力衰竭、猝死、心肌梗死、上消化道出血、皮肤弹性差,所有群体,对症治疗,根据不同医院，收费标准不一致，市三甲医院约（1000-5000元）,否,0.0001%,75%,1-2个月,https://tag.120ask.com/jibing/dxjhl/
内科,血液内科,小儿X-连锁高免疫球蛋白M血,风湿免疫科,反复上呼吸道感染、口腔溃疡、淋巴结肿大、腹泻、肝脾肿大、血小板减少、咳嗽,儿童,药物治疗,根据不同医院，收费标准不一致，市三甲医院约（5000 —— 10000元）,否,发病率誉为0.0001%—0.0004%,,终身治疗,https://tag.120ask.com/jibing/xexlsgmyqdbmxz/
内科,血液内科,小儿X-连锁无丙种球蛋白血症,风湿免疫科,反复感染、细菌感染、腹泻、呕吐、瘫痪、溶血性贫血、类风湿关节炎、脱发、吸收不良综合征、淀粉样变性,儿童,药物治疗,根据不同医院，收费标准不一致，市三甲医院约（5000 —— 10000元）,否,0.0004%,60%,1-3个月,https://tag.120ask.com/jibing/xexlswbzqdbxz/
内科,血液内科,小儿病毒相关吞噬血细胞综合征,儿科,高热、丘疹、盗汗 、发烧、体重减轻,儿童人群,药物治疗,根据不同医院，收费标准不一致，市三甲医院约（1000-5000元）,否,0.05%,80%,3-5月,https://tag.120ask.com/jibing/xebdxgtsxxbzhz/
内科,血液内科,淋巴细胞减少症,血液科,反复感染、免疫缺陷、扁桃体小或缺如、脱发、湿疹、毛细血管扩张症、皮肤苍白、紫癜、黄疸、口腔溃疡、淋巴结肿大、脾肿大,所有群体,药物治疗,根据不同医院，收费标准不一致，市三甲医院约（1000-5000元）,否,这个疾病的一般在女性常见，发病率在15%左右。,,国内最认可的治疗手段治疗周期在30天内。,https://tag.120ask.com/jibing/lbxbjsz/
内科,血液内科,小儿获得性免疫缺陷综合征,传染科,生长缓慢、肝脾肿大、发烧、淋巴结肿大、步态不稳、麻痹、脑膜炎、败血症、智力减低、共济失调、反复上呼吸道感染、脾肿大,婴幼儿,药物治疗,根据不同医院，收费标准不一致，市三甲医院约（50000-100000元）,是,0.002%,10%,2-4年,https://tag.120ask.com/jibing/xehdxmyqxzhz/
内科,血液内科,小儿抗磷脂综合征,儿科,单侧下肢水肿、疼痛、累及多器官表现症状不同,儿童,药物治疗,根据不同医院，收费标准不一致，市三甲医院约（50000--100000元）,否,0.0025%,75%,1-3个月,https://tag.120ask.com/jibing/xeklzzhz/
内科,血液内科,小儿嘌呤核苷酸磷酸化酶缺乏,神经内科,偏瘫、震颤、共济失调、生长缓慢、智力发育迟缓、心包炎、反复感染、溶血性贫血、血小板减少性紫癜,婴幼儿,药物治疗,根据不同医院，收费标准不一致，市三甲医院约（3000 —— 8000元）,否,本病罕见，儿童发病率约为0.001%-0.002%,,终身间歇性治疗,https://tag.120ask.com/jibing/xehslshmqf/
内科,血液内科,毛圆线虫病,消化内科、感染科,贫血、食欲缺乏、腹痛、腹胀、腹泻、营养不良、头昏、乏力、失眠,所有群体,药物治疗,根据不同医院，收费标准不一致，市三甲医院约（500-1000元）,是,0.003%,40%,1-2个月,https://tag.120ask.com/jibing/myxcb/
内科,血液内科,小儿维斯科特-奥尔德里奇综合,儿科、血液科,出血倾向、反复感染、湿疹、淋巴结肿大、脑膜炎、咯血、免疫缺陷、败血症、溶血性贫血、血管炎、肝肿大、血小板减少,婴幼儿,手术治疗,根据不同医院，收费标准不一致，市三甲医院约（5000-10000元）,否,0.002%,40%,1-3个月,https://tag.120ask.com/jibing/xewsktaedlqzhz/
内科,血液内科,小儿原发性免疫缺陷病,血液科,反复感染、湿疹、脱发、脓疱、免疫力下降、血小板减少性紫癜、溶血性贫血、感染性发热、感染性鼻炎、眼部感染、细菌感染、肺部感染,婴幼儿,药物治疗,根据不同医院，收费标准不一致，市三甲医院约（10000-50000元）,否,0.01%,80%,3个月,https://tag.120ask.com/jibing/xeyfxmyqxb/
内科,血液内科,小儿选择性免疫球蛋白A缺乏症,风湿免疫科,反复感染、免疫力下降、过敏性皮炎 、腹泻、血小板减少性紫癜、智能障碍、类风湿关节炎、溶血性贫血,儿童,药物治疗,根据不同医院，收费标准不一致，市三甲医院约（3000 —— 8000元）,否,0.005%,60%,30天,https://tag.120ask.com/jibing/xexzxmyqdbaqfz/
内科,血液内科,血疸,中医科,贫血貌、黄疸,新生儿,溶血性贫血、溶血性黄疸,根据不同医院，收费标准不一致，市三甲医院约（3000 —— 8000元）,否,10%-20%(上述为婴幼儿发病比例),95%,1-2岁,https://tag.120ask.com/jibing/xue/
内科,血液内科,厌氧菌肺炎,呼吸内科,发烧、胸痛、寒战、脓痰、咳嗽、咳血痰、肺部化脓性感染、脓肿,所有人群,药物治疗,根据不同医院，收费标准不一致，市三甲医院约（3000 —— 8000元）,否,0.005%,70%,1个月,https://tag.120ask.com/jibing/yyjfy/
内科,血液内科,血证,血液科、中医科,急性贫血、重度贫血、缺铁性贫血、慢性贫血、微血管溶血性贫血、溶血性贫血、小儿生理性贫血、涩脉、手指甲没有白色月牙、气血虚弱、面痛、精虚血弱,所有人群,药物治疗,根据不同医院，收费标准不一致，市三甲医院约2000-5000元,否,0.001%,90%,20天,https://tag.120ask.com/jibing/xuezheng/
内科,血液内科,阴沟肠杆菌感染,消化内科,发烧、皮肤软组织感染、泌尿系感染、免疫力降低、休克、昏迷、恶心与呕吐、尿频伴尿急和尿痛、腰酸背痛、菌血症、败血症、呼吸急促,所有群体,药物治疗,根据不同医院，收费标准不一致，市三甲医院约（1000-5000元）,是,0.004%--0.005%,60-75%,4-8周,https://tag.120ask.com/jibing/ygcgjgr/
内科,血液内科,败血症肾损害,肾内科,高热寒战、寒战、头痛、腹胀、关节疼痛、周身不适、皮疹,所有人群,药物治疗、透析治疗,根据不同医院，收费标准不一致，市三甲医院约30000--60000,否,0.001%,45%,30天,https://tag.120ask.com/jibing/bxzssh/
内科,血液内科,等渗性脱水,消化内科,脱水、不口渴、尿少、厌食、恶心、乏力、舌干、眼球下陷、皮肤干燥、松弛,外科病人最易发生,药物治疗,根据不同医院，收费标准不一致，市三甲医院约（3000 —— 8000元）,否,0.13%,95%,3天,https://tag.120ask.com/jibing/dsxts/
内科,血液内科,低渗性脱水,急诊科,疲乏感、头晕、手足麻木、恶心、呕吐、脉搏细速、血压不稳定、视力模糊、尿量少,所有人均可发病,药物治疗,根据不同医院，收费标准不一致，市三甲医院约（1000 —— 2000元）,否,0.97%,99%,7天,https://tag.120ask.com/jibing/dishenxingtuoshui/
内科,血液内科,高渗性脱水,消化内科,脱水、昏迷、少尿、乏力、唇干舌燥、皮肤弹性差、躁狂,所有人群,药物治疗,根据不同医院，收费标准不一致，市三甲医院约（3000 —— 8000元）,否,发病率在0.35%,85%以上可以治愈,3-7周,https://tag.120ask.com/jibing/gsxts/
内科,血液内科,钩端螺旋体病的肾损害,肾内科、感染科,发热、肌痛、乏力、结膜充血、腓肠肌压痛、尿血、昏迷、黄疸、恶心与呕吐、心率过缓,钩端螺旋体病患者,药物治疗,根据不同医院，收费标准不一致，市三甲医院约（5000-10000元）,是,0.002%,50%,2个月,https://tag.120ask.com/jibing/gdlxtbdssh/
内科,血液内科,冷球蛋白血症肾损害,肾内科,肝肿大、冷球蛋白血症、脾肿大、关节疼痛、急性肾衰竭、冷球蛋白发生沉淀或呈胶冻状、多克隆型冷球蛋白血症、淋巴结肿大、抗HCVAg阳性、肾病综合征,所有人群,药物治疗,根据不同医院，收费标准不一致，市三甲医院约（5000 —— 20000元）,否,0.002%,50%,3个月,https://tag.120ask.com/jibing/lqdbxzssh/
内科,血液内科,镰状细胞性肾病,肾内科,血尿、蛋白尿、低蛋白血症、指（趾）骨梗死、肾病综合征、胸痛、脱水、关节疼痛、皮肤老化、身痛、急性肾衰竭、发烧,女性发病率高于男性，尤其青少年，6～15岁较多见,药物治疗,根据不同医院，收费标准不一致，市三甲医院约（5000 —— 10000元）,否,0.05%,80%,3-5月,https://tag.120ask.com/jibing/lzxbxsb/
内科,血液内科,镁过多症,血液内科,乏力、高钾血症、呼吸抑制、昏迷、腱反射消失、嗜睡、血压下降,主要是肾功能不全病人,药物治疗,根据不同医院，收费标准不一致，市三甲医院约（500——1000 元）,否,0.002%-0.006%,80%,1-3个月,https://tag.120ask.com/jibing/mgdz/
内科,血液内科,镁缺乏症,营养科,厌食、恶心与呕吐、衰弱、不自主运动,所有人群,药物治疗、饮食疗法,根据不同医院，收费标准不一致，市三甲医院约5000--10000元,否,0.01%,70%,1个月,https://tag.120ask.com/jibing/mqfz/
内科,血液内科,钠过多,神经内科,乏力、头痛、易激动兴奋、震颤、抽搐、呼吸困难、咳嗽,所有人群,药物治疗,根据不同医院，收费标准不一致，市三甲医院约10000--30000元,否,本病发病率在45%以上,95%能够治愈,3-6周,https://tag.120ask.com/jibing/naguoduo/
内科,血液内科,轻链病与轻链沉积病,血液科,淋巴结肿大、贫血、不明原因发热、无力、脾大、病理性骨折、伴高血压、皮肤出血点、牙龈出血,本病多发于中、老年人(>45岁),药物治疗,根据不同医院，收费标准不一致，市三甲医院约（20000 —— 50000元）,否,0.0001%,60%,1--3个月,https://tag.120ask.com/jibing/qlbyqlcjb/
内科,血液内科,消化系癌伴血液病综合征,血液科,微血管溶血性贫血、红细胞增多、嗜酸性粒细胞增多、皮肤粘膜红紫、结膜充血、血液粘滞度增高、疲乏、耳鸣、眼花、健忘、血小板增多、血小板减少性紫癜,所有群体,病因治疗、对症治疗,根据不同医院，收费标准不一致，市三甲医院约（5000-10000元）,否,0.002%-0.003%,30%,终身间歇性对症治疗,https://tag.120ask.com/jibing/xhxabxybzhz/
内科,血液内科,溶血尿毒症综合征,血液科,尿量增多、腹泻、一过性肉眼血尿、贫血、头痛、心律失常、脱水,所有人群,药物治疗、透析治疗,根据不同医院，收费标准不一致，市三甲医院约10000--50000,否,发病率约为0.005%-0.009%,50%,3-6个月,https://tag.120ask.com/jibing/rxndzzhz/
内科,血液内科,小儿X-连锁淋巴组织增生性疾,儿内科,钙化、肝功能衰竭、疱疹、贫血、球蛋白异常、肉芽肿,儿童,药物治疗,根据不同医院，收费标准不一致，市三甲医院约（3000 ——8000元）,否,0.005%,70%,4-8月,https://tag.120ask.com/jibing/xexlslbzzzsxjb/
内科,血液内科,蝎子螫伤,急诊科,头晕、头痛、嗜睡、流涎、畏光、流泪、恶心呕吐、口与舌肌强直、大汗淋漓、呼吸急促、血压升高、脉搏细弱和肌肉痉挛,所有人群均可发生,药物治疗,根据不同医院，收费标准不一致，市三甲医院约（300 —— 800元）,否,1%,90%,1个月,https://tag.120ask.com/jibing/xzzs/
内科,血液内科,水过多,内分泌科,无力 、嗜睡、 恶心、 昏迷、 水中毒、 水肿、 意识障碍 、抽搐,婴幼儿,药物治疗,根据不同医院，收费标准不一致，市三甲医院约(100-500元),否,0.03%--0.08%,90%,3-6周,https://tag.120ask.com/jibing/shuiguoduo/
内科,血液内科,小儿低氯性氮质血症综合征,儿内科,疲劳、厌食、恶心与呕吐、少尿、呼吸困难、心律失常、肾功能衰竭、嗜睡、高钾血症、呕吐、惊厥、昏迷,儿童,药物治疗,根据不同医院，收费标准不一致，市三甲医院约（3000 —— 8000元）,否,0.005%,60%,1-2个月,https://tag.120ask.com/jibing/xedlxdzxzzhz/
内科,血液内科,造影剂肾病,泌尿外科,少尿多为暂时性、一般持续性25天,造影经检查损害者,西医药物治疗,根据不同医院，收费标准不一致，市三甲医院约（7000-10000元）,否,0.005%,85%,2-4月,https://tag.120ask.com/jibing/zyjsb/
内科,血液内科,重链病,肿瘤科,呼吸困难、淋巴结肿大、皮肤瘙痒肠穿孔、腹水、腹痛、腹泻、肝脾肿大、贫血,年轻人,药物治疗,根据不同医院，收费标准不一致，市三甲医院约（6000—— 20000元）,否,0.001%,30%,3个月,https://tag.120ask.com/jibing/zhonglianbing/
内科,血液内科,原发性单克隆球蛋白病肾损害,肾内科,蛋白尿、水肿、高血压、消瘦、疲劳、血尿、急性肾衰竭、肾病综合征、慢性肾衰竭,所有群体,药物治疗,根据不同医院，收费标准不一致，市三甲医院约（5000-10000元）,否,成人发病率0.005%--0.01%,60%,3周---6个月,https://tag.120ask.com/jibing/yfxdklqdbbssh/
内科,血液内科,原发性巨球蛋白血症肾损害,肾内科,头痛、头昏、眩晕、复视、耳聋、感觉异常、短暂性偏瘫及共济失调,中老年人群,药物治疗,根据不同医院，收费标准不一致，市三甲医院约10000--50000,否,0.005%,50%,2-4年,https://tag.120ask.com/jibing/yfxjqdbxzssh/
内科,血液内科,低血糖,内分泌科,心悸、冷汗、面色苍白、头晕、恶心与呕吐、视力障碍、木僵、昏迷、癫痫、无力、眩晕、饥饿感,所有人群,药物治疗、支持疗法,根据不同医院，收费标准不一致，市三甲医院约（3000 —— 5000元）,否,0.1%(50岁以上患病概率10%),95%,3-7天,https://tag.120ask.com/jibing/dixuetang/
内科,血液内科,酒精中毒性神经疾病,神经内科,运动变得缓慢而且不准确、唐突,所有人群,药物治疗,根据不同医院，收费标准不一致，市三甲医院约（1000 —— 3000元）,否,长期饮酒患者中可达10%,,3年,https://tag.120ask.com/jibing/jjzdxsjjb/
内科,血液内科,泛发性扁平黄色瘤,眼科,丘疹、色素异常,常见于老年,病因治疗、对症治疗,根据不同医院，收费标准不一致，市三甲医院约（500-1000元）,否,0.01%,,终身治疗,https://tag.120ask.com/jibing/ffxbphsl/
内科,血液内科,复合型酸碱失衡,消化内科,呼吸性酸中毒、代谢性酸中毒、呼吸性碱中毒、代谢性碱中毒、头痛、心悸、肌性肌无力、混合型酸碱平衡紊乱、感觉障碍、眩晕、晕厥、心律失常,所有群体,对症治疗,根据不同医院，收费标准不一致，市三甲医院约（5000-10000元）,否,0.005%,85%,2-4周,https://tag.120ask.com/jibing/fhxsjsh/
内科,血液内科,骨髓-胰腺综合征,内分泌科,贫血、胰腺外分泌功能不良  、肾功能衰竭、肝功能衰竭,所有群体,病因治疗、对症治疗,根据不同医院，收费标准不一致，市三甲医院约（1000-5000元）,否,0.0005%,85%,2-4月,https://tag.120ask.com/jibing/gsyxzhz/
内科,血液内科,抗体免疫缺陷病,风湿免疫科,反复感染、慢性腹泻,病人均为男性,药物治疗,根据不同医院，收费标准不一致，市三甲医院约10000--40000,否,0.0012%,30%,30天,https://tag.120ask.com/jibing/ktmyqxb/
内科,血液内科,α-贮存池病,血液科,鼻出血、 刷牙出血、 牙龈出血、 血小板减少、 骨髓巨核细胞成熟障碍,所有人群,药物治疗,根据不同医院，收费标准不一致，市三甲医院约(10000--20000元),否,本病罕见，发病率约为0.0001%--0.0002%,30-50%，多以控制症状治疗为主,终身治疗,https://tag.120ask.com/jibing/zccb/
内科,血液内科,阿根廷出血热,感染科,眶周水肿、颜面潮红、蛋白尿、结膜充血、腰背痛、淋巴结肿大、发烧、昏迷、恶心与呕吐、腹泻、腹痛、感觉障碍,所有人群,药物治疗,根据不同医院，收费标准不一致，市三甲医院约（3000 —— 8000元）,是,0.003%,40%,1-3个月,https://tag.120ask.com/jibing/agtcxr/
内科,血液内科,胞内分枝杆菌感染,感染科,不明原因发热、免疫力降低,所有人群,药物治疗,根据不同医院，收费标准不一致，市三甲医院约（1000 —— 5000元）,否,0.005%,95%,2-5周,https://tag.120ask.com/jibing/bnfzgjgr/
内科,血液内科,C5功能不全综合征,血液科,免疫力下降、腹泻、消瘦,家族遗传,药物治疗,根据不同医院，收费标准不一致，市三甲医院约3000--8000,否,0.001%,60%,1-3个月,https://tag.120ask.com/jibing/c5gnbqzhz/
内科,血液内科,埃莱尔-当洛综合征,风湿免疫科,皮肤脆性增加、皮肤瘀斑、继发感染、肌无力、肌肉萎缩,胶原先天性代谢异常人群,对症治疗、药物治疗、手术治疗,根据不同医院，收费标准不一致，市三甲医院约8000--15000,否,发病率约为0.005%-0.008%,65%-75%,1-3个月,https://tag.120ask.com/jibing/aledlzhz/
内科,血液内科,暴发性紫癜,血液科,会阴部下坠、阴道脱出肿物、排尿困难、月经改变、白带多、难产,产后过早参加体力劳动的女性,中草药治疗、针灸治疗、手术治疗,根据不同医院，收费标准不一致，市三甲医院约(5000--20000元),否,0.0003%,30%,1-2个月,https://tag.120ask.com/jibing/bfxz/
内科,血液内科,Castleman病,普外科,低热、肝脾肿大、高热、角膜炎、淋巴结肿大、贫血、肾病综合征、生长缓慢,中青年人群,手术治疗,根据不同医院，收费标准不一致，市三甲医院约（20000 —— 50000元）,否,0.0004%,60%,2-3月,https://tag.120ask.com/jibing/castlemanb/
内科,血液内科,闭塞性动脉硬化,血管病科,患侧肌肉痉挛、紧张、疼痛及乏力、以致跛行,60岁以上老人,手术治疗,根据不同医院，收费标准不一致，市三甲医院约（8000-10000元）,否,老年人患病概率0.38%,,手术治疗周期7天,https://tag.120ask.com/jibing/bsxdmyh/
内科,血液内科,成人T细胞白血病,血液科,淋巴结肿大、迅速进展的皮肤损害、高钙血症、乏力、表情淡漠、精神错乱、多尿、烦渴,成人较为常见,化学治疗、免疫治疗,根据不同医院，收费标准不一致，市三甲医院约（50000 —— 100000元）,否,0.004%,20%,1-3个月,https://tag.120ask.com/jibing/crtxbbxb/
内科,血液内科,白细胞减少症和粒细胞缺乏症,血液科,头晕、乏力、高热寒战、食欲不振、高热、头痛、溃疡、发烧、食欲异常,所有人群,药物治疗,根据不同医院，收费标准不一致，市三甲医院约10000--50000,否,发病率约为0.004%-0.005%,70-80%,1-2个月,https://tag.120ask.com/jibing/bxbjszhlxbqfz/
内科,血液内科,成人型慢性粒细胞白血病,血液科,周身不适、 乏力、 体重减轻、发烧、淋巴结肿大、关节疼痛、肝肿大、肝脾肿大、低热、多汗症,所有人群,中医药物治疗、西医药物治疗,根据不同医院，收费标准不一致，市三甲医院约（100000 —— 150000元）,否,0.0001%,30%,1-3个月,https://tag.120ask.com/jibing/crxmxlxbbxb/
内科,血液内科,白细胞葡萄糖-6-磷酸脱氢酶,血液科,易感染、贫血、淋巴结肿大,所有人群,药物治疗,根据不同医院，收费标准不一致，市三甲医院约5000--12000,否,0.03%,75%,3-6月,https://tag.120ask.com/jibing/bxbptt6lstqmqfz/
内科,血液内科,丙酮酸激酶缺乏症,血液科,贫血、黄疸、脾大,所有群体,药物治疗、手术治疗,根据不同医院，收费标准不一致，市三甲医院约（5000-10000元）,否,0.0005%--0.001%,75%,1--6个月,https://tag.120ask.com/jibing/btsjmqfz/
内科,血液内科,迟发性皮肤卟啉病,血液科,斑疹、溃疡、胡萝卜素血症、皮肤硬化、瘙痒、皮肤脆性增加、光感性皮肤损害、血红蛋白尿、丘疹,所有群体,药物治疗,根据不同医院，收费标准不一致，市三甲医院约（5000-10000元）,否,0.004%-0.006%,55%-65%,1-2年,https://tag.120ask.com/jibing/cfxpfb/
内科,血液内科,并发截瘫的脊柱结核,脊柱外科、感染科,感觉障碍、瘫痪、椎体结核、四肢瘫痪、下肢无力、下肢呈剪刀步态、休克、排尿障碍、排尿困难及尿潴留、排便障碍、尿失禁、便秘,所有人群,药物治疗、手术治疗,根据不同医院，收费标准不一致，市三甲医院约（10000 —— 50000元）,是,本病发病率约为0.0005%-0.0007%,,2-3年,https://tag.120ask.com/jibing/bfjtdjzjh/
内科,血液内科,出血败血性巴斯德菌感染,血液科,伤口周围红肿迅速扩大破溃、灰黄色血性脓液、明显触痛、骨膜炎,所有人群,药物治疗,根据不同医院，收费标准不一致，市三甲医院约1000--5000,否,0.0001%,30%,7-10天,https://tag.120ask.com/jibing/cxbxxbsdjgr/
内科,血液内科,播散性血管内凝血,血液科,咳血、咯血、呕血与黑便、血尿、鼻出血,严重疾病基础继发,药物治疗,根据不同医院，收费标准不一致，市三甲医院约10000--30000,否,0.001%,70%,7天,https://tag.120ask.com/jibing/bsxxgnnx/
内科,血液内科,出血性疾病,血液科,出血倾向、皮肤黏膜出血、皮肤紫癜、月经量多、血管痣、黄疸,所有人群,病因治疗、药物治疗,根据不同医院，收费标准不一致，市三甲医院约8000--15000,否,0.01%,60%,1-3个月,https://tag.120ask.com/jibing/cxxjb/
内科,血液内科,楚尔盖分枝杆菌感染,感染科、皮肤科,无痛性炎性结节、色素沉着,所有人群,药物治疗,根据不同医院，收费标准不一致，市三甲医院约8000--15000,是,0.002%,40%,1个月,https://tag.120ask.com/jibing/cegfzgjgr/
内科,血液内科,散发性脑炎伴发的精神障碍,神经内科,头痛、恶心与呕吐、意识模糊、意识障碍、意识朦胧状态 、多汗、不自主运动、抽搐、唾液分泌增多,所有人群,药物治疗,根据不同医院，收费标准不一致，市三甲医院约10000--50000,否,发病率约为0.007%-0.008%,55%-65%,3-6个月,https://tag.120ask.com/jibing/sfxnybfdjsza/
内科,血液内科,不稳定血红蛋白病,血液科,脾大、发绀、黄疸、溶血性贫血,所有群体,病因治疗、对症治疗,根据不同医院，收费标准不一致，市三甲医院约（5000-10000元）院约（5000-10000元）,否,具有遗传倾向，发病率约0.001%--0.005%,,终身治疗,https://tag.120ask.com/jibing/bwdxhdbb/
内科,血液内科,创伤性心源性溶血性贫血,血液科,恶性贫血、易疲乏、贫血貌、贫血、慢性贫血、心源性呼吸窘迫、蓝巩膜、红细胞体积增大、失血过多后贫血、溶血性贫血、非感染性发热、心肌肥厚,所有群体,病因治疗、对症治疗,根据不同医院，收费标准不一致，市三甲医院约（1000-5000元）,否,0.001%,40%,3个月,https://tag.120ask.com/jibing/csxxyxrxxpx/
内科,血液内科,传染性淋巴细胞增多症,血液科,咳嗽、腹痛、发烧、疲劳、乏力、鼻塞、流鼻涕、咽痛、腹泻、恶心与呕吐、食欲减退、脑膜炎,婴幼儿,病因治疗、对症治疗,根据不同医院，收费标准不一致，市三甲医院约（1000-5000元）,是,儿童发病率约为0.005%-0.01%,85%,1-2个月,https://tag.120ask.com/jibing/crxlbxbzdz/
内科,血液内科,白血病伴发的精神障碍,血液科、神经内科,幻觉、被害妄想、意识障碍、脑衰弱综合征、器质性精神障碍、人格改变、智能障碍、嗜睡、昏睡、谵妄、昏迷、幻听,白血病患者,病因治疗、对症治疗,根据不同医院，收费标准不一致，市三甲医院约（1000-5000元）,否,0.0025%,10%,1-3个月,https://tag.120ask.com/jibing/bxbbfdjsza/
内科,血液内科,纯红细胞再生障碍,血液科,心悸、贫血、头晕、乏力、气短,多见于中年人,药物治疗,根据不同医院，收费标准不一致，市三甲医院约5000--10000,否,0.035%,75%,1-2个月,https://tag.120ask.com/jibing/chxbzsza/
内科,血液内科,白血病肾损害,血液科、肾病科,血尿、蛋白尿、急性肾衰竭、眼底出血和渗出 、慢性肾衰竭、持续性弛张热、肾病综合征,白血病患者,药物治疗,根据不同医院，收费标准不一致，市三甲医院约（5000 —— 20000元）,否,0.002%,70%,3个月,https://tag.120ask.com/jibing/bxbssh/
内科,血液内科,DF-2败血症的皮肤表现,血液科,发热、恶心、呕吐、血管内凝血症状,所有人群,药物治疗,根据不同医院，收费标准不一致，市三甲医院约10000--50000,否,0.001%,70%,1-2个月,https://tag.120ask.com/jibing/df2bxzdpfbx/
内科,血液内科,单纯性脊柱结核,传染科、骨科,椎体结核、脊柱破坏、腰骶疼痛、骨质疏松、窦道相、低热、食欲不振、贫血、疼痛、进行性颈部肿块、盗汗 、腰背酸痛,所有群体,病因治疗、对症治疗,根据不同医院，收费标准不一致，市三甲医院约（5000-10000元）,是,人群患病概率0.054%,,治疗周期9个月,https://tag.120ask.com/jibing/dcxjzjh/
内科,血液内科,白血病性咽峡炎,耳鼻喉科,出血倾向、低热、高热、寒战、继发感染、剧烈疼痛、口臭、咽部溃疡,有白血病者,药物治疗、支持疗法、心理治疗,根据不同医院，收费标准不一致，市三甲医院约（1000-5000元）,否,0.0032%,68%,15天,https://tag.120ask.com/jibing/bxbxyxy/
内科,血液内科,神经系统结节病,神经内科,痴呆、 肌痛 、结节、 截瘫、紧张 、颅内出血、 脑积水、 脑膜炎、头痛、意识障碍、癫痫、周围性面瘫、听力障碍、视力障碍、腰痛、腿痛、无力、感觉减退、缺失、截瘫、大小便障碍、肌肉无力、肌萎缩、肌痛、肌肉结节,所有人群,药物治疗,根据不同医院，收费标准不一致，市三甲医院约(5000--10000元),否,0.002%--0.005%,70%,3-6周,https://tag.120ask.com/jibing/sjxtjjb/
内科,血液内科,δ-贮存池病,血液科,为皮肤淤斑、牙龈出血、鼻出血、月经过多、分娩时也易出血、但一般无关节和胃肠道出血,任何年龄组均可发病,药物治疗,根据不同医院，收费标准不一致，市三甲医院约（3000 —— 8000元）,否,0.00001%,,终身治疗,https://tag.120ask.com/jibing/zccbing/
内科,血液内科,单核细胞白血病,血液科,丘疹、结节、水疱或大疱损害,所有群体,病因治疗、对症治疗,根据不同医院，收费标准不一致，市三甲医院约（50000-100000元）,否,0.001%,75%,1-3个月,https://tag.120ask.com/jibing/dhxbbxb/
内科,血液内科,地霉菌病,性病科,发热、慢性咳嗽、咳痰及咯血、胃痛、腹泻、口腔黏膜、舌及腭乳酪样斑凝乳状白色假膜、红斑性基底、伴烧灼感咽、喉及其联合处可被波及、皮肤红斑及渗出、皮肤皱襞念珠菌病、肿瘤性结节性、肉芽肿、痒痛感、水肿、红斑、上皮剥脱及结痂,所有人群,药物治疗,根据不同医院，收费标准不一致，市三甲医院约(2000-10000元,是,0.005%,60%,1个月,https://tag.120ask.com/jibing/dmjb/
内科,血液内科,大颗粒淋巴细胞白血病,血液科,反复感染 夜间盗汗 感染性发热、脾肿大、肝肿大、淋巴结肿大、消瘦、疲劳、贫血,青年人,中医药物治疗、西医药物治疗,根据不同医院，收费标准不一致，市三甲医院约（100000 ——150000元）,否,本病在特定群中发病比例在0.0003%,,2-4月,https://tag.120ask.com/jibing/dkllbxbbxb/
内科,血液内科,低钙血症和低镁血症,血液科,易激惹、谵妄、焦虑、四肢抽搐、抽搐、面肌抽搐、吡咯烷及呱啶尿、陶瑟征阳性、睡觉时突然抽搐一下、指甲出现条纹或斑点,所有群体,病因治疗,根据不同医院，收费标准不一致，市三甲医院约（1000-5000元）,否,发病率约0.002%--0.004%,85%,1-3个月,https://tag.120ask.com/jibing/dgxzhdmxz/
内科,血液内科,窦性组织细胞增生伴巨大淋巴结,普外科,淋巴结呈无痛性、进行性肿大、发热、贫血,好发于儿童及青少年,对症治疗,根据不同医院，收费标准不一致，市三甲医院约5000--10000,否,0.0001%,60%,30天,https://tag.120ask.com/jibing/xzzxbzsbjdlbjb/
内科,血液内科,单纯红细胞再障性贫血,血液科,进行性严重贫血,婴幼儿,药物治疗、手术治疗,根据不同医院，收费标准不一致，市三甲医院约（5000-10000元）,否,0.001%,40%,30天,https://tag.120ask.com/jibing/dchxbzzxpx/
内科,血液内科,杜波组织胞浆菌病,皮肤科,消瘦、乏力、贫血、发热,所有人群,药物治疗,根据不同医院，收费标准不一致，市三甲医院约5000--10000,否,0.0001%,55%,2--8周,https://tag.120ask.com/jibing/dbzzbjjb/
内科,血液内科,单纯性肺嗜酸性粒细胞浸润症,血液科,低热、干咳、胸闷、咯血,所有人群,对症治疗、病因治疗,根据不同医院，收费标准不一致，市三甲医院约5000--10000,否,发病率约为0.005%--0.009%,50-60%，对症治疗为主,2-5年,https://tag.120ask.com/jibing/dcxfssxlxbjrz/
内科,血液内科,低增生性急性白血病,血液科,头晕乏力心悸气短等贫血症状最为多见皮肤黏膜出血常见,老年人,中医药物治疗、西医药物治疗,根据不同医院，收费标准不一致，市三甲医院约（100000 —— 200000元）,否,0.001%,75%,1-2个月,https://tag.120ask.com/jibing/dzsxjxbxb/
内科,血液内科,反应性浆细胞增多症,血液科,骨髓浆细胞增多,所有人群,支持疗法,根据不同医院，收费标准不一致，市三甲医院约（5000-10000元）,否,0.0001%,55%,10-30天,https://tag.120ask.com/jibing/fyxjxbzdz/
内科,血液内科,Ⅱ型免疫母细胞性淋巴腺病,肿瘤科,发烧、丘疹、淋巴结肿大、脾肿大、肝肿大,所有人群,预防治疗、化学治疗,根据不同医院，收费标准不一致，市三甲医院约（10000--50000元）,否,0.002%,40%,2-4个月,https://tag.120ask.com/jibing/xmymxbxlbxb/
内科,血液内科,迪格奥尔格综合征,神经内科,甲状旁腺机能减退、低钙血症、抽筋、纵沟短、鼻裂,婴幼儿,病因治疗、对症治疗,根据不同医院，收费标准不一致，市三甲医院约（50000-100000元）,否,0.005%,40%,3个月,https://tag.120ask.com/jibing/dgaegzhz/
内科,血液内科,恶性淋巴瘤,肿瘤科,浅表部位的淋巴结无痛性、进行性肿大表面光滑质地较韧触之如乒乓球感或像鼻尖的硬度 淋巴瘤是全身性疾病因此除了上述局部症状约半数患者还可能出现发热、盗汗、乏力、消瘦、食欲缺乏、皮疹、瘙痒、贫血等全身症状,好发于中老年人，以工作压力大者好发,药物治疗、手术治疗、放化疗,根据不同医院，收费标准不一致，市三甲医院约（50000 —— 100000元）,否,0.003%--0.005%,30-40%(外科手术治疗),8-12周,https://tag.120ask.com/jibing/exlbl/
内科,血液内科,非酮症高血糖-高渗性昏迷,急诊科,脱水、昏迷、偏瘫、意识障碍、神志模糊、癫痫样发作,糖尿病患者,药物治疗,根据不同医院，收费标准不一致，市三甲医院约10000--50000,否,0.001%,50%,2--6周,https://tag.120ask.com/jibing/ftzgxtgsxhm/
内科,血液内科,肥大细胞白血病,血液科,持续性发热、呕血与黑便、结节、休克、瘙痒、腹痛,所有人群,化学治疗、药物治疗,根据不同医院，收费标准不一致，市三甲医院约30000--70000,否,0.005%,45%,1-2年,https://tag.120ask.com/jibing/fdxbbxb/
内科,血液内科,杆菌性上皮样血管瘤病,血管外科,败血症、骨膜反应、HIV感染、菌血症、丘疹、溶骨性损害、肉芽肿、胃肠道症状,本病多数发生于HIV感染者、多数病例为男性,药物治疗,根据不同医院，收费标准不一致，市三甲医院约（3000 —— 10000元）,否,0.01%,40%-60%,3-6个月,https://tag.120ask.com/jibing/gjxspyxglb/
内科,血液内科,淋巴癌,血液科、肿瘤科,盗汗 肝肿大 淋巴结肿大 皮肤搔痒 脾大 脾肿大 气管受压 体重减轻,多见于中，青年，男性患者多于女性,药物治疗、手术治疗、放化疗,根据不同医院，收费标准不一致，市三甲医院约（10000——50000元）,否,0.002%--0.005%,10%(系统治疗后患者5年生存率达到80%),1-3年,https://tag.120ask.com/jibing/linbaai/
内科,血液内科,肝素诱导性血小板减少症,血液科,畏寒、发热、头痛、恶心、呕吐、全身皮肤紫癜、鼻衄、女性月经过多、疲乏无力、面色苍白,所有人群,药物治疗、中药治疗,根据不同医院，收费标准不一致，市三甲医院约1000--5000,否,发病率约为0.01%-0.02%，多发生在使用肝素后,65%,1-3个月,https://tag.120ask.com/jibing/gsydxxxbjsz/
内科,血液内科,肝脏疾病所致贫血,血液科,黄疸 、急性贫血、 贫血,所有人群,手术治疗、中医药物治疗、西医药物治疗,根据不同医院，收费标准不一致，市三甲医院约（10000 —— 30000元）,否,0.02%,62%,30天,https://tag.120ask.com/jibing/gzjbszpx/
内科,血液内科,高镁血症,营养科,便秘、传导阻滞、恶心、腹胀、高镁血症、呼吸衰竭、呼吸抑制、昏迷,中老年人,药物治疗、对症治疗,根据不同医院，收费标准不一致，市三甲医院约（6000 —— 20000元）,否,0.075%,68%,4-8周,https://tag.120ask.com/jibing/gmxz/
内科,血液内科,肺嗜酸性粒细胞浸润症,血液科,胸闷、气急、乏力、低热、咳嗽、喘息,所有人群,药物治疗,根据不同医院，收费标准不一致，市三甲医院约10000--50000,否,0.003%,40%,1-3个月,https://tag.120ask.com/jibing/fssxlxbjrz/
内科,血液内科,高免疫球蛋白E综合征,血液科、儿内科,异位性皮炎、慢性湿疹、剧烈瘙痒,未满1岁的婴儿,西医药物治疗,根据不同医院，收费标准不一致，市三甲医院约（6000-10000元）,否,发病率约为0.005%-0.006%,60%，多以对症治疗为主,1-2年,https://tag.120ask.com/jibing/gmyqdbezhz/
内科,血液内科,感染性疾病所致贫血,血液科,反复感染、呕血、腰痛及肢体酸痛、头痛、胸闷、憋气、寒战、高热、血红蛋白尿、疲乏、心悸、气短、纳差、发热,所有人群,药物治疗、病因治疗,根据不同医院，收费标准不一致，市三甲医院约1000--3000,否,0.36%,96%,21天,https://tag.120ask.com/jibing/grxjbszpx/
内科,血液内科,风湿病性贫血,血液科,心悸、四肢畸形、贫血、关节疼痛、乏力、气短,风湿患者,药物治疗,根据不同医院，收费标准不一致，市三甲医院约5000--10000,否,0.005%--0.008%,50%,2--6个月,https://tag.120ask.com/jibing/fsbxpx/
内科,血液内科,系统性血管炎所致神经损害,神经内科、血管外科,偏瘫、偏盲、颈项强直、共济失调、头痛、瘫痪、肌性肌无力、舞蹈病样动作、精神障碍、情感淡漠、嗜睡、痴呆,所有人群,药物治疗,根据不同医院，收费标准不一致，市三甲医院约1000-3000元,否,0.002%,40%,3个月,https://tag.120ask.com/jibing/xtxxgyszsjsh/
内科,血液内科,感染性血小板减少性紫癜,血液科,紫癜、 皮肤黏膜出血 、血小板减少,所有人群,中医药物治疗、西医药物治疗,根据不同医院，收费标准不一致，市三甲医院约（10000 —— 50000元）,否,0.05%,95%,2-4月,https://tag.120ask.com/jibing/grxxxbjsxz/
内科,血液内科,高温引起的溶血性贫血,血液科,腰痛、棕褐色尿、皮肤黄疸、易疲乏、头晕,所有人群,药物治疗、局部治疗、输血治疗,根据不同医院，收费标准不一致，市三甲医院约10000--30000,否,0.0001%,60%,2--6周,https://tag.120ask.com/jibing/gwyqdrxxpx/
内科,血液内科,高胡萝卜素血症,血液科,色素异常、无瘙痒无肝胆疾病的皮肤黄染,所有人群,生活调理、病因治疗,根据不同医院，收费标准不一致，市三甲医院约1000--3000,否,0.004%,,治疗周期15天,https://tag.120ask.com/jibing/ghlbsxz/
内科,血液内科,红细胞生成性卟啉病,血液科,色素异常、贫血、光感性皮肤损害、脾肿大、疱疹、毛发异常,所有群体,病因治疗、对症治疗 暂无,根据不同医院，收费标准不一致，市三甲医院约（5000-10000元）,否,0.005%--0.007%,70%,3-5月,https://tag.120ask.com/jibing/hxbscxb/
内科,血液内科,龟分枝杆菌感染,感染科,感染性发热、发热伴咳嗽、咯痰、胸痛、伤口感染、继发感染,所有人群,药物治疗,根据不同医院，收费标准不一致，市三甲医院约（3000 —— 8000元）,否,0.003%-0.005%,60%-80%,4-6个月,https://tag.120ask.com/jibing/gfzgjgr/
内科,血液内科,红细胞生成性原卟啉病,血液科,扁平苔癣、湿疹、腹痛、水肿、瘙痒、疱疹、黄疸、腹水、发烧、丘疹、肝肿大、斑疹,儿童,药物治疗,根据不同医院，收费标准不一致，市三甲医院约（3000 —— 8000元）,否,0.002%,75%,1-3个月,https://tag.120ask.com/jibing/hxbscxyb/
内科,血液内科,骨髓病性贫血,血液科,恶性贫血、肝肿大、脉搏加速、新生儿贫血、贫血貌、骨髓造血细胞再生障碍、红细胞体积增大、骨密度增加、失血过多后贫血、蓝巩膜、脾肿大、鼻出血,所有人群（多发癌症患者）,药物治疗,根据不同医院，收费标准不一致，市三甲医院约（5000 —— 20000元）,否,0.002%,40%,3个月,https://tag.120ask.com/jibing/gsbxpx/
内科,血液内科,化脓性骨髓炎,骨外科,患区剧痛、局部皮温增高、有局限性压痛、肿胀,儿童多见,西药治疗、手术治疗,根据不同医院，收费标准不一致，市三甲医院约（5000 —— 10000元）,否,0.003%--0.005%,50--70%,1--3个月,https://tag.120ask.com/jibing/hnxgsy/
内科,血液内科,骨髓痨性贫血,血液科,贫血、疲劳、头晕、耳鸣、失眠、多梦、记忆减退、呼吸气促,所有人群,药物治疗,根据不同医院，收费标准不一致，市三甲医院约50000--80000,否,发病率低，约0.001%左右,60%,1-2年,https://tag.120ask.com/jibing/gsxpx/
内科,血液内科,坏死性结节病样肉芽肿病,血液科,脂膜炎、热结节、黄色结节、环状肉芽肿、消瘦、咳嗽、肌肉坏死、进行性肉芽性溃疡坏死、种植性结节、皮毛窦、胸痛,所有人群,手术治疗、药物治疗,根据不同医院，收费标准不一致，市三甲医院约1000-3000元,否,0.001%,65%,2个月,https://tag.120ask.com/jibing/hsxjjbyryzb/
内科,血液内科,过敏性紫癜肾炎,肾内科,黑尿、血尿、蛋白尿、紫癜、恶心与呕吐、腹痛、皮肤紫癜、斑丘疹 、关节肿胀,过敏患者,药物治疗、手术治疗,根据不同医院，收费标准不一致，市三甲医院约10000--50000,否,0.006%,70%,1-3个月,https://tag.120ask.com/jibing/gmxzsy/
内科,血液内科,混合型卟啉病,血液科,色素异常、毛发异常、腹痛、疱疹,所有群体,药物治疗,根据不同医院，收费标准不一致，市三甲医院约（1000-5000元）,否,0.0001%-0.001%,,终身间歇性治疗,https://tag.120ask.com/jibing/hhxb/
内科,血液内科,获得性循坏抗凝物质增多综合征,血液科,便血、 出血倾向、 咯血,所有人群,药物治疗,根据不同医院，收费标准不一致，市三甲医院约（5000 —— 10000元）,否,0.005%,75%,2-3月,https://tag.120ask.com/jibing/hdxxhknwzzdzhz/
内科,血液内科,海绵状血管瘤血小板减少综合征,血液科,皮肤出血点、 皮肤出血斑、 鼻出血、血管畸形,所有人群,中医药物治疗、西医药物治疗,根据不同医院，收费标准不一致，市三甲医院约（5000 —— 10000元）,否,0.015%--0.03%,90%,3-6月,https://tag.120ask.com/jibing/hmzxglxxbjszhz/
内科,血液内科,获得性维生素K依赖性凝血因子,血液科,月经量多、血尿、鼻出血、出血倾向、瘀斑、牙龈出血、血肿形成,所有人群,药物治疗,根据不同医院，收费标准不一致，市三甲医院约（10000-50000元）,否,罕见，约0.0014%,,终身治疗,https://tag.120ask.com/jibing/hdxwsskylxnxyzyc/
内科,血液内科,获得性循环抗凝物质增多症,血液科,深部软组织血肿、鼻出血外伤后出血不止,所有人群,药物治疗,根据不同医院，收费标准不一致，市三甲医院约（5000 —— 10000元）,否,0.0001%--0.0002%,50-60%,3-5年,https://tag.120ask.com/jibing/hdxxhknwzzdz/
内科,血液内科,获得性血小板功能障碍,血液科,畏寒、发烧、头痛、恶心与呕吐、皮肤紫癜、月经量多、鼻衄,所有群体,病因治疗、对症治疗,根据不同医院，收费标准不一致，市三甲医院约（5000-10000元）,否,发病率约为0.003%-0.008%,65%,1-3个月,https://tag.120ask.com/jibing/hdxxxbgnza/
内科,血液内科,急性淋巴细胞性白血病,血液科,发烧、贫血、颅内头痛、恶心与呕吐、气滞血瘀、齿龈出血、皮肤瘀斑、皮肤瘀点、牙龈出血、鼻衄、内脏出血、便血,所有群体,病因治疗、对症治疗,根据不同医院，收费标准不一致，市三甲医院约（50000-100000元）,否,0.01%--0.02%,,1-3年,https://tag.120ask.com/jibing/jxlbxbxbxb/
内科,血液内科,获得性血友病,血液科,吞咽困难、喘鸣,所有群体,病因治疗、对症治疗,根据不同医院，收费标准不一致，市三甲医院约（10000-50000元）,否,本病罕见，发病率约为0.0001%-0.0003%,,终身治疗,https://tag.120ask.com/jibing/hdxxyb/
内科,血液内科,霍奇金淋巴瘤,血液科,盗汗、低热、恶心、腹痛、干咳、高热、疱疹、皮肤搔痒,15～34岁为高峰男性多于女性,放疗、化疗,根据不同医院，收费标准不一致，市三甲医院约（10000 —— 30000元）,否,0.0004%-0.0007%,75%,1-3月,https://tag.120ask.com/jibing/hqjlbl/
内科,血液内科,急性失血所致贫血,血液科,软弱、出汗、恶心、心律缓慢及血压下降；随后有头晕，甚至短暂的昏厥,有外伤或内出血患者,西药、中药,根据不同医院，收费标准不一致，市三甲医院约（5000—— 10000元）,否,0.05%,80%,一个月,https://tag.120ask.com/jibing/jxsxszpx/
内科,血液内科,吉特林综合征,血液科,结节、溃疡,多为男性,免疫替补疗法 、抗感染疗法,根据不同医院，收费标准不一致，市三甲医院约（7000—— 9000元）,否,0.01%-0.02%,80%,3-6个月,https://tag.120ask.com/jibing/jtlzhz/
内科,血液内科,急性失血性贫血,急诊科,损伤部位出血、头晕、面色苍白、出汗、恶心、心律缓慢及血压下降,患有可能发生大出血疾病或有外伤史的患者,西药、手术治疗,根据不同医院，收费标准不一致，市三甲医院约（5000 —— 10000元）,否,发病率约为1-4/100000，多发生于车祸伤或斗殴伤,70-80%，根据失血的严重程度具体决定,1-2个月,https://tag.120ask.com/jibing/jxsxxpx/
内科,血液内科,脊椎化脓性骨髓炎,脊柱外科,腰大肌脓肿、四肢瘫痪、颈肩痛、高热寒战、腰背痛、骨髓损害、脊柱破坏、强迫俯卧位,中年人群,药物治疗,根据不同医院，收费标准不一致，市三甲医院约10000--50000,否,0.002%,80%,3个月,https://tag.120ask.com/jibing/jzhnxgsy/
内科,血液内科,急性嗜酸性粒细胞性肺炎,呼吸内科,叶间裂常呈弧形下坠、稽留热、肺下叶周围呈节段性或大叶性模糊阴影、高热寒战、肺部可闻及干湿啰音及哮鸣音、发烧、肺部化脓性感染、中性粒细胞增高、胸片示肺内孤立结节、烦躁不安、身痛、气管受压,所有群体,药物治疗,根据不同医院，收费标准不一致，市三甲医院约（1000-5000元）,否,发病率约为0.004%-0.005%,70%,1-2个月,https://tag.120ask.com/jibing/jxssxlxbxfy/
内科,血液内科,继发性白血病,血液科,腋下淋巴肿大、非感染性发热、容易发生青肿、疲劳、贫血、血尿、发热伴出血、反复出血、败血症的征象、菌血症、毒血症,所有群体,病因治疗、对症治疗,根据不同医院，收费标准不一致，市三甲医院约（50000-100000元）,否,0.003%,75%,1-3个月,https://tag.120ask.com/jibing/jfxbxb/
内科,血液内科,急性骨髓性白血病,血液病科,面色苍白、发热、身困无力、伴心悸气短、胸胁压痛、关节疼、皮肤呈现少量致密出血点、淋巴结肿大、,接触某些放射性物质或有害物质的人群,中药，西药治疗,根据不同医院，收费标准不一致，市三甲医院约（50000 —— 200000元）,否,0.001%,20%,3个月,https://tag.120ask.com/jibing/jxgsxbxb/
内科,血液内科,急性髓细胞白血病,血液科,关节疼痛、疲劳、贫血、青肿、乏力、心悸、气短、发热伴出血、皮肤黏膜出血,随年龄增长发病率升高,药物治疗,根据不同医院，收费标准不一致，市三甲医院约10000--50000,否,0.005%,75%,3-6月,https://tag.120ask.com/jibing/jxsxbbxb/
内科,血液内科,继发性单克隆免疫球蛋白病,血液科,异性蛋白反应、贫血,所有群体,病因治疗、对症治疗,根据不同医院，收费标准不一致，市三甲医院约（1000 —— 5000元）,否,发病率约为0.0005%--0.0009%,60-70%,1-2年,https://tag.120ask.com/jibing/jfxdklmyqdbb/
内科,血液内科,急性间歇性卟啉病,血液科,腹痛、恶心与呕吐、胡萝卜素血症、便秘,所有人群,药物治疗,根据不同医院，收费标准不一致，市三甲医院约（3000 —— 8000元）,否,发病率约为0.005%-0.006%,45%，对症治疗为主,1-2年,https://tag.120ask.com/jibing/jxjxxb/
内科,血液内科,急性杂合性白血病,血液科,肝肿大、贫血、反复高热、持续性弛张热、淋巴结肿大、非感染性发热、腋下淋巴肿大、脾肿大、容易发生青肿,所有群体,病因治疗、对症治疗,根据不同医院，收费标准不一致，市三甲医院约（50000-100000元）,否,0.001%,70%,1-2个月,https://tag.120ask.com/jibing/jxzhxbxb/
内科,血液内科,继发性骨髓纤维化,神经内科,疲劳、发热、消瘦、贫血、乏力、盗汗、心慌、苍白气短、腹痛、腹块、骨痛、黄疽,所有人群,病因治疗,根据不同医院，收费标准不一致，市三甲医院约5000--10000,否,0.05%,80%,1-3个月,https://tag.120ask.com/jibing/jfxgsxwh/
内科,血液内科,急性酒中毒,急诊科,恶心、呕吐、头晕、头痛,嗜酒的人多见,药物治疗、洗胃,根据不同医院，收费标准不一致，市三甲医院约（5000 —— 10000元）,否,0.45%,70%,10-30天,https://tag.120ask.com/jibing/jxjzd/
内科,血液内科,急性早幼粒细胞白血病,血液科,四肢无力、脾肿大、贫血、肝肿大、腋下淋巴肿大、淋巴结肿大、白细胞增多、四肢俱软,所有群体,药物治疗,根据不同医院，收费标准不一致，市三甲医院约（50000-100000元）,否,0.035%,85%,30天,https://tag.120ask.com/jibing/jxzylxbbxb/
内科,血液内科,继发性红细胞增多症,血液科,红细胞增多、高原多血面容、血液粘度增高、头痛、紫绀、全身各脏器血流缓慢、眩晕、血液粘滞度增高、肤色赤红,所有群体,病因治疗,根据不同医院，收费标准不一致，市三甲医院约（1000-5000元）,否,0.001%-0.003%,70%,6-12周,https://tag.120ask.com/jibing/jfxhxbzdz/
内科,血液内科,急性粒细胞缺乏,血液科,畏寒或寒战高热、头痛、衰弱、全身黏膜坏死性溃疡,所有人群,药物治疗,根据不同医院，收费标准不一致，市三甲医院约8000--15000,否,0.052%,95%,3-6月,https://tag.120ask.com/jibing/jxlxbqf/
内科,血液内科,继发性皮肤滤泡中心细胞性淋巴,血液科,肝肿大、贫血、脾肿大,所有群体,药物治疗、手术治疗,根据不同医院，收费标准不一致，市三甲医院约（5000-10000元）,否,0.0002%,60%,1-3个月,https://tag.120ask.com/jibing/jfxpflpzxxbxlbl/
内科,血液内科,己糖激酶缺乏症,血液科,黄疸、脾大、贫血、缺氧,新生儿,对症支持治疗,根据不同医院，收费标准不一致，市三甲医院约（2000 —— 6000元）,否,0.0005%(有家族史，遗传率约20%。无家族使者发病率0.0005%),90%(对症治疗，维持血红蛋白稳定则属临床治愈，约90%。),1-3月,https://tag.120ask.com/jibing/jtjmqfz/
内科,血液内科,荚膜组织胞浆菌病,感染科,咯血、淋巴结肿大、腹壁反射减弱或消失、脾肿大、发烧、咳嗽、咳痰、消瘦、肝肿大,所有人群,药物治疗,根据不同医院，收费标准不一致，市三甲医院约（3000 —— 8000元）,是,发病率约为0.005%--0.006%,60-70%,3-6个月,https://tag.120ask.com/jibing/jmzzbjjb/
内科,血液内科,继发性铁粒幼细胞性贫血,血液科,贫血貌、易疲乏、头晕、皮肤苍白或暗黑色、软弱、动则心悸、气促,所有人群,药物治疗、输血治疗,根据不同医院，收费标准不一致，市三甲医院约1000--5000,否,0.003%,65%,1-3个月,https://tag.120ask.com/jibing/jfxtlyxbxpx/
内科,血液内科,甲氨蝶呤相关的淋巴增殖性疾病,血液科,临床表现与MTX无关的同类型的淋巴瘤无区别,所有群体,"一般不需要治疗,停药后即可缓解",根据不同医院，收费标准不一致，市三甲医院约（100-500元）,否,0.00035%,75%,1-2个月,https://tag.120ask.com/jibing/jadxgdlbzzxjb/
内科,血液内科,巨幼细胞性贫血,血液科,面色苍白、乏力、耐力下降、头昏、心悸、欲不振、恶心、腹胀、腹泻或便秘,青少年、孕妇,西药治疗、中药治疗,根据不同医院，收费标准不一致，市三甲医院约（5000 —— 10000元）,否,1-2%老人以及胃大部切除手术患者多见,80%,4-6个月,https://tag.120ask.com/jibing/jyxbxpx/
内科,血液内科,继发性血小板增多症,血液科,一般无症状,原基础疾病继发,病因治疗,根据不同医院，收费标准不一致，市三甲医院约10000--30000,否,0.001%,40%,1-3个月,https://tag.120ask.com/jibing/jfxxxbzdz/
内科,血液内科,甲状腺功能减低所致贫血,血液科、内分泌科,心悸、贫血、便秘、乏力、畏寒、肌痛、上肢水肿、下肢水肿、面部水肿、健忘、表情淡漠、面色苍白,甲减患者,药物治疗、预防治疗,根据不同医院，收费标准不一致，市三甲医院约8000--15000,否,甲减患者中本病发病率约为0.02%-0.05%,85%,3-6个月,https://tag.120ask.com/jibing/jzxgnjdszpx/
内科,血液内科,继发于严重肝疾患的棘红细胞增,血液科,红细胞增多、黄疸、贫血、肝功能迅速恶化、肝性脑病、化道大出血,严重肝疾患者,对症治疗,根据不同医院，收费标准不一致，市三甲医院约（20000 —— 50000元）,否,0.0006%,3%,3--10周,https://tag.120ask.com/jibing/jfyyzgjhdjhxbzdz/
内科,血液内科,浆细胞白血病,血液科,淋巴结肿大、贫血、脾肿大、肝肿大、继发感染、溶骨性损害、意识障碍、体重减轻、骨髓浆细胞增多,所有人群,药物治疗,根据不同医院，收费标准不一致，市三甲医院约（50000 —— 100000元）,否,本病罕见，发病率约为0.0004%--0.0009%,,1-3年,https://tag.120ask.com/jibing/jxbbxb/
内科,血液内科,堪萨斯分枝杆菌感染,呼吸内科、感染科,结痂 、继发感染、 舌质红绛、皮损,所有人群,中医药物治疗、西医药物治疗,根据不同医院，收费标准不一致，市三甲医院约（10000 —— 30000元）,是,0.002%--0.007%,50-60%,3-6个月,https://tag.120ask.com/jibing/kssfzgjgr/
内科,血液内科,家族性红细胞增多症,血液病科,头痛、嗜睡、眩晕和易疲倦,所有人群,药物治疗,根据不同医院，收费标准不一致，市三甲医院约（3000 —— 8000元）,否,患有本病者后代的获得本病的几率约为5%,,本病可反复发作，故治疗周期不明确,https://tag.120ask.com/jibing/jzxhxbzdz/
内科,血液内科,接合菌病,传染科,视力障碍 、脑膜炎、 脑炎样改变、颅神经损害、面痛、瘫痪,所有人群,中医药物治疗、西医药物治疗,根据不同医院，收费标准不一致，市三甲医院约（10000 —— 30000元）,是,0.003%,85%,3个月,https://tag.120ask.com/jibing/jhjb/
内科,血液内科,抗活化的蛋白C症,血液科,静脉血栓,遗传性缺陷者,肝素治疗、华法林治疗,根据不同医院，收费标准不一致，市三甲医院约（2000 —— 6000元）,否,发病率约为0.0001%--0.0002%,,终身治疗,https://tag.120ask.com/jibing/khhddbcz/
内科,血液内科,老年急性白血病,血液科,发烧、贫血、淋巴结肿大、结节、隐痛、颈项强直、抽搐、昏迷、鼻出血、丘疹、肝脾肿大、乏力,老年人,病因治疗、对症治疗,根据不同医院，收费标准不一致，市三甲医院约（50000-100000元）,否,0.0001%,,终身间歇性治疗,https://tag.120ask.com/jibing/lnjxbxb/
内科,血液内科,进行性色素性紫癜性皮病,血液科,丘疹、脱屑、瘀斑、皮肤瘀点,所有群体,药物治疗,根据不同医院，收费标准不一致，市三甲医院约（1000-5000元）,否,0.002%,75%,1-3个月,https://tag.120ask.com/jibing/jxxssxzxpb/
内科,血液内科,老年人播散性血管内凝血,心血管内科,斑疹、水肿、贫血、少尿、血尿、休克、血管内凝血、静脉出血、黏膜出现出血点、皮肤出血点、足部坏疽、微血管溶血性贫血,老年人,病因治疗、对症治疗,根据不同医院，收费标准不一致，市三甲医院约（5000-10000元）,否,0.0012%,70%,7天,https://tag.120ask.com/jibing/lnrbsxxgnnx/
内科,血液内科,新型隐球菌性脑膜炎,神经内科,头痛、恶心与呕吐、低热、精神萎靡、周身不适、偏瘫、抽搐、呼吸不规则,所有群体,药物治疗,根据不同医院，收费标准不一致，市三甲医院约（5000-10000元）,否,0.003%,75%,1-3个月,https://tag.120ask.com/jibing/xxyqjxnmy/
内科,血液内科,老年人代谢性碱中毒,老年病科,手指麻木、刺痛腕足痉挛心律失、手足抽搐、多尿、多饮和麻痹、神志模糊、反应迟钝、谵妄,体内酸丢失过多或体外碱进入过多以及内分泌紊乱的老年人多见,药物治疗,根据不同医院，收费标准不一致，市三甲医院约（1000 —— 2000元）,否,0.001%，(多以50岁以上中老年人群多见),75%,4-6周,https://tag.120ask.com/jibing/lnrdxxjzd/
内科,血液内科,巨大血小板病,血液科,鼻出血、血小板减少性紫癜、产后出血、月经量多、皮肤紫癜、瘀斑、内脏出血、关节腔内出血、肝脾不肿大,所有群体,病因治疗、对症治疗,根据不同医院，收费标准不一致，市三甲医院约（5000-10000元）,否,0.005%,74%,1-3个月,https://tag.120ask.com/jibing/jdxxbb/
内科,血液内科,口形红细胞增多症,血液科,肤色赤红、口唇麻木、红细胞增多、全身各脏器血流缓慢、脾肿大、口有溴味及咸味、黄疸、贫血、血液粘度增高、口唇刺痛,所有群体,对症治疗,根据不同医院，收费标准不一致，市三甲医院约（1000-5000元）,否,0.001%,40%,1-3月,https://tag.120ask.com/jibing/kxhxbzdz/
内科,血液内科,老年人低钙血症,血液科,手足搐搦、神经肌肉激惹性增高和精神异常、,老年人,西药治疗,根据不同医院，收费标准不一致，市三甲医院约（500 —— 1000元）,否,0.052%,85%,1-3个月,https://tag.120ask.com/jibing/lnrdgxz/
内科,血液内科,巨球蛋白血症,血液科,出血倾向 乏力 贫血 视力障碍 消瘦 血小板减少 血液粘滞度增高 淋巴结肿大,老年患者,中医药物治疗、西医药物治疗,根据不同医院，收费标准不一致，市三甲医院约（10000-50000元）,否,0.005%,30%,6-8月,https://tag.120ask.com/jibing/jqdbxz/
内科,血液内科,溃疡分枝杆菌感染,传染科,坚实无痛性皮下结节、溃疡疼痛、淋巴液流出,所有人群,药物治疗,根据不同医院，收费标准不一致，市三甲医院约（3000--8000元）,否,0.001%,74%,7-14天,https://tag.120ask.com/jibing/kyfzgjgr/
内科,血液内科,老年人低血糖症,内分泌科,头晕、出冷汗、恶心、面色苍白,进食困难、有胰岛素瘤、糖尿病的老年人多见,补充糖水、原发病治疗,根据不同医院，收费标准不一致，市三甲医院约（5000 —— 10000元）,否,0.004%--0.005%(多见于糖尿病患者),85-95%(合理使用胰岛素即可避免本病发生),1-3个月,https://tag.120ask.com/jibing/lnrdxtz/
内科,血液内科,巨细胞动脉炎性巩膜炎,眼科,视力障碍、头痛、黑蒙、复视、失眠、乏力、食欲不振,中老年人群,药物治疗,根据不同医院，收费标准不一致，市三甲医院约8000--12000,否,0.0021%,75%,15-30天,https://tag.120ask.com/jibing/jxbdmyxgmy/
内科,血液内科,懒惰白细胞综合征,血液科,低热、反复感染、咽炎、舌炎、龈炎,儿童人群,对症治疗,根据不同医院，收费标准不一致，市三甲医院约10000--30000,否,0.002%,40%,3个月,https://tag.120ask.com/jibing/ldbxbzhz/
内科,血液内科,老年人多发性骨髓瘤,肿瘤科,蛋白尿、胸痛、贫血、骨痛、肋骨痛、压痛、免疫缺陷、瘫痪,老年人群,药物治疗、化学治疗,根据不同医院，收费标准不一致，市三甲医院约10000--50000,否,50岁以上中老年人群中本病的发病率约为0.005%-0.007%,30%,8-12周,https://tag.120ask.com/jibing/lnrdfxgsl/
内科,血液内科,朗格汉斯组织细胞增多症,神经内科,肢体麻木、疼痛、无力,所有人群,药物治疗,根据不同医院，收费标准不一致，市三甲医院约（5000 —— 10000元）,否,0.0005%,20%,3个月,https://tag.120ask.com/jibing/lghszzxbzdz/
内科,血液内科,老年人急性淋巴细胞白血病,血液科、肿瘤科,关节积液、关节疼痛、关节活动受限、关节畸形,多发于30~70岁中老年人,手术治疗、化学药物治疗,根据不同医院，收费标准不一致，市三甲医院手术费用+化疗费用约（50000 —— 200000元）,否,0.0003%-0.0005%,,终身间歇性对症治疗,https://tag.120ask.com/jibing/lnrjxlbxbbxb/
内科,血液内科,老年人骨髓增生异常综合征,血液科,乏力、头昏、胸骨压痛,老年人群,药物治疗、化疗,根据不同医院，收费标准不一致，市三甲医院约（10000-50000元）,否,0.05%,60%,3-6月,https://tag.120ask.com/jibing/lnrgszsyczhz/
内科,血液内科,老年人巨幼细胞性贫血,血液科,腹泻、红细胞分布宽度偏高、恶心与呕吐、急性贫血、贫血、红细胞体积增大、感觉障碍,老年人,病因治疗,根据不同医院，收费标准不一致，市三甲医院约（500-1000元）,否,老年人患病概率2.3%,,治疗周期30天,https://tag.120ask.com/jibing/lnrjyxbxpx/
内科,血液内科,老年人原发性血小板增多症,血液科,鼻出血、胃肠道出血、齿龈出血、瘀斑、间歇性跛行、急腹症,老年人群,药物治疗、放射治疗、化学治疗,根据不同医院，收费标准不一致，市三甲医院约10000--50000,否,0.004%,45%-65%,4-6周,https://tag.120ask.com/jibing/lnryfxxxbzdz/
内科,血液内科,老年人过敏性紫癜,血液科,临床特征为皮肤紫癜，可伴有腹痛、消化道出血、关节痛和(或)血尿、肾病变等。,老年人,西医药治疗,根据不同医院，收费标准不一致，市三甲医院约（5000 —— 10000元）,否,0.5%(上述为老年人群发病率),50%,6-12个月,https://tag.120ask.com/jibing/lnrgmxz/
内科,血液内科,老年人慢性疾病性贫血,血液科,骨髓抑制、贫血、肾功能衰竭,老年人,对症治疗、输血,根据不同医院，收费标准不一致，市三甲医院约（800 —— 3000元）,否,0.005%,60%,3个月,https://tag.120ask.com/jibing/lnrmxjbxpx/
内科,血液内科,老年人再生障碍性贫血,血液病科,贫血、感染、出血,老年人,药物治疗,根据不同医院，收费标准不一致，市三甲医院约（10000-50000元）,否,本病发生率在老年人群中占0.05%左右,,2-4年,https://tag.120ask.com/jibing/lnrzszaxpx/
内科,血液内科,老年人霍奇金淋巴瘤,血液科,淋巴结肿大、发热、盗汗、消瘦,老年人免疫力下降者较常见,西医药物治疗,根据不同医院，收费标准不一致，市三甲医院约（10000-50000元）,否,0.002%-0.003%,75%,1-3月,https://tag.120ask.com/jibing/lnrhqjlbl/
内科,血液内科,老年人慢性粒细胞白血病,血液科,乏力、肝脏肿大、高热、关节疼痛、呼吸困难、剧痛、溃疡、淋巴结肿大,老年人群,化学治疗、生物治疗、骨髓移植及外周血干细胞移植,根据不同医院，收费标准不一致，市三甲医院约（2000—— 5000元）,否,特定人群发病率0.05%,,2-6月,https://tag.120ask.com/jibing/lnrmxlxbbxb/
内科,血液内科,老年人真性红细胞增多症,血液内科,头晕、头疼、头胀、疲乏、眩晕、耳鸣、心慌、眼花、气短、怕热、出汗上腹饱胀、呼吸困难、肢体麻木等,任何人都可发病，以老年人及居住高原者居多,静脉放血治疗、放射性治疗、化学治疗,根据不同医院，收费标准不一致，市三甲医院约（5000 —— 15000元）,否,0.05%,74%,1--3个月,https://tag.120ask.com/jibing/lnrzxhxbzdz/
内科,血液内科,老年人急性非淋巴细胞白血病,血液科,关节疼痛、贫血、反复高热、持续性发热、发烧热、面部皮肤有结节状增生,老年人群,药物治疗,根据不同医院，收费标准不一致，市三甲医院约10000--50000,否,50岁以上中老年人群中发病率约为0.03%--0.07%,30-40%,1-3年,https://tag.120ask.com/jibing/lnrjxflbxbbxb/
内科,血液内科,老年人慢性淋巴细胞白血病,血液科,消瘦、乏力、盗汗 、食欲减退、低热、发烧、贫血、持续性发热,老年人群,化学治疗、放射治疗,根据不同医院，收费标准不一致，市三甲医院约（10000-50000元）,否,50岁以上中老年人群中本病发病率约为0.001%，非常罕见,,终身间歇性治疗,https://tag.120ask.com/jibing/lnrmxlbxbbxb/
内科,血液内科,老年性紫癜,血液科,出血多见于颜面、颈部、上肢伸侧、手背及小腿、老年性紫癜的皮下出血吸收缓慢,多见于60岁以上的男性或女性,药物治疗,根据不同医院，收费标准不一致，市三甲医院约（300 —— 500元）,否,0.03%--0.095,60-70%,2-4年,https://tag.120ask.com/jibing/laonianxingzi/
内科,血液内科,镰刀菌病,血液科,眩晕、头痛,所有人群,药物治疗,根据不同医院，收费标准不一致，市三甲医院约（1000 —— 3000元）,是,0.001%--0.004%,60-70%,1-3个月,https://tag.120ask.com/jibing/ldjb/
内科,血液内科,老年人免疫性血小板减少性紫癜,血液科,血小板减少、血小板减少性紫癜、骨髓巨核细胞成熟障碍、皮肤瘀点、皮肤瘀斑、血疱、颅内出血、脾肿大、反复出血、贫血,老年人,药物治,根据不同医院，收费标准不一致，市三甲医院约（5000-10000元）,否,0.001%,60%,1--3个月,https://tag.120ask.com/jibing/lnrmyxxxbjsxz/
内科,血液内科,类白血病反应,血液科,肝，脾，淋巴结肿大及皮肤淤斑等出血症状,儿童,中医药物治疗、西医药物治疗,根据不同医院，收费标准不一致，市三甲医院约（50000 —— 100000元）,否,0.0035%,60%,2--6周,https://tag.120ask.com/jibing/lbxbfy/
内科,血液内科,镰状细胞病,血液科（找到血液科的专家就诊 ）,背痛、腹痛、关节疼痛、昏迷、肌痛、疲劳、脾大、贫血,杂合子有镰状细胞者,基因治疗、药物治疗、骨髓移植,根据不同医院，收费标准不一致，市三甲医院约（ 8000——10000元）,否,,,,https://tag.120ask.com/jibing/lzxbb/
内科,血液内科,老年人缺铁性贫血,血液病科,面色苍白、心慌、乏力、头晕、心悸、免疫力下降、皮肤干燥、指甲易碎,老年人,药物治疗,根据不同医院，收费标准不一致，市三甲医院约（1000 —— 5000元）,否,0.27%,80%,1-3个月,https://tag.120ask.com/jibing/lnrqtxpx/
内科,血液内科,冷抗体型自身免疫性溶血性贫血,血液科,黄疸、头晕、贫血、皮肤苍白、乏力、寒战、发绀,所有群体,药物治疗,根据不同医院，收费标准不一致，市三甲医院约（5000-10000元）,否,0.001%,60%,1-3个月,https://tag.120ask.com/jibing/lktxzsmyxrxxpx/
内科,血液内科,镰状细胞贫血,血液科,发热、关节疼痛、指（趾）骨梗死、脓肿 、溃疡、软组织肿胀,所有人群,药物治疗、输血治疗、骨髓移植,根据不同医院，收费标准不一致，市三甲医院约8000--18000,否,0.4%,,2-4个月,https://tag.120ask.com/jibing/lzxbpx/
内科,血液内科,老年人溶血性贫血,血液科,黄疸、淋巴结肿大、免疫性溶血、皮肤紫癜、脾大、贫血、溶血性贫血、肝大,老年人,药物治疗,根据不同医院，收费标准不一致，市三甲医院约（1000-5000元）,否,5-10%(5-10%，常见于叶酸、维生素B12的缺乏以及肝大的患者。),85%以上。,4-6个月。,https://tag.120ask.com/jibing/lnrrxxpx/
内科,血液内科,冷凝集素综合征,耳鼻喉科,耳郭、鼻尖、手指、足趾发绀,多见于女性及老年,西医药物治疗,根据不同医院，收费标准不一致，市三甲医院约（500—— 1000元）,否,0.05%,90%,3-6月,https://tag.120ask.com/jibing/lnjszhz/
内科,血液内科,老年人血栓性疾病,心血管内科,冠状动脉血栓引起急性心肌梗死或不稳定型心绞痛、颈动脉或脑动脉血栓表现为偏瘫、意识障碍下肢深层静脉血栓导致下肢肿胀、疼痛、皮肤温度升高及淋巴水肿,老年人,中药、西药治疗,根据不同医院，收费标准不一致，市三甲医院约（10000 —— 30000元）,否,0.026%,70%,30天,https://tag.120ask.com/jibing/lnrxsxjb/
内科,血液内科,老年人原发性骨髓纤维化,血液科,脾显著增大、贫血、骨质硬化、乏力、低热、盗汗、体重减轻、胃纳减退、左上腹或中上腹饱胀,老年人多见,化疗、手术治疗,根据不同医院，收费标准不一致，市三甲医院约（50000 —— 120000元）,否,0.001%,10%,1-3个月,https://tag.120ask.com/jibing/lnryfxgsxwh/
内科,血液内科,粒细胞缺乏症,血液科,高热、 寒战、 头痛、 极度衰弱、鼻粘膜溃疡、口腔溃疡、全身不适,所有人群,中医药物治疗、西医药物治疗,根据不同医院，收费标准不一致，市三甲医院约（1000-5000元）,否,本病常见，发病率约为0.01%-0.02%，多见于病毒感染或者使用某些抗生素后,85%,2-4周,https://tag.120ask.com/jibing/lxbqfz/
内科,血液内科,绿色瘤,肿瘤科,眼睑肿胀且呈淡绿色、耳前及颌下淋巴结常有肿大、肿块皮肤表面也有绿色的色素沉着,儿童、青少年,手术治疗,根据不同医院，收费标准不一致，市三甲医院约（15000-20000元）,否,发病率约为0.003%--0.004%,40-50%,1-3个月,https://tag.120ask.com/jibing/lvseliu/
内科,血液内科,淋巴瘤细胞白血病,血液病科,淋巴结进行性肿大、肝脾肿大、贫血、皮肤黏膜出血、发热、胸腔积液腹水及心包积液,30岁左右的男性较多见,骨髓移植,根据不同医院，收费标准不一致，市三甲医院约（50000 —— 300000元）,否,0.001%-0.008%,75%,终身间歇性治疗,https://tag.120ask.com/jibing/lblxbbxb/
内科,血液内科,瘰疬分枝杆菌感染,感染科,伤口感染、呼吸困难、胸闷、胸痛,所有人群,中医药物治疗、西医药物治疗,根据不同医院，收费标准不一致，市三甲医院约（5000 —— 10000元）,是,0.0001%,40%,3个月,https://tag.120ask.com/jibing/fzgjgr/
内科,血液内科,洛博芽生菌病,皮肤科,结痂、结节、淋巴结肿大,有外伤者,液氮冷冻疗法、CO2激光疗法、手术治疗,根据不同医院，收费标准不一致，市三甲医院约（3000 —— 10000元）,否,0.025%,30-50%,1-3年,https://tag.120ask.com/jibing/lbysjb/
内科,血液内科,马尔堡病毒病,感染科,斑丘疹、背痛、恶心、腹泻、关节疼痛、寒战、昏迷、惊厥,所有人群,中医药物治疗,根据不同医院，收费标准不一致，市三甲医院约（200 —— 1000元）,是,0.002%,30%,3个月,https://tag.120ask.com/jibing/mebbdb/
内科,血液内科,慢性淋巴细胞性白血病,血液科,易感染、消化不良、腹泻、瘙痒、胃纳减退、腹胀,所有人群,药物治疗、放射治疗,根据不同医院，收费标准不一致，市三甲医院约10000--60000,否,发病率约为0.0003%-0.0005%,,4-8周,https://tag.120ask.com/jibing/mxlbxbxbxb/
内科,血液内科,硫化血红蛋白血症,血液科,发绀、头痛、腹泻、便秘、腹痛、紫绀、眩晕,所有人群,对症治疗、药物治疗,根据不同医院，收费标准不一致，市三甲医院约3000--5000,否,0.005%,75%,2-4月,https://tag.120ask.com/jibing/lhxhdbxz/
内科,血液内科,马尔尼菲青霉病,呼吸内科,斑丘疹、乏力、高热、寒战、结节、进行性消瘦、咳嗽、咳痰,可发生于健康者但更多见于免疫缺陷或免疫功能抑制者,药物治疗,根据不同医院，收费标准不一致，市三甲医院约（2000 —— 5000元）,否,0.002%,60%,2-4月,https://tag.120ask.com/jibing/menfqmb/
内科,血液内科,慢性肾性贫血,肾内科,面色苍白、乏力、心悸、气短、皮肤出血鼻、口腔黏膜渗血、消化道、泌尿道出血,慢性肾功能衰竭患者较常见,药物治疗、手术治疗,根据不同医院，收费标准不一致，市三甲医院约（1000-5000元）,否,0.0035%,75%,30天,https://tag.120ask.com/jibing/mxsxpx/
内科,血液内科,绿脓假单胞菌属感染,血液科,烧伤创面甜腥气味的粘稠分泌物、 丘疹、 淋巴液流出,所有人群,药物治疗,根据不同医院，收费标准不一致，市三甲医院约（5000 —— 10000元）,否,0.01%,50%,1-2周,https://tag.120ask.com/jibing/lnjdbjsgr/
内科,血液内科,慢性病贫血,血液科,贫血、急性贫血、眼前发黑、失血过多后贫血、结膜变浅或变苍白、面色觥白、邪恋正虚、四肢俱软,所有人群,药物治疗,根据不同医院，收费标准不一致，市三甲医院约（1000 —— 5000元）,否,35%,85%,6-9月,https://tag.120ask.com/jibing/mxbpx/
内科,血液内科,慢性髓细胞白血病,血液科,白细胞增多、胸骨压痛、视力障碍、脾肿大、贫血、四肢无力、消瘦、肝肿大、乏力、体重减轻、低热、发烧,所有人群,药物治疗,根据不同医院，收费标准不一致，市三甲医院约（3000 —— 8000元）,否,0.0005%--0.0008%,70%,1-3年,https://tag.120ask.com/jibing/mxsxbbxb/
内科,血液内科,慢性骨髓炎,血液科,低热、疼痛,所有人群,药物治疗,根据不同医院，收费标准不一致，市三甲医院约（3000 —— 8000元）,否,急性骨髓炎患者中本病的发生率约为1-3%，多为未积极治疗者,30-40%,1-2年,https://tag.120ask.com/jibing/mxgsy/
内科,血液内科,直立性低血压,心血管内科,突然站立时头晕、眼花、晕倒,平时血压低或是老年人易发,生活习惯改善、药物治疗,根据不同医院，收费标准不一致，市三甲医院约（500 —— 1000元）,否,15%-20%,70%,1-3周,https://tag.120ask.com/jibing/zlxdxy/
内科,血液内科,毛孢子菌病,血液科,头痛、恶心与呕吐、心悸、结节,所有人群,药物治疗,根据不同医院，收费标准不一致，市三甲医院约（3000 —— 8000元）,否,0.0003%,70-80%,3-6个月,https://tag.120ask.com/jibing/mzjb/
内科,血液内科,新生儿低血糖症与高血糖症,新生儿科,低血糖症、多尿、高血压、红细胞增多、昏迷、惊厥、颅内出血、糖尿,多发生于早产儿、足月小样儿、糖尿病母亲婴儿,药物治疗、对症治疗,根据不同医院，收费标准不一致，市三甲医院约（1000 —— 5000元）,否,0.00652%,85%,1-2周,https://tag.120ask.com/jibing/xsedxtzygxtz/
内科,血液内科,慢性疾病的贫血,血液科,面色苍白、心累、心悸、乏力、消瘦,所有人群,原发病治疗、药物治疗,根据不同医院，收费标准不一致，市三甲医院约（10000 —— 30000元）,否,人群患病概率1.2%,,治疗周期30天,https://tag.120ask.com/jibing/mxjbdpx/
内科,血液内科,毛霉病,血液科,发烧、咳嗽、咯血、呼吸困难、皮下结节、溃疡、胸痛、头痛、嗜睡、眼眶疼痛、眼睑下垂、结节,所有人群,药物治疗,根据不同医院，收费标准不一致，市三甲医院约（3000 —— 8000元）,否,0.002%--0.005%,90%,2-5月,https://tag.120ask.com/jibing/maomeibing/
内科,血液内科,弥漫性血管内凝血,血液内科,微循环障碍、出血、溶血、肢端发冷、青紫、少尿、血压下降,好发于凝血功能障碍者,药物治疗,根据不同医院，收费标准不一致，市三甲医院约（1000-5000元）,否,0.001%,40%,3-8周,https://tag.120ask.com/jibing/mmxxgnnx/
内科,血液内科,慢性酒中毒,神经内科,不可克制的饮酒冲动、酒精依赖、酒精性幻觉症、酒精中毒性幻觉症、酒精中毒性嫉妒妄想、手部震颤、足部震颤、四肢震颤、共济失调、易激惹、反应迟钝、单纯醉酒,中老年人群,药物治疗,根据不同医院，收费标准不一致，市三甲医院约（3000 —— 8000元）,否,酗酒人群中发病率誉为0.3%--0.5%,40%--50%,3-5年,https://tag.120ask.com/jibing/mxjzd/
内科,血液内科,毛细胞白血病,血液科,脾肿大、腹胀、神疲乏力、出血倾向、消耗性体重下降、全血细胞减少、红斑样皮疹、发烧,多见于中年男性,药物治疗,根据不同医院，收费标准不一致，市三甲医院约（3000 —— 8000元）,否,0.3%,65%,1-5周,https://tag.120ask.com/jibing/mxbbxb/
内科,血液内科,慢性粒细胞性白血病,血液病科,低热、乏力、多汗、消瘦、肝脾肿大、贫血、出血,50岁以上的人群最常见,西药治疗、造血干细胞移植,根据不同医院，收费标准不一致，市三甲医院约（50000 —— 300000元）,否,在某些特定人群特定年龄段中该病的发病率( 50岁以上患病概率0.06%）,,国内最认可的有效治疗手段的该病治疗周期（治疗周期120天）,https://tag.120ask.com/jibing/mxlxbxbxb/
内科,血液内科,毛细血管扩张性环状紫癜,血液科,点状出血、瘙痒、神经痛、紫癜,感染或中毒者,中医药物治疗、西医药物治疗,根据不同医院，收费标准不一致，市三甲医院约（600 —— 2000元）,否,发病率约为0.001%-0.002%，女性多见,65%,3-6个月,https://tag.120ask.com/jibing/mxxgkzxhzz/
内科,血液内科,嘧啶5′-核苷酸缺乏症,血液内科,脾肿大、黄疸、贫血、感染,遗传患者,手术治疗、输血治疗,根据不同医院，收费标准不一致，市三甲医院约10000--30000,否,0.0002%,20%,3个月,https://tag.120ask.com/jibing/hsqfz/
内科,血液内科,尼兹诺夫综合征,血液科,反复肺炎、败血症、水痘样皮疹、溶血性贫血,婴幼儿,药物治疗,根据不同医院，收费标准不一致，市三甲医院约（3000 —— 8000元）,否,0.02%,85%,2-4月,https://tag.120ask.com/jibing/nznfzhz/
内科,血液内科,中枢神经系统肉芽肿性血管炎,神经内科、血管外科,头痛、意识障碍、智能减退、截瘫、四肢瘫痪、偏盲偏身感觉障碍、抽搐、昏迷、眼球运动障碍、脊髓病变、痴呆、偏瘫,中年人群,药物治疗,根据不同医院，收费标准不一致，市三甲医院约10000--50000,否,0.0035%,40%,3个月,https://tag.120ask.com/jibing/zssjxtryzxxgy/
内科,血液内科,梅勒尼坏疽,普外科,疼痛和触痛、发热、皮肤溃疡,所有人群,药物治疗,根据不同医院，收费标准不一致，市三甲医院约（1000 —— 5000元）,否,0.0001%,20%,14--21天,https://tag.120ask.com/jibing/mlnhj/
内科,血液内科,黏膜相关样组织淋巴瘤,普外科、肿瘤科,起病隐匿上腹痛、腹胀、消化不良、恶心呕吐、反酸、消瘦,中老年男性,手术治疗、放射治疗、化疗、中药治疗,根据不同医院，收费标准不一致，市三甲医院约（10000 —— 30000元）,否,本病罕见，发生率约为0.0001%--0.0004%,,3-6个月,https://tag.120ask.com/jibing/mxgyzzlbl/
内科,血液内科,母儿血型不合溶血病,血液科,黄疸、食欲不好、低热、恶心,孕妇和胎儿的血型不合出血的新生儿多见,蓝光治疗、药物治疗、换血治疗,根据不同医院，收费标准不一致，市三甲医院约（5000 —— 30000元）,否,0.050%,95%,3-6月,https://tag.120ask.com/jibing/mexxbhrxb/
内科,血液内科,脓毒症和菌血症,感染科,高热、恶心、呕吐,所有人群,药物治疗、手术治疗,根据不同医院，收费标准不一致，市三甲医院约（5000 —— 20000元）,否,0.08%,78%,4周,https://tag.120ask.com/jibing/ndzhjxz/
内科,血液内科,皮肤淋巴肉芽肿病,皮肤科,溃疡、瘙痒、消瘦、乏力、食欲不振、低热、盗汗 、咳嗽、呼吸困难,所有人群,放射治疗、化学治疗,根据不同医院，收费标准不一致，市三甲医院约5000--10000,否,0.001%,65%,3个月,https://tag.120ask.com/jibing/pflbryzb/
内科,血液内科,充血性脾肿大,普外科,腹水、 脾功能亢进、 脾肿大 、贫血、消化不良、 门脉高压、 白细胞减少、 血小板减少,所有人群,手术治疗,根据不同医院，收费标准不一致，市三甲医院约(10000---30000),否,发病率约为0.004%，多见于肝脏疾病患者,60%,3-6个月,https://tag.120ask.com/jibing/cxxpzd/
内科,血液内科,皮下脂膜炎性T细胞淋巴瘤,血液科,发烧、 结节 、疲劳,所有人群,支持疗法,根据不同医院，收费标准不一致，市三甲医院约（10000 —— 50000元）,否,0.0006%,10%,1-3个月,https://tag.120ask.com/jibing/pxzmyxtxblbl/
内科,血液内科,脯肽酶缺乏症,血液科,骨质疏松、溃疡、斑丘疹 、紫癜、智力发育迟缓,所有人群,药物治疗,根据不同医院，收费标准不一致，市三甲医院约（1000 —— 5000元）,否,0.0021%,75%,1-3个月,https://tag.120ask.com/jibing/fmqfz/
内科,血液内科,皮炎芽生菌,皮肤科,不明原因发热、免疫力降低、咳嗽、咳痰、咯血,所有人群,药物治疗,根据不同医院，收费标准不一致，市三甲医院约（1000 —— 3000元）,否,0.005%,60%,1个月,https://tag.120ask.com/jibing/pyysj/
内科,血液内科,脑膜炎球菌血症,神经内科,瘀点、瘀斑、全身性玫瑰色斑丘疹、疱疹、脓疱、皮下出血、寒战、高热、头痛、呕吐、昏迷、抽搐,所有人群,药物治疗、对症治疗,根据不同医院，收费标准不一致，市三甲医院约（5000——15000元）,是,0.01%,50%,7-14天,https://tag.120ask.com/jibing/nmyqjxz/
内科,血液内科,佩吉特病样网状细胞增生症,血液科,四肢单发性斑块、结节,男性多见,放射治疗、药物治疗,根据不同医院，收费标准不一致，市三甲医院约10000--30000元,否,0.00012%,20%,30天,https://tag.120ask.com/jibing/pjtbywzxbzsz/
内科,血液内科,皮肤B细胞淋巴样结节型增生,皮肤科,丘疹、 结节、 黄色结节,40岁以下女性,中医药物治疗、西医药物治疗,根据不同医院，收费标准不一致，市三甲医院约（10000 —— 30000元）,否,0.002%,40%,1-3个月,https://tag.120ask.com/jibing/pfbxblbyjjxzs/
内科,血液内科,青霉病,呼吸内科,发烧、肺部感染、呼吸困难、角膜炎、菌血症、咳嗽、咳痰、咯血,继发于原发免疫功能缺陷者,药物治疗,根据不同医院，收费标准不一致，市三甲医院约（800——3000 元）,否,0.001%,30%,1-3个月,https://tag.120ask.com/jibing/qingmeibing/
内科,血液内科,皮肤白血病,血液科,丘疹、结节、溃疡、皮肤冷而苍白粘腻、持续性弛张热、继发感染、皮肤无光泽、红色或紫色，稍高起的丘疹或结节,所有人群,药物治疗,根据不同医院，收费标准不一致，市三甲医院约（8000 —— 20000元）,否,0.002%,55%,4-8周,https://tag.120ask.com/jibing/pfbxb/
内科,血液内科,全身化脓性感染,感染病科,起病急骤、发展快、病情重、全身症状明显、高热体温可高达40度、吸急促，脉搏加快，尚有头痛、头晕、关节疼痛、食欲不振、恶心、呕吐、腹胀、大汗、贫血,外伤感染人群,西医药物治疗,根据不同医院，收费标准不一致，市三甲医院约（8000-10000元）,否,10%,85%,2-4月,https://tag.120ask.com/jibing/qshnxgr/
内科,血液内科,葡萄糖-6-磷酸脱氢酶缺乏症,血液科,恶心、发烧、腹痛、厌食、腰背痛、背痛、头痛、头晕,所有人群，新生儿、婴幼儿多见,药物治疗、输血,根据不同医院，收费标准不一致，市三甲医院约（1000——5000元）,否,0.001%,30%,3个月,https://tag.120ask.com/jibing/ptt6lstqmqfz/
内科,血液内科,皮肤骨髓纤维化,血液科,皮肤紫癜、 红色或紫色、稍高起的丘疹或结节、 脾肿大,所有人群,药物治疗,根据不同医院，收费标准不一致，市三甲医院约（5000 —— 10000元）,否,0.0025%,40%,3--6周,https://tag.120ask.com/jibing/pfgsxwh/
内科,血液内科,Rh血型不合溶血病,新生儿科,黄疸、呕吐、乏力、轻度发热,母新是RH阴性血的新生儿多见,蓝光治疗、药物治疗,根据不同医院，收费标准不一致，市三甲医院约（5000 —— 10000元）,否,0.00001%,70%,2-4月,https://tag.120ask.com/jibing/rhxxbhrxb/
内科,血液内科,妊娠合并缺铁性贫血,产科、血液科,乏力、头晕、心悸、气短、皮肤粘膜苍白、毛发干燥指甲脆薄,孕期女性,西药治疗、中药治疗,根据不同医院，收费标准不一致，市三甲医院约（5000 —— 10000元）,否,此妊娠期女性常见病，发病比例在5%左右。,,周期一般6-12月,https://tag.120ask.com/jibing/rshbqtxpx/
内科,血液内科,其他晶体性关节病,骨科,皮下沉积所出现的粟粒样结节、 指节增粗,所有人群,中医药物治疗、西医药物治疗,根据不同医院，收费标准不一致，市三甲医院约（5000 —— 10000元）,否,0.0001%,30%,3--8周,https://tag.120ask.com/jibing/qtjtxgjb/
内科,血液内科,热带性肺嗜酸性粒细胞浸润症,血液科,阵发性剧烈咳嗽、喘鸣、低热、体重下降、乏力和厌食、痰黏稠、痰中带血、哮喘样发作、呕吐、腹泻,青壮年人群,药物治疗,根据不同医院，收费标准不一致，市三甲医院约5000--10000,否,发病率约为0.003%-0.007%,65%,1-2个月,https://tag.120ask.com/jibing/rdxfssxlxbjrz/
内科,血液内科,妊娠合并特发性血小板减少性紫,血液科,发热、皮肤瘀点瘀斑、鼻出血、血尿、胃肠道出血和颅内出血、,孕妇,中药、西药,根据不同医院，收费标准不一致，市三甲医院约（5000—— 10000元）,否,1%--2%,40%,2-4周,https://tag.120ask.com/jibing/rshbtfxxxbjsxz/
内科,血液内科,铅中毒引起的溶血性贫血,血液科,头痛、头晕、黄疸、腹痛、贫血貌、眩晕、便秘、乏力,所有人群,药物治疗、中药治疗,根据不同医院，收费标准不一致，市三甲医院约10000--30000,否,0.01--0.03%,30--50%,3--10周,https://tag.120ask.com/jibing/qzdyqdrxxpx/
内科,血液内科,妊娠合并白血病,产科、血液内科,疲劳、皮肤出血点、孕妇贫血、反复高热、妊娠期胸痛、孕妇发烧、胸骨压痛,孕妇人群,产科处理、药物治疗,根据不同医院，收费标准不一致，市三甲医院约10000--50000,否,本病发病概率较低，特定人群中0.01%左右,,周期一般5-12月,https://tag.120ask.com/jibing/rshbbxb/
内科,血液内科,妊娠合并血栓性血小板减少性紫,产科、血液科,皮肤瘀点、 瘀斑、鼻出血、紫癜、关节疼痛、皮肤青紫色改变,妊娠期妇女,中医药物治疗、西医药物治疗,根据不同医院，收费标准不一致，市三甲医院约（5000 —— 10000元）,否,0.002%-0.003%,75%,＞１２０天,https://tag.120ask.com/jibing/rshbxsxxxbjsxz/
内科,血液内科,塞泽里综合征,皮肤科,湿疹样、神经性皮炎样,所有人群,药物治疗,根据不同医院，收费标准不一致，市三甲医院约（1000 —— 3000元）,否,0.001%,40%,3个月,https://tag.120ask.com/jibing/szlzhz/
内科,血液内科,妊娠合并红细胞增多症,产科,头胀、头痛、头晕、眩晕、耳鸣、视力模糊、肢体麻木、气急劳累后加重、胃部不适、鼻出血、牙龈出血、皮肤紫斑、关节痛、多汗、腹泄,孕妇人群,对症治疗、病因治疗,根据不同医院，收费标准不一致，市三甲医院约10000--30000,否,0.0035%,80%,1-2个月,https://tag.120ask.com/jibing/rshbhxbzdz/
内科,血液内科,妊娠合并再生障碍性贫血,产科、血液内科,反复出血、孕妇乏力、孕妇头晕、孕妇贫血、孕妇胸闷气短,孕妇,病因治疗、对症治疗,根据不同医院，收费标准不一致，市三甲医院约（10000-50000元）,否,0.003%,70%,30天,https://tag.120ask.com/jibing/rshbzszaxpx/
内科,血液内科,妊娠合并巨幼红细胞性贫血,产科,头昏、疲乏无力、全身水肿、恶心、食欲不振、呕吐及腹泻,孕妇,中药治疗、西药治疗,根据不同医院，收费标准不一致，市三甲医院约（5000 —— 10000元）,否,0.01%,80%,1-3个月,https://tag.120ask.com/jibing/rshbjyhxbxpx/
内科,血液内科,妊娠合并自身免疫性溶血性贫血,产科、血液科,红细胞以及血小板的破坏过多,孕妇,药物治疗,根据不同医院，收费标准不一致，市三甲医院约（5000 —— 10000元）,否,0.0002%,70%,4-8周,https://tag.120ask.com/jibing/rshbzsmyxrxxpx/
内科,血液内科,伤口肉毒症,血液科,复视、腹痛、腹泻、高热、呼吸困难、麻痹、上睑下垂、畏光,有外伤者,药物治疗,根据不同医院，收费标准不一致，市三甲医院约（5000—— 10000元）,否,0.006%--0.008%,80%,6-12周,https://tag.120ask.com/jibing/skrdz/
内科,血液内科,溶血过度所致贫血,血液科,面色苍白、乏力、食欲不振,所有人群,输血、换血、药物治疗,根据不同医院，收费标准不一致，市三甲医院约（1000-5000元）,否,0.002%,50%,3个月,https://tag.120ask.com/jibing/rxgdszpx/
内科,血液内科,嗜酸性粒细胞白血病,血液科,丘疹、贫血、呼吸异常、咳嗽、呼吸困难、进行性心力衰竭、精神障碍、妄想、视力模糊,所有人群,药物治疗,根据不同医院，收费标准不一致，市三甲医院约（50000-100000元）,否,0.0001%,15%,30天,https://tag.120ask.com/jibing/ssxlxbbxb/
内科,血液内科,砷化氢引起的溶血性贫血,血液科,肝肿大、 恶性贫血、 贫血貌,所有人群,中医药物治疗、西医药物治疗,根据不同医院，收费标准不一致，市三甲医院约（10000 —— 30000元）,否,0.00001%,20%,1--3月,https://tag.120ask.com/jibing/shqyqdrxxpx/
内科,血液内科,嗜酸性细胞增多症,血液科,黄疸、皮肤黄染、消瘦、乏力,有过敏以及呼吸道和皮肤疾病者较为多见,药物治疗、饮食疗法,根据不同医院，收费标准不一致，市三甲医院约（5000 —— 10000元）,否,0.01%,40%,1-3个月,https://tag.120ask.com/jibing/ssxxbzdz/
内科,血液内科,嗜血流感杆菌的皮肤感染,皮肤科,流感样症状、皮肤软组织感染、血流过度、伤口感染、蜂窝组织炎、继发感染、水肿、舌质红绛、发烧、周身炎症反应、淋巴液流出,所有群体,、手术治疗,根据不同医院，收费标准不一致，市三甲医院约（1000-5000元）,否,0.001%,50%,2-3周,https://tag.120ask.com/jibing/sxlggjdpfgr/
内科,血液内科,输血后血小板减少性紫癜,血液科,不明原因发热、免疫力降低,所有人群,药物治疗,根据不同医院，收费标准不一致，市三甲医院约（5000 —— 10000元）,否,0.0065%,80%,30天,https://tag.120ask.com/jibing/sxhxxbjsxz/
内科,血液内科,嗜碱性粒细胞白血病,血液科,发热、贫血、乏力、周身不适、盗汗 、头痛、瘙痒、咳嗽、腹泻,所有人群,化学治疗、药物治疗,根据不同医院，收费标准不一致，市三甲医院约（50000-100000元）,否,老年男性多见，发病率约0.05%,75%,3-5年,https://tag.120ask.com/jibing/sjxlxbbxb/
内科,血液内科,嗜碱性粒细胞增多症,血液科,发热、全身潮红、心动过速、哮喘、休克、溃疡、出血,所有人群,药物治疗、病因治疗,根据不同医院，收费标准不一致，市三甲医院约10000--50000,否,0.05%--0.08%,80%,3-6月,https://tag.120ask.com/jibing/sjxlxbzdz/
内科,血液内科,嗜酸粒细胞增多症,血液科,风团、腹痛、疱疹、中性粒细胞增高、色素异常、发烧、丘疹、发热伴有皮疹、血管神经性水肿、荨麻疹样皮疹、剥脱性皮炎、关节肿痛,所有群体,病因治疗、对症治疗,根据不同医院，收费标准不一致，市三甲医院约（1000-5000元）,否,0.002%,60%,3个月,https://tag.120ask.com/jibing/sslxbzdz/
内科,血液内科,松毛虫性骨关节炎,骨科,患者发热、头痛、淋巴结肿大、手、足、腕、踝等关节红肿、热痛、功能障碍、肢体肿胀、皮肤奇痒、潮红,20-50岁的青壮年,药物治疗、对症治疗、物理治疗,根据不同医院，收费标准不一致，市三甲医院约（1000 —— 5000元）,是,0.0002%-0.0005%(青少年多见),60%(对症治疗为主),3-6个月,https://tag.120ask.com/jibing/smcxggjy/
内科,血液内科,肉芽肿性松弛皮肤,皮肤科,斑疹、 鳞屑 、毛细血管扩张,所有人群,中医药物治疗、西医药物治疗,根据不同医院，收费标准不一致，市三甲医院约（5000 —— 10000元）,否,0.0001%--0.0002%,40-50%,1-3年,https://tag.120ask.com/jibing/ryzxscpf/
内科,血液内科,髓单核细胞白血病,血液科、内科,结节、丘疹、齿龈肿痛、水疱或大疱损害,家族倾向者多发,药物治疗,根据不同医院，收费标准不一致，市三甲医院约（200 —— 800元,否,0.012%,25%,30-85天,https://tag.120ask.com/jibing/sdhxbbxb/
内科,血液内科,胎儿乙醇综合征,儿内科,注意力分散、粗心大意、多动和精细运动不协调,母亲在妊娠期间嗜酒后出生的儿童,胎儿酒精综合症是不能治愈的、主要用行为治疗,根据不同医院，收费标准不一致，市三甲医院约（500—— 1000元）,否,0.0001%,10--20%,1--3个月,https://tag.120ask.com/jibing/teyczhz/
内科,血液内科,髓过氧化物酶缺乏症,血液科,反复发生细菌或真菌感染,遗传患者,病因治疗、对症治疗,根据不同医院，收费标准不一致，市三甲医院约5000--10000,否,0.0035%,75%,3个月,https://tag.120ask.com/jibing/sgyhwmqfz/
内科,血液内科,同种免疫性新生儿血小板减少性,血液内科,黄疸、颅内出血、血小板减少、紫斑、紫癜,新生儿,药物治疗、血浆置换疗法,根据不同医院，收费标准不一致，市三甲医院约（50000 —— 100000元）,否,0.003%,30%,3个月,https://tag.120ask.com/jibing/tzmyxxsexxbjsxz/
内科,血液内科,特发性迟发性免疫球蛋白缺乏症,风湿免疫科,溃疡 、脾肿大,10～30岁,中医药物治疗、西医药物治疗,根据不同医院，收费标准不一致，市三甲医院约（10000 —— 30000元）,否,0.005%,40%,2-4个月,https://tag.120ask.com/jibing/tfxcfxmyqdbqfz/
内科,血液内科,维斯科特-奥尔德里奇综合征,血液科,便血、紫癜、丘疹,多见于男性人群,药物治疗,根据不同医院，收费标准不一致，市三甲医院约10000--50000,否,0.001%,74%,1-3个月,https://tag.120ask.com/jibing/wsktaedlqzhz/
内科,血液内科,铜中毒引起的溶血性贫血,急诊科、血液科,皮肤巩膜黄染、酱油色尿、溶血症状、贫血,所有人群,药物治疗,根据不同医院，收费标准不一致，市三甲医院约20000--50000,否,铜矿冶金工业工作人员常见，发病率约0.02%--0.04%,40-60%,1-3年,https://tag.120ask.com/jibing/tzdyqdrxxpx/
内科,血液内科,温抗体型自身免疫性溶血性贫血,血液科,腹泻、恶心与呕吐、腰背痛、高热寒战、昏迷、头晕、头痛、休克、烦躁不安、贫血,女性人群,病因治疗、对症治疗,根据不同医院，收费标准不一致，市三甲医院约10000--50000,否,发病率约为0.004%-0.009%,70%,3-6个月,https://tag.120ask.com/jibing/wktxzsmyxrxxpx/
内科,血液内科,特发性高嗜酸性细胞综合征,血液科,发热、乏力、盗汗、贫血、持续咳嗽、胸痛、皮肤瘙痒、体重减轻、气急,所有人群,药物治疗,根据不同医院，收费标准不一致，市三甲医院约5000--10000,否,发病率约为0.001%-0.005%,40%，多以控制症状治疗为主,1-3年,https://tag.120ask.com/jibing/tfxgssxxbzhz/
内科,血液内科,痛性青紫综合征,血液科,恶心、剧痛、失眠、头痛、紫癜,多见于精神不正常的中年妇女,药物治疗,根据不同医院，收费标准不一致，市三甲医院约（1000-5000元）,否,0.005%,60%,1-3个月,https://tag.120ask.com/jibing/txqzzhz/
内科,血液内科,无胆色素尿性黄疸综合征,血液科,恶心与呕吐、高热、重度黄疸,所有人群,中医药物治疗、西医药物治疗,根据不同医院，收费标准不一致，市三甲医院约（5000 —— 10000元）,否,0.001%-0.002%,30%,1-3个月,https://tag.120ask.com/jibing/wdssnxhzhz/
内科,血液内科,特发性嗜酸性粒细胞增多综合征,血液科,不明原因发热、免疫力降低,所有人群,药物治疗,根据不同医院，收费标准不一致，市三甲医院约（1000 —— 3000元）,否,0.0006%,40%,1-3个月,https://tag.120ask.com/jibing/tfxssxlxbzdzhz/
内科,血液内科,网状青斑,皮肤科,溃疡 、网状青斑 、皮肤花纹、 皮肤青紫色改变,20～40岁居多,中医药物治疗、西医药物治疗,根据不同医院，收费标准不一致，市三甲医院约（5000 —— 10000元）,否,0.005%-0.008%(20岁以上人群发病率 约为0.005%-0.008%),40%,1-3年,https://tag.120ask.com/jibing/wzqb/
内科,血液内科,蜈蚣蜇伤,急诊科,皮肤出现肿胀有灼热、剧痛和刺痒感、淋巴结和淋巴管发炎、皮疹、发热恶心、呕吐头晕、头痛、心悸、谵语及抽搐,所有人群,药物治疗、物理治疗,根据不同医院，收费标准不一致，市三甲医院约(1000-5000元),否,0.001%,80%,7--14天,https://tag.120ask.com/jibing/s/
内科,血液内科,微小病毒感染,传染科,皮肤紫癜、 流鼻涕 、疲乏,所有人群,中医药物治疗、西医药物治疗,根据不同医院，收费标准不一致，市三甲医院约（5000 —— 10000元）,是,8%,70%,1-3个月,https://tag.120ask.com/jibing/wxbdgr/
内科,血液内科,铁利用性贫血,血液科,低血压 疲劳 贫血,铁运用增加摄取不足以及失血过多者较常见,药物治疗、饮食疗法,根据不同医院，收费标准不一致，市三甲医院约（1000 —— 5000元）,否,0.01%,40%,2--6个月,https://tag.120ask.com/jibing/tlyxpx/
内科,血液内科,微血管病性溶血性贫血,血液科,溶血性贫血、血红蛋白尿、黄疸、发烧,所有群体,病因治疗,根据不同医院，收费标准不一致，市三甲医院约（1000-5000元）,否,0.001%,30%,1-2个月,https://tag.120ask.com/jibing/wxgbxrxxpx/
内科,血液内科,下肢动脉硬化闭塞症,心血管内科,患肢皮温降低、麻木、易疲劳、小腿肌肉痉挛，疼痛、无力，休息后缓解、严重者静息痛、溃疡、坏疽,高血压、高胆固醇、长期吸烟、糖尿病人群,手术治疗、药物治疗、介入治疗,根据不同医院，收费标准不一致，市三甲医院约（5000—— 20000元）,否,0.0001%,10%,10-30天,https://tag.120ask.com/jibing/xzdmyhbsz/
内科,血液内科,维生素B12缺乏所致贫血,营养科,面色蜡黄、疲倦无力、头发细黄干燥、颜面轻度浮肿、厌食、恶心、呕吐,儿童、女性,药物治疗,根据不同医院，收费标准不一致，市三甲医院约（500—— 1000元）,否,0.05%,75%,2-4月,https://tag.120ask.com/jibing/wssb12qfszpx/
内科,血液内科,先天性白细胞颗粒异常综合征,血液科,白细胞减少、色素异常,近亲结婚的后代,中医药物治疗、西医药物治疗,根据不同医院，收费标准不一致，市三甲医院约（10000-50000元）,否,0.0001%,30%,1-3个月,https://tag.120ask.com/jibing/xtxbxbklyczhz/
内科,血液内科,先天性红细胞膜病,血液科,贫血、脾肿大、黄疸,所有人群,手术治疗,根据不同医院，收费标准不一致，市三甲医院约（1000-5000元）,否,0.005%,85%,2-3月,https://tag.120ask.com/jibing/xtxhxbmb/
内科,血液内科,先天性白血病,血液科,发热、嗜睡、食欲不振、体重不增、呼吸急促,小儿,中医药物治疗、西医药物治疗,根据不同医院，收费标准不一致，市三甲医院约（100000 —— 300000元）,否,0.001%,15%,1-3月,https://tag.120ask.com/jibing/xtxbxb/
内科,血液内科,先天性红细胞生成异常性贫血,血液科,皮肤黏膜苍白、贫血、嗜红细胞综合征、指（趾）骨梗死、黄疸、急性贫血,所有群体,药物治疗、手术治疗,根据不同医院，收费标准不一致，市三甲医院约（5000-10000元）,否,0.003%,40%,3个月,https://tag.120ask.com/jibing/xtxhxbscycxpx/
内科,血液内科,先天性纯红细胞再生障碍性贫血,血液科,头晕、乏力 、心悸、胸闷活动后气促,婴幼儿、儿童,药物治疗、输血、骨髓移植,根据不同医院，收费标准不一致，市三甲医院约（10000——30000元）,否,0.001%,65%,1-3个月,https://tag.120ask.com/jibing/xtxchxbzszaxpx/
内科,血液内科,先天性无转铁蛋白血症,血液病科,面色苍白、乏力、心慌、心脏杂音、肝大、反复感染、生长发育迟缓,常染色体隐性遗传人群,输血治疗、药物治疗,根据不同医院，收费标准不一致，市三甲医院约（50000 —— 200000元）,否,0.002%,40%,2-4个月,https://tag.120ask.com/jibing/xtxwztdbxz/
内科,血液内科,先天性性联无γ-球蛋白血症,血液科,反复细菌感染、合并关节炎,家族病史 均为男性,预防治疗、药物治疗,根据不同医院，收费标准不一致，市三甲医院约（5000-10000元）,否,本病罕见，发病率约为0.001%-0.002%,,终身间歇性治疗,https://tag.120ask.com/jibing/xtxxlwqdbxz/
内科,血液内科,小儿低钠血症,血液科,休克、皮肤花纹、面色苍白、四肢发冷、血压下降、肌张力降低、烦躁不安、头痛、颅内高压、精神萎靡、嗜睡、呼吸衰竭,儿童,药物治疗,根据不同医院，收费标准不一致，市三甲医院约（1000 —— 5000元）,否,0.002%,90%,1个月,https://tag.120ask.com/jibing/xednxz/
内科,血液内科,小儿β地中海贫血,儿科,贫血、肝肿大、脾肿大、黄疸、肝纤维化、心力衰竭、肝功能衰竭、食欲异常、重度贫血、头晕、头大畸形、色素异常,儿童,药物治疗,根据不同医院，收费标准不一致，市三甲医院约（3000 —— 8000元）,否,0.0001%,35%,1-3个月,https://tag.120ask.com/jibing/xedzhpx/
内科,血液内科,先天性再生障碍性贫血,血液科,贫血、出血、感染,10-25岁及>60岁人群,药物治疗，血液支持治疗、异体骨髓移植、异基因造血干细胞移植,根据不同医院，收费标准不一致，市三甲医院约(20000--50000元),否,12-15/100000,20%,3-6个月,https://tag.120ask.com/jibing/xtxzszaxpx/
内科,血液内科,小儿干扰素-γ受体缺陷病,儿内科,盗汗、肝脾肿大、溃疡、淋巴结肿大、血管炎、不明原因发热,婴幼儿,干细胞移植、接种疫苗,根据不同医院，收费标准不一致，市三甲医院约（5000-10000元）,否,0.005%,65%,1-3个月,https://tag.120ask.com/jibing/xegrsstqxb/
内科,血液内科,小儿埃可及柯萨奇病毒感染,血液科,斑丘疹、斑疹、充血、猝死、低热、恶心、发绀、肺部啰音,儿童,对症治疗、抗病毒治疗,根据不同医院，收费标准不一致，市三甲医院约（800 —— 3000元）,否,儿童患者发病率约0.01%--0.02%,85%,1-3个月,https://tag.120ask.com/jibing/xeakjksqbdgr/
内科,血液内科,显微型多血管炎,血管外科,少尿、血尿、蛋白尿、肺含水量增加、血管过敏性炎症、指端出现Osler结节、关节疼痛、风湿性血管炎、低补体血症、微炎症状态、血管搏动或波形的改变,所有群体,病因治疗、对症治疗,根据不同医院，收费标准不一致，市三甲医院约（5000-10000元）,否,0.003%,60%,2-4个月,https://tag.120ask.com/jibing/xwxdxgy/
内科,血液内科,小儿肝素-血小板减少-血栓形,血液科、儿内科,出血倾向、血栓形成,儿童人群,对症治疗、药物治疗,根据不同医院，收费标准不一致，市三甲医院约10000--50000,否,0.001%,45%,4-8周,https://tag.120ask.com/jibing/xegsxxbjsxsxczhz/
内科,血液内科,小儿白血病,血液病科,发热、贫血、出血、头痛、呕吐、关节疼痛,3-7岁儿童,手术治疗、药物治疗,根据不同医院，收费标准不一致，市三甲医院约（50000 —— 100000元）,否,0.001%,5%,5-6个月,https://tag.120ask.com/jibing/xebxb/
内科,血液内科,相对性红细胞增多症,血液科,高血压、眩晕、头痛、肤色赤红、神经衰弱综合征、焦虑、颜面发红紫色,所有群体,病因治疗、对症治疗,根据不同医院，收费标准不一致，市三甲医院约（1000-5000元）,否,0.8%-1%(本病常见，夏季多发，通常和饮水不足有关，发病率约为0.8%-1%),95%,1周,https://tag.120ask.com/jibing/xdxhxbzdz/
内科,血液内科,小儿高黏稠综合征,组织免疫科,出血、雷诺现象、皮肤黏膜溃疡及坏疽现象,儿童,西医药物治疗,根据不同医院，收费标准不一致，市三甲医院约（7000-10000元）,否,0.003%-0.005%,70%-85%,1-3个月,https://tag.120ask.com/jibing/xegczhz/
内科,血液内科,小儿过敏性紫瘢,血液科、儿内科,不规则低热、乏力、头痛、皮肤紫癜、腹痛、关节肿胀和肾炎,儿童,药物治疗,根据不同医院，收费标准不一致，市三甲医院约（3000 —— 8000元）,否,0.01%,70-80%,4-12周,https://tag.120ask.com/jibing/xiaoegmxz/
内科,血液内科,小儿成人型慢性粒细胞白血病,血液科,剧烈骨及关节疼痛、出血、不明原因的高热,所有人群,药物治疗,根据不同医院，收费标准不一致，市三甲医院约（10000 —— 50000元）,否,0.003%--0.005%,70%(骨髓移植可达70%),1-2年,https://tag.120ask.com/jibing/xecrxmxlxbbxb/
内科,血液内科,小儿海蓝组织细胞增生症,儿内科,肝肿大、 脾肿大 、紫癜、黄疸、肝功能衰竭、血小板减少性紫癜、丘疹,40岁以下,支持治疗,根据不同医院，收费标准不一致，市三甲医院约（10000 —— 50000元）,否,0.0005%-0.0008%,,1-3年,https://tag.120ask.com/jibing/xehlzzxbzsz/
内科,血液内科,小儿出血性疾病,血液科,皮肤有出血点、结膜苍白、乏力,所有幼儿可见,治疗原发病、药物治疗,根据不同医院，收费标准不一致，市三甲医院约（6000 —— 10000元）,否,0.030%,70%,7-21天,https://tag.120ask.com/jibing/xecxxjb/
内科,血液内科,小儿红白血病,血液科,贫血、反复高热、持续性发热、发热、黏膜出现出血点、胸骨压痛、四肢俱软,儿童人群,药物治疗、中药治疗,根据不同医院，收费标准不一致，市三甲医院约10000--60000,否,婴幼儿患病概率0.031%,,需要终身治疗,https://tag.120ask.com/jibing/xehbxb/
内科,血液内科,小儿急性淋巴细胞性白血病,血液科,贫血、面色苍白、血尿、不规则热、皮肤苍白、口唇苍白、活动后气促、心悸、水肿、皮肤紫癜、皮肤瘀斑,儿童人群,药物治疗,根据不同医院，收费标准不一致，市三甲医院约30000--80000,否,本病发生在儿童患者中，0.001%概率。,,一般在2-3年,https://tag.120ask.com/jibing/xejxlbxbxbxb/
内科,血液内科,小儿纯红细胞再生障碍性贫血,血液科,斜视、拇指三指、面色苍白、精神不振、食欲减退、软弱无力、呼吸异常、头晕、消瘦,儿童人群,药物治疗,根据不同医院，收费标准不一致，市三甲医院约10000--50000,否,0.001--0.002%,,3--6个月,https://tag.120ask.com/jibing/xechxbzszaxpx/
内科,血液内科,小儿黄疸肝脏色素沉着综合征,肝胆外科,黄疸、食欲不振、 右上腹痛、肝脏触诊,儿童,中医药物治疗、西医药物治疗,根据不同医院，收费标准不一致，市三甲医院约（5000 —— 10000元）,否,0.001%,40%,1-3个月,https://tag.120ask.com/jibing/xehgzssczzhz/
内科,血液内科,小儿急性髓样白血病,血液科,贫血、关节疼痛、心悸、皮肤黏膜出血、气短、鼻出血、牙龈出血,儿童人群,药物治疗,根据不同医院，收费标准不一致，市三甲医院约10000--50000,否,0.0001%,40%，骨髓移植治愈率可达70%,4-6个月,https://tag.120ask.com/jibing/xejxsybxb/
内科,血液内科,小儿继发性免疫性血小板减少性,儿科,鼻出血、皮肤瘀斑、皮肤瘀点、牙龈出血、发烧、血小板减少、紫癜、皮肤青紫色改变、血小板寿命缩短、贫血、骨髓巨核细胞成熟障碍、颅内出血,婴幼儿,药物治疗,根据不同医院，收费标准不一致，市三甲医院约（5000-10000元）,否,0.003%,70%,2-5月,https://tag.120ask.com/jibing/xejfxmyxxxbjsxz/
内科,血液内科,小儿特发性血小板减少性紫癜,血液科、儿科,鼻出血、呕血与黑便、血小板减少、淋巴结肿大、血尿、脾肿大、血小板减少性紫癜、咯血、尿血、小儿发热、便血、休克,儿童人群,药物治疗,根据不同医院，收费标准不一致，市三甲医院约（3000 —— 8000元）,否,1%,65%,15-45天,https://tag.120ask.com/jibing/xetfxxxbjsxz/
内科,血液内科,小儿急性非淋巴细胞性白血病,血液科,发烧、贫血、淋巴结肿大、肝肿大、脾肿大、皮肤黏膜出血、皮下结节、肝脾肿大,婴幼儿,药物治疗,根据不同医院，收费标准不一致，市三甲医院约（10000-50000元）,否,0.005%,60%,3-6月,https://tag.120ask.com/jibing/xejxflbxbxbxb/
内科,血液内科,小儿巨大血小板综合征,血液科,皮肤瘀点、瘀斑、鼻出血、牙龈出血、便血、斑疹、月经量多,儿童人群,对症治疗,根据不同医院，收费标准不一致，市三甲医院约3000--8000元,否,0.001%--0.0025%,,终身治疗，需不间断的不冲血小板或者免疫冲击治疗,https://tag.120ask.com/jibing/xejdxxbzhz/
内科,血液内科,小儿透析失衡综合征,儿内科,恶心、昏迷、惊厥、颅内压增高、脑水肿、头痛,儿童,减慢人工透析速度,根据不同医院，收费标准不一致，市三甲医院约（5000 —— 6000元）,否,透析患儿发病率约为0.01%,70%,4-8周,https://tag.120ask.com/jibing/xetxshzhz/
内科,血液内科,锌缺乏病,儿科,身材矮小、生殖器官发育不良、缺铁性肝脾大、精神不振、嗜上等症,小儿为多见,药物治疗,根据不同医院，收费标准不一致，市三甲医院约(200-1000元),否,0.0006%,80%,10-30天,https://tag.120ask.com/jibing/xqfb/
内科,血液内科,小儿慢性骨髓炎,儿外科,关节畸形、肌肉萎缩、关节疼痛、发热、畏寒、骨髓损害、食欲不振、苔黄腻、尿赤、口干,儿童人群,手术治疗、药物治疗、中药治疗,根据不同医院，收费标准不一致，市三甲医院约50000--100000,否,0.001%,70%,10-30天,https://tag.120ask.com/jibing/xemxgsy/
内科,血液内科,新生儿ABO溶血病,新生儿科,黄疸、食欲不好、呕吐,母亲是O型血、新生儿其它血型的新生儿多见,蓝光治疗、药物治疗、换血疗法,根据不同医院，收费标准不一致，市三甲医院约（10000 —— 20000元,否,0.02%,30%,7-14天,https://tag.120ask.com/jibing/xseaborxb/
内科,血液内科,小儿慢性粒细胞白血病,血液科,低热、多汗、盗汗 、体重减轻、乏力、胸骨压痛、头晕、言语凌乱、出血倾向,儿童人群,药物治疗,根据不同医院，收费标准不一致，市三甲医院约50000--100000,否,儿童发病率约为0.0001%-0.0003%,,1-3年,https://tag.120ask.com/jibing/xemxlxbbxb/
内科,血液内科,小儿血管免疫母细胞淋巴结病,血液科,斑丘疹、乏力、肝脾肿大、高热、淋巴结肿大、贫血、食欲不振、消瘦,儿童,药物治疗、化疗,根据不同医院，收费标准不一致，市三甲医院约（600 —— 2000元）,否,0.005%,40%,3-6月,https://tag.120ask.com/jibing/xexgmymxblbjb/
内科,血液内科,小儿再生障碍性贫血,血液科,贫血、皮肤和软组织感染、细菌感染、出血倾向、面色苍白、瘀斑、皮肤瘀斑、尿血、颅内出血、鼻出血、败血症的征象、发烧,儿童,药物治疗,根据不同医院，收费标准不一致，市三甲医院约（3000 —— 8000元）,否,0.005%,30--50%,3月--1年,https://tag.120ask.com/jibing/xezszaxpx/
内科,血液内科,小儿肾性贫血,肾内科,贫血、出血倾向、牙龈出血、鼻衄、凝血功能障碍、肾衰竭、胃肠道出血、精神萎靡、肾病综合征、急性贫血、头晕、失血过多后贫血,儿童,药物治疗,根据不同医院，收费标准不一致，市三甲医院约（1000 —— 5000元）,否,0.003%,40%,3-6个月,https://tag.120ask.com/jibing/xesxpx/
内科,血液内科,小儿自身免疫性淋巴细胞增生综,风湿免疫科,脾肿大、肝肿大、溶血性贫血、淋巴结肿大、贫血、血小板减少,儿童,药物治疗,根据不同医院，收费标准不一致，市三甲医院约（3000 —— 8000元）,否,0.00001%,30%,1--3个月,https://tag.120ask.com/jibing/xezsmyxlbxbzszhz/
内科,血液内科,小螺菌感染,皮肤科,丘疹、淋巴液流出、蜂窝组织炎、水肿、舌质红绛、慢性肾衰竭、继发感染、垂体危象、结节、周身炎症反应、发烧,所有人群,药物疗法,根据不同医院，收费标准不一致，市三甲医院约（3000 —— 8000元）,否,0.001%,75%,2-3个月,https://tag.120ask.com/jibing/xljgr/
内科,血液内科,新生儿紫癜,儿科,斑疹、腹泻、头皮结痂、皮肤出血斑、紫癜、发绀、皮肤瘀斑、眶周瘀斑、皮肤紫癜、皮肤出血点、新生儿发绀、便血,新生儿,药物治疗,根据不同医院，收费标准不一致，市三甲医院约（3000 —— 8000元）,否,0.01%--0.03%,85%,2-4周,https://tag.120ask.com/jibing/xsez/
内科,血液内科,新生儿红细胞增多症-高黏滞度,儿科,少尿、血尿、新生儿气促、紫绀、蛋白尿、呕吐、拒食、抽搐、烦躁不安、嗜睡、心力衰竭、血小板减少,新生儿,药物治疗,根据不同医院，收费标准不一致，市三甲医院约（3000 —— 8000元,否,0.001%--0.003%,50--70%,1--3个月,https://tag.120ask.com/jibing/xsehxbzdzgzdzhz/
内科,血液内科,蝎螫伤,急诊科,蛰伤部位疼痛、肿胀、高热、恶心呕吐、昏厥,所有人群,药物治疗、对症支持治疗,根据不同医院，收费标准不一致，市三甲医院约（100 —— 1000元）,否,0.01%,90%,1-7天,https://tag.120ask.com/jibing/xieshang/
内科,血液内科,行军性血红蛋白尿,血液科,菌尿、腰背痛、低分子蛋白尿、无症状性菌尿、褐色尿、异性蛋白反应、贫血、血红蛋白尿、尿崩、高渗尿、特异性氨基酸尿,所有人群,药物治疗,根据不同医院，收费标准不一致，市三甲医院约（500 —— 5000元）,否,0.01%-0.05%(军人中发病率约为0.01%-0.05%，多余过度锻炼所致),85%,2-4周,https://tag.120ask.com/jibing/xjxxhdbn/
内科,血液内科,血红蛋白M病,血液科,贫血、紫绀,儿童,药物治疗,根据不同医院，收费标准不一致，市三甲医院约（500 —— 2000元）,否,0.00017%--0.00028%,40-50%,6-12个月,https://tag.120ask.com/jibing/xhdbmb/
内科,血液内科,新生儿失血性贫血,小儿内科、血液科,低血容量休克、低血压、帆状胎盘、烦躁不安、腹水、腹胀、寒战呼吸急促、黄疸,新生儿,药物治疗、输血治疗,根据不同医院，收费标准不一致，市三甲医院约（6000 —— 12000元）,否,0.01%,80%,1-30天,https://tag.120ask.com/jibing/xsesxxpx/
内科,血液内科,血色病性骨关节病,骨科,关节响痛、腹痛、指（趾）和小腿出现痉挛及隐痛、上眼睑增厚松弛、指节增粗、色素异常、呼吸异常、肘关节脱位、消瘦,血色病患者,放血疗法、药物治疗,根据不同医院，收费标准不一致，市三甲医院约（5000-10000元）,否,0.001%--0.003%,75%,2--8周,https://tag.120ask.com/jibing/xsbxggjb/
内科,血液内科,血友病甲,血液科,低热、 关节畸形、 肌肉出血,所有人群,中医药物治疗、西医药物治疗,根据不同医院，收费标准不一致，市三甲医院约（20000 —— 60000元）,否,0.02%--0.03%,70%,3-5月,https://tag.120ask.com/jibing/xybj/
内科,血液内科,血管免疫母细胞性淋巴结病,血液科,发烧、淋巴结肿大、脾肿大、肝肿大、纳差、多汗、消瘦,中、老年人群,化学治疗,根据不同医院，收费标准不一致，市三甲医院约（1000-5000元）,否,发病率约0.005%--0.01%,70%,3-5年,https://tag.120ask.com/jibing/xgmymxbxlbjb/
内科,血液内科,血栓形成,血液科,动脉粥样硬化、呼吸困难、静脉曲张、咳嗽、咯血、皮肤苍白、皮肤发红、偏瘫,中老年人,抗凝疗法、药物治疗,根据不同医院，收费标准不一致，市三甲医院约（20000 —— 50000元）,否,0.01%-0.05%(60岁以上中老年人群中发病率约为0.01%-0.05%，高血压者发病率更高),65%,6-9个月,https://tag.120ask.com/jibing/xsxc/
内科,血液内科,血友病乙,血液科,出血倾向、 血肿形成、 异常出血、 拔牙后出血不止、 关节腔内出血,所有人群,药物治疗、手术治疗,根据不同医院，收费标准不一致，市三甲医院约（50000-100000元),否,0.005%,70%,3-6月,https://tag.120ask.com/jibing/xyby/
内科,血液内科,血管母细胞瘤,血管外科,共济失调、步态异常、恶心与呕吐、头痛、眼球震颤,所有群体,手术治疗,根据不同医院，收费标准不一致，市三甲医院约（10000-50000元）,否,0.002%,75%,1-3个月,https://tag.120ask.com/jibing/xgmxbl/
内科,血液内科,血栓性血小板减少性紫癜,血液科,发热、紫癜、贫血、乏力、失语、头痛、眩晕、惊厥、谵妄、嗜睡,青少年、中年人群,药物治疗,根据不同医院，收费标准不一致，市三甲医院约10000--50000,否,0.005%,85%,2-4月,https://tag.120ask.com/jibing/xsxxxbjsxz/
内科,血液内科,蕈样真菌病和Sezary综合,血液科,淋巴结肿大、瘙痒、毛发脱落,所有人群,支持疗法,根据不同医院，收费标准不一致，市三甲医院约（50000 —— 100000元）,否,0.0001%,40%,30天,https://tag.120ask.com/jibing/yzjbhsezaryzhz/
内科,血液内科,血小板促凝活性异常,血液科,拔牙后出血不止、月经量多、产后出血、血肿形成,妇女、常牙痛者,药物治疗、输血,根据不同医院，收费标准不一致，市三甲医院约（2000 —— 6000元）,否,5%,80%,2-5月,https://tag.120ask.com/jibing/xxbcnhxyc/
内科,血液内科,Ⅰ型免疫母细胞性淋巴腺病,普外科、肿瘤科,发热、淋巴结肿大、皮损、神经根炎、肌无力,成年人,药物治疗,根据不同医院，收费标准不一致，市三甲医院约（3000 —— 10000元）,否,发病率约为0.005%-0.008%，以50岁以上的中老年多见,,1-3年,https://tag.120ask.com/jibing/yixmymxbxlbxb/
内科,血液内科,血红蛋白C病,血液科,乏力、头晕、耳鸣、黄疸,所有人群,药物治疗,根据不同医院，收费标准不一致，市三甲医院约（1000 —— 3000元）,否,0.15%,70%,3-6月,https://tag.120ask.com/jibing/xhdbcb/
内科,血液内科,严重肝病引起获得性凝血因子异,血液科,皮肤有出血点、紫癜、内脏出血,有肝病的人多见,药物治疗、手术治疗,根据不同医院，收费标准不一致，市三甲医院约（50000 —— 80000元）,否,0.001%,10%,1-3个月,https://tag.120ask.com/jibing/yzgbyqhdxnxyzyc/
内科,血液内科,血红蛋白D病,血液科,脾大、 贫血,所有人群,不影响正常生长发育、不用特殊治疗,根据不同医院，收费标准不一致，市三甲医院约(500--1000元),否,0.01%--0.05%,40-60%,2-3年,https://tag.120ask.com/jibing/xhdbdb/
内科,血液内科,眼睑皮脂腺癌,眼科、肿瘤科,黄色结节状块物、凹陷性溃疡,老年人,手术治疗,根据不同医院，收费标准不一致，市三甲医院约（5000-8000元）,否,0.005%,40%,2-4月,https://tag.120ask.com/jibing/ypzxa/
内科,血液内科,血红蛋白E病,血液科,贫血、 肝脾肿大,所有人群,药物治疗、手术治疗,根据不同医院，收费标准不一致，市三甲医院约(5000-10000元),否,0.005%,60%,2-4月,https://tag.120ask.com/jibing/xhdbeb/
内科,血液内科,血小板无力症,血液科,鼻出血 颅内出血 内脏出血 皮肤黏膜出血 牙龈出血,儿童,中医药物治疗、西医药物治疗,根据不同医院，收费标准不一致，市三甲医院约（10000-50000元）,否,0.03%,70%,4-6月,https://tag.120ask.com/jibing/xxbwlz/
内科,血液内科,血小板型假性血管性血友病,血液科,鼻出血、牙龈出血等出血症状,所有人群,药物治疗,根据不同医院，收费标准不一致，市三甲医院约（5000--10000元）,否,0.001%,10%,1-3个月,https://tag.120ask.com/jibing/xxbxjxxgxxyb/
内科,血液内科,叶酸缺乏所致贫血,血液科,贫血、面色苍白、头晕、疲劳、眼花、记忆力障碍,所有人群,药物治疗,根据不同医院，收费标准不一致，市三甲医院约1000--3000,否,0.026%,90%,1-3个月,https://tag.120ask.com/jibing/ysqfszpx/
内科,血液内科,羊膜腔感染综合征,产科,发热、子宫触痛、宫颈脓性分泌物、羊水异味,孕产妇,药物治疗,根据不同医院，收费标准不一致，市三甲医院约（5000 —— 10000元）,否,0.05%,85%,1-3月,https://tag.120ask.com/jibing/ymqgrzhz/
内科,血液内科,叶酸缺乏症,营养科,食欲减退、腹胀、腹泻、舌炎、乏力、手足麻木、感觉障碍、行走困难,摄入不足、吸收障碍、需要量增加引起相对缺乏者较常见,药物治疗,根据不同医院，收费标准不一致，市三甲医院约（1000 —— 5000元）,否,人群患病概率0.35%,,治疗周期30天,https://tag.120ask.com/jibing/ysqfz/
内科,血液内科,药物免疫性血小板减少性紫癜,血液科,血小板减少、鼻出血、紫癜、牙龈出血,所有群体,病因治疗、对症治疗,根据不同医院，收费标准不一致，市三甲医院约（5000-10000元）,否,用药后发病率约为0.001%--0.005%，多见于过敏体质人群,60%,1-3个月,https://tag.120ask.com/jibing/ywmyxxxbjsxz/
内科,血液内科,移植后淋巴增殖性疾病,血液科,结外肿块、累及器官包括胃肠道、肺、皮肤、肝、CNS和移植物自身,所有人群,放射治疗、药物治疗,根据不同医院，收费标准不一致，市三甲医院约（5000 —— 10000元）,否,0.001%,80%,3-6月,https://tag.120ask.com/jibing/yzhlbzzxjb/
内科,血液内科,遗传性凝血因子Ⅴ缺乏症,血液病科,皮肤紫癜、鼻出血、牙龈出血、月经量多拔牙后伤口经久不愈、产后出血、血尿、贫血,先天遗传,药物治疗、输血治疗,根据不同医院，收费标准不一致，市三甲医院约（10000--30000元）,否,0.02%,30%,6月,https://tag.120ask.com/jibing/ycxnxyzqfz/
内科,血液内科,药物相关性免疫性溶血性贫血,血液科,寒战、高热、呕吐、腰背痛、休克、贫血、头晕、贫血貌、脉搏加速,所有人群,对症治疗、透析治疗,根据不同医院，收费标准不一致，市三甲医院约（5000-10000元）,否,0.005%,75%,3-6周,https://tag.120ask.com/jibing/ywxgxmyxrxxpx/
内科,血液内科,遗传性凝血因子Ⅶ缺乏,血液科,鼻出血、肺栓塞、肌肉出血、颅内出血、血尿、牙龈出血、皮肤瘀斑、月经量多,所有人群,药物治疗、手术治疗,根据不同医院，收费标准不一致，市三甲医院约（50000 —— 100000元）,否,0.002%,40%,3个月,https://tag.120ask.com/jibing/ycxnxyzqf/
内科,血液内科,遗传性异常纤维蛋白原血症,血液科,咳血、月经量多、异性蛋白反应,所有群体,病因治疗、对症治疗,根据不同医院，收费标准不一致，市三甲医院约（1000-5000元）,否,0.002%,60%,1-3个月,https://tag.120ask.com/jibing/ycxycxwdbyxz/
内科,血液内科,遗传性蛋白C缺陷症,血液科,静脉血栓、 肢体疼痛 、肢体肿胀、 肢体栓塞,所有人群,西医药物治疗,根据不同医院，收费标准不一致，市三甲医院约(10000--20000元),否,0.0002%--0.0009%,,反复发作，无法彻底治愈，终身治疗,https://tag.120ask.com/jibing/ycxdbcqxz/
内科,血液内科,遗传性凝血因子ⅩⅢ缺乏,血液科,致命性的脐带出血和中枢神经系统出血,儿童期,药物治疗,根据不同医院，收费标准不一致，市三甲医院约（30000 —— 100000元）,否,0.00001%,,终身间歇性对症治疗,https://tag.120ask.com/jibing/ycxnxyzshisanqf/
内科,血液内科,异常γ-球蛋白血症,血液科,球蛋白异常,所有群体,病因治疗、对症治疗,根据不同医院，收费标准不一致，市三甲医院约（5000-10000元）,否,0.001%,50%,1-3个月,https://tag.120ask.com/jibing/ycqdbxz/
内科,血液内科,遗传性蛋白S缺陷症,血液科,异性蛋白反应,所有群体,病因治疗、对症治疗 暂无,根据不同医院，收费标准不一致，市三甲医院约（5000-10000元）,否,0.003%,50%,1-3个月,https://tag.120ask.com/jibing/ycxdbsqxz/
内科,血液内科,遗传性凝血因子Ⅹ缺乏,血液科,出血严重、可能发生血肿和关节出血,均可发病,药物治疗,根据不同医院，收费标准不一致，市三甲医院约（30000 —— 10000元）,否,0.001%--0.002%,,终身治疗,https://tag.120ask.com/jibing/ycxnxyzsiqf/
内科,血液内科,遗传性粪卟啉病,血液科,毛发异常、疱疹、色素异常、黄疸、皮肤光敏反应、色素沉着,所有群体,病因治疗、对症治疗,根据不同医院，收费标准不一致，市三甲医院约（1000-5000元）,否,0.002%,75%,3个月,https://tag.120ask.com/jibing/ycxfb/
内科,血液内科,阴道粒细胞肉瘤,妇科、肿瘤科,阴道出血、下腹疼痛、绝经后出血,女性,　化学治疗,根据不同医院，收费标准不一致，市三甲医院约（10000-50000元）,否,0.003%,65%,3个月,https://tag.120ask.com/jibing/ydlxbrl/
内科,血液内科,遗传性凝血因子Ⅺ缺乏,血液科,皮下淤斑、鼻出血、经血过多、血尿、产后出血和拔牙后出血,所有人群均可发病,药物治疗,根据不同医院，收费标准不一致，市三甲医院约（30000 —— 10000元）,否,0.0002%,,终身间歇性对症治疗,https://tag.120ask.com/jibing/ycxnxyzshiyiqf/
内科,血液内科,遗传性高铁血红蛋白血症,血液科,心悸、肌性肌无力、紫绀,所有群体,药物治疗,根据不同医院，收费标准不一致，市三甲医院约（500-1000元）,否,60%(家族遗传性疾病，有家族史的发病率高达60%),,终身对症治疗,https://tag.120ask.com/jibing/ycxgtxhdbxz/
内科,血液内科,遗传性球形红细胞增多症,血液内科,寒战、高热恶心呕吐急剧贫血、黄疸,多在幼儿和儿童期发病,药物治疗、骨髓移植、支持治疗,根据不同医院，收费标准不一致，市三甲医院约（5000 —— 8000元）,否,0.0001%,10%,30天,https://tag.120ask.com/jibing/ycxqxhxbzdz/
内科,血液内科,遗传性抗凝血酶Ⅲ缺乏症,血液科,肺栓塞、静脉血栓,所有人群,药物治疗,根据不同医院，收费标准不一致，市三甲医院约（20000 —— 50000元）,否,0.005%,40%,3-6月,https://tag.120ask.com/jibing/ycxknxmqfz/
内科,血液内科,婴儿期短暂性低丙球蛋白血症,血液科,乏力、腹部不适、精囊增大、尿道烧灼感、尿急、尿频、尿痛、头昏,婴儿,对症治疗,根据不同医院，收费标准不一致，市三甲医院约（600 —— 2000元）,否,0.0002%-0.003%，(多为营养不良或者严重疾病所致),80%,4-6周,https://tag.120ask.com/jibing/yeqdzxdbqdbxz/
内科,血液内科,遗传性铁粒幼细胞性贫血,血液科,食指指甲凹陷、红细胞体积增大、失血过多后贫血、蓝巩膜、咳血、贫血貌、易疲乏、眼前发黑、指（趾）骨梗死、头晕、有效血容量减少、急性贫血,10～20岁,药物治疗,根据不同医院，收费标准不一致，市三甲医院约（1000-5000元）,否,0.002%,30%,3个月,https://tag.120ask.com/jibing/ycxtlyxbxpx/
内科,血液内科,遗传性凝血酶原缺乏,血液科,月经量多、拔牙后伤口经久不愈、凝血因子功能的障碍、流鼻血、鼻出血,所有群体,对症治疗,根据不同医院，收费标准不一致，市三甲医院约（5000-10000元）,否,0.001%,80%,3个月,https://tag.120ask.com/jibing/ycxnxmyqf/
内科,血液内科,营养性巨幼红细胞性贫血,血液内科,患儿多呈虚胖体型或者轻度浮肿、毛发稀疏发黄、面色蜡黄、虚弱无力、多伴有肝、脾、淋巴结肿大、表情呆滞、反应迟钝、少哭或者不哭、智力发育和动作发育落后,婴幼儿尤其是2岁以内小儿多见,药物治疗,根据不同医院，收费标准不一致，市三甲医院约（1000-5000元）,否,0.01%,80%,1-2个月,https://tag.120ask.com/jibing/yyxjyhxbxpx/
内科,血液内科,遗传性椭圆形红细胞增多症,血液科,贫血、高原多血面容、红细胞增多、黄疸、全身各脏器血流缓慢、脾肿大,有此家族病史者,药物治疗,根据不同医院，收费标准不一致，市三甲医院约（5000 —— 10000元）,否,0.002%,40%,3个月,https://tag.120ask.com/jibing/ycxtyxhxbzdz/
内科,血液内科,淤滞性紫癜,血液科,水肿、溃疡、硬化,所有人群,药物治疗,根据不同医院，收费标准不一致，市三甲医院约（5000 —— 10000元）,否,0.004%-0.005%,80%,3-6个月,https://tag.120ask.com/jibing/yzxz/
内科,血液内科,幼淋巴细胞白血病,血液内科,疲乏虚弱、体重下降纳差常有低热及复发性口腔溃疡、少数患者有骨痛及获得性出血倾向、贫血,老年人,西药治疗,根据不同医院，收费标准不一致，市三甲医院约（50000 —— 100000元）,否,0.005%,70%治愈,2-6月,https://tag.120ask.com/jibing/ylbxbbxb/
内科,血液内科,遗传性纤维蛋白原缺乏症,血液科,呕血与黑便、月经量多、异性蛋白反应、凝血障碍,近亲婚配者的子女,药物治疗,根据不同医院，收费标准不一致，市三甲医院约（10000-50000元）,否,0.0003%,75%,1-3个月,https://tag.120ask.com/jibing/ycxxwdbyqfz/
内科,血液内科,原卟啉病,血液科,尿中有较多尿卟啉、疱疹、胡萝卜素血症、贫血、色素异常、光感性皮肤损害,男性发病约为女性的2倍多，多在儿童期和青年期发病,药物治疗,根据不同医院，收费标准不一致，市三甲医院约（3000 —— 8000元）,否,0.001%,60%,1-3个月,https://tag.120ask.com/jibing/yb/
内科,血液内科,幼年型粒-单核细胞白血病,血液科,腋下淋巴肿大、胸骨压痛、骨髓抑制、白细胞增多、咳嗽、皮肤浸润、肝肿大、发烧、脾肿大、腹胀、嗜酸性粒细胞增多、持续性弛张热,所有群体,药物治疗,根据不同医院，收费标准不一致，市三甲医院约（5000-10000元）,否,0.0001%,75%,30天,https://tag.120ask.com/jibing/ynxldhxbbxb/
内科,血液内科,遗传性血色病,血液科,乏力、肝肿大、色素沉着、糖尿,有此疾病家族病史者,放血疗法,根据不同医院，收费标准不一致，市三甲医院约（3000 —— 8000元）,否,0.0006%,,终身间歇性治疗,https://tag.120ask.com/jibing/ycxxsb/
内科,血液内科,原发免疫性疾病相关的淋巴增殖,血液科,疲劳 、发烧,所有人群,药物治疗,根据不同医院，收费标准不一致，市三甲医院约（50000 —— 60000元）,否,0.002%,58%,2-3个月,https://tag.120ask.com/jibing/yfmyxjbxgdlbzzxjb/
内科,血液内科,幼年型慢性粒细胞白血病,血液科,消瘦、肝肿大、腋下淋巴肿大、脾肿大、淋巴结肿大、中性粒细胞增高、嗜酸性粒细胞增多、面色苍白、胸骨压痛、持续性弛张热、白细胞增多、皮疹呈瘀点,儿童,药物治疗,根据不同医院，收费标准不一致，市三甲医院约（50000 —— 100000元）,否,0.002%,70%,3个月,https://tag.120ask.com/jibing/ynxmxlxbbxb/
内科,血液内科,原发性皮肤B细胞淋巴瘤,血液科,斑疹、结节、丘疹,所有群体,手术治疗,根据不同医院，收费标准不一致，市三甲医院约（10000-50000元）,否,0.05%,80%,2-4月,https://tag.120ask.com/jibing/yfxpfbxblbl/
内科,血液内科,原发性单克隆免疫球蛋白病,血液科,不引起任何临床症状,老年人群,生活调理、对症治疗,根据不同医院，收费标准不一致，市三甲医院约8000--12000,否,本病罕见，发病率约为0.0005%--0.0009%,30%,1-3年,https://tag.120ask.com/jibing/yfxdklmyqdbb/
内科,血液内科,原发性皮肤免疫细胞瘤,血液科,淋巴结肿大、结节、脾肿大,所有群体,放射治疗,根据不同医院，收费标准不一致，市三甲医院约（10000-50000元）,否,0.0025%,65%,1-3个月,https://tag.120ask.com/jibing/yfxpfmyxbl/
内科,血液内科,原发性纤维蛋白溶解症,血液科,鼻出血、血尿、阴道出血、齿龈出血、呕血、便血、咯血、颅内出血,所有群体,药物治疗,根据不同医院，收费标准不一致，市三甲医院约（5000-10000元）,否,0.002%,60%,3个月,https://tag.120ask.com/jibing/yfxxwdbrjz/
内科,血液内科,原发性高脂蛋白血症与黄瘤增生,血液科,斑疹、糖尿、皮损皮黄到橙色、种植性结节、感觉障碍、丘疹、胸痛,先天代谢病或原基础疾病继发,药物治疗、生活调节,根据不同医院，收费标准不一致，市三甲医院约5000--10000,否,0.005%,40%,1-3个月,https://tag.120ask.com/jibing/yfxgzdbxzyhlzsb/
内科,血液内科,原发性血小板减少性紫瘢,血液内科,皮肤黏膜出血表现为紫癜、牙龈出血或内脏出血,儿童 女性比较多,药物治疗、输血小板、脾切除,根据不同医院，收费标准不一致，市三甲医院约3000-8000元,否,女性儿童多见，发病率约0.1%--0.2%,60%，约40%左右的患儿可发展成为慢性,1-3年,https://tag.120ask.com/jibing/yfxxxbjsxz/
内科,血液内科,原发性骨髓纤维化,血液科,脾肿大、肝肿大、腹水、门脉高压、乏力、消瘦、贫血、骨痛,所有群体,病因治疗、对症治疗,根据不同医院，收费标准不一致，市三甲医院约（5000-10000元）,否,老年人群发病多见，约0.05%--0.1%,,终身治疗,https://tag.120ask.com/jibing/yfxgsxwh/
内科,血液内科,原发性混合型冷球蛋白血症性血,血液科,冷球蛋白血症、肢端接连出现苍白、发组和潮红反应、色素异常、低补体血症、多克隆型冷球蛋白血症、贫血、关节疼痛、紫绀、血管过敏性炎症、水肿、鳞屑、黏膜损害,本病两性均可发病，但以女性多见好发于青壮年，以25～45岁多见,药物治疗,根据不同医院，收费标准不一致，市三甲医院约（5000 —— 10000元）,否,0.0001%,10%,10-30天,https://tag.120ask.com/jibing/yfxhhxlqdbxzxxgy/
内科,血液内科,中毒性高铁血红蛋白血症,血液科,口唇发绀、口唇和甲床略带青紫、紫绀、头痛、乏力、意识障碍,所有群体,药物治疗,根据不同医院，收费标准不一致，市三甲医院约（5000-10000元）,否,0.002%-0.003%(多为亚硝酸盐中毒所致),95%,1-2周,https://tag.120ask.com/jibing/zdxgtxhdbxz/
内科,血液内科,原发性巨球蛋白血症,血液内科,贫血、出血（常见皮肤紫癜、鼻衄）淋巴结、肝、脾肿大、综合征视力障碍、一过性瘫痪反射异常耳聋、意识障碍甚至昏迷亦可发生心力衰竭、,多发于50岁以上，男性约占2/3。,化疗、药物治疗,根据不同医院，收费标准不一致，市三甲医院约（5000 ——10000元）,否,0.0006%-0.0008%,40%,8-12周,https://tag.120ask.com/jibing/yfxjqdbxz/
内科,血液内科,中毒性紫癜,血液科,色素异常、紫绀、脓疱、瘙痒、鳞屑、结节、溃疡、疱疹、颜面充血呈樱桃红色、紫癜、丘疹,所有群体,病因治疗、对症治疗,根据不同医院，收费标准不一致，市三甲医院约（5000-10000元）,否,0.005%,80%,2-6周,https://tag.120ask.com/jibing/zdxz/
内科,血液内科,中枢神经系统白血病,血液科,呕吐、头痛、颈强直、视盘水肿、血小板减少、凝血障碍、颅内出血、烦躁不安、神志不清、抽搐、偏瘫、颅内压增高,所有群体,病因治疗、对症治疗 暂无,根据不同医院，收费标准不一致，市三甲医院约（5000-10000元）,否,0.005%,30%,3-6月,https://tag.120ask.com/jibing/zssjxtbxb/
内科,血液内科,阵发性冷性血红蛋白尿,血液病科,短暂的寒战发热(高达40℃)、全身无力、腹部不适、腰背及下肢疼痛、恶心、呕吐、尿液呈暗红色或黑色,儿童较为多见,西医药物治疗、中医药物治疗,根据不同医院，收费标准不一致，市三甲医院约（5000-10000元）,否,发病率约为0.002%-0.003%,45%，多以对症治疗为主,1-3年,https://tag.120ask.com/jibing/zfxlxxhdbn/
内科,血液内科,珠蛋白生成障碍性贫血,血液科,黄疸、贫血、面色苍白、发育不良,遗传患者,药物治疗、输血治疗,根据不同医院，收费标准不一致，市三甲医院约5000--8000,否,发病率约为0.003%-0.005%,70%,1-3个月,https://tag.120ask.com/jibing/zdbsczaxpx/
内科,血液内科,中性白(粒)细胞减少症,血液病科,高热、乏力、相关肺部感染、口腔感染、皮肤感染等症状,所有人群,药物治疗、生活护理,根据不同医院，收费标准不一致，市三甲医院约（10000--30000元）,否,0.001%,10%,1-3个月,https://tag.120ask.com/jibing/zxblxbjsz/
内科,血液内科,椎间隙感染,脊柱外科,腰背痛、寒战、高热、神经根刺激、剧烈疼痛、压痛、食欲不振,椎间盘手术后患者,药物治疗、局部治疗,根据不同医院，收费标准不一致，市三甲医院约10000--30000,否,0.001%,60%,10-30天,https://tag.120ask.com/jibing/zjxgr/
内科,血液内科,中性粒细胞减少症,血液科,易感染、乏力、易倦感,所有人群,病因治疗、药物治疗,根据不同医院，收费标准不一致，市三甲医院约10000--40000,否,0.01%,80%,3-6个月,https://tag.120ask.com/jibing/zxlxbjsz/
内科,血液内科,自身红细胞过敏性紫癜,血液科,月经量多、腹痛、眩晕、恶心与呕吐、紫癜、头痛、乏力、持续性发热、排尿困难及尿潴留、瘙痒、烧灼性疼痛,女性人群,药物治疗,根据不同医院，收费标准不一致，市三甲医院约8000--15000,否,0.0004%,60%,1-3个月,https://tag.120ask.com/jibing/zshxbgmxz/
内科,血液内科,中性粒细胞增多症,血液科,新生儿中性粒细胞增多、中性粒细胞增高、心肌梗死,所有群体,对症治疗,根据不同医院，收费标准不一致，市三甲医院约（5000-10000元）,否,0.0035%,70%,2个月,https://tag.120ask.com/jibing/zxlxbzdz/
内科,血液内科,组织细胞坏死性淋巴结炎,血液科,弛张热、低热、不规则热、淋巴结肿大、腹股沟淋巴结肿大、颈部淋巴结肿大 、多形红斑样皮疹、肝脾肿大、腋区疼痛、发烧、丘疹、淋巴结疼痛,所有人群,药物治疗,根据不同医院，收费标准不一致，市三甲医院约（5000 —— 10000元）,否,0.0003%,80%,3-6周,https://tag.120ask.com/jibing/zzxbhsxlbjy/
内科,血液内科,重症联合免疫缺陷,儿科,腹泻、免疫缺陷、疱疹、反复感染,儿童男孩尤多见,免疫替补疗法、抗感染疗法,根据不同医院，收费标准不一致，市三甲医院约（5000 —— 60000元）,否,0.0001%,40%,2-4月,https://tag.120ask.com/jibing/zzlhmyqx/
内科,血液内科,组织细胞增殖症,血液科,发烧、 细菌感染、 巨大颅骨缺损,儿童,放射治疗、中医药物治疗、西医药物治疗,根据不同医院，收费标准不一致，市三甲医院约（5000-10000元）,否,0.002%,65%,2-4个月,https://tag.120ask.com/jibing/zzxbzzz/
内科,血液内科,慢性血源性骨髓炎,骨科,疼痛、表面皮肤转为红肿、热及有压痛、体温可升高12℃,成年人,手术治疗,根据不同医院，收费标准不一致，市三甲医院约（8000-12000元）,否,1%-5%(多为急性骨髓炎治疗不彻底所致，急性骨髓炎患者中本病发病率约为1%-5%),80%,1-2个月,https://tag.120ask.com/jibing/mxxyxgsy/
内科,血液内科,冷球蛋白血症,血液科,皮肤紫癜、丘疹、皮疹呈瘀点、色素异常、膝关节疼痛、瘙痒,中年女性人群,病因治疗、对症治疗,根据不同医院，收费标准不一致，市三甲医院约1000--5000,否,0.015%,50%,3-6月,https://tag.120ask.com/jibing/lqdbxz/
内科,血液内科,贫血伴发的精神障碍,血液科,眩晕、晕厥、痴呆、意识模糊、肌肉萎缩、幻觉、精神障碍、被害妄想、无故发笑、抑郁症、发烧、控制能力丧失,贫血患者,病因治疗、对症治疗,根据不同医院，收费标准不一致，市三甲医院约（500-1000元）,否,特殊人群1-3%,95%,4-6月,https://tag.120ask.com/jibing/pxbfdjsza/
内科,血液内科,新生儿溶血症,血液科,胎儿水肿、苍白、皮肤瘀斑、胸腔积液、腹水、心音低、心率快、呼吸困难、黄疸、贫血、发热、抽搐、角弓反张,新生儿,药物治疗、手术治疗、输血治疗,根据不同医院，收费标准不一致，市三甲医院约30000--60000元,否,0.052%,70%,7-10天,https://tag.120ask.com/jibing/xserxz/
内科,血液内科,凝血因子缺乏性疾病,血液科,出血、贫血、皮下血肿,家族史成员多发,药物治疗,根据不同医院，收费标准不一致，市三甲医院约30000-50000元,否,0.002%-0.0056%,,终身治疗,https://tag.120ask.com/jibing/nxyzqfxjb/
内科,血液内科,单纯红细胞再生障碍性贫血,血液科,出血、贫血、感染,免疫功能低下者以及长期接触毒性放射性物质者,药物治疗、手术治疗,根据不同医院，收费标准不一致，市三甲医院约3-5万元,否,0.01%-0.03%,55%,8-12周,https://tag.120ask.com/jibing/zshxbzszzxpx/
内科,血液内科,噬血细胞综合症,血液内科,贫血、黄疸、营养不良,身体素质低下的人群,药物治疗，以积极治疗原发病为主,根据不同医院，收费标准不一致，市三甲医院约20000-30000元,否,0.005%-0.008%,85%,8-12周,https://tag.120ask.com/jibing/sxxbzhz/
内科,血液内科,巨核细胞白血病,血液科,贫血、出血、发热,任何年龄组,药物治疗,根据不同医院，收费标准不一致，市三甲医院约（100000 —— 300000元）,否,0.1%,10%,3-5年,https://tag.120ask.com/jibing/jhxbbxb/
内科,血液内科,急性单核细胞白血病,血液病科,面色苍白、疲乏、出血、关节疼痛、肿胀,青壮年,药物治疗,根据不同医院，收费标准不一致，市三甲医院约10000-50000元,否,0.01%,1.5%,30天,https://tag.120ask.com/jibing/jxdhxbbxb/
内科,血液内科,急性粒细胞白血病未分化型,血液科,贫血、出血、骨痛、感染,免疫功能低下者好发以及长期接触毒性物质好发,药物治疗,根据不同医院，收费标准不一致，市三甲医院约1-5万元,否,0.035%-0.05%,40%,1-5年,https://tag.120ask.com/jibing/jxlxbbxbwfhx/
内科,血液内科,急性粒细胞白血病部分分化型,血液科,出血、贫血、黄疸、骨痛,免疫功能低下人群者多见,药物治疗,根据不同医院，收费标准不一致，市三甲医院约30000-50000元,否,0.001%-0.003%,40%,1-3年,https://tag.120ask.com/jibing/jxlxbbxbbffhx/
内科,血液内科,急性红白血病,血液内科,红细胞减少、白细胞减少、淋巴细胞减少、血小板减少、出血、胸骨压痛、贫血,长期接触毒性物质的人群,药物治疗,根据不同医院，收费标准不一致，市三甲医院约2-4万元,否,0.1-0.2%,45%,1-3年,https://tag.120ask.com/jibing/jxhbxb/
内科,血液内科,慢淋,血液科,乏力、疲倦、体力活动时气促、浅表淋巴结特别是颈部淋巴结肿大、食欲减退、消瘦、低热、盗汗,50岁以上中老年人,药物治疗,根据不同医院，收费标准不一致，市三甲医院约（5000 —— 20000元）,否,0.001%,10%,30天,https://tag.120ask.com/jibing/ml/
内科,血液内科,毛细胞性白血病,血液病科,面色苍白、乏力、眩晕、心悸、出血、常表现为瘀点或瘀斑、鼻衄、齿龈出血,多见于40岁以上男性,手术治疗、药物治疗,根据不同医院，收费标准不一致，市三甲医院约（5000 — 10000元）,否,0.001%,0.1%,30天,https://tag.120ask.com/jibing/mxbxbxb/
内科,血液内科,淋巴细胞白血病,血液科,发热、进行性贫血、显著的出血倾向,青少年、65岁以上老年人,药物治疗,根据不同医院，收费标准不一致，市三甲医院约（30000 —— 10000元）,否,0.01-0.05%,20--40%,1--6个月,https://tag.120ask.com/jibing/lbxbbxb/
内科,血液内科,白细胞异常色素减退综合征,儿科,眼色素层及眼底色素减少、伴畏光、眼球震颤、部分皮肤毛发白化、易反复发生重症呼吸道、皮肤的细菌感染,5岁以下儿童,药物治疗,根据不同医院，收费标准不一致，市三甲医院约（3000 — 10000元）,否,0.001%,0.1%,20天,https://tag.120ask.com/jibing/bxbycssjtzhz/
内科,血液内科,粒-单核细胞白血病,血液病科,皮肤损害为紫色到红褐色丘疹、结节、斑块、齿龈溃疡、坏死、出血、贫血,各年龄人群,药物治疗,根据不同医院，收费标准不一致，市三甲医院约（5000—— 10000元）,否,0.0001%,0.1%,30天,https://tag.120ask.com/jibing/ldhxbbxb/
内科,血液内科,红细胞增多症,血液科,皮肤变红、头痛、出血,任何年龄组,药物,根据不同医院，收费标准不一致，市三甲医院约（20000 —— 100000元）,否,1%,80%,半年,https://tag.120ask.com/jibing/hxbzdz/
内科,血液内科,血小板功能不全,内科,皮肤紫癜、淤斑、鼻出血、内脏出血、女性月经过多,任何年龄,药物治疗,根据不同医院，收费标准不一致，市三甲医院约2000-10000,否,0.1%,,20天,https://tag.120ask.com/jibing/xxbgnbq/
内科,血液内科,铁粒幼红细胞性贫血,血液科,皮肤苍白、心悸、气促,青少年人群,药物治疗,根据不同医院，收费标准不一致，市三甲医院约（5000 —— 30000元）,否,0.01%,60%,3月,https://tag.120ask.com/jibing/tlyhxbpx/
内科,血液内科,高铁血红蛋白血症,内科,皮肤、口唇粘膜、甲床呈明显紫绀、伴有头痛、乏力,长江以南,药物治疗、饮食治疗,根据不同医院，收费标准不一致，市三甲医院约1000-2000,否,0.8%,,60天,https://tag.120ask.com/jibing/gtxhdbxz/
内科,血液内科,先天性全丙种球蛋白低下血症,血液科,开始反复发生严重的化脓性细菌感染,男性婴儿,药物治疗,根据不同医院，收费标准不一致，市三甲医院约（3000—— 8000元）,否,0.01%,80%,1年,https://tag.120ask.com/jibing/xtxqbzqdbdxxz/
内科,血液内科,慢性粒单核细胞白血病,血液病科,乏力、心悸、苍白、低热、感染、出血,多数60岁以后发病,药物治疗、手术治疗,根据不同医院，收费标准不一致，市三甲医院约（5000 —— 30000元）,否,0.0001%,0.3%,30天,https://tag.120ask.com/jibing/mxldhxbbxb/
内科,血液内科,肝性血卟啉病综合征,内科,腹痛、恶心、呕吐、便秘、皮疹、伴有黄疸,中青年人,一般疗法、药物疗法、物理疗法,根据不同医院，收费标准不一致，市三甲医院约800-1000元,否,中青年的患病率0.7%,76%,40天,https://tag.120ask.com/jibing/gxxblbzhz/
内科,血液内科,母儿ABO血型不合,妇产科、儿科,孕期发生死胎、流产、新生儿发生黄疸、贫血,孕妇、新生儿,药物治疗,根据不同医院，收费标准不一致，市三甲医院约3000-5000元,否,0.001%,30%,10天,https://tag.120ask.com/jibing/meaboxxbh/
内科,血液内科,血管内皮瘤,外科,血管增生、全身性血管损害、血管硬化,成年人,药物治疗,根据不同医院，收费标准不一致，市三甲医院约（20000 —— 30000元）,否,0.1%,80%,180天,https://tag.120ask.com/jibing/xgnpl/
内科,血液内科,脾功能亢进症,内科,脾大、出现贫血、感染、瘀点、瘀斑,任何年龄,一般疗法、药物疗法、手术疗法,根据不同医院，收费标准不一致，市三甲医院约1000-8000元,否,0.1%,89%,120天,https://tag.120ask.com/jibing/pgnkjz/
内科,血液内科,反应性组织细胞增多症,内科,高热、盗汗、体重减轻、肝脾或淋巴结肿大、皮疹,各年龄均可发病,药物治疗,根据不同医院，收费标准不一致，市三甲医院约（5000—— 10000元,否,0.0001%,0.2%,30天,https://tag.120ask.com/jibing/fyxzzxbzdz/
内科,血液内科,营养性贫血,内科,皮肤干燥、毛发易折、指甲不光整、口角炎、注意力不集中、面色萎黄或苍白,儿童、孕妇,药物治疗,100-300元,否,0.3%,90%,10-20天,https://tag.120ask.com/jibing/yyxpx/
内科,感染内科,艾滋病,性病科、感染科,不明原因发热、免疫力降低、关节疼痛、淋巴结肿大、鹅口疮,性活跃人群男同性恋尤为多见,中医药物治疗、西医药物治疗,根据不同医院，收费标准不一致，市三甲医院约（50000 —— 100000元）,是,0.00001%(男同性恋尤为多见),0.001%(只能维持治疗，现在治愈率极低。),3个月(常需终身治疗),https://tag.120ask.com/jibing/aizibing/
内科,感染内科,败血症,血液科,畏寒发热、呕吐、腹泻、腹痛、瘀点、瘀斑、猩红热样皮疹、关节肿痛、活动障碍,"营养不良,贫血，糖尿病及肝硬化的患者",药物治疗,根据不同医院，收费标准不一致，市三甲医院约（3000 ——6000元）,否,0.0001%,90%,7-14天,https://tag.120ask.com/jibing/baixuezheng/
内科,感染内科,病毒性脑炎,神经内科,发烧、头痛、恶心与呕吐、腹痛、颈项强直、腹泻、嗜睡、喉咙痛、乏力,所有人群,药物治疗,根据不同医院，收费标准不一致，市三甲医院约30000--70000元,否,人群患病概率0.0052%,,治疗周期10天,https://tag.120ask.com/jibing/bdxny/
内科,感染内科,肝病,肝病科,食欲不振、精神肢体疲倦、右上腹不适和疼痛、腹胀、恶心、黄疸,所有人群,药物治疗、食疗、保健治疗,根据不同医院，收费标准不一致，市三甲医院约10000--30000,是,0.05%,30%,1-3个月,https://tag.120ask.com/jibing/ganbing/
内科,感染内科,骨髓炎,脊柱外科,局限性骨痛、溃破、流脓、有死骨、空洞形成,青少年,手术治疗、药物治疗,根据不同医院，收费标准不一致，市三甲医院约（3000-5000元）,否,0.001%,70%,10-15天,https://tag.120ask.com/jibing/gusuiyan/
内科,感染内科,细菌性肠炎,内科,发热、腹泻、里急后重,青壮年人群,药物治疗,根据不同医院，收费标准不一致，市三甲医院约（1000 —— 8000元）,是,0.05%,80%,2-3周,https://tag.120ask.com/jibing/xjxcy/
内科,感染内科,菌血症,血液科,发烧、乏力、头痛、心跳快,有感染、免疫力差的人多见,药物治疗、手术治疗,根据不同医院，收费标准不一致，市三甲医院约（5000 —— 20000元）,是,0.005%,,治疗周期一般在2-3个月,https://tag.120ask.com/jibing/junxuezheng/
内科,感染内科,感染,感染科,发热、疼痛、红肿、脓毒血症,免疫功能低下者,药物治疗,根据不同医院，收费标准不一致，市三甲医院约3000-5000元,否,1.5%-2.5%,90%,2-4周,https://tag.120ask.com/jibing/gr/
内科,感染内科,破伤风,感染科,喉头痉挛、角弓反张位、痉笑面容、全身骨骼肌痉挛、手术后破伤风、休克、耳源性破伤风、四肢抽搐、牙关紧闭、昏迷、角弓反张、痉挛性的肌张力增高,所有人群,药物治疗,根据不同医院，收费标准不一致，市三甲医院约（5000-10000元）,是,0.001%,30%,1-3月,https://tag.120ask.com/jibing/poshangfeng/
内科,感染内科,妊娠合并肝炎,产科、传染科,黄疸、右上腹痛、食欲下降、发烧,有输血或吸毒史的孕妇多见,中西药结合治疗,根据不同医院，收费标准不一致，市三甲医院约10000---20000元,是,0.003%--0.008%,20%,3个月~数年,https://tag.120ask.com/jibing/rshbgy/
内科,感染内科,脑膜炎,神经内科、感染科,头痛、颈部僵硬,幼儿和老年人,药物治疗,根据不同医院，收费标准不一致，市三甲医院约（3000-5000元）,是,0.002%,50%,2-4个月,https://tag.120ask.com/jibing/naomoyan/
内科,感染内科,甲流,感染科,高热、畏寒、头痛、咳嗽咳痰血、喉痛、身体疼痛、呼吸困难、精神疲惫、四肢乏力,所有人群,西药治疗、中药治疗,根据不同医院，收费标准不一致，市三甲医院约10000--30000元,否,0.06%,80%,2--4周,https://tag.120ask.com/jibing/jialiu/
内科,感染内科,乙脑,传染科,高热、意识障碍、惊厥、精神萎靡、食欲不振、颈强直,所有人群,西药治疗,根据不同医院，收费标准不一致，市三甲医院约30000--60000元,否,儿童发病率约为0.002%-0.004%，农村养猪家庭多见,50-70%,3个月,https://tag.120ask.com/jibing/yinao/
内科,感染内科,衣原体感染,感染科,尿道内不适、刺痛、烧灼感、尿频、尿急、尿痛,所有人群,药物治疗,根据不同医院，收费标准不一致，市三甲医院约（3000--5000元）,是,0.006%,80%,14-30天,https://tag.120ask.com/jibing/yytgr/
内科,感染内科,脑炎,神经内科,发热、头痛、身痛、恶心、呕吐、乏力、意识障碍、谵妄躁动、颅神经麻痹、肢体瘫痪、不自主运动、尿便障碍、惊厥,所有人群,药物治疗,根据不同医院，收费标准不一致，市三甲医院约（1000—— 5000元）,是,本病在特定群中发病比例在0.05%左右,,周期一般在2-4月,https://tag.120ask.com/jibing/naoyan/
内科,感染内科,肠阿米巴病,感染科,腹部不适、大便稀薄、腹泻时每日数次、伴里急后重、大便略带脓血、时有便秘便秘、,所有人群,药物治疗、支持疗法,根据不同医院，收费标准不一致，市三甲医院约（2000 —— 4000元）,是,0.005%,70%,2-4周,https://tag.120ask.com/jibing/cambb/
内科,感染内科,骨感染病,骨科,局部疼痛、红肿、发烧、食欲下降,所有人群,药物治疗、手术治疗,根据不同医院，收费标准不一致，市三甲医院约（5000 —— 10000元）,否,人群患病概率0.36%,,治疗周期30天,https://tag.120ask.com/jibing/ggrb/
内科,感染内科,蠕虫病,感染科,纳差、恶心、呕吐、腹泻和荨麻疹,农村儿童,西医药物治疗,根据不同医院，收费标准不一致，市三甲医院约（2000-4000元）,是,0.0002%,60%,1个月,https://tag.120ask.com/jibing/ruchongbing/
内科,感染内科,多重肺部感染,呼吸内科,咳痰、痰有恶臭味,所有人群,药物治疗,根据不同医院，收费标准不一致，市三甲医院约（3000 —— 8000元）,否,0.001%,82%,1-3个月,https://tag.120ask.com/jibing/dzfbgr/
内科,感染内科,葡萄球菌感染,消化内科,恶心、呕吐、腹痛、腹泻、高热、脓疱、胸腔积液、皮肤软组织感染、眼球突出、腹水、病灶、恶心,所有人群,药物治疗,根据不同医院，收费标准不一致，市三甲医院约（3000 —— 8000元）,否,人群患病概率5%,,治疗周期7天,https://tag.120ask.com/jibing/ptqjgr/
内科,感染内科,隐球菌病,感染科,低热、 恶心、 烦躁不安、 肺部感染 、蜂窝组织炎、 高热、 呼吸困难 、疖肿,所有人群,药物治疗、手术治疗,根据不同医院，收费标准不一致，市三甲医院约（5000-10000元）,是,养鸽子人群中发病率约为0.01%--0.02%,60-70%,3-6个月,https://tag.120ask.com/jibing/yqjb/
内科,感染内科,流注,中医,腰部、臀部、大腿后部、髂窝部等处肌肉深部的多发性脓肿,成年人,中医药物治疗,根据不同医院，收费标准不一致，市三甲医院约（500 —— 1000元）,否,0.001%,70%,7-14天,https://tag.120ask.com/jibing/liuzhu/
内科,感染内科,脊髓炎,神经内科,背部疼痛 、束带感、肢体麻木、无力、截瘫、呼吸困难、肌肉萎缩、吞咽困难、言语不清,所有人群,药物治疗、中药治疗、手术治疗,根据不同医院，收费标准不一致，市三甲医院约30000--50000元,否,0.052%,75%,1-2周,https://tag.120ask.com/jibing/jisuiyan/
内科,感染内科,肝功能衰竭,消化内科,食欲不振、恶心欲呕、黄疸、肝臭、出血、腹水、肺水肺、昏迷、紫癜,药食中毒、原发肝脏疾病患者继发,药物治疗、手术治疗,根据不同医院，收费标准不一致，市三甲医院约10000--30000元,否,0.0025%,25%,1-3个月,https://tag.120ask.com/jibing/ggnsj/
内科,感染内科,曲菌病,呼吸内科,咳嗽、咳痰、咯血,免疫功能低下者以及艾滋病者,药物治疗,根据不同医院，收费标准不一致，市三甲医院约10000-20000元,否,0.5%-1.0%,75%-85%,8-12周,https://tag.120ask.com/jibing/qjb/
内科,感染内科,沙门氏菌感染,传染病科,恶寒、发热、腹绞痛、气胀、恶心、呕吐,任何年龄,药物治疗,根据不同医院，收费标准不一致，市三甲医院约（3000 —— 8000元,是,2%,80%,15天,https://tag.120ask.com/jibing/smsjgr/
内科,感染内科,胰岛细胞增生症,内科,心悸、乏力、多汗、饥饿感、手颤、抽搐、大小便失禁、意识障碍,成年人,药物治疗,根据不同医院，收费标准不一致，市三甲医院约（3000 —— 8000元）,否,0.1%,80%,半年,https://tag.120ask.com/jibing/ydxbzsz/
内科,感染内科,败血病,内科,高热、呕吐、皮肤瘀点、淤斑、精神萎靡、昏迷,各年龄人群均可发病,药物治疗,根据不同医院，收费标准不一致，市三甲医院约2000--5000元,否,0.01%,40%,10-14天,https://tag.120ask.com/jibing/bxb/
内科,感染内科,眼球内炎,眼科,眼痛、畏光流泪、发热、视物模糊,眼部卫生不洁者多见,药物治疗,根据不同医院，收费标准不一致，市三甲医院约500-1500元,否,0.6%-1.0%,80%,4-8周,https://tag.120ask.com/jibing/yqny/
内科,感染内科,B疱疹病毒感染,感染科,鼻塞、发热、肌肉酸痛、咽痛,免疫功能低下者,药物治疗,根据不同医院，收费标准不一致，市三甲医院约3000-5000元,否,0.03%-0.05%,60%,1-2月,https://tag.120ask.com/jibing/bpzbdgr/
内科,感染内科,埃博拉病毒病,传染病科,发热、肌痛、出血、皮疹、肝肾功能损害,野外作业者,药物治疗,根据不同医院，收费标准不一致，市三甲医院约（3000—— 8000元）,是,0.01%,95%,30天,https://tag.120ask.com/jibing/ablbdb/
内科,感染内科,传染性脓疱病,皮肤科,好发于面部、四肢等暴露部位、自觉瘙痒、泡壁很薄、松弛易破、破后形成糜烂面、干燥后形成黄色脓痂,儿童,药物治疗,根据不同医院，收费标准不一致，市三甲医院约300-500元,是,0.001%,90%,7-10天,https://tag.120ask.com/jibing/crxnpb/
内科,感染内科,老年人败血症,内科的血液内科,大关节红肿、疼痛、活动受限、寒战、高热、皮疹,60岁以上老年人,药物疗法、对症治疗,根据不同医院，收费标准不一致，市三甲医院约3000-10000元,否,1%,,80天,https://tag.120ask.com/jibing/lnrbxz/
内科,感染内科,单纯性疱疹,皮肤科,水疱壁薄、疱液清亮、短期自行溃破、糜烂、局部皮肤发痒、灼热或刺痛,任何年龄,一般疗法、局部疗法、全身疗法,根据不同医院，收费标准不一致，市三甲医院约100-300元,否,2%,99.9%,20天,https://tag.120ask.com/jibing/dcxpz/
内科,感染内科,腹膜后脓肿,外科,畏寒、高热、 腹痛、腹胀、腹泻、呕吐、腰背部剧痛、肠麻痹、腰大肌强直、腹部肿块,中老年,手术治疗、药物治疗,根据不同医院，收费标准不一致，市三甲医院约（5000—— 10000元）,否,0.0001%,30%,15天,https://tag.120ask.com/jibing/fmhnz/
内科,感染内科,布鲁菌病,内科,夜汗、头痛、肌痛及关节痛、疲乏,西北、东北、内蒙多发古,一般疗法、药物疗法、物理疗法,根据不同医院，收费标准不一致，市三甲医院约200-500元,是,好发人群的患病率2%,87%,20天,https://tag.120ask.com/jibing/bljb/
内科,感染内科,真菌性角膜溃疡,眼科,眼睑红肿、疼痛、畏光流泪、视力模糊、溃疡呈灰白或乳白色、常为不规则形、表面粗糙,青壮年,药物治疗,根据不同医院，收费标准不一致，市三甲医院约300-500元,否,0.001%,70%,10天,https://tag.120ask.com/jibing/zjxjmky/
内科,感染内科,沙眼衣原体感染,眼科,眼红、眼疼、异物感、黏液脓性分泌物,儿童、亲少年,物理治疗、药物治疗,根据不同医院，收费标准不一致，市三甲医院约2000--5000元,是,儿童、亲少年0.01%,90%,3个月,https://tag.120ask.com/jibing/syyytgr/
内科,老年病内科,心律失常,心血管内科,心悸、胸闷、头晕,所有群体,药物治疗、手术治疗,根据不同医院，收费标准不一致，市三甲医院约（3000-5000元）,否,人群患病概率0.6%,85%,2-4周,https://tag.120ask.com/jibing/xlsc/
内科,老年病内科,远视眼,眼科,视力障碍、眼疲劳、头痛、头昏、假性近视,所有人群,药物治疗,根据不同医院，收费标准不一致，市三甲医院约（3000 —— 8000元）,否,0.02%,80%,1--3月,https://tag.120ask.com/jibing/yuanshiyan/
内科,老年病内科,白内障,眼科,视物模糊、瞳孔变白、黄斑囊样水肿、眼球调节功能减退或消失,中老年人（60岁以上老人）、糖尿病患者,药物治疗、手术治疗,根据不同医院，收费标准不一致，三甲医院约（3000 —— 8000元）,否,0.003%--0.004%(60岁以上老年人发病率约为0.003%--0.004%，西藏高紫外线地区约为0.4%--0.7%),90%(外科手术治疗),1-2个月,https://tag.120ask.com/jibing/baineizhang/
内科,老年病内科,痴呆,神经内科,记忆力障碍、精神障碍、语言障碍或失语、失认,老年群体,药物治疗、非药物治疗,根据不同医院，收费标准不一致，市三甲医院约（3000-5000元）,否,0.003%，老年人可达0.8%,30%,终身间歇性治疗,https://tag.120ask.com/jibing/chidai/
内科,老年病内科,动脉硬化,心血管内科,头晕、心绞痛、胸痛、头痛、心音异常、心脏杂音、血管硬化、动脉呈多处伸长扭曲状、动脉粥样硬化,青少年时期发生，中老年时期加重、发病,药物治疗,根据不同医院，收费标准不一致，市三甲医院约（3000 —— 5000元）,否,0.035%,85%,3个月,https://tag.120ask.com/jibing/dmyh/
内科,老年病内科,功能性消化不良,消化内科,嗳腐 、反酸、 脾胃俱戕、 完谷不化、 呕恶纳呆、 胃肠气胀 、上腹不适 、食欲减退,所有人群,药物治疗、饮食疗法,根据不同医院，收费标准不一致，市三甲医院约（300—— 800元,否,人群患病概8.3%,,治疗周期21天,https://tag.120ask.com/jibing/gnxxhbl/
内科,老年病内科,骨髓增生异常综合征,血液科,贫血、面色苍白、劳累后心悸、气短、淋巴结肿大、败血症的征象、鼻出血、脾肿大、关节疼痛、血小板增多、发烧、消瘦,所有人群,药物治疗,根据不同医院，收费标准不一致，市三甲医院约（5000-10000元）,否,0.0001%,45%,30天,https://tag.120ask.com/jibing/gszsyczhz/
内科,老年病内科,淋巴瘤,血液科,食欲异常、淋巴结肿大、局部淋巴结肿大,所有人群,药物治疗、手术治疗,根据不同医院，收费标准不一致，市三甲医院约（3000 —— 5000元）,否,0.001%,10%,30天-100天,https://tag.120ask.com/jibing/linbaliu/
内科,老年病内科,慢性肾功能衰竭,肾内科,慢性肾功能不全、水肿、甲状旁腺功能亢进、代谢性酸中毒、水盐代谢障碍、糖代谢紊乱、水潴留、多尿、夜尿增多、高血压、骨软化、高镁血症,所有人群,药物治疗、手术治疗,根据不同医院，收费标准不一致，市三甲医院约（5000 —— 8000元）,否,0.005%,60%,3-6个月,https://tag.120ask.com/jibing/mxsgnsj/
内科,老年病内科,脑出血,神经内科,意识障碍、肢体偏瘫、失语,老年人（有80%的新病人是50岁以上的老年人）,内科保守治疗、外科手术治疗,根据不同医院，收费标准不一致，市三甲医院约（3000--20000）,否,0.74%(50岁以上患病概率0.74%),81%,21天,https://tag.120ask.com/jibing/naochuxue/
内科,老年病内科,糖尿病,内科-内分泌科,多饮、多食、多尿、体重减轻、消瘦、乏力、视物不清,中老年尤其是50岁以上人群,药物治疗、饮食疗法、运动治疗、心理治疗,根据不同医院，收费标准不一致，市三甲医院约1000-3000元,否,0.5%-1%(多见于肥胖，饮食不合理人群),,>120天(需要终身治疗),https://tag.120ask.com/jibing/tangniaobing/
内科,老年病内科,痛风,风湿免疫科,关节疼痛、第一跖骨关节肿胀、白细胞增多、高尿酸血症、疲劳、关节肿胀、关节畸形,轻度外伤，暴食高嘌呤食物或过度饮酒，手术，疲劳，情绪紧张，内科急症(如感染，血管阻塞)均可诱发痛风急性发作尤其多见于男性青壮年,药物治疗,　根据不同医院，收费标准不一致，市三甲医院约（1000 —— 2000元）,否,0.003%-0.005%(50岁以上患),60%,30天,https://tag.120ask.com/jibing/tf/
内科,老年病内科,脑栓塞,神经内科,头晕头痛、恶心呕吐、言语不清、肢体乏力或活动障碍,中老年人及高血压、高血脂、糖尿病患者,药物治疗,根据不同医院，收费标准不一致，市三甲医院约（5000 —— 10000元）,否,0.001%--0.003%,50--70%,3周--2月,https://tag.120ask.com/jibing/naoshuansai/
内科,老年病内科,心绞痛,心血管内科,心前区疼痛、胸闷、气短、乏力,中老年人群40周岁以上,西医治疗、中医治疗,根据不同医院，收费标准不一致，市三甲医院约（3000 —— 5000元）,否,0.1%,60%,1-7天,https://tag.120ask.com/jibing/xinjiaotong/
内科,老年病内科,骨折,骨科,畸形、异常活动、骨擦音、骨擦感,青壮年、老年,保守治疗、手术治疗,根据不同医院，收费标准不一致，市三甲医院约（5000-10000元）,否,0.6%,95%,1-3个月,https://tag.120ask.com/jibing/guzhe/
内科,老年病内科,短暂性脑缺血发作,神经内科,意识模糊、癫痫和癫痫样发作、眩晕、晕厥、猝倒、复视、平衡功能障碍、肢体或躯干麻木、单瘫、偏瘫、同向偏盲、神经失用,中老年人,药物治疗,根据不同医院，收费标准不一致，市三甲医院约（5000-10000元）,否,高血压病患者发病率约0.1%-0.2%,60%,终身治疗,https://tag.120ask.com/jibing/dzxnqxfz/
内科,老年病内科,脑血栓形成,神经外科,语言障碍、意识清楚、头晕、偏瘫、一侧肢体感觉障碍,中老年,中药治疗、西药治疗,根据不同医院，收费标准不一致，市三甲医院约（10000 —— 20000元）,否,"5%(脑血栓发病率可占全身动脉栓塞的50%,老年人较高。)",60%,3-6个月,https://tag.120ask.com/jibing/nxsxc/
内科,老年病内科,迟发性运动障碍,神经内科,不自主运动、眼睑痉挛、咽部肌肉运动障碍、恶心与呕吐、吞咽困难、瘫痪、运动功能障碍,老年群体,药物治疗,根据不同医院，收费标准不一致，市三甲医院约（5000-10000元）,否,长期服用抗精神病药物发病率20%,40%,1-3个月,https://tag.120ask.com/jibing/cfxydza/
内科,老年病内科,阿尔茨海默病,神经内科,近记忆障碍明显、近事遗忘、认知障碍、语言功能障碍、失认及失用、计算力障碍、精神障碍,老年人,药物治疗、物理治疗,根据不同医院，收费标准不一致，市三甲医院约（3000-5000元）,否,60岁以上老年人可达0.1%--0.5%,10%以下,1--6个月,https://tag.120ask.com/jibing/aechmb/
内科,老年病内科,多发性骨髓瘤,骨科,溶骨性损害、 胸部隐痛、 瘤细胞浸润 、弥漫性骨质疏松、 广泛性骨质疏松,所有人群,手术治疗、药物治疗,根据不同医院，收费标准不一致，市三甲医院约（3000 —— 5000元）,否,0.002%,30%,1个月,https://tag.120ask.com/jibing/dfxgsl/
内科,老年病内科,骨质疏松,骨科,腰骶疼痛、驼背、广泛性骨质疏松,中老年尤其是50岁以上人群,中医治疗、西医治疗,根据不同医院，收费标准不一致，市三甲医院约（1000 —— 3000元）,否,0.045%,10%,1-2个月,https://tag.120ask.com/jibing/gzss/
内科,老年病内科,前列腺增生,泌尿外科、男科,前列腺肥大、尿流变细或中断、排尿困难及尿潴留、尿流中断、尿频伴尿急和尿痛、尿后滴沥、膀胱排空不全、逼尿肌不稳定、肥大结节纤维组织增生、余沥不净、血尿伴排尿不畅、乏力,老年男性,药物治疗,根据不同医院，收费标准不一致，市三甲医院约（3000 —— 5000元,否,27%(上述为50岁以上男性患病概率),87%,7天(手术治疗周期7天),https://tag.120ask.com/jibing/qlxzs/
内科,老年病内科,骨关节炎,骨科,关节疼痛、肌肉萎缩、关节畸形,60岁以上老年人,药物治疗,根据不同医院，收费标准不一致，市三甲医院约（3000 —— 5000元）,否,0.005%,70%,1-2个月,https://tag.120ask.com/jibing/ggjy/
内科,老年病内科,慢性前列腺炎,泌尿外科,骨盆区域疼痛、尿急、尿频、尿痛和夜尿增多、性功能障碍,男性青壮年,药物治疗、中医治疗、局部治疗、针灸治疗、食疗,根据不同医院，收费标准不一致，市三甲医院约20000--40000元,否,0.1%--0.3%(上述为50岁以上老年男性患者发病率),40-50%,3-5年,https://tag.120ask.com/jibing/mxqlxy/
内科,老年病内科,老年痴呆,神经内科,记忆力障碍、判断力和定向力障碍、个性和人格改变、 行为障碍,老年人群,药物治疗、生活调理、康复理疗,根据不同医院，收费标准不一致，市三甲医院约5000--10000,否,0.02%--0.08%,,终身间歇性对症治疗,https://tag.120ask.com/jibing/laonianchidai/
内科,老年病内科,心肌梗死,心血管内科,胸痛伴胸闷、心悸、心慌、气短,中老年人,药物治疗,根据不同医院，收费标准不一致，市三甲医院约（3000-5000元）,否,0.406%,30%,7-10天,https://tag.120ask.com/jibing/xjgs/
内科,老年病内科,三高症,老年病科,高血压（头痛、头晕、耳鸣、心悸、烦躁）、高血脂（肥胖）、高血糖（多食、多饮、多尿、消瘦）,中老年人,药物治疗、支持疗法,根据不同医院，收费标准不一致，市三甲医院约2000-20000元,否,60岁以上老年人发病率可达50%,,终身间歇性治疗,https://tag.120ask.com/jibing/sangaozheng/
内科,老年病内科,老年病,老年病科,肌肉萎缩、视力下降、运动迟缓,老年人,中医药物治疗,根据不同医院，收费标准不一致，市三甲医院约（3000-5000元）,否,60岁以上的老年人老年病发病率约为0.04%-0.05%,65%-75%,终身间歇性对症治疗,https://tag.120ask.com/jibing/laonianbing/
内科,老年病内科,尿失禁,神经内科、泌尿外科,尿频伴尿急和尿痛、逼尿肌反射亢进、尿失禁与遗尿、排尿困难及尿潴留,无特殊发病群体,药物治疗、手术治疗,根据不同医院，收费标准不一致，市三甲医院约（5000-10000元）,否,0.005%,60%,7--10天,https://tag.120ask.com/jibing/niaoshijin/
内科,老年病内科,老年性阴道炎,妇科,阴道分泌物增多、外阴瘙痒、灼热感、性交疼痛 、尿失禁、尿急、尿频、尿痛、外阴溃疡、外阴痛、阴道闭锁、脓血性白带、阴部灼热,老年女性,药物治疗,根据不同医院，收费标准不一致，市三甲医院约（500-1000元）,否,0.05%,65%-75%,4-8周,https://tag.120ask.com/jibing/lnxydy/
内科,老年病内科,股骨颈骨折,骨科,髋部疼痛、屈髋屈膝及外旋畸形、髋关节痛,老年女性,手术治疗、药物治疗,根据不同医院，收费标准不一致，市三甲医院约3000-8000元,否,2.2%,89%,保守治疗周期180天手术治疗周期90天,https://tag.120ask.com/jibing/ggjgz/
内科,老年病内科,非特异性间质肺炎,呼吸内科,呼吸困难、咳嗽、肺部啰音、发烧、烦躁不安、气息异常、咳血痰、情绪不宁,所有人群,药物治疗,根据不同医院，收费标准不一致，市三甲医院约（3000 —— 8000元）,否,0.42%,93%,7天,https://tag.120ask.com/jibing/ftyxjzfy/
内科,老年病内科,二尖瓣环钙化,心血管内科,咯血、肺积水、颈静脉怒张、肝肿大、腹水、心房纤颤,所有人群,药物治疗,根据不同医院，收费标准不一致，市三甲医院约3000-5000元,否,0.002%,60%,1-3个月,https://tag.120ask.com/jibing/ejbhgh/
内科,老年病内科,肺泡-毛细血管阻滞综合征,呼吸内科、心血管内科,呼吸困难、发绀、杵状指（趾）、咳嗽、咳痰、发烧、体重减轻、右心衰竭,所有人群,药物治疗,根据不同医院，收费标准不一致，市三甲医院约3000-6000元,否,0.0025%,75%,3个月,https://tag.120ask.com/jibing/fpmxxgzzzhz/
内科,老年病内科,肺泡微结石症,呼吸内科,咳嗽、咳痰、胸闷、气急、气短、干咳、呼吸困难、发绀、呼吸音低、发烧、啰音、呼吸衰竭,多数发生于20～30岁,保护措施、肺移植治疗,根据不同医院，收费标准不一致，市三甲医院约（10000 —— 50000元）,否,本病少见，发病率约为0.007%-0.008%,,1-3个月,https://tag.120ask.com/jibing/fpwjsz/
内科,老年病内科,呼吸性细支气管炎间质肺病,呼吸内科,咳痰、气急、咯血、低氧血症、肺部啰音,所有群体,药物治疗,根据不同医院，收费标准不一致，市三甲医院约（1000-5000元）,否,0.3%--0.5%,80%,1-2个月,https://tag.120ask.com/jibing/hxxxzqgyjzfb/
内科,老年病内科,咳嗽晕厥综合征,呼吸内科、心血管内科,剧烈咳嗽后晕厥、意识丧失、面色苍白、四肢抽搐、发绀、眩晕、全身肌张力低下、面色发绀,多见于患慢性呼吸道疾病的男性患者,药物治疗（治疗原发病为主）,根据不同医院，收费标准不一致，市三甲医院约（1000 —— 5000元）,否,60岁以上老年人发病率约为0.0002%-0.0008%,75%,3-6个月,https://tag.120ask.com/jibing/ksyzhz/
内科,老年病内科,老年肺炎,呼吸内科,尿失禁、精神恍惚、腹泻、恶心与呕吐、心悸、胸痛、铁锈色痰、发烧、腹痛伴恶心、呕吐、腹痛伴腹泻、食欲减退、神昏气促,老年人,药物治疗,根据不同医院，收费标准不一致，市三甲医院约1000-3000元,否,0.5%,65%治愈率,2-6周,https://tag.120ask.com/jibing/lnfy/
内科,老年病内科,老年久病卧床,呼吸内科、神经内科,痛阈降低、肌肉萎缩、肌肉挛缩、腰背痛、肾结石、水肿、心绞痛、便秘、心率增快、营养不良、食欲减退、多尿,所有人群,药物治疗、支持疗法,根据不同医院，收费标准不一致，市三甲医院约2000-5000元,否,通常见于瘫痪老人，发生率约为0.02%--0.04%,,需要终身强化护理,https://tag.120ask.com/jibing/lnjbwc/
内科,老年病内科,老年低温症,急诊科,面部浮肿、寒战、低血压、昏睡、幻觉、共济失调、痴呆、低热、面色苍白、发绀、声音嘶哑、谵妄,65岁以上老人多见,药物治疗,根据不同医院，收费标准不一致，市三甲医院约（3000 —— 8000元）,否,50岁以上中老年人群中发病率约为0.006%-0.01%，多继发于甲减患者,75%-85%,1-3个月,https://tag.120ask.com/jibing/lndwz/
内科,老年病内科,老年静脉血栓症,心血管内科,静脉血栓、热痛、局部静脉压痛、腓肠肌压痛、疼痛、小腿发胀、小腿水肿、牵涉痛、下肢肿胀乏力、皮肤苍白,最常见于50～80岁之间,药物、中医、手术治疗,根据不同医院，收费标准不一致，市三甲医院约（5000 —— 10000元）,否,0.003%,40%,1-2个月,https://tag.120ask.com/jibing/lnjmxsz/
内科,老年病内科,老年人肺结核病,传染科,啰音、咳嗽、咳痰、咯血、气急、持续高烧,老年人群,药物治疗,根据不同医院，收费标准不一致，市三甲医院约（5000 —— 8000元）,是,60岁以上老年人发病率约为0.03%--0.08%,70-80%,2-3年,https://tag.120ask.com/jibing/lnrfjhb/
内科,老年病内科,老年人梅毒性心脏病,心血管内科,胸骨后疼痛、心脏杂音、心绞痛、左心衰竭、心率不齐、胸痛,老年人群,药物治疗,根据不同医院，收费标准不一致，市三甲医院约（3000 —— 8000元）,是,0.001%,80%,3个月,https://tag.120ask.com/jibing/lnrmdxxzb/
内科,老年病内科,老年人肺脓肿,呼吸内科,高热、咳嗽、脓痰、痰有恶臭味、低热、咯血、胸痛、食欲不振、消瘦、乏力、贫血、脓肿,老年人群,药物治疗,根据不同医院，收费标准不一致，市三甲医院约（3000 —— 8000元）,否,0.012%,70%,8-12周,https://tag.120ask.com/jibing/lnrfnz/
内科,老年病内科,老年人感染性休克,呼吸内科、心血管内科,肺部感染（多见）、恶心呕吐、腹胀、腹泻、神志恍惚、表情淡漠、低热、低血压、心动过速、晕厥,体虚老年人,药物治疗、支持疗法,根据不同医院，收费标准不一致，市三甲医院约（20000 —— 50000元）,否,多见于有慢性肺部疾病的老年人，发病率5-10%,60%,1-6月,https://tag.120ask.com/jibing/lnrgrxxk/
内科,老年病内科,老年人肺气肿,呼吸内科,咳嗽、咳痰、胸闷、气急、疲乏、纳差、体重减轻、发烧、桶状胸,老年人群,药物治疗,根据不同医院，收费标准不一致，市三甲医院约（3000 —— 8000元）,否,0.16%,60%,1-2个月,https://tag.120ask.com/jibing/lnrfqz/
内科,老年病内科,老年人病态窦房结综合征,心血管内科,心前区隐痛、胸闷、头晕、心悸、心力衰竭、眩晕、心律失常、迷走神经张力增高,老年人群,药物治疗,根据不同医院，收费标准不一致，市三甲医院约（3000 —— 8000元）,否,60岁以上老年人发病率约为0.04%--0.07%,,1-2个月,https://tag.120ask.com/jibing/lnrbtfjzhz/
内科,老年病内科,老年人脑心综合征,心血管内科,心律失常,老年人群,药物治疗,根据不同医院，收费标准不一致，市三甲医院约（3000 —— 8000元）,否,0.07%-0.1%,,终身间歇性对症治疗,https://tag.120ask.com/jibing/lnrnxzhz/
内科,老年病内科,老年人高钾血症,心血管内科,感觉障碍、四肢俱软,老年人群,药物治疗,根据不同医院，收费标准不一致，市三甲医院约（3000 —— 8000元）,否,0.05%-0.08%,75%-85%,3-6个月,https://tag.120ask.com/jibing/lnrgjxz/
内科,老年病内科,老年人肺性脑病,呼吸内科、急诊科,昏迷、晕厥、神志淡漠、抽搐、扑翼样震颤、腱反射消失,所有人群,药物治疗、脱水治疗,根据不同医院，收费标准不一致，市三甲医院约10000-30000元,否,0.0065%,50%,1-3个月,https://tag.120ask.com/jibing/lnrfxnb/
内科,老年病内科,老年人低血压,心血管内科,低血压、听力减退、头晕、晕厥、恶心与呕吐、面色苍白、心悸胸闷、乏力、失眠、眼花、耳鸣,老年人,药物治疗,根据不同医院，收费标准不一致，市三甲医院约（3000 —— 5000元）,否,50岁以上的老年人发病率约为0.01%-0.02%，多见于体质瘦弱者,65%,1-3个月,https://tag.120ask.com/jibing/lnrdxy/
内科,老年病内科,老年人高血压危象,心血管内科,高血压、剧烈头痛、发热、出汗、心率加快、皮肤潮红、口干、尿频、排尿困难及手足颤抖,老年高血压患者,药物治疗,根据不同医院，收费标准不一致，市三甲医院约（10000 —— 30000元）,否,0.01%,80%,2-4周,https://tag.120ask.com/jibing/lnrgxywx/
内科,老年病内科,老年人黏液性瓣膜病,心血管内科）,胸闷、心前区隐痛、心绞痛、心悸、气息异常、疲劳、呼吸异常,75岁以上,药物治疗,根据不同医院，收费标准不一致，市三甲医院约（3000 —— 8000元）,否,0.002%,66%,1-3个月,https://tag.120ask.com/jibing/lnryxbmb/
内科,老年病内科,老年人急性左心衰竭,心血管内科,呼吸困难、粉红色泡沫样痰、阵发性夜间呼吸困难、端坐呼吸、双唇紫绀、烦躁不安,老年人群,西药治疗,根据不同医院，收费标准不一致，市三甲医院约10000--30000元,否,老年人患病概率1.3%,,需要终身治疗,https://tag.120ask.com/jibing/lnrjxzxsj/
内科,老年病内科,老年人期前收缩,心血管内科,心悸、胸闷、乏力、头晕、眩晕,老年人群,药物治疗,根据不同医院，收费标准不一致，市三甲医院约（3000 —— 8000元）,否,0.01%-0.03%,75%,6-12周,https://tag.120ask.com/jibing/lnrqqss/
内科,老年病内科,老年人呼吸性酸中毒,呼吸内科,呼吸急促、呼吸困难、头痛、昏迷、心律失常、烦躁不安、震颤、意识模糊、谵妄、视物模糊,肺炎及老慢支患者,药物治疗、支持疗法,根据不同医院，收费标准不一致，市三甲医院约（5000 —— 8000元）,否,0.002%,50%,7-14天,https://tag.120ask.com/jibing/lnrhxxszd/
内科,老年病内科,老年人甲减性心脏病,心血管内科、内分泌科,运动耐力降低、表情淡漠、记忆力障碍、智力减低、反应迟钝、肌痛、便秘、皮肤干燥、胃寒疼痛、声音嘶哑、食欲减退、面色苍白、疲劳、抑郁、,老年人,饮食、药物治疗,根据不同医院，收费标准不一致，市三甲医院约（3000 —— 8000元）,否,0.005%,80%,3-5周,https://tag.120ask.com/jibing/lnrjjxxzb/
内科,老年病内科,老年人厌氧菌性肺炎,呼吸内科,畏寒、咳嗽、咳痰、腹泻、心力衰竭、恶心、恶心与呕吐、肺癌胸水、高热寒战、肺部感染、啰音、烦躁不安,老年人群,药物治疗,根据不同医院，收费标准不一致，市三甲医院约（3000 —— 8000元）,否,老年慢性支气管炎者发病率约为8%,,治疗周期7天,https://tag.120ask.com/jibing/lnryyjxfy/
内科,老年病内科,老年人肺栓塞,心血管内科、心胸外科,呼吸困难、胸痛、心率增快、咯血、皮肤湿冷、皮肤苍白、发绀、血压下降、烦躁不安、休克、晕厥,长期卧床、患有心血管疾病的老人,药物、手术治疗,根据不同医院，收费标准不一致，市三甲医院约（20000 ——50000元）,否,0.051%,80%,4-6周,https://tag.120ask.com/jibing/lnrfss/
内科,老年病内科,老年人甲亢性心脏病,心血管内科、内分泌科,心律失常、心脏增大、心力衰竭、心绞痛、心悸、气急、胸闷、易激动、甲状腺肿大、嗜睡、抑郁、皮肤紫癜,60岁以上,饮食、药物治疗,根据不同医院，收费标准不一致，市三甲医院约（3000 —— 8000元）,否,0.0053%,70%,1-2个月,https://tag.120ask.com/jibing/lnrjkxxzb/
内科,老年病内科,老年人阳性杆菌肺炎,呼吸内科或老年科,寒战、高热、呼吸困难、胸痛、稽留热、肺部可闻及干湿啰音及哮鸣音、咳血痰、发绀、皮肤坏死、溃疡、烦躁不安、指甲呈三角形,老年人群,药物治疗,根据不同医院，收费标准不一致，市三甲医院约（3000 —— 8000元）,否,12%,92%,7天,https://tag.120ask.com/jibing/lnryxgjfy/
内科,老年病内科,老年人间质性肺炎,呼吸内科,呼吸困难、肺弥散功能障碍、呼吸急促、发绀、低氧血症、肺部啰音、消瘦、乏力、厌食、关节疼痛、杵状指（趾）,老年人群,药物治疗,根据不同医院，收费标准不一致，市三甲医院约（3000 —— 8000元）,否,0.3%-0.4%,80%,2-3个月,https://tag.120ask.com/jibing/lnrjzxfy/
内科,老年病内科,老年人院内获得性肺炎,呼吸内科,乏力、全身不适及食欲减退、干咳、气急胸痛、发热,老年住院患者,西医药物治疗,根据不同医院，收费标准不一致，市三甲医院约（6000-10000元）,否,0.05%-0.08%,85%,4-8周,https://tag.120ask.com/jibing/lnrynhdxfy/
内科,老年病内科,老年人酒精性心脏病,心血管内科,无特殊原因的疲劳、气急、心悸、运动时咳嗽、运动耐量减退、夜尿多、继而出现夜间阵发性呼吸困难,老年人,药物治疗,根据不同医院，收费标准不一致，市三甲医院约（3000 —— 8000元）,否,0.01%,20%,1--3个月,https://tag.120ask.com/jibing/laonrjjxxzb/
内科,老年病内科,老年人结节病,呼吸内科,咯血、胸闷、气短、咳嗽、结节、神疲乏力、食欲不振、关节疼痛、心律失常、心力衰竭,老年人群,药物治疗,根据不同医院，收费标准不一致，市三甲医院约（3000 —— 8000元）,否,0.005%,20-50%,20天-50天,https://tag.120ask.com/jibing/lnrjjb/
内科,老年病内科,老年人乳头肌功能不全和断裂,心胸外科,心悸、咳嗽、乏力、气急、心力衰竭、粉红色泡沫痰、呼吸异常、肺含水量增加、疲劳、乳头肌断裂、气息异常,老年人,药物治疗、手术治疗,根据不同医院，收费标准不一致，市三甲医院约（5000-10000元）,否,0.005%,40%,8-12周,https://tag.120ask.com/jibing/lnrrtjgnbqhdl/
内科,老年病内科,老年人支气管扩张,呼吸内科,咳嗽、咳痰、咯血、贫血、反复感染、发热、乏力、食欲不振、痰中带血、支气管脓性分泌物增多,老年人,药物、手术治疗,根据不同医院，收费标准不一致，市三甲医院约（5000 —— 10000元）,否,0.0053%,60%,2-3个月,https://tag.120ask.com/jibing/lnrzqgkz/
内科,老年病内科,老年人上腔静脉受压综合征,心血管内科,胸痛、面部水肿、胸壁血管充盈、头痛、咳嗽、头胀、呼吸异常、颈静脉怒张、水肿伴呼吸困难、紫绀、视力障碍、吞咽困难、颈部粗,所有人群,化疗、放疗、外科治疗,根据不同医院，收费标准不一致，市三甲医院约2000-4000元,否,0.5%,75%,2-3月,https://tag.120ask.com/jibing/lnrsqjmsyzhz/
内科,老年病内科,老年人慢性支气管炎,呼吸内科,反复发作咳嗽、咳痰、气喘连续3年或以上、每年持续2个月或以上，遇劳或遇冷发作,吸烟史老年患者,药物治疗、支持疗法,根据不同医院，收费标准不一致，市三甲医院约（5000 —— 8000元）,否,老年人患病概率27%,,治疗周期4-8周,https://tag.120ask.com/jibing/lnrmxzqgy/
内科,老年病内科,老年人心脑综合征,心血管内科,头痛、意识障碍、抽搐、偏瘫、疲劳、晕厥、昏迷、低血压、抽筋、发烧,所有人群,药物治疗,根据不同医院，收费标准不一致，市三甲医院约2000-5000元,否,60岁以上老年人发病率约为0.3%--0.4%,30-50%,1-2年,https://tag.120ask.com/jibing/lnrxnzhz/
内科,老年病内科,老年人支气管哮喘,呼吸内科,咳嗽、咳大量白色泡沫痰、气喘、端坐呼吸、心悸胸闷,老年人,药物治疗、支持疗法,根据不同医院，收费标准不一致，市三甲医院约（5000 —— 8000元）,否,0.00523%,80%,10-30天,https://tag.120ask.com/jibing/lnrzqgxc/
内科,老年病内科,老年人主动脉夹层分离,心血管内科,胸痛、休克、晕厥、意识朦胧状态 、呼吸困难、声音嘶哑、头晕、神志模糊、脉压增宽、水冲脉、心脏杂音、便血,老年人群,手术治疗,根据不同医院，收费标准不一致，市三甲医院约2000-5000元,否,0.05%,70%,2-4月,https://tag.120ask.com/jibing/lnrzdmjcfl/
内科,老年病内科,老年人尿毒症性肺炎,呼吸内科,咳嗽、咳痰、呼吸困难、活动后气促、反复肺炎、水肿、上呼吸道和口腔存在大量定植菌、痰中带血、口唇发绀、肾部积水现象、湿啰音、高热寒战,老年人,药物治疗,根据不同医院，收费标准不一致，市三甲医院约（5000-10000元）,否,60岁以上老年人群中发病率约为0.04%-0.05%,50%,3-6个月,https://tag.120ask.com/jibing/lnrndzxfy/
内科,老年病内科,老年人支原体肺炎,呼吸内科,发热畏寒、咳嗽、咽痛、周身不适、痰中带血、气短、胸痛、肌痛、食欲不振,老年人,药物治疗,根据不同医院，收费标准不一致，市三甲医院约（5000 —— 8000元）,否,老年人患病概率1.7%,,治疗周期7天,https://tag.120ask.com/jibing/lnrzytfy/
内科,老年病内科,老年人主动脉瘤,心血管外科,胸痛、咳嗽、呼吸困难、腹部肿块、声音嘶哑、吞咽困难、休克、心悸,老年人男性,手术治疗,根据不同医院，收费标准不一致，市三甲医院约（50000 —— 100000元）,否,0.0052%,55%,15-30天,https://tag.120ask.com/jibing/lnrzdml/
内科,老年病内科,老年人睡眠呼吸暂停综合征,呼吸内科,打鼾、白天嗜睡夜间失眠、心律失常、心绞痛、睡眠呼吸暂停、频发室性期前收缩、房室传导阻滞、心动过速、气短,老年人,药物治疗、手术治疗,根据不同医院，收费标准不一致，市三甲医院约（5000-10000元）,否,1%--4%(60岁以上老年人患病率约为1%-4%，多因肥胖有关),30%-40%,3-6个月,https://tag.120ask.com/jibing/lnrsmhxztzhz/
内科,老年病内科,老年人心源性休克,心血管内科、急诊科,少尿、心力衰竭、周身出汗、心率增快、烦躁不安、面色苍白、心律失常、低血压,老年人,药物治疗,根据不同医院，收费标准不一致，市三甲医院约（5000 —— 10000元）,否,0.003%,40%,7-14天,https://tag.120ask.com/jibing/lnrxyxxk/
内科,老年病内科,老年人糖尿病性心脏病,心血管内科、内分泌科,心绞痛、心慌、气急、心悸、胸闷、心律失常、心脏破裂、肝脾肿大、端坐呼吸、心率增快,老年糖尿病患者,饮食、生活方式、药物治疗,根据不同医院，收费标准不一致，市三甲医院约（5000 —— 10000元）,否,0.00352%,85%,30天,https://tag.120ask.com/jibing/lnrtnbxxzb/
内科,老年病内科,老年人终末期肺炎,呼吸内科,咳嗽、咳痰、乏力、呼吸衰竭、精神萎靡、肾功能衰竭、脱水、全身衰竭、呼吸音减弱、心律失常、烦躁不安、湿啰音,所有人群,药物治疗,根据不同医院，收费标准不一致，市三甲医院约2000-5000元,否,1-2%(50岁以上人群发病率约1-2%),60%,2-3个月,https://tag.120ask.com/jibing/lnrzmqfy/
内科,老年病内科,老年人特发性肺纤维化,呼吸内科,呼吸困难、干咳、乏力、消瘦、脓痰、啰音、咳嗽、咳痰,50岁以上老人为主,药物治疗,根据不同医院，收费标准不一致，市三甲医院约（3000 —— 8000元）,否,0.0051%,77%,2--6周,https://tag.120ask.com/jibing/lnrtfxfxwh/
内科,老年病内科,老年性昏迷,神经内科,意识障碍、缄默症、昏迷、觉醒状态丧失、对光反应消失,老年人,药物治疗,根据不同医院，收费标准不一致，市三甲医院约（5000 —— 10000元）,否,0.005%,50%,2-4周,https://tag.120ask.com/jibing/lnxhm/
内科,老年病内科,老年人心脏猝死,心血管内科、急诊科,心前区隐痛、胸闷、心慌气短、心悸、呼吸异常、意识丧失、心脏骤停,老年心脏病患者,手术治疗（心肺复苏）、药物治疗,根据不同医院，收费标准不一致，市三甲医院约（50000 —— 80000元）,否,0.0004%,70%,4-8周,https://tag.120ask.com/jibing/lnrxzs/
内科,老年病内科,老年人吸入性肺炎,呼吸内科,寒战、咳嗽、咳痰、胸痛、高热寒战、咳血痰、头痛、烦躁不安、喘脱、持续性发热、腹胀,老年人,药物治疗,根据不同医院，收费标准不一致，市三甲医院约（3000 —— 8000元）,否,0.01%,70%,7-14天,https://tag.120ask.com/jibing/lnrxrxfy/
内科,老年病内科,老年人无症状性心肌缺血,心血管内科、老年科,心律增快、血压升高,老年人,药物、手术治疗,根据不同医院，收费标准不一致，市三甲医院约（5000 —— 10000元）,否,50岁以上患病概率0.1%,,治疗周期终身用药,https://tag.120ask.com/jibing/lnrwzzxxjqx/
内科,老年病内科,老年休克,急诊科、老年科,意识障碍、脉搏细速、血压下降、皮肤湿冷、烦躁不安、呼吸异常、晕厥、休克、心脏骤停、昏迷、气息异常,老年人,药物治疗,根据不同医院，收费标准不一致，市三甲医院约（5000 —— 10000元）,否,50岁以上老年人发病率约为0.01%-0.02%，多见于有心血管疾病患者,75%-85%,4周,https://tag.120ask.com/jibing/lnxk/
内科,老年病内科,老年人心脏淀粉样变性,心血管内科,心音异常、心律失常、心率增快、心绞痛、疲劳、头晕、乏力、心悸、气急、腹水、心力衰竭、胸痛,所有人群,药物治疗,根据不同医院，收费标准不一致，市三甲医院约2000-4000元,否,50岁以上中老年人群中发病率约为0.001%-0.005%,,终身间歇性治疗,https://tag.120ask.com/jibing/lnrxzdfybx/
内科,老年病内科,老年人血管性痴呆,神经内科,记忆力障碍、注意力不集中、休克、瘫痪、健忘、痴呆、失读、假性延髓性麻痹、幻觉、木僵、卧床不起、高血压,药物治疗,药物治疗,根据不同医院，收费标准不一致，市三甲医院约2000-5000元,否,0.01%,10%,1--3个月,https://tag.120ask.com/jibing/lnrxgxcd/
内科,老年病内科,老年人心房纤颤,心血管内科,心悸、心动过缓、胸闷、绞痛、眩晕、乏力、疲劳、心前区不适或微痛感、心绞痛、晕厥，咯血,老年人,药物、手术治疗,根据不同医院，收费标准不一致，市三甲医院约（10000 —— 50000元）,否,0.08%,50--70%,3--6个月,https://tag.120ask.com/jibing/lnrxfxc/
内科,老年病内科,慢性肺源性心脏病,心血管内科、呼吸内科,咳嗽、咳痰、胸闷、气短、喘息、心悸、呼吸音减弱，偶有干湿性啰音或哮鸣音、心浊音界缩小或消失,中老年人,药物治疗,根据不同医院，收费标准不一致，市三甲医院约（3000-10000元）,否,60岁以上老年人发病率约为0.03%--0.05%,40-60%，多以控制症状治疗为主,终身治疗,https://tag.120ask.com/jibing/mxfyxxzb/
内科,老年病内科,老年人阵发性室上性心动过速,心血管内科,心率增快、多尿、出汗异常、呼吸困难、心动过速、头昏、突发的左心衰竭、休克、心跳过速、头痛、晕厥、心悸,所有人群,药物治疗,根据不同医院，收费标准不一致，市三甲医院约（3000 —— 8000元）,否,0.001%,30%,7-14天,https://tag.120ask.com/jibing/lnrzfxssxxdgs/
内科,老年病内科,老年人心内膜炎,心血管内科,发烧、心脏增大、乏力、食欲减退、言语紊乱、心率过缓、持续高烧、高热寒战、意识朦胧状态 、瘫痪,老年人,药物治疗,根据不同医院，收费标准不一致，市三甲医院约（20000 —— 50000元）,否,50岁以上的中老年人群中本病的发病率约为0.002%-0.005%,80%,3-6个月,https://tag.120ask.com/jibing/lnrxnmy/
内科,老年病内科,老年人蛛网膜下腔出血,脑外科,剧烈头痛、意识障碍、眩晕、咳嗽、眼面痛、头痛、恶心呕吐,发病年龄以40～60 岁最多见,药物、手术治疗,根据不同医院，收费标准不一致，市三甲医院约（50000 —— 100000元）,否,在某些特定人群特定年龄段中该病的发病率( 发病率约为0.002%）,,国内最认可的有效治疗手段的该病治疗周期（绝对卧床4-6周),https://tag.120ask.com/jibing/lnrzwmxqcx/
内科,老年病内科,脑动脉硬化伴发的精神障碍,心脑血管内科,神经衰弱综合征、记忆力障碍、注意力不集中、眩晕头痛、疲劳、痴呆、意识朦胧状态、四肢麻木、人格改变,高血压中老年患者,药物治疗、针灸治疗,根据不同医院，收费标准不一致，市三甲医院约（5000 —— 10000元）,否,0.001%,60%,30天,https://tag.120ask.com/jibing/ndmyhbfdjsza/
内科,老年病内科,老年人急腹症,普外科,腹痛、恶心、呕吐、休克、感染性发热、腹疼不食,所有人群,药物、手术治疗,根据不同医院，收费标准不一致，市三甲医院约（5000 —— 10000元）,否,50岁以上老年人发病率约为0.03%--0.05%,,4-8周,https://tag.120ask.com/jibing/lnrjfz/
内科,老年病内科,老年人病毒性肝炎,肝病科,出血倾向、大便色浅、胆红素升高、胆结石、低热、肝掌、恶心、乏力,老年人群,药物治疗,根据不同医院，收费标准不一致，市三甲医院约（1000—— 3000元）,是,特定人群1%,80%,2-4月,https://tag.120ask.com/jibing/lnrbdxgy/
内科,老年病内科,老年人肠易激综合征,消化内科,腹痛、腹泻,老年人,西医药物治疗,根据不同医院，收费标准不一致，市三甲医院约（2000-3000元）,否,0.01%,60%,7-10天,https://tag.120ask.com/jibing/lnrcyjzhz/
内科,老年病内科,老年人急性胰腺炎,消化内科、肝胆外科,腹痛伴恶心、呕吐、腹痛伴休克、发烧、脐周皮肤青紫色斑、皮肤苍白、血压下降、出冷汗、黄疸、腹胀,老年人,药物治疗、手术治疗,根据不同医院，收费标准不一致，市三甲医院约（5000-10000元）,否,0.0004%,60%,1-2个月,https://tag.120ask.com/jibing/lnrjxyxy/
内科,老年病内科,老年人胆石症,肝胆外科,胆绞痛、畏寒、发烧、恶心呕吐、腹痛、黄疸、胆结石、嗳气、呼吸急促、低氧血症、高热寒战、神志恍惚,老年人,饮食、药物、手术治疗,根据不同医院，收费标准不一致，市三甲医院约（10000 —— 50000元）,否,0.84%,91.3%,14天,https://tag.120ask.com/jibing/lnrdsz/
内科,老年病内科,老年人假膜性小肠结肠炎,消化内科,腹泻、腹痛、发热,老年人,西药治疗,根据不同医院，收费标准不一致，市三甲医院约（2000—— 5000元）,否,0.001%,70%,10天,https://tag.120ask.com/jibing/lnrjmxxcjcy/
内科,老年病内科,老年人上消化道出血,消化内科,呕血、黑便、便血、循环衰竭、心悸、皮肤湿冷、疲乏、无力、精神萎靡、烦躁不安、反应迟钝、血压下降,老年人,药物治疗、手术治疗,根据不同医院，收费标准不一致，市三甲医院约（3000-5000元）,否,0.001%(多见于胃溃疡、门脉高压，肝硬化等情况。),60%,1-7天,https://tag.120ask.com/jibing/lnrsxhdcx/
内科,老年病内科,老年人肝性脑病,神经内科,注意力不集中、意识障碍、睡眠障碍、扑翼样震颤、幻觉、恐惧、运动失调、昏睡、神志不清、惊厥、踝阵挛,老年人群,药物治疗、透析治疗,根据不同医院，收费标准不一致，市三甲医院约10000--50000,否,0.075%，多见于乙肝肝硬化患者,,4-8周,https://tag.120ask.com/jibing/lnrgxnb/
内科,老年病内科,老年人结肠憩室,消化外科,腹痛、发烧、恶心与呕吐、腹胀、便秘、腹泻、下腹疼痛,老年人群,药物治疗,根据不同医院，收费标准不一致，市三甲医院约（3000 —— 8000元）,否,0.002%,60%,10-30天,https://tag.120ask.com/jibing/lnrjcs/
内科,老年病内科,脱屑性间质肺炎,呼吸内科,干咳、气短、发绀、呼吸困难、啰音、咳血痰、呼吸异常、肺部可闻及干湿啰音及哮鸣音、稽留热、消瘦、高热寒战、肺下叶周围呈节段性或大叶性模糊阴影,所有人群,药物治疗,根据不同医院，收费标准不一致，市三甲医院约（2000-5000元）,否,0.03%,80%,3-6周,https://tag.120ask.com/jibing/txxjzfy/
内科,老年病内科,老年人食管裂孔疝,消化外科,胸骨后疼痛、反酸、吞咽困难、吞咽痛、心悸、心律失常、胃嵌顿、吞咽时胸痛、呕血与黑便、气道和食管之间的瘘管、突发性疼痛,老年人,手术治疗,根据不同医院，收费标准不一致，市三甲医院约（5000-10000元）,否,0.001%,70%,4周,https://tag.120ask.com/jibing/lnrsglk/
内科,老年病内科,老年人肝硬化,消化内科,蜘蛛痣、肝掌、毛细血管扩张症、黄疸、闭经、性欲减退、睾丸萎缩、糖代谢紊乱、脾大、腹水、胸腔积液、乏力,老年人群,药物治疗,根据不同医院，收费标准不一致，市三甲医院约（8000 —— 20000元）,否,0.05%-0.08%,70%,1-2年,https://tag.120ask.com/jibing/lnrgyh/
内科,老年病内科,老年人结肠息肉,消化内科,便血、黏液便、腹痛、结肠息肉、贫血、腹泻、排便困难、黏液分泌亢进、失水、低钠血症、低钾血症、昏迷,老年人群,药物治疗、手术治疗,根据不同医院，收费标准不一致，市三甲医院约（3000 —— 8000元）,否,0.5%,90%,3-5周,https://tag.120ask.com/jibing/lnrjcxr/
内科,老年病内科,老年人胃食管反流病,消化内科,烧心、反胃、吞咽困难、吞咽痛、胸痛、窒息、呕吐、反酸、嗳气、贫血,老年人群,药物治疗、生活调理、手术治疗,根据不同医院，收费标准不一致，市三甲医院约（10000--50000元）,否,0.025%,60%,10天,https://tag.120ask.com/jibing/lnrwsgflb/
内科,老年病内科,老年人酒精性肝病,消化内科,肝肿大、肝区痛、食欲不振、消瘦、恶心呕吐、脾肿大、疲劳、乏力、腹水、肝功能异常,长期饮酒的中青年人,药物治疗,根据不同医院，收费标准不一致，市三甲医院约（10000 —— 50000元）,否,老年人患病概率0.01%,45%,需要终身治疗,https://tag.120ask.com/jibing/lnrjjxgb/
内科,老年病内科,老年人消化性溃疡,消化内科,胃痛、胃胀、恶心、黑便,经常饮酒，暴饮暴食，饮食不规律的人群,药物治疗,根据不同医院，收费标准不一致，市三甲医院约（1000-3000元）,否,10%,70%,3个月,https://tag.120ask.com/jibing/lnrxhxky/
内科,老年病内科,老年人环咽肌功能障碍,消化内科,吞咽困难、吞咽发呛、咳嗽、体重减轻、声音嘶哑、吸气时上气道陷闭、消瘦、指甲呈扁平形、仰卧呼吸,老年人环咽肌功能障碍,病因治疗、对症治疗,根据不同医院，收费标准不一致，市三甲医院约（1000-5000元）,否,0.001%,70%,10-30天,https://tag.120ask.com/jibing/lnrhyjgnza/
内科,老年病内科,老年人炎症性肠病,消化内科,腹泻、体重减轻、腹痛、发烧、便血鲜红、肛门疼痛,老年人群,药物治疗,根据不同医院，收费标准不一致，市三甲医院约5000--10000,否,0.03%--0.09%,70-80%,1-3个月,https://tag.120ask.com/jibing/lnryzxcb/
内科,老年病内科,老年人慢性胃炎,消化内科,腹胀、上腹不适、嗳气、胃部隐痛、反酸、恶心呕吐、食欲不振、体重减轻,吸烟、饮酒老年患者,药物治疗,根据不同医院，收费标准不一致，市三甲医院约（2000 —— 3000元）,否,0.03%,70%,10-30天,https://tag.120ask.com/jibing/lnrmxwy/
内科,老年病内科,老年人药物性肝病,消化内科,黄疸、恶心与呕吐、皮肤呈浅黄或深金黄色、皮肤老化、斑疹、肝病面容、指甲呈扇形,老年人群,药物治疗,根据不同医院，收费标准不一致，市三甲医院约10000--50000,否,60岁以上老年人发病率约为0.8%-2%,75%,3-6个月,https://tag.120ask.com/jibing/lnrywxgb/
内科,老年病内科,老年人缺血性结肠炎,消化内科,便血、肠穿孔、肠鸣、恶心、腹部压痛、腹膜炎、腹痛、腹泻,老年人,支持治疗、药物治疗、手术治疗,根据不同医院，收费标准不一致，市三甲医院约（1000—— 5000元）,否,0.005%,50%,1-3个月,https://tag.120ask.com/jibing/lnrqxxjcy/
内科,老年病内科,老年人胰腺癌,肿瘤科,腹痛、消瘦、黄疸、腹部肿块、脂肪泻、体重减轻、内脏痛、神经痛、胀痛、隐痛、钝痛、右上腹痛,老年人,手术治疗,根据不同医院，收费标准不一致，市三甲医院约（5000-10000元）,否,0.0025%,75%,1-2个月,https://tag.120ask.com/jibing/lnryxa/
内科,老年病内科,夜间哮喘,呼吸内科,夜间或凌晨喘息、哮鸣音、呼吸气促、胸闷、咳嗽、发绀、鼻痒、喷嚏、流清涕,儿童、青少年,药物治疗、支持疗法,根据不同医院，收费标准不一致，市三甲医院约（3000 —— 5000元）,否,0.005%,40%,1-4个月,https://tag.120ask.com/jibing/yjxc/
内科,老年病内科,阻塞性肺气肿,呼吸内科,反复咳嗽、咳痰、喘连续3年或以上、每年持续2个月或以上、伴桶状胸、呼吸困难、严重者紫绀、浮肿及颈静脉怒张,吸烟、慢支患者,药物治疗、支持疗法,根据不同医院，收费标准不一致，市三甲医院约（5000 —— 8000元）,否,0.6%-4.3%,60%,1-3个月,https://tag.120ask.com/jibing/zsxfqz/
内科,老年病内科,老年人梗阻性肾病,泌尿外科,少尿、尿频伴尿急和尿痛、腹胀、恶心与呕吐、肾病性浮肿面容,老年人群,手术治疗、药物治疗,根据不同医院，收费标准不一致，市三甲医院约30000--70000,否,60岁以上老年人群本病发生率约为0.08%,60%,3个月,https://tag.120ask.com/jibing/lnrgzxsb/
内科,老年病内科,老年人急进性肾炎,肾内科,无尿、血尿、蛋白尿、高血压、肾功能衰竭、氮质血症、疲劳、恶心与呕吐、食欲不振、关节疼痛、腹痛、少尿,老年人,激素冲击疗法,根据不同医院，收费标准不一致，市三甲医院约（5000-10000元）,否,0.5%-0.7%,75%,8-12周,https://tag.120ask.com/jibing/lnrjjxsy/
内科,老年病内科,老年人急性感染后肾炎,肾内科,血尿、蛋白尿、高血压、水肿、肾小球滤过率下降、少尿、无尿、肾脏受累、小管间质性肾炎、伤口感染、尿频伴尿急和尿痛、疲乏,老年人,对症治疗,根据不同医院，收费标准不一致，市三甲医院约（5000-10000元）,否,0.001%,75%,10-30天,https://tag.120ask.com/jibing/lnrjxgrhsy/
内科,老年病内科,老年人急性肾功能衰竭,肾内科,氮质血症、混合型酸碱平衡紊乱、食欲减退、恶心与呕吐、腹胀、腹泻、上消化道出血、高血压、心力衰竭、心律失常、嗜睡、意识障碍,60岁以上老年人群,对症治疗,根据不同医院，收费标准不一致，市三甲医院约（5000-10000元）,否,0.01%,50%,3个月,https://tag.120ask.com/jibing/lnrjxsgnsj/
内科,老年病内科,老年人慢性肾功能衰竭,肾内科,贫血、高血压、癫痫和癫痫样发作、尿毒症、发音障碍、肌束震颤、偏瘫、意识障碍、脱水、水潴留、心动过缓、房室传导阻滞,老年人,病因治疗,根据不同医院，收费标准不一致，市三甲医院约（5000-10000元）,否,0.001%,75%,1-3个月,https://tag.120ask.com/jibing/lnrmxsgnsj/
内科,老年病内科,老年人慢性肾盂肾炎,肾内科,全身不适、体重减轻、低热、尿失禁、排尿困难、尿潴留、多尿、夜尿等。少数病人表现为腰痛、腹部隐痛或肾绞痛,老年人,中药、西药治疗,根据不同医院，收费标准不一致，市三甲医院约（3000 —— 10000元）,否,0.01%,60%,7-21天,https://tag.120ask.com/jibing/lnrmxsysy/
内科,老年病内科,老年人泌尿系结石,泌尿外科,腰部钝痛或绞痛并向下放射至会阴及髋部、血尿、恶心、呕吐、尿频、尿痛、尿急,老年人群,药物治疗、手术治疗、碎石治疗、中药治疗,根据不同医院，收费标准不一致，市三甲医院约10000--20000元,否,14%,65.3％,14天,https://tag.120ask.com/jibing/lnrmnxjs/
内科,老年病内科,老年人肾癌,泌尿外科,血尿、疼痛和肿块,多发人群有遗传性肾癌家族史者；中年以上的吸烟、酗酒、患高血压的“胖”男人。,药物治疗、手术治疗、支持治疗,根据不同医院，收费标准不一致，市三甲医院约（20000 —— 50000元）,否,0.005%,20%,3个月,https://tag.120ask.com/jibing/lnrsa/
内科,老年病内科,老年人尿失禁,泌尿外科,膀胱痉挛、尿频、尿急、尿失禁、逼尿肌反射亢进、逼尿肌无反射,老年人,病因治疗、对症治疗,根据不同医院，收费标准不一致，市三甲医院约（1000-5000元）,否,0.02%,70%,1-2个月,https://tag.120ask.com/jibing/lnrnsj/
内科,老年病内科,老年人肾病综合征,肾内科,晨起眼睑、面部、踝部可见水肿、蛋白尿、低蛋白血症、高胆固醇血症,老年人,对症治疗、利尿消肿治疗,根据不同医院，收费标准不一致，市三甲医院约（5000 —— 30000元）,否,0.001%,50%,1-2个月,https://tag.120ask.com/jibing/lnrsbzhz/
内科,老年病内科,老年人前列腺增生症,泌尿外科,夜尿增多、尿失禁与遗尿、排尿困难及尿潴留、尿流变细或中断、血尿、膀胱结石、尿频,50岁以上,药物治疗,根据不同医院，收费标准不一致，市三甲医院约1000--5000,否,50岁以上的国内发病率约50%,60%,3个月,https://tag.120ask.com/jibing/lnrqlxzsz/
内科,老年病内科,老年人糖尿病肾病,肾内科、内分泌科,糖尿、蛋白尿、水肿、慢性肾功能不全、血液粘度增高、血脂异常、血糖值升高、肾病综合征、高血压、脂肪代谢障碍、水盐代谢障碍、疲劳,所有群体,药物治疗,根据不同医院，收费标准不一致，市三甲医院约（1000-5000元）,否,老年人患病概率0.087%,,治疗周期30天,https://tag.120ask.com/jibing/lnrtnbsb/
内科,老年病内科,老年人原发性高血压引起的良性,肾内科、心血管内科,头疼、头晕、脚底无力,老年人有烟酒嗜好者、作息不规律者,中医药物治疗、西医药物治疗,根据不同医院，收费标准不一致，市三甲医院约（2000-10000元）,否,0.01%,10%,30天,https://tag.120ask.com/jibing/lnryfxgxyyqdlxxdmsyh/
内科,老年病内科,阿尔茨海默病性痴呆,神经内科,记忆障碍、失语、失用、失认、视空间技能损害、执行功能障碍,老年人群,西药治疗,根据不同医院，收费标准不一致，市三甲医院约（5000 —— 10000元）,否,老年人患病概率0.7%,,需要终身治疗,https://tag.120ask.com/jibing/aechmbxcd/
内科,老年病内科,宾斯旺格病,神经内科,智能障碍、语言障碍、双下肢无力伴双手震颤,所有人群,药物治疗,根据不同医院，收费标准不一致，市三甲医院约（1000 —— 5000元）,否,0.00001%,10%,1-3个月,https://tag.120ask.com/jibing/bswgb/
内科,老年病内科,颤证,中医科,头部震颤、双手震颤、畏寒,中、老年，素体肝肾阴亏的人,支持疗法,根据不同医院，收费标准不一致，市三甲医院约（1000-5000元）,否,0.05%,85%,2-6月,https://tag.120ask.com/jibing/chanzheng/
内科,老年病内科,痴呆综合征,神经内科,头晕、头痛、近事遗忘现象、健忘性失语、记忆力障碍、记忆力消失、认知功能障碍、人格改变,青少年,药物治疗、心理治疗,根据不同医院，收费标准不一致，市三甲医院约（1600—— 4000元）,否,0.04%,35%,720天,https://tag.120ask.com/jibing/cdzhz/
内科,老年病内科,单发脑梗死性痴呆,神经内科,偏瘫、锥体束病损、感觉障碍、认知功能障碍、大小便失禁、嗜睡、行为及情绪异常、痴呆、健忘、失读、视觉失认、脑水肿,所有人群（中老年多发）,药物治疗,根据不同医院，收费标准不一致，市三甲医院约（3000 —— 8000元）,否,0.001%,70%,3-6个月,https://tag.120ask.com/jibing/dfngsxcd/
内科,老年病内科,多发脑梗死性痴呆,神经内科,中枢性面舌瘫、偏瘫、偏身感觉障碍、肌张力增高、锥体束征、假性延髓麻痹、感觉过度和尿便失禁、近记忆力和计算力减退、表情淡漠、焦虑、少语、抑郁或欣快,老年人,药物治疗,根据不同医院，收费标准不一致，市三甲医院约（3000 —— 10000元）,否,0.0003%,15%-35%,30天,https://tag.120ask.com/jibing/duofngsxcd/
内科,老年病内科,额颞痴呆,神经内科,痴呆、健忘、言语紊乱、日常生活能力减退和行为异常、人格改变、视觉失认、记忆力障碍、智能减退、大小便失禁、缄默症,中老年,药物治疗,根据不同医院，收费标准不一致，市三甲医院约（1000-5000元）,否,0.0001%,70%,3-6个月,https://tag.120ask.com/jibing/ecd/
内科,老年病内科,酒中毒性痴呆,神经内科,情感淡漠、斜视、失眠、日常生活能力减退和行为异常、烦躁不安、焦虑、小脑性共济失调、认知功能障碍、判断力和定向力障碍、定向力障碍、记忆力障碍、感觉障碍,所有群体,脑缺血、缺氧、脑外伤、慢性肝病,根据不同医院，收费标准不一致，市三甲医院约（1000-5000元）,否,0.01%,40%,3个月,https://tag.120ask.com/jibing/jzdxcd/
内科,老年病内科,绝经与阿尔茨海默病综合征,神经内科,记忆力、抽象思维、定向力等的障碍、同时伴有社会活动能力的减退,65岁以上老年人,药物治疗,根据不同医院，收费标准不一致，市三甲医院约（10000 —— 50000元）,否,8%,10%,1-6个月,https://tag.120ask.com/jibing/jjyaechmbzhz/
内科,老年病内科,神经棘红细胞增多症,神经内科,进食困难、步态不稳、智能减退、癫痫和癫痫样发作、脉涩或结、定位体征、全身各脏器血流缓慢、瘫痪、肌性肌无力、红细胞增多、肤色赤红,见于青春期或成年早期，发病年龄8～62岁,药物治疗,根据不同医院，收费标准不一致，市三甲医院约（5000 —— 15000元）,否,0.001%,50%,3个月,https://tag.120ask.com/jibing/sjjhxbzdz/
内科,老年病内科,老年性舞蹈病,神经内科,舞蹈病样动作、舞蹈样手足徐动、舞蹈样不自主运动、异常粗大的舞蹈样动作、舞蹈样步态,所有群体,病因治疗,根据不同医院，收费标准不一致，市三甲医院约（5000-10000元）,否,0.001%,10%,1-3个月,https://tag.120ask.com/jibing/lnxwdb/
内科,老年病内科,老年眩晕,神经内科,自觉身体旋转、失去平衡、身体晃动、步态不稳、恶心呕吐、心慌、虚汗、跌倒,老年人,药物治疗、中医治疗、介入治疗,根据不同医院，收费标准不一致，市三甲医院约（2000 —— 10000元）,否,0.058%,65%,4-8周,https://tag.120ask.com/jibing/lnxy/
内科,老年病内科,老年人肥胖症,内分泌科,水肿、焦虑、抑郁、打鼾、呼吸暂停、呼吸衰竭、猝死、腰背痛、肌肉酸痛、髋关节痛、肩关节痛、高血压,老年人,对症治疗,根据不同医院，收费标准不一致，市三甲医院约（500-1000元）,否,10%,85%,1-3个月,https://tag.120ask.com/jibing/lnrfpz/
内科,老年病内科,老年人高钙血症,心血管内科,疲乏无力、精神不易集中、失眠、抑郁、神志不清甚至昏迷、腱反射迟钝、肌力降低、恶心,维生素D作用过强、噻嗪类利尿药长期使用者多见,药物治疗,根据不同医院，收费标准不一致，市三甲医院约（2000 —— 8000元）,否,0.5%,95%,2-4月,https://tag.120ask.com/jibing/lnrggxz/
内科,老年病内科,老年人高渗性非酮症糖尿病昏迷,内分泌科,昏迷、反应迟钝、高热、言语紊乱、幻觉、意识朦胧状态 、糖尿、眼球震颤、休克、斜视,老年人群,药物治疗,根据不同医院，收费标准不一致，市三甲医院约10000--30000,否,糖尿病患者中本病发病率约为0.04%-0.08%,90%,2-4周,https://tag.120ask.com/jibing/lnrgsxftztnbhm/
内科,老年病内科,胼胝体进行性变性,神经内科,焦虑、情感淡漠、严重情绪障碍、痴呆、昏迷、幻觉、瘫痪,所有群体,病因治疗、对症治疗,根据不同医院，收费标准不一致，市三甲医院约（1000-5000元）,否,发病率约为0.005%-0.007%,,终身间歇性治疗,https://tag.120ask.com/jibing/tjxxbx/
内科,老年病内科,老年人甲状腺功能低下,内分泌科,浮肿、低体温、心率慢,所有老年人可见,药物治疗,根据不同医院，收费标准不一致，市三甲医院约（2000 —— 5000元）,否,0.01%,60%,3个月,https://tag.120ask.com/jibing/lnrjzxgndx/
内科,老年病内科,帕金森病性痴呆,神经内科,震颤性肌强直运动徐缓、静止性震颤、刺痛、腱反射亢进、动作减少、言语缓慢、情绪低沉、自杀企图常,帕金森病患者,药物治疗,根据不同医院，收费标准不一致，市三甲医院约（10000 —— 30000元）,否,20%(发病率在老年患者中20%),80%(一般有效缓解在80%维持不在发展),2-4年,https://tag.120ask.com/jibing/pjsbxcd/
内科,老年病内科,老年人代谢性酸中毒,消化内科、ICU,呼吸加深、乏力、头晕、心悸,有糖尿病等老年患者多见,药物治疗、治疗原发病,根据不同医院，收费标准不一致，市三甲医院约（5000 —— 10000元）,否,0.001%,60%,1-2个月,https://tag.120ask.com/jibing/lnrdxxszd/
内科,老年病内科,老年人甲状腺功能亢进危象,内分泌科,高热、反应迟钝、恶心、嗜睡、皮肤苍白、腹泻、畏热、黄疸、恶心与呕吐、食欲异常,老年人群,药物治疗,根据不同医院，收费标准不一致，市三甲医院约10000--30000,否,0.005%,30%,3个月,https://tag.120ask.com/jibing/lnrjzxgnkjwx/
内科,老年病内科,老年人嗜铬细胞瘤危象,心血管内科、内分泌科,四肢震颤、心绞痛、高血压、出汗异常、恶心与呕吐、心悸、心律失常、休克,老年人群,药物治疗,根据不同医院，收费标准不一致，市三甲医院约10000--50000,否,0.005%,60%,3个月,https://tag.120ask.com/jibing/lnrsgxblwx/
内科,老年病内科,老年人低血糖昏迷,内分泌科,头晕、躁动不安、出虚汗、面色苍白、心悸、手足冰凉、甚至昏迷跌倒,老年糖尿病人群,药物治疗、对症治疗,根据不同医院，收费标准不一致，市三甲医院约（300 —— 1000元）,否,糖尿病患者中发病率约5%,85%,2-4周,https://tag.120ask.com/jibing/lnrdxthm/
内科,老年病内科,老年人糖尿病乳酸性中毒,内分泌科,恶心与呕吐、疲乏、无力、厌食、昏迷、嗜睡、深昏迷、休克、昏睡,老年人群,药物治疗、透析治疗,根据不同医院，收费标准不一致，市三甲医院约5000--10000,否,0.005%,85%,2-4月,https://tag.120ask.com/jibing/lnrtnbrsxzd/
内科,老年病内科,老年人尿崩症,内分泌科,垂体功能减退、低血钾、多尿、多饮、耳聋、颅内压增高、尿崩、尿渗透压下降,老年人,中医药物治疗、西医药物治疗,根据不同医院，收费标准不一致，市三甲医院约（2000—— 5000元）,否,0.03%,30%,3--8周,https://tag.120ask.com/jibing/lnrnbz/
内科,老年病内科,老年人糖尿病酮症酸中毒,内分泌科,多饮多尿、体力及体重下降加重、皮肤干燥、眼球下陷、头痛、头晕、委靡继而烦躁、嗜睡、昏迷、呼吸中可有类似烂苹果气味的酮臭味,有糖尿病的患者较常见,药物治疗、支持治疗,根据不同医院，收费标准不一致，市三甲医院约（5000 —— 20000元）,否,0.12%,70%,7天,https://tag.120ask.com/jibing/lnrtnbtzszd/
内科,老年病内科,皮克病性痴呆,神经内科,智能障碍、易激惹、暴力冲动行为、注意力集不中、运动性失语、言语功能的部分丧失、抑郁、痴呆面容、认识能力缺失、呆滞,老年人群,药物治疗、生活护理,根据不同医院，收费标准不一致，市三甲医院约10000--50000,否,0.001%,20%,3个月,https://tag.120ask.com/jibing/pkbxcd/
内科,老年病内科,老年人痛风,肾内科,关节红肿热痛、喝酒、吃海鲜等加重,饮酒、爱吃豆类的老年人易发,药物治疗、饮食调理,根据不同医院，收费标准不一致，市三甲医院约（1000 —— 3000元）,否,5%,70%,3-6月,https://tag.120ask.com/jibing/lnrtf/
内科,老年病内科,神经白塞病,神经内科,头痛、发烧、颈强直、恶心与呕吐、脑膜刺激征、瘫痪、口、眼、生殖器损害、定位体征、会阴溃疡,所有群体,药物治疗,根据不同医院，收费标准不一致，市三甲医院约（5000-10000元）,否,0.002%-0.005%,74%,1-3个月,https://tag.120ask.com/jibing/sjbsb/
内科,老年病内科,老年人异位抗利尿素分泌综合征,老年科,低钠血症、恶心、乏力、高渗尿、昏迷、肌痛、脑水肿、皮质素不足,老年人群,药物治疗、手术治疗,根据不同医院，收费标准不一致，市三甲医院约（50000 —— 70000元）,否,0.008%,40%,2个月,https://tag.120ask.com/jibing/lnrywklnsfmzhz/
内科,老年病内科,韦尼克脑病,精神心理科,意识障碍、情感淡漠、迟钝、谵妄、眼肌瘫痪和凝视、眼球震颤及平衡紊乱,青壮年,中医药物治疗、西医药物治疗,根据不同医院，收费标准不一致，市三甲医院约（5000 —— 20000元）,否,0.001-0.003%,30--50%,1--6个月,https://tag.120ask.com/jibing/wnknb/
内科,老年病内科,老年人播散性血管内凝血,心血管内科,斑疹、水肿、贫血、少尿、血尿、休克、血管内凝血、静脉出血、黏膜出现出血点、皮肤出血点、足部坏疽、微血管溶血性贫血,老年人,病因治疗、对症治疗,根据不同医院，收费标准不一致，市三甲医院约（5000-10000元）,否,0.0012%,70%,7天,https://tag.120ask.com/jibing/lnrbsxxgnnx/
内科,老年病内科,老年人代谢性碱中毒,老年病科,手指麻木、刺痛腕足痉挛心律失、手足抽搐、多尿、多饮和麻痹、神志模糊、反应迟钝、谵妄,体内酸丢失过多或体外碱进入过多以及内分泌紊乱的老年人多见,药物治疗,根据不同医院，收费标准不一致，市三甲医院约（1000 —— 2000元）,否,0.001%，(多以50岁以上中老年人群多见),75%,4-6周,https://tag.120ask.com/jibing/lnrdxxjzd/
内科,老年病内科,血管性帕金森综合征,神经内科,运动功能障碍、痴呆、震颤、面具脸、步态异常,老年人群,药物治疗,根据不同医院，收费标准不一致，市三甲医院约5000--8000,否,0.0325%,60%,1-3个月,https://tag.120ask.com/jibing/xgxpjszhz/
内科,老年病内科,老年人低钙血症,血液科,手足搐搦、神经肌肉激惹性增高和精神异常、,老年人,西药治疗,根据不同医院，收费标准不一致，市三甲医院约（500 —— 1000元）,否,0.052%,85%,1-3个月,https://tag.120ask.com/jibing/lnrdgxz/
内科,老年病内科,老年人低血糖症,内分泌科,头晕、出冷汗、恶心、面色苍白,进食困难、有胰岛素瘤、糖尿病的老年人多见,补充糖水、原发病治疗,根据不同医院，收费标准不一致，市三甲医院约（5000 —— 10000元）,否,0.004%--0.005%(多见于糖尿病患者),85-95%(合理使用胰岛素即可避免本病发生),1-3个月,https://tag.120ask.com/jibing/lnrdxtz/
内科,老年病内科,老年人急性淋巴细胞白血病,血液科、肿瘤科,关节积液、关节疼痛、关节活动受限、关节畸形,多发于30~70岁中老年人,手术治疗、化学药物治疗,根据不同医院，收费标准不一致，市三甲医院手术费用+化疗费用约（50000 —— 200000元）,否,0.0003%-0.0005%,,终身间歇性对症治疗,https://tag.120ask.com/jibing/lnrjxlbxbbxb/
内科,老年病内科,老年人骨髓增生异常综合征,血液科,乏力、头昏、胸骨压痛,老年人群,药物治疗、化疗,根据不同医院，收费标准不一致，市三甲医院约（10000-50000元）,否,0.05%,60%,3-6月,https://tag.120ask.com/jibing/lnrgszsyczhz/
内科,老年病内科,老年人巨幼细胞性贫血,血液科,腹泻、红细胞分布宽度偏高、恶心与呕吐、急性贫血、贫血、红细胞体积增大、感觉障碍,老年人,病因治疗,根据不同医院，收费标准不一致，市三甲医院约（500-1000元）,否,老年人患病概率2.3%,,治疗周期30天,https://tag.120ask.com/jibing/lnrjyxbxpx/
内科,老年病内科,老年人原发性血小板增多症,血液科,鼻出血、胃肠道出血、齿龈出血、瘀斑、间歇性跛行、急腹症,老年人群,药物治疗、放射治疗、化学治疗,根据不同医院，收费标准不一致，市三甲医院约10000--50000,否,0.004%,45%-65%,4-6周,https://tag.120ask.com/jibing/lnryfxxxbzdz/
内科,老年病内科,遗传性多发脑梗死性痴呆,神经内科,进行性痴呆 、偏头痛 、认知功能障碍、谵妄、步态异常、判断力和定向力障瘫痪,中年人,中医药物治疗、西医药物治疗,根据不同医院，收费标准不一致，市三甲医院约（5000 —— 20000元）,否,0.001%,5%,1-3个月,https://tag.120ask.com/jibing/ycxdfngsxcd/
内科,老年病内科,老年人过敏性紫癜,血液科,临床特征为皮肤紫癜，可伴有腹痛、消化道出血、关节痛和(或)血尿、肾病变等。,老年人,西医药治疗,根据不同医院，收费标准不一致，市三甲医院约（5000 —— 10000元）,否,0.5%(上述为老年人群发病率),50%,6-12个月,https://tag.120ask.com/jibing/lnrgmxz/
内科,老年病内科,老年人再生障碍性贫血,血液病科,贫血、感染、出血,老年人,药物治疗,根据不同医院，收费标准不一致，市三甲医院约（10000-50000元）,否,本病发生率在老年人群中占0.05%左右,,2-4年,https://tag.120ask.com/jibing/lnrzszaxpx/
内科,老年病内科,老年人霍奇金淋巴瘤,血液科,淋巴结肿大、发热、盗汗、消瘦,老年人免疫力下降者较常见,西医药物治疗,根据不同医院，收费标准不一致，市三甲医院约（10000-50000元）,否,0.002%-0.003%,75%,1-3月,https://tag.120ask.com/jibing/lnrhqjlbl/
内科,老年病内科,老年人真性红细胞增多症,血液内科,头晕、头疼、头胀、疲乏、眩晕、耳鸣、心慌、眼花、气短、怕热、出汗上腹饱胀、呼吸困难、肢体麻木等,任何人都可发病，以老年人及居住高原者居多,静脉放血治疗、放射性治疗、化学治疗,根据不同医院，收费标准不一致，市三甲医院约（5000 —— 15000元）,否,0.05%,74%,1--3个月,https://tag.120ask.com/jibing/lnrzxhxbzdz/
内科,老年病内科,老年人急性非淋巴细胞白血病,血液科,关节疼痛、贫血、反复高热、持续性发热、发烧热、面部皮肤有结节状增生,老年人群,药物治疗,根据不同医院，收费标准不一致，市三甲医院约10000--50000,否,50岁以上中老年人群中发病率约为0.03%--0.07%,30-40%,1-3年,https://tag.120ask.com/jibing/lnrjxflbxbbxb/
内科,老年病内科,老年人免疫性血小板减少性紫癜,血液科,血小板减少、血小板减少性紫癜、骨髓巨核细胞成熟障碍、皮肤瘀点、皮肤瘀斑、血疱、颅内出血、脾肿大、反复出血、贫血,老年人,药物治,根据不同医院，收费标准不一致，市三甲医院约（5000-10000元）,否,0.001%,60%,1--3个月,https://tag.120ask.com/jibing/lnrmyxxxbjsxz/
内科,老年病内科,老年人缺铁性贫血,血液病科,面色苍白、心慌、乏力、头晕、心悸、免疫力下降、皮肤干燥、指甲易碎,老年人,药物治疗,根据不同医院，收费标准不一致，市三甲医院约（1000 —— 5000元）,否,0.27%,80%,1-3个月,https://tag.120ask.com/jibing/lnrqtxpx/
内科,老年病内科,老年人溶血性贫血,血液科,黄疸、淋巴结肿大、免疫性溶血、皮肤紫癜、脾大、贫血、溶血性贫血、肝大,老年人,药物治疗,根据不同医院，收费标准不一致，市三甲医院约（1000-5000元）,否,5-10%(5-10%，常见于叶酸、维生素B12的缺乏以及肝大的患者。),85%以上。,4-6个月。,https://tag.120ask.com/jibing/lnrrxxpx/
内科,老年病内科,老年人血栓性疾病,心血管内科,冠状动脉血栓引起急性心肌梗死或不稳定型心绞痛、颈动脉或脑动脉血栓表现为偏瘫、意识障碍下肢深层静脉血栓导致下肢肿胀、疼痛、皮肤温度升高及淋巴水肿,老年人,中药、西药治疗,根据不同医院，收费标准不一致，市三甲医院约（10000 —— 30000元）,否,0.026%,70%,30天,https://tag.120ask.com/jibing/lnrxsxjb/
内科,老年病内科,老年人原发性骨髓纤维化,血液科,脾显著增大、贫血、骨质硬化、乏力、低热、盗汗、体重减轻、胃纳减退、左上腹或中上腹饱胀,老年人多见,化疗、手术治疗,根据不同医院，收费标准不一致，市三甲医院约（50000 —— 120000元）,否,0.001%,10%,1-3个月,https://tag.120ask.com/jibing/lnryfxgsxwh/
内科,老年病内科,大脑凸面脑膜瘤,神经内科,颅内压增高症状、癫痫发作、运动和感觉障碍、头部骨性包块,60岁以上老年女性,手术治疗,根据不同医院，收费标准不一致，市三甲医院约（10000-50000元）,否,0.03%,70%,2-4月,https://tag.120ask.com/jibing/dntmnml/
内科,老年病内科,老年人自发性气胸,心胸外科,咳嗽、胸痛、胸闷,既往有肺气肿的老年病人多见,穿刺抽气、休息,根据不同医院，收费标准不一致，市三甲医院约（500 —— 2000元）,否,0.002%,60%,1个月,https://tag.120ask.com/jibing/lnrzfxqx/
内科,老年病内科,老年性慢性硬膜下血肿,脑外科,震颤、昏迷、血肿形成、头痛、眩晕、饮水呛咳,老年人群,手术治疗、药物治疗,根据不同医院，收费标准不一致，市三甲医院约（10000 —— 50000元）,否,0.0035%,75%,7-14天,https://tag.120ask.com/jibing/lnxmxymxxz/
内科,老年病内科,老年人颅内压增高,脑外科,神智丧失、呼吸急促、心搏骤停、眼花、免疫功能下降、眩晕、头痛、癫痫样发作,伴有高血压、肥胖、糖尿病者常见,药物治疗、手术治疗,根据不同医院，收费标准不一致，市三甲医院约（1000-5000元）,否,0.12%,40%,10-30天,https://tag.120ask.com/jibing/lnrlnyzg/
内科,老年病内科,老年人正常压力脑积水,神经外科,伴发精神障碍、震颤麻痹、二便失禁,老年脑病患者,手术治疗,根据不同医院，收费标准不一致，市三甲医院约（5000-10000元）,否,0.0001%,20%,7-14天,https://tag.120ask.com/jibing/lnrzcylnjs/
内科,老年病内科,老年人泌尿系统感染,泌尿外科,法热、下腹不适、腰骶部酸痛、食欲减退、下肢寒冷、自汗、盗汗,女性及住院病人,西医药物治疗,根据不同医院，收费标准不一致，市三甲医院约（2000-4000元）,否,1%,80%,7--10天,https://tag.120ask.com/jibing/lnrmnxtgr/
内科,老年病内科,老年女性膀胱颈梗阻,泌尿外科,尿失禁、女性膀胱颈梗阻、肾衰竭、下腹坠痛、遗尿、排尿困难、尿不尽感、反复尿路感染,老年女性,对症治疗、药物治疗、手术治疗,根据不同医院，收费标准不一致，市三甲医院约（2000 —— 8000元）,否,老年女性发病率约为0.01%-0.02%，与膀胱结石有关,,4-6周,https://tag.120ask.com/jibing/lnnxbjgz/
内科,老年病内科,老年大便失禁,消化内科,较虚弱的状态下同时常存在便秘或小便失禁,中老年人群常见,药物治疗,根据不同医院，收费标准不一致，市三甲医院约（1000 —— 5000元）,否,50岁以上患病概率2%,,治疗周期30天,https://tag.120ask.com/jibing/lndbsj/
内科,老年病内科,老年人颈性眩晕,神经内科,头痛、猝倒、吞咽困难、耳聋、恶心、眼球震颤、偏头痛、眼肌麻痹、呕吐、发作性眩晕、复视,老年人群,药物治疗,根据不同医院，收费标准不一致，市三甲医院约10000--50000,否,60岁以上老年人发病率约为0.04%-0.1%,45%-65%，多以控制症状为主,3-6年,https://tag.120ask.com/jibing/lnrjxxy/
内科,老年病内科,奈血管陷迫综合征,心血管内科,间歇性跛行 、肢体缺血、双侧畸形、膝关节周围皮温升高,年轻人,手术治疗、抗凝治疗,根据不同医院，收费标准不一致，市三甲医院约（10000 —— 30000元）,否,0.0001%,10%,30天,https://tag.120ask.com/jibing/nxgxpzhz/
内科,老年病内科,老年癌症病人的急性感染,肿瘤科,反应迟钝、咳嗽、咳痰、粒细胞减少、啰音、泌尿系感染、免疫缺陷、尿频,老年癌症病人,药物治疗,根据不同医院，收费标准不一致，市三甲医院约（4000 —— 10000元）,否,0.001%,75%,10天,https://tag.120ask.com/jibing/lnazbrdjxgr/
内科,老年病内科,老年性外阴萎缩,妇科,外阴表皮变薄、角质层亦变薄,中老年女性常见,药物治疗,根据不同医院，收费标准不一致，市三甲医院约（5000-10000元）,否,0.01%,30%,1--3个月,https://tag.120ask.com/jibing/lnxwyws/
内科,老年病内科,老年男性性功能障碍,泌尿外科,勃起障碍、早泄、性生活时间短、阴茎硬度不够,中老年男性,中西医药物治疗,根据不同医院，收费标准不一致，市三甲医院约（2000 —— 3000元）,是,0.5%--0.8%(60岁以上老年男性发病率约为0.5%--0.8%),60-80%,3-6个月,https://tag.120ask.com/jibing/lnnxxgnza/
内科,老年病内科,老年人单纯疱疹病毒性脑炎,传染科,抽搐、高热、昏迷、口唇疱疹、脑膜刺激征、脑膜炎、人格改变、头痛,老年人,药物治疗,根据不同医院，收费标准不一致，市三甲医院约（1000—— 5000元）,是,0.001-0.003%,30--40%,3周--2月,https://tag.120ask.com/jibing/lnrdczbdxny/
内科,老年病内科,老年人结核性脑膜炎,传染科、神经内科,发热、头痛、呕吐、全身乏力、食欲不振、精神差、脑膜刺激征阳性、复视、肢体瘫、昏迷、癫痫发作、脑疝,有肺结核等结核病史者较常见,药物治疗、手术治疗,根据不同医院，收费标准不一致，市三甲医院约（10000-50000元）,是,0.01%,20%,30天,https://tag.120ask.com/jibing/lnrjhxnmy/
内科,老年病内科,老年人流行性感冒,呼吸内科,发烧、头痛、打喷嚏、流眼泪、周身关节肌肉酸痛、咽喉肿痛。咳嗽咳痰,老年人,药物治疗、对症支持治疗,根据不同医院，收费标准不一致，市三甲医院约（50 0—— 1000元）,是,1%,90%,7--14天,https://tag.120ask.com/jibing/lnrlxxgm/
内科,老年病内科,老年人神经梅毒,皮肤性病科,痴呆、感觉性共济失调、感觉障碍、进行性痴呆、脑膜刺激征 闪电样痛、头痛、恶心与呕吐,老年人,药物治疗,根据不同医院，收费标准不一致，市三甲医院约（2000——20000元）,是,0.00001%,10%,30天,https://tag.120ask.com/jibing/lnrsjmd/
内科,老年病内科,老年褥疮,皮肤科、体检保健科,瘫痪、溃疡、血沉增快、发热伴寒战、体温过低、颤抖、周身出汗、神志不清,卧床的老年人,药物治疗、手术治疗,根据不同医院，收费标准不一致，市三甲医院约（300 —— 800元）,否,1%,85%,3-15天,https://tag.120ask.com/jibing/lnrc/
内科,老年病内科,老年挛缩,营养科,肌肉挛缩、阵挛、肢体疼痛、萎缩、关节变形、运动减少,老年人,药物治疗、手术治疗、心理治疗,根据不同医院，收费标准不一致，市三甲医院约（1000 —— 5000元）,否,0.005%,40%,82天,https://tag.120ask.com/jibing/lnls/
内科,老年病内科,心血管疾病伴发的精神障碍,心血管内科,焦虑、抑郁、易激动、脑衰弱综合征、幻听、意识障碍、气短、易激惹、紧张、恐惧、被害妄想、恶心,所有人群,药物治疗,根据不同医院，收费标准不一致，市三甲医院约（3000 —— 8000元）,否,0.005%,40%,3个月,https://tag.120ask.com/jibing/xxgjbbfdjsza/
内科,老年病内科,老年跌倒,骨外科,局部出现、瘀斑、疼痛、活动受限,老年人,手术、中药、西药,根据不同医院，收费标准不一致，市三甲医院约（500 —— 5000元）,否,老人跌伤发生率约为30%,95%,1-3月,https://tag.120ask.com/jibing/lndd/
内科,老年病内科,老年期谵妄,老年科,被害妄想、反应迟钝、幻觉、焦虑、紧张、精神运动性兴奋、恐惧、失眠,老年人,病因治疗、中医药物治疗、西医药物治疗,根据不同医院，收费标准不一致，市三甲医院约（400 —— 2000元）,否,0.05%,63%,1--3个月,https://tag.120ask.com/jibing/lnqw/
内科,老年病内科,老年人肺炎,呼吸内科,咳嗽、呼吸急促、呼吸困难、精神萎靡、高热、咳出黄色痰液,老年人,药物治疗、一般治疗、吸氧,根据不同医院，收费标准不一致，市三甲医院约（2000——5000元）,否,老年人患病概率5.2%,,治疗周期10天,https://tag.120ask.com/jibing/lnrfy/
内科,老年病内科,老年人低钾血症,血液科,乏力、呼吸困难、心悸、心累,拉肚子、进食困难的老年人多见,补钾,根据不同医院，收费标准不一致，市三甲医院约（2000 —— 5000元）,否,0.030%--0.050%,100%(本病给予补钾治疗后都能得到系统治愈，治愈率在100%。),2-3天,https://tag.120ask.com/jibing/lnrdjxz/
内科,老年病内科,老年人低钠血症,营养科,软弱乏力、恶心呕吐、头痛思睡、肌肉痛性痉挛、可逆性共济失调,老年人群,药物治疗,根据不同医院，收费标准不一致，市三甲医院约1000--3000,否,0.005%,80%,2-6周,https://tag.120ask.com/jibing/lnrdnxz/
内科,老年病内科,老年人脱水,急诊科,低钠血症、低血压、多饮、幻觉、昏迷、利尿、黏膜干燥、皮肤弹性差,老年人,西医药物治疗,根据不同医院，收费标准不一致，市三甲医院约（6000 —— 8000元）,否,0.01%,90%,1-3天,https://tag.120ask.com/jibing/lnrts/
内科,老年病内科,老年人细菌性脑膜炎,急诊科,头痛、意识模糊、颈强直、嗜睡、发烧、呼吸不规则、昏迷,老年人群,药物治疗,根据不同医院，收费标准不一致，市三甲医院约10000--40000,否,0.63%,81.2%,14天,https://tag.120ask.com/jibing/lnrxjxnmy/
内科,老年病内科,老年人重症肌无力,神经内科,骨骼肌无力和异常疲劳,老年人,中医药物治疗、西医药物治疗,根据不同医院，收费标准不一致，市三甲医院约（10000 —— 50000元）,否,0.001%,10%,1-2个月,https://tag.120ask.com/jibing/lnrzzjwl/
内科,老年病内科,咳嗽性哮喘,呼吸内科,咳嗽、无痰、气紧、遇到过敏物质加重,所有人群,药物治疗、脱敏治疗、雾化治疗,根据不同医院，收费标准不一致，市三甲医院约（1000 —— 3000元）,否,发病率约0.003%--0.005%,40-60%，多以控制性治疗为主,3-6个月,https://tag.120ask.com/jibing/ksxxc/
内科,老年病内科,老年人白细胞减少症和粒细胞缺,老年科、血液科,头痛、溃疡、头晕、乏力、畏寒、出汗、高热、自感乏力、不适,老年人群,药物治疗、中药治疗、针推治疗,根据不同医院，收费标准不一致，市三甲医院约5000--10000,否,0.0001%,50%,6个月,https://tag.120ask.com/jibing/lnrbxbjszhlxbqfz/
内科,老年病内科,老年人多器官功能衰竭,急诊科,代谢性酸中毒、低氧血症、肺部感染、高凝状态、高碳酸血症、呼吸困难、呼吸衰竭、黄疸,老年人,药物治疗,根据不同医院，收费标准不一致，市三甲医院约（10000-50000元）,否,0.006%,30-40%,3-6个月,https://tag.120ask.com/jibing/lnrdqggnsj/
内科,老年病内科,老年抑郁症,精神科,心境低落、思维迟缓、活动减少、睡眠障碍、食欲减退、体重下降、性欲减退、便秘,老年人,药物治疗、心理治疗,1000-3000元,否,0.01%,20%,30天,https://tag.120ask.com/jibing/lnyyzheng/
内科,老年病内科,老年人败血症,内科的血液内科,大关节红肿、疼痛、活动受限、寒战、高热、皮疹,60岁以上老年人,药物疗法、对症治疗,根据不同医院，收费标准不一致，市三甲医院约3000-10000元,否,1%,,80天,https://tag.120ask.com/jibing/lnrbxz/
内科,老年病内科,老年性睑外翻,眼科,眼睑皮肤松弛、张力下降、流泪、下睑外翻,老年人,药物治疗、手术治疗,根据不同医院，收费标准不一致，市三甲医院约（1000—— 3000元）,否,0.001%,60%,20天,https://tag.120ask.com/jibing/lnxjwf/
内科,老年病内科,老年人睡眠障碍,精神科,入睡困难、不能维持睡眠,老年人,药物治疗,根据不同医院，收费标准不一致，市三甲医院约（500 —— 1000元）,否,20%,95%,120天,https://tag.120ask.com/jibing/lnrsmza/
内科,老年病内科,老年人脑出血,外科,头晕，头痛，肢体活动障碍,60岁以上老年人,药物治疗、手术治疗,根据不同医院，收费标准不一致，市三甲医院约（30000 ——100000元）,否,0.2-0.5%,20-40%,3-6周,https://tag.120ask.com/jibing/lnrncx/
内科,老年病内科,老年人神经症,精神科,肌肉紧张、睡眠障碍、易激惹,60岁以上老年人,药物治疗,根据不同医院，收费标准不一致，市三甲医院约（2000 ——5000元）,否,0.01%,60%,2-4周,https://tag.120ask.com/jibing/lnrsjz/
内科,老年病内科,老年便秘,内科,排便次数减少、排便困难、腹痛、腹胀,老年人,药物治疗,根据不同医院，收费标准不一致，市三甲医院约（500 —— 800元）,否,1%,60%,10天,https://tag.120ask.com/jibing/lnbm/
内科,老年病内科,老年人心力衰竭,心内科,乏力、易疲劳、活动后轻度胸闷、呼吸困难,65岁以上老年人,药物治疗,根据不同医院，收费标准不一致，市三甲医院约（3000 ——10000元）,否,2-5%,30%,3-6个月,https://tag.120ask.com/jibing/lnrxlsj/
内科,老年病内科,老年人肺结核,传染病科,咳嗽、咳痰、咳血、消瘦、盗汗,60岁以上老年人,药物治疗,根据不同医院，收费标准不一致，市三甲医院约3000-15000元,是,1-3%,60%,9个月,https://tag.120ask.com/jibing/lnrfjh/
内科,老年病内科,老年期抑郁症,精神科,焦虑恐惧、坐卧不安、失眠、情感淡漠、行动迟缓,60岁以上老年人,药物治疗,根据不同医院，收费标准不一致，市三甲医院约（3000 —— 8000元）,否,0.03%,30%,30天,https://tag.120ask.com/jibing/lnqyyz/
内科,老年病内科,老年人风湿性心脏病,心内科,疲乏、咳嗽、呼吸困难、心悸,60岁以上老年人,药物治疗、手术治疗,根据不同医院，收费标准不一致，市三甲医院约（2000 —— 10000元,否,5%,40%,21天,https://tag.120ask.com/jibing/lnrfsxxzb/
内科,老年病内科,老年人骨关节炎,骨科,关节疼痛、关节肿胀、关节红肿、活动障碍,50岁以上老年人,抗风湿治疗，以药物治疗为主,根据不同医院，收费标准不一致，市三甲医院约5000-20000元,否,0.5%-5%,35%，临床上多以控制症状治疗为主,1-2年,https://tag.120ask.com/jibing/lnrggjy/
内科,老年病内科,老年期抑郁障碍,精神科,焦虑、兴趣索然、注意力下降、精力下降,60岁以上老年人,药物治疗、心理治疗,根据不同医院，收费标准不一致，市三甲医院约（2000 ——5000元）,否,0.001%,30%,6个月,https://tag.120ask.com/jibing/lnqyyza/
内科,老年病内科,老年人脂肪肝,内科,肝区隐痛、纳差、恶心、呕吐、腹胀、腹泻、阳痿、鼻出血、蜘蛛痣、男性乳房增大,老年人,药物治疗,根据不同医院，收费标准不一致，市三甲医院约（3000—— 8000元）,否,5%,90%,180天,https://tag.120ask.com/jibing/lnrzfg/
内科,老年病内科,老年人胆囊炎,外科,疼痛、恶心、呕吐、黄疸,60岁以上老年人,药物治疗、手术治疗,根据不同医院，收费标准不一致，市三甲医院约（2000 —— 8000元）,否,,,,https://tag.120ask.com/jibing/lnrdny/
内科,风湿免疫内科,白塞氏病,风湿免疫科,口腔溃疡、生殖器溃疡、皮疹、眼睛红肿、眼睛疼痛、畏光、视力下降、视物不清、关节疼痛、关节肿胀、腹部有包块、体重下降、消瘦、饮食不振、头疼、头晕、恶心、呕吐、手脚感觉麻木,所有人群,药物治疗,根据不同医院，收费标准不一致，市三甲医院约（5000 —— 8000元）,否,0.0035%,25%,3-6个月,https://tag.120ask.com/jibing/bssb/
内科,风湿免疫内科,风湿热,风湿科,发热、咽痛、颌下淋巴结肿大、类风湿关节炎、心悸、气短、心力衰竭、心动过速、心律失常、心脏增大、低热、鼻出血、收缩期杂音 、心脏杂音,本病初发年龄以9~17岁多见，主要发生在青少年,药物治疗,根据不同医院，收费标准不一致，市三甲医院约（5000-10000元）,否,0.05%,80%,1-3个月,https://tag.120ask.com/jibing/fengshire/
内科,风湿免疫内科,干燥综合征,风湿免疫科,结膜异物、口干、两眼干涩、味觉减退、角结膜干燥症、腮腺肿大、角膜炎、睁眼困难、两眼刺痛、眼干、眼睛发红、眼睛痒,40岁到50岁,缓解症状、对症治疗,根据不同医院，收费标准不一致，市三甲医院约（1000 —— 2000元）,否,0.012%,80%,7天,https://tag.120ask.com/jibing/gzzhz/
内科,风湿免疫内科,红斑狼疮,风湿免疫科,红斑结节、红斑鳞屑、盘状红斑、水肿、肌痛、嗜酸性粒细胞增多、食欲不振、压痛、脾大、丘疹、溶血性贫血、脾萎缩,所有人,药物治疗,根据不同医院，收费标准不一致，市三甲医院约（5000 —— 8000元,否,0.003%--0.008%,60%,3-6月,https://tag.120ask.com/jibing/hblc/
内科,风湿免疫内科,类风湿,风湿免疫科,疼痛、晨僵、关节变形,所有人群,药物治疗,根据不同医院，收费标准不一致，市三甲医院约（1000 —— 8000元,否,0.002%(本病发病率较高在沿海地区多见，发病率在5%左右),85%(一般经过系统治疗后，有效治愈率在85%以上),3-6个月。,https://tag.120ask.com/jibing/lfs/
内科,风湿免疫内科,痛风,风湿免疫科,关节疼痛、第一跖骨关节肿胀、白细胞增多、高尿酸血症、疲劳、关节肿胀、关节畸形,轻度外伤，暴食高嘌呤食物或过度饮酒，手术，疲劳，情绪紧张，内科急症(如感染，血管阻塞)均可诱发痛风急性发作尤其多见于男性青壮年,药物治疗,　根据不同医院，收费标准不一致，市三甲医院约（1000 —— 2000元）,否,0.003%-0.005%(50岁以上患),60%,30天,https://tag.120ask.com/jibing/tf/
内科,风湿免疫内科,强直性脊柱炎,风湿免疫科,晨僵、持续性疼痛、骶髂关节疼痛,10-40岁人群,药物治疗,根据不同医院，收费标准不一致，市三甲医院约（3000 —— 8000元）,否,0.005%--0.009%,20%(控制症状治疗为主，手术为辅。),>120天(大部分需要终身治疗),https://tag.120ask.com/jibing/qzxjzy/
内科,风湿免疫内科,硬皮病,风湿免疫科,水肿时皮肤变厚、绷紧、皱纹消失、颜色苍白或淡黄、逐渐皮肤增厚变硬、溃疡、毛发脱落,青年、中年人群,生活调理、药物治疗,根据不同医院，收费标准不一致，市三甲医院约10000--50000元,否,0.0003%,30%,10-30天,https://tag.120ask.com/jibing/yingpibing/
内科,风湿免疫内科,脂膜炎,普外科,全身不适、关节痛、发热、皮下结节,青壮年女性,药物治疗,根据不同医院，收费标准不一致，市三甲医院约（5000 —— 8000元）,否,发病率约为0.001%-0.002%,75%-80%,3-6个月,https://tag.120ask.com/jibing/zhimoyan/
内科,风湿免疫内科,多发性肌炎,风湿科,肌肉压痛、肌性肌无力、喉肌无力、肌痛、皮肌炎Gottron征、压痛,任何年龄均可发病，多见于20-40岁妇女,药物治疗,根据不同医院，收费标准不一致，市三甲医院约（4000 —— 6000元）,否,0.005%,60%,1-2个月,https://tag.120ask.com/jibing/dfxjy/
内科,风湿免疫内科,类风湿性关节炎,风湿免疫科,晨僵、 关节糜烂、 类风湿关节炎 、炎性细胞浸润、 皮下结节、 压痛 、关节疼痛,所有人群,药物治疗,根据不同医院，收费标准不一致，市三甲医院约（1000 —— 3000元）,否,0.013%,60%,1-2个月,https://tag.120ask.com/jibing/lfsxgjy/
内科,风湿免疫内科,系统性红斑狼疮,内科、风湿科,关节疼痛、肌痛,15岁-40岁女性,中医药物治疗、西医药物治疗,根据不同医院，收费标准不一致，市三甲医院约（10000 —— 20000元）,否,0.002%-0.005%,0.1%(治愈率极低),6个月,https://tag.120ask.com/jibing/xtxhblc/
内科,风湿免疫内科,变应性肉芽肿血管炎,风湿免疫科,发热、咳嗽、哮喘、消瘦、肌肉疼痛、皮下结节、瘀斑、溃疡,所有人群，30～40岁为多见,药物治疗,根据不同医院，收费标准不一致，市三甲医院约（500——2000元）,否,0.003%,40%,3个月,https://tag.120ask.com/jibing/byxryzxgy/
内科,风湿免疫内科,白塞病,风湿免疫科,口腔溃疡、角膜溃疡、阴部溃疡、反复生殖器溃疡、阴茎表浅性溃疡、眼结膜水肿及角膜溃疡、发烧、红斑结节、脓毒性血栓、肢体麻痛、抽搐、恶心与呕吐,所有人群,药物治疗,根据不同医院，收费标准不一致，市三甲医院约（3000 —— 8000元）,否,0.2%,90%,3-6月,https://tag.120ask.com/jibing/baisaibing/
内科,风湿免疫内科,脉管炎,外科,患肢发凉、怕冷、麻木、间歇性跛行、静息痛、皮温降低、干性坏疽、足背动脉搏动消失,多见于２０-４０岁的男性吸烟者,运动、药物、手术治疗,根据不同医院，收费标准不一致，市三甲医院约（1000 ——3000元）,否,0.004%-0.007%，(经常输液的患者多见),75%,8-12周,https://tag.120ask.com/jibing/maiguanyan/
内科,风湿免疫内科,风湿性关节炎,风湿免疫科,关节红、肿、热、痛、局部隐痛、关节僵硬、晨僵,好发于中年人群,药物治疗、物理治疗、推拿治疗、手术治疗,根据不同医院，收费标准不一致，市三甲医院约3000--8000,否,0.05%,85%,3-6月,https://tag.120ask.com/jibing/fsxgjy/
内科,风湿免疫内科,皮肌炎,风湿免疫科,肌肉酸痛、 运动功能障碍 、心力衰竭 、头痛 、关节疼痛 、乏力、 眼睑浮肿,所有人群,药物治疗,根据不同医院，收费标准不一致，市三甲医院约（3000 —— 5000元,否,0.006%,75%,4-8周,https://tag.120ask.com/jibing/pijiyan/
内科,风湿免疫内科,结缔组织病,风湿免疫科,多关节炎、多关节痛,所有群体,西医治疗、中医治疗,根据不同医院，收费标准不一致，市三甲医院约（10000-50000元）,否,0.005%，老年人多见,60%,1-2个月,https://tag.120ask.com/jibing/jdzzb/
内科,风湿免疫内科,血清阴性脊柱关节病,风湿病科,交替性臀部疼痛、炎性腰背痛 、前胸壁疼痛,中青年,西药治疗,根据不同医院，收费标准不一致，市三甲医院约（5000 —— 10000元）,否,0.003%,40%,1-3个月,https://tag.120ask.com/jibing/xqyxjzgjb/
内科,风湿免疫内科,血管炎,心血管内科,呼吸困难、 气急 、急性呼吸困难、 咳嗽伴呼吸困难、 血尿、 鼻出血 、咳嗽 、鼻塞,所有人群,药物治疗,根据不同医院，收费标准不一致，市三甲医院约（3000 —— 5000元）,否,0.001%,70%,7-21天,https://tag.120ask.com/jibing/xueguanyan/
内科,风湿免疫内科,风湿病,风湿免疫科,关节局部刺痛、 四肢畸形、 腰骶疼痛 、炎性损害 、风湿性多发性肌痛症,所有人群,药物治疗,根据不同医院，收费标准不一致，市三甲医院约（1000 —— 3000元）,否,0.2%,30%,1-6个月,https://tag.120ask.com/jibing/fengshibing/
内科,风湿免疫内科,自身免疫性肝病,风湿免疫科,食欲减退、嗜睡、极度疲劳不适、皮肤瘙痒、关节酸痛、低热、右上腹痛、食欲低下、恶心、便秘、腹胀、无力、体重下降、复发性鼻出血,女性人群,药物治疗,根据不同医院，收费标准不一致，市三甲医院约（3000 —— 5000元）,否,人群患病概率0.03%,65%，多以控制症状为主,间歇性终身治疗,https://tag.120ask.com/jibing/zsmyxgb/
内科,风湿免疫内科,嗜酸性粒细胞增多症,血液科,风团、腹痛、疱疹、色素异常、丘疹、发热、皮疹、水肿,所有人群,药物治疗,根据不同医院，收费标准不一致，市三甲医院约1000--5000,否,发病率约0.03%-0.05%,45-65%,3-6个月,https://tag.120ask.com/jibing/ssxlxbzdz/
内科,风湿免疫内科,炎症性肠病关节炎,骨科,外周关节病变、大关节积液、腊肠指(趾)、肌腱末端并跟腱和跖底筋膜炎,胃肠炎症人群,西医药物治疗,根据不同医院，收费标准不一致，市三甲医院约（4000-7000元）,否,0.5%--0.9%,20-40%(主要以控制症状为主),1-2年,https://tag.120ask.com/jibing/yzxcbgjy/
内科,风湿免疫内科,特发性炎症性肌病,风湿免疫科,斑丘疹、斑疹、晨僵、充血、传导阻滞、蛋白尿、低热、乏力,10—14岁，45—50岁年龄段人群,药物治疗、血浆交换治疗,根据不同医院，收费标准不一致，市三甲医院约（50000 —— 100000元）,否,0.0001%,30--50%,3--8周,https://tag.120ask.com/jibing/tfxyzxjb/
内科,风湿免疫内科,未分化脊柱关节病,脊柱外科,炎性腰背痛、下肢为主的周围关节炎、肌腱末端病,儿童、骨关节疾病患者、男性多发,西医药物治疗,根据不同医院，收费标准不一致，市三甲医院约（5000-10000元）,否,0.001%,40%,3个月,https://tag.120ask.com/jibing/wfhjzgjb/
内科,风湿免疫内科,包涵体肌炎,心血管内科,肌无力、肌萎缩、腱反射敏感性降低,50岁以上男性多见,药物治疗,根据不同医院，收费标准不一致，市三甲医院约（3000 —— 8000元）,否,0.003%,40%,3个月,https://tag.120ask.com/jibing/bhtjy/
内科,风湿免疫内科,Behcet病,风湿免疫科,口腔溃疡、阴部溃疡、葡萄膜炎、周身不适、低热、食欲不振、红斑结节、视网膜水肿、疲劳,所有人群,药物治疗,根据不同医院，收费标准不一致，市三甲医院约（3000 —— 5000元）,否,0.0035%,85%,3-6月,https://tag.120ask.com/jibing/behcetb/
内科,风湿免疫内科,无肌病性皮肌炎,皮肤科,眼睑周围呈现水肿性紫红色斑、甲皱襞处有毛细血管扩张、曝光部位皮肤红斑,免疫功能不全者,西医药物治疗,根据不同医院，收费标准不一致，市三甲医院约（8000-10000元）,否,发病率约为0.003%-0.004%,,终身间歇性对症治疗,https://tag.120ask.com/jibing/wjbxpjy/
内科,风湿免疫内科,雷诺综合征,神经内科,肢端接连出现苍白、发组和潮红反应、多疑、手足厥寒、运动功能障碍、多汗症、胀痛、容易激动、营养障碍、皮肤弹性差、紫绀、感觉障碍,青年人群,药物治疗,根据不同医院，收费标准不一致，市三甲医院约1000--3000,否,"50%(长期从事振动性作业(如汽钻、电锯)的工人中间,雷诺综合征的发病率可高达50%)",60%,1-3个月,https://tag.120ask.com/jibing/lnzhz/
内科,风湿免疫内科,指节垫,皮肤科,圆形斑块样、纤维化肥厚、指节垫,家族遗传者,药物治疗,根据不同医院，收费标准不一致，市三甲医院约(1000---2000元),否,0.0005%--0.0007%,60%,3个月,https://tag.120ask.com/jibing/zhijiedian/
内科,风湿免疫内科,干燥综合症,内科,眼内异物感、灼热感、眼痒、眼干、口干、喉咙干燥疼痛不适,40～60岁女性多见,药物治疗,500--1000元,否,0.02%,80%,10-30天,https://tag.120ask.com/jibing/ganzzhz/
内科,风湿免疫内科,风湿痛症,肾内科,关节疼痛、骨痛、乏力,自身免疫性疾病者多见,药物治疗,根据不同医院，收费标准不一致，市三甲医院约20000-30000元,否,0.02%-0.15%,60%,4-8月,https://tag.120ask.com/jibing/fstz/
内科,风湿免疫内科,白塞综合征,内科,反复口腔溃疡、反复生殖器溃疡、眼病 色素膜炎、皮肤出现结节红斑、关节痛,中青年,药物治疗,根据不同医院，收费标准不一致，市三甲医院约（3000—— 8000元）,否,0.001%,80%,10天,https://tag.120ask.com/jibing/baiszhz/
内科,风湿免疫内科,老年人风湿性心脏病,心内科,疲乏、咳嗽、呼吸困难、心悸,60岁以上老年人,药物治疗、手术治疗,根据不同医院，收费标准不一致，市三甲医院约（2000 —— 10000元,否,5%,40%,21天,https://tag.120ask.com/jibing/lnrfsxxzb/
内科,风湿免疫内科,Jessner淋巴细胞浸润,肿瘤内科,瘙痒、斑丘疹、盘状红斑、斑疹,40岁左右女性,药物治疗,根据不同医院，收费标准不一致，市三甲医院约（5000 — 10000元）,否,0.1%,95%,60天,https://tag.120ask.com/jibing/jessner/
内科,风湿免疫内科,爪形手,骨科,疼痛、肿胀、皮肤潮红、皮肤温度增高、畸形,急性心肌梗塞人群,药物治疗、中医治疗、康复治疗、星状神经阻滞,根据不同医院，收费标准不一致，市三甲医院约10000-15000元,否,急性心肌梗塞人群20%,50%,1年,https://tag.120ask.com/jibing/zxs/
内科,风湿免疫内科,猿形手,骨科,肿胀、疼痛、活动受限,所有人,治疗治疗、药物治疗、手术治疗,根据不同医院，收费标准不一致，市三甲医院10000--150000元,否,0.2%,80%,1年,https://tag.120ask.com/jibing/yxs/
内科,风湿免疫内科,系统性硬皮病,皮肤科,吞咽困难、食管反流、肺间质纤维化、心包积液,成年人,药物治疗,根据不同的医院，收费标准不一致，市三甲医院约（3000-12000元）,否,0.1%,97%,30天,https://tag.120ask.com/jibing/xtxypb/
内科,透析科,肾衰竭,肾内科,低比重尿、水中毒、高钾血症、尿钠高、血尿、蛋白尿、管型尿,所有人群,药物治疗,根据不同医院，收费标准不一致，市三甲医院约（3000—— 5000元）,否,慢性肾炎最终会发展成为本病，人群中发病率约0.02%,,终身治疗,https://tag.120ask.com/jibing/ssj/
内科,变态反应科,过敏性鼻炎,耳鼻喉科、变态反应科,阵发性喷嚏、清水样鼻涕、鼻塞、鼻痒,中青年人群,药物治疗、免疫治疗、外科治疗,根据不同医院，收费标准不一致，市三甲医院约（500-1000元）,否,0.001%-0.005%,,>30天,https://tag.120ask.com/jibing/gmxby/
内科,变态反应科,过敏性哮喘,呼吸内科,打喷嚏、流鼻涕、胸闷、紫绀、咳嗽、吐泡沫痰,所有人群,药物治疗,根据不同医院，收费标准不一致，市三甲医院约（3000 —— 5000元）,否,0.13%,30%,7-14天,https://tag.120ask.com/jibing/gmxxc/
内科,变态反应科,紫癜性肾炎,肾内科,皮肤紫癜、关节肿痛、腹痛便血、血尿、蛋白尿,青少年,西医治疗、中医中药治疗,根据不同医院，收费标准不一致，市三甲医院约（3000-5000元）,否,0.06%,80%,2-3月,https://tag.120ask.com/jibing/zxsy/
内科,变态反应科,脉管炎,外科,患肢发凉、怕冷、麻木、间歇性跛行、静息痛、皮温降低、干性坏疽、足背动脉搏动消失,多见于２０-４０岁的男性吸烟者,运动、药物、手术治疗,根据不同医院，收费标准不一致，市三甲医院约（1000 ——3000元）,否,0.004%-0.007%，(经常输液的患者多见),75%,8-12周,https://tag.120ask.com/jibing/maiguanyan/
内科,变态反应科,小儿过敏性紫癜,儿科,皮肤紫癜、腹痛、关节肿痛、血尿、低热、纳差、乏力、斑丘疹 、剧烈疼痛、腹泻、水肿、血管神经性水肿,婴幼儿,药物治疗,根据不同医院，收费标准不一致，市三甲医院约（5000-10000元）,否,0.00352%,65%,1-2个月,https://tag.120ask.com/jibing/xegmxz/
内科,变态反应科,自身敏感性皮炎,皮肤科,局限性湿疹加重、局部散在性或群集的小丘疹丘疱疹水疱及脓疱、瘙痒剧烈、灼热感、全身不适,某些过敏人群,西药治疗、中药治疗、生活预防,根据不同医院，收费标准不一致，市三甲医院约（10000--16000元）,否,0.05%,100%,1-2周,https://tag.120ask.com/jibing/zsmgxpy/
内科,变态反应科,多形红斑,皮肤科,口腔粘膜弥漫充血、口腔糜烂、口唇渗液、口腔痛、虹状红斑、多形红斑样皮疹、水肿、溃疡、结膜充血、发烧、头痛、关节酸痛,所有群体,药物治疗,根据不同医院，收费标准不一致，市三甲医院约（1000-5000元）,否,发病率约为0.004%-0.006%,70%,3-6周,https://tag.120ask.com/jibing/dxhb/
内科,变态反应科,变应性皮肤血管炎,皮肤科,可触及的紫癜、红斑、丘疹、水疱、荨麻疹、脓疱、发热、体重下降,过敏体质者,一般疗法、药物疗法、物理疗法,根据不同医院，收费标准不一致，市三甲医院约200-800元,否,过敏体质的患病率1%,98%,20天,https://tag.120ask.com/jibing/byxpfxgy/
内科,变态反应科,皮肤过敏,皮肤科、变态反应科,瘙痒、突发、无痛的局部水肿、日光照射引起皮肤过敏、丘疹、风团、光过敏、全身过敏反应、皮肤发红、特禀体质、皮肤划线处的风团样损害、皮肤有瘙痒抓痕、药物过敏反应,所有人群,药物治疗,根据不同医院，收费标准不一致，市三甲医院约（1000-5000元）,否,0.8%,90%,1-2周,https://tag.120ask.com/jibing/pfgm/
内科,变态反应科,花粉症,变态反应科,眼睛发痒、眼睑肿胀、结膜水肿、雾视、流泪、疼痛,过敏人群,药物治疗,根据不同医院，收费标准不一致，市三甲医院约3000--9000,否,0.9%,60%,3个月,https://tag.120ask.com/jibing/huafenzheng/
内科,变态反应科,过敏性休克,急诊科,恐惧、心慌、烦躁不安、血压下降、恶心与呕吐、出汗异常、瘙痒、皮肤划线处的风团样损害、疱疹、呼吸异常、全身过敏反应、腹泻,所有群体,药物治疗,根据不同医院，收费标准不一致，市三甲医院约（5000-10000元）,否,0.001%,60%,7--21天,https://tag.120ask.com/jibing/gmxxk/
内科,变态反应科,过敏性结膜炎,眼科,结膜充血、水肿、有黏液性分泌物、眼睑皮肤红肿,所有人群,生活调理、药物治疗,根据不同医院，收费标准不一致，市三甲医院约2000--5000元,否,0.01%,86%,7-14天,https://tag.120ask.com/jibing/gmxjmy/
内科,变态反应科,药物过敏,变态反应科,气紧、皮肤瘙痒、心悸,用易过敏药物、有过敏体质的人多见,抢救措施、药物治疗,根据不同医院，收费标准不一致，市三甲医院约（2000 —— 5000元）,否,1%,70%,2-4周,https://tag.120ask.com/jibing/ywgm/
内科,变态反应科,食物过敏性哮喘,内科,风疹、喉水肿、哮喘、腹泻,成年人,药物治疗,根据不同医院，收费标准不一致，市三甲医院约（3000—— 5000元）,否,3%,100%,7天,https://tag.120ask.com/jibing/swgmxxc/
内科,变态反应科,神经皮肤综合征,神经外科,数目较多的咖啡牛奶斑、咖啡斑、耳鸣、放射性疼痛、 听力下降、色素斑,成年人,药物治疗,根据不同医院，收费标准不一致，市三甲医院约（3000 — 8000元）,否,0.1%,1%,1年,https://tag.120ask.com/jibing/shenjpfzhz/
外科,普通外科,肺栓塞,呼吸内科,急性呼吸困难、肺栓塞、发绀、胸痛、心肺栓塞、晕厥、咯血、右心衰竭、肢端湿冷、胸膜摩擦音、胸腔积液、惊恐发作,所有人群,药物治疗,根据不同医院，收费标准不一致，市三甲医院约（20000-100000元）,否,0.005%,60%,1个月,https://tag.120ask.com/jibing/feishuansai/
外科,普通外科,结节病,风湿免疫科,结节、下肢红斑结节、红斑结节、淋巴结肿大、丘疹、皮下结节、斑块型肉样瘤,40岁以下多见，发病高峰在20～29岁,药物治疗,根据不同医院，收费标准不一致，市三甲医院约（5000 —— 8000元）,否,0.0006%,60%,3-6个月,https://tag.120ask.com/jibing/jiejiebing/
外科,普通外科,不完全性肠梗阻,肛肠科,腹痛、呕吐、腹胀,老年人,药物治疗,根据不同医院，收费标准不一致，市三甲医院约（3000 —— 5000元）,否,,,,https://tag.120ask.com/jibing/bwqxcgz/
外科,普通外科,肠套叠,普外科,腹痛、呕吐、血便、腹部肿块、食欲不振、发热,婴幼儿、成人,灌肠治疗、手术治疗、药物治疗,根据不同医院，收费标准不一致，市三甲医院约（10000--20000元）,否,儿童发病率约为0.005%,,2-4周,https://tag.120ask.com/jibing/changtaodie/
外科,普通外科,肠粘连,普外科,腹痛腹胀、排气不畅、嗳气、大便干燥,多发于手术后、腹部创伤等人群,中医治疗、药物治疗、手术治疗、保健治疗,根据不同医院，收费标准不一致，市三甲医院约10000--20000元,否,0.02%，多见于腹部手术者,80%,10-30天,https://tag.120ask.com/jibing/changzhanlian/
外科,普通外科,蜂窝织炎,外科,局部红肿、疼痛、高热、寒战,青壮年人群,药物治疗、外科手术,根据不同医院，收费标准不一致，市三甲医院约（1000 ——3000元）,否,20岁以上患病概率10%,,国内最认可的有效治疗手段的该病治疗周期1--2周,https://tag.120ask.com/jibing/fwzy/
外科,普通外科,腹膜炎,普外科,腹痛、恶心、呕吐、发烧、腹肌紧张、休克、腹胀、下腹部压痛、反跳痛,所有群体,药物治疗、手术治疗,根据不同医院，收费标准不一致，市三甲医院约（5000-10000元）,否,发病率约为0.003%--0.006%,60-80%,1-2个月,https://tag.120ask.com/jibing/fumoyan/
外科,普通外科,腹腔脓肿,普外科,局限性腹痛、腹胀、腹部压痛、腹部肿块、呕吐,无特殊发病群体,药物治疗、手术治疗,根据不同医院，收费标准不一致，市三甲医院约（5000-10000元）,否,发病率约0.003%--0.005%，多见于血液感染性疾病患者,70-75%,1-3个月,https://tag.120ask.com/jibing/fqnz/
外科,普通外科,腹外疝,普外科,慢性咳嗽、经常呕吐、便秘、脱肛、排尿费力、既往疝嵌顿史、腹部异常膨隆或凹陷、腹水、站立时有肿块突出,小儿及老年男性,手术治疗,根据不同医院，收费标准不一致，市三甲医院约（30000 —— 50000元）,否,0.002%,90%,2-4月,https://tag.120ask.com/jibing/fuwai/
外科,普通外科,颈椎病,脊柱外科,头痛头晕、颈项疼痛、恶心呕吐,所有人群尤其是长期伏案工作的人群,药物治疗、理疗、手术治疗、中医针灸治疗,根据不同医院，收费标准不一致，市三甲医院约（2000 —— 8000元）,否,0.4%,50%,3-6个月,https://tag.120ask.com/jibing/jzb/
外科,普通外科,疝气,普外科,腹痛、腹胀、排便障碍、肿物缩小或者回纳入腹腔、在哭闹、运动、咳嗽、解便后等情况肿物变的特别大,儿童人群,物理治疗、手术治疗,根据不同医院，收费标准不一致，市三甲医院约（5000-10000元）,否,0.013%,90%,7-10天,https://tag.120ask.com/jibing/shanqi/
外科,普通外科,胃穿孔,消化内科,突然发生剧烈腹痛、刀割或烧灼样痛、阵发生性加重、恶心、呕吐、腹胀、便秘、气腹、腹壁压痛、反跳痛、肌紧张,50岁以上人群,手术治疗,根据不同医院，收费标准不一致，市三甲医院约（5000-10000元）,否,消化性溃疡患者发病率约为0.1%,85%,2-6周,https://tag.120ask.com/jibing/weichuankong/
外科,普通外科,脓肿,外科,发热、乏力、红肿、疼痛,年轻人,药物治疗,根据不同医院，收费标准不一致，市三甲医院约（300 —— 1000）,否,2%,100%,15天,https://tag.120ask.com/jibing/nongzhong/
外科,普通外科,中毒性休克,急诊科,高热、呕吐、腹泻、意识模糊和皮疹、血压下降、呼吸急促、体温下降、昏迷,应用阴道棉塞的行经妇女,药物治疗，支持疗法,根据不同医院，收费标准不一致，市三甲医院约（10000 —— 20000元）,否,0.05-0.1%,50--70%,7--30天,https://tag.120ask.com/jibing/zdxxk/
外科,普通外科,输卵管囊肿,妇科,下腹肿块、阴道排液、阴道出血、腹痛,生育期女性,手术治疗、药物治疗,1000-5000元,否,0.001%,90%,7-10天,https://tag.120ask.com/jibing/slgnz/
外科,普通外科,淋巴管瘤,肿瘤科,巨唇、巨舌,儿童发病多见,药物、手术治疗,根据不同医院，收费标准不一致，市三甲医院约（40000 —— 80000元）,否,0.03%,85%,1-3月,https://tag.120ask.com/jibing/lbgl/
外科,普通外科,鸡眼,皮肤科,局限性、角化性、圆锥形的增厚物,一般人群均可发生,药物治疗、手术切除,根据不同医院，收费标准不一致，市三甲医院约（500 —— 1000元）,否,0.3%,60%,7-10天,https://tag.120ask.com/jibing/jiyan/
外科,普通外科,小肠肿瘤,肛肠外科,腹痛、胀痛、腹泻、食欲不振、柏油便、绞痛、消瘦、贫血，腹部包块,所有人群,手术治疗,根据不同医院，收费标准不一致，市三甲医院约（40000 —— 60000元）,否,0.5%--0.7%.,,28天,https://tag.120ask.com/jibing/xczl/
外科,普通外科,肝衰竭,消化内科,肢疲体倦、厌食、呕吐、腹胀、黄疸、出血,原有肝脏疾病患者,药物治疗,根据不同医院，收费标准不一致，市三甲医院约）（10000--30000元）,否,0.001%,70%,60--120天,https://tag.120ask.com/jibing/ganshuaijie/
外科,普通外科,食管裂孔疝,心胸外科,嗳气、呃逆、打嗝、恶心与呕吐、胸骨后疼痛、腹痛、反胃、咽痛声哑、咯血、气短、心悸、胸闷,所有群体,药物治疗、手术治疗,根据不同医院，收费标准不一致，市三甲医院约（5000-10000元）,否,0.03%,89%,7天,https://tag.120ask.com/jibing/sglk/
外科,普通外科,骨化性肌炎,内科,畸特的先天性斜颈、扭转和颈部肌肉肿胀、变硬但多数不伴疼痛、全身肌肉均可累及、剧烈运动或外伤可引起肌肉破裂、出血和血肿形成,儿童、青年,一般疗法、药物疗法、手术疗法,根据不同医院，收费标准不一致，市三甲医院约2000-10000元,否,好发人群的患病率0.9%,87%,100天,https://tag.120ask.com/jibing/ghxjy/
外科,普通外科,甲状腺结节,外科-普外科、内分泌科,呼吸困难、容易激动、甲状腺结节,中青年20岁-40岁女性,药物治疗、手术治疗,根据不同医院，收费标准不一致，市三甲医院约（3000 —— 5000元,否,0.005%,90%,2-4周,https://tag.120ask.com/jibing/jzxjj/
外科,普通外科,甲状腺囊肿,外科,甲状腺一侧或双侧肿大而较硬、甲状腺形态大多呈弥漫性增大、有的可呈结节,40岁左右的中年女性,手术治疗、药物治疗,根据不同医院，收费标准不一致，市三甲医院约（2000 —— 3000元）,否,0.3%,80%,30天,https://tag.120ask.com/jibing/jzxnz/
外科,普通外科,阑尾炎,普外科,下腹疼痛、体温升高、呕吐、中性粒细胞增多,青年人群,药物治疗、手术治疗,根据不同医院，收费标准不一致，市三甲医院约（500 —— 3000元）,否,0.3%(本病属于常见病，在任何年龄段都可以出现，发病率在50%左右),100%(经过抗炎手术的等方式治疗后都能痊愈。),7天,https://tag.120ask.com/jibing/lwy/
外科,普通外科,淋巴水肿,普外科,丹毒、恶心、高热、寒战、继发感染、静脉曲张、静脉血栓、溃疡,所有人群,药物治疗、手术治疗,根据不同医院，收费标准不一致，市三甲医院约（3000—— 7000元）,否,0.012%,40%,10-30天,https://tag.120ask.com/jibing/lbsz/
外科,普通外科,皮肤乳头状瘤,皮肤科,米粒大小的丘疹表面角化明显粗糙不平、顶端刺状质地坚硬皮损、甲下增厚、角化,性生活活跃的人群,物理治疗、药物治疗、免疫治疗。,3000-10000,是,0.1%,,120天,https://tag.120ask.com/jibing/pfrtzl/
外科,普通外科,运动损伤,骨外科,疼痛肿胀、淤血、活动受限,运动人群,药物治疗 、物理治疗,根据不同医院，收费标准不一致，市三甲医院约（300 —— 500元）,否,本病是常见损伤性疾病，一般发生率在85%,,1-3月,https://tag.120ask.com/jibing/ydss/
外科,普通外科,颈肩痛,骨科、疼痛科,活动受限制、疼痛、麻木、无力,老年人、体力劳动者、运动员,中医药物治疗,根据不同医院，收费标准不一致，市三甲医院约（2000-10000元）,否,0.37%,90%,10天,https://tag.120ask.com/jibing/jingjiantong/
外科,普通外科,骨结核,骨科、感染科,局部肿胀、明显疼痛、骨膜新骨形成、骨皮质增厚、骨髓腔增大、骨干呈梭形肿大、骨气臌,儿童,药物治疗,根据不同医院，收费标准不一致，市三甲医院约（1000-5000元）,是,人群患病概率0.31%,,治疗周期9个月,https://tag.120ask.com/jibing/gujiehe/
外科,普通外科,腰椎间盘突出,脊柱外科,腰椎退化、腰椎间盘突出、腰酸痛、肢体麻木,20岁-50岁男性尤为多见,西医治疗、中医治疗,根据不同医院，收费标准不一致，市三甲医院约（3000 —— 5000元）,否,0.1%,,1-3个月,https://tag.120ask.com/jibing/yzjptcz/
外科,普通外科,急性淋巴结炎,普外科,淋巴结肿大、疼痛和压痛、皮肤常红肿、压痛明显、畏寒、发热、头痛,所有人群,药物治疗、支持疗法,根据不同医院，收费标准不一致，市三甲医院约（3000 —— 5000元）,否,0.1%,95%,7天,https://tag.120ask.com/jibing/jxlbjy/
外科,普通外科,烫伤,外科、烧伤科,局部红肿、水泡、疼痛,儿童、老年人,西药治疗、手术治疗,根据烫伤程度和就诊医院不同，收费标准不一致，市三甲医院约（500 —— 1000元）,否,0.2%,80%,3-5周,https://tag.120ask.com/jibing/tangshang/
外科,普通外科,妊娠合并阑尾炎,产科、普外科,腹痛、发热、右下腹压痛、呕吐,妊娠妇女,手术治疗、药物治疗,根据不同医院，收费标准不一致，市三甲医院约5000-----10000元,否,0.001%,80%,10天,https://tag.120ask.com/jibing/rshblwy/
外科,普通外科,小儿高热,儿内科,体温39摄氏度以上、惊厥、气促、面红、心率快,儿童,中药、西药,根据不同医院，收费标准不一致，市三甲医院约（500 —— 1000元）,否,0.38%,90%,7-21天,https://tag.120ask.com/jibing/xegr/
外科,普通外科,脐疝,普外科,脐部可见球形或半球形可复性肿物、肿胀、疼痛,婴儿,复位固定、手术治疗,根据不同医院，收费标准不一致，市三甲医院约（500 —— 1000元）,否,0.83%(上述为婴幼儿患病概),99%,7天,https://tag.120ask.com/jibing/qishan/
外科,普通外科,眼外伤,眼科,眼痛、眼睑擦伤及瘀血、眼肌麻痹、结膜下出血、眼部刺激或灼伤,无特殊发病群体,药物治疗、手术治疗,根据不同医院，收费标准不一致，市三甲医院约（500-1000元）,否,0.13%,80%,7天,https://tag.120ask.com/jibing/yanwaishang/
外科,普通外科,楔状缺损,口腔科,楔状缺损由两个平面相交而成、有的由三个平面组成少数的缺损、呈卵圆形、有的可有着色、好发于前磨牙,任何年龄,一般疗法、保守疗法、手术疗法,根据不同医院，收费标准不一致，市三甲医院约800-1500元,否,80%,98%,90天,https://tag.120ask.com/jibing/qzqs/
外科,普通外科,舌下囊肿,口腔颌面外科,肿胀疼痛,所有人群,手术治疗,根据不同医院，收费标准不一致，市三甲医院约500-1000元,否,0.01%,60%,1个月,https://tag.120ask.com/jibing/sxnz/
外科,普通外科,黄瘤病,皮肤科,皮肤瘙痒、皮肤新生皮疹、皮炎样皮损,免疫功能低下者,药物治疗,根据不同医院，收费标准不一致，市三甲医院约2000-5000元,否,0.1%-1.5%,60%-70%,1-2周,https://tag.120ask.com/jibing/hlb/
外科,普通外科,皮脂腺囊肿,普外科,皮肤红肿、皮肤变软、皮温升高、疼痛、皮肤化脓,所有人群,手术治疗、药物治疗,根据不同医院，收费标准不一致，市三甲医院约（500—— 2000元）,否,0.015%,98%,1-2周,https://tag.120ask.com/jibing/pzxnz/
外科,普通外科,纤维瘤,普外科,表面皮肤正常、可触及皮下光滑活动的肿物、无压痛,多发于40-50岁成人,手术治疗,根据不同医院，收费标准不一致，市三甲医院约（5000 —— 8000元）,否,0.2%,90%(肿瘤切除术),7-14天(手术切除),https://tag.120ask.com/jibing/xianweiliu/
外科,普通外科,闭孔疝,普外科,腹痛、胸闷、气促、呼吸困难,肥胖人群多发,手术治疗、药物治疗,根据不同医院，收费标准不一致，市三甲医院约3000-6000元,否,0.6%-1.5%,70%,1-3周,https://tag.120ask.com/jibing/bks/
外科,普通外科,关节扭伤,骨科,局部疼痛、肿胀,20-30,药物治疗,200-300元,否,,,,https://tag.120ask.com/jibing/gjns/
外科,普通外科,回肠畸形,小儿外科,原因不明的腹痛、便血,儿童,手术治疗,根据医院不同，收费标志也不一致，市三甲医院约（40000-80000元）,否,0.0003%,75-85%(外科手术治疗),8-12周,https://tag.120ask.com/jibing/huichangjixing/
外科,普通外科,头皮血肿,神经外科,皮下血肿、头皮血肿、外伤性出血、软组织肿胀、压痛、疼痛,所有群体,药物治疗、手术治疗,根据不同医院，收费标准不一致，市三甲医院约（500-1000元）,否,0.02--0.06%，多见于头部外伤者,80%,10--21天,https://tag.120ask.com/jibing/tpxz/
外科,普通外科,小儿疝气,儿外科,腹股沟部或阴囊处出现肿物、便秘、可有腹痛,慢性咳嗽、便秘及经常大声哭闹的小儿，男孩居多,手术治疗、中医推拿,根据不同医院，收费标准不一致，市三甲医院约（30000 ——50000元）,否,0.009%,68%,3-6周,https://tag.120ask.com/jibing/xiaoershanqi/
外科,普通外科,腱鞘囊肿,外科,关节疼痛、关节有囊性肿块、活动受限,用手关节较多的人群多发,外科治疗、物理治疗,根据不同医院，收费标准不一致，市三甲医院约50---200元。,否,0.02%,80%,1-3周,https://tag.120ask.com/jibing/jianqiaonangzhong/
外科,普通外科,食管狭窄,心胸外科,进餐后的食物反流、呛咳、发绀,婴幼儿、老年人,手术治疗，西药,根据不同医院，收费标准不一致，市三甲医院约（5000—— 10000元）,否,0.05--0.1%,30--40%,2--8周,https://tag.120ask.com/jibing/sgxz/
外科,普通外科,肠系膜血管缺血性疾病,肛肠科,肠壁缺血坏死、肠管运动功能障碍、腹部绞痛、恶心呕吐、频繁腹泻,肠系膜上动脉血栓患者,手术治疗,根据不同医院，收费标准不一致，市三甲医院约（8000-13000元）,否,发病率约为0.004%-0.007%,,2-4周,https://tag.120ask.com/jibing/cxmxgqxxjb/
外科,普通外科,乳腺肿瘤,乳腺外科、肿瘤科,乳房肿块、乳房肿痛、乳房钝痛、乳头溢液、乳头和乳晕改变、乳房轮廓改变,女性（多为40以上的中老年女性）,手术治疗、药物治疗,根据不同医院，收费标准不一致，市三甲医院约（3000 —— 8000元）,否,0.064%,75%,1-3个月,https://tag.120ask.com/jibing/rxzl/
外科,普通外科,腹股沟疝,普外科,腹股沟疼痛、腹股沟区可复性肿块、疝区疼痛、坠胀感、恶心、呕吐、便秘、消化不良、腹胀,所有群体,手术治疗,根据不同医院，收费标准不一致，市三甲医院约（500-1000元）,否,0.025%,80%,7--21天,https://tag.120ask.com/jibing/fgg/
外科,普通外科,肠肿瘤,肿瘤科,腹部肿块、疼痛剧烈、贫血、便血、粪便次数多且不成形、消瘦乏力,所有人群,手术治疗、放射治疗、化学治疗,根据不同医院，收费标准不一致，市三甲医院约40000--80000元,否,0.008%,80%,2-6月,https://tag.120ask.com/jibing/changzhongliu/
外科,普通外科,腹部创伤,普外科,腹痛、呕血、休克、腹胀、尿血、便血、腹部压痛、肠鸣音消失、腹痛伴恶心、呕吐、腹部肿块、肝浊音界缩小或消失,所有人群,药物治疗、手术治疗,根据不同医院，收费标准不一致，市三甲医院约（3000 —— 5000元）,否,0.01%-0.03%,80%,7天,https://tag.120ask.com/jibing/fbcs/
外科,普通外科,淋巴结炎,普外科,可活动性硬物、红肿热痛、压痛、畏寒发热、头痛,所有人群,西药治疗、中药治疗、局部治疗、手术治疗,根据不同医院，收费标准不一致，市三甲医院约3000--8000元,否,0.01%,90%,7天,https://tag.120ask.com/jibing/lbjy/
外科,普通外科,胰腺结石,肝胆外科,腹痛、消瘦、脂肪泻、黄疸,中年人,手术治疗,根据不同医院，收费标准不一致，市三甲医院约(10000--30000元),否,0.025%,80%,2-4月,https://tag.120ask.com/jibing/yxjs/
外科,普通外科,颈动脉体瘤,血管外科,痛感、压迫感、头痛、吞咽困难、声嘶、呼吸困难、头晕,所有人群,手术治疗、药物治疗,根据不同医院，收费标准不一致，市三甲医院约10000--20000,否,0.05%,55%,3-6月,https://tag.120ask.com/jibing/jdmtl/
外科,普通外科,结肠破裂,普外科,腹胀、发烧、腹肌紧张、肠鸣音消失、移动性浊音、腹部压痛反跳痛、休克,所有人群,药物、手术治疗,根据不同医院，收费标准不一致，市三甲医院约（5000 ——10000元）,否,0.005%,85%,2-4月,https://tag.120ask.com/jibing/jcpl/
外科,普通外科,良性十二指肠淤滞症,消化内科,肠淤滞、腹痛、贫血、食欲减退、消瘦、营养不良、胀痛,所有人群,保守治疗、手术治疗,根据不同医院，收费标准不一致，市三甲医院约（50000 —— 70000元）,否,1%,90%,3个月,https://tag.120ask.com/jibing/lxsezcyzz/
外科,普通外科,囊性肿瘤及囊肿,普外科,腹腔囊肿多没有明显的症状、表皮囊肿可以看到囊性的肿物,成年人,手术治疗、中药治疗,根据不同医院，收费标准不一致，市三甲医院约（2000 —— 5000元）,否,0.05%,75%,3-6周,https://tag.120ask.com/jibing/nxzljnz/
外科,普通外科,颈部创伤,脊柱外科,颈部出血肿痛,从事危险作业的人,西医药物治疗、手术治疗,根据不同医院，收费标准不一致，市三甲医院约（500 —— 1000元）,否,0.005%,70%,1个月,https://tag.120ask.com/jibing/jbcs/
外科,普通外科,白线疝,普外科,腹部中线处肿块、腹痛、腹部肿块、上腹部疼痛、恶心、呕吐,20～50岁年龄多见,药物治疗,根据不同医院，收费标准不一致，市三甲医院约（3000 —— 5000元）,否,发病率为0.05%～0.10%,80%,3周,https://tag.120ask.com/jibing/baixian/
外科,普通外科,低血容量性休克,急诊科,头晕、面色苍白、出冷汗、烦躁不安或表情淡漠、严重者昏厥甚至昏迷、脉搏细速、血压体温下降、呼吸急促、尿少甚至无尿,所有人群,药物治疗,根据不同医院，收费标准不一致，市三甲医院约（10000 —— 20000元）,否,0.032%,80%,1-3天,https://tag.120ask.com/jibing/dxrlxxk/
外科,普通外科,股疝,普外科,可复性肿块、胀痛、结肠梗阻、咳嗽冲击感,40岁以上妇女,手术治疗,根据不同医院，收费标准不一致，市三甲医院约（5000-10000元）,否,0.005%,98%,3-5月,https://tag.120ask.com/jibing/gu/
外科,普通外科,伤寒肠穿孔,普外科,发热畏寒、全身不适、厌食、肠出血、右下腹痛、有明显腹部压痛、血便,所有人群,药物治疗,根据不同医院，收费标准不一致，市三甲医院约（4000 —— 6000元）,否,0.0025%,70%,2-4周,https://tag.120ask.com/jibing/shcck/
外科,普通外科,先天性肠狭窄,普外科,呕吐、腹泻、肠狭窄、十二指肠狭窄,所有人群,手术治疗,根据不同医院，收费标准不一致，市三甲医院约（10000—— 20000元）,否,婴幼儿发病率约为0.001%--0.004%,,6-8周,https://tag.120ask.com/jibing/xtxcxz/
外科,普通外科,胃十二指肠溃疡瘢痕性幽门梗阻,普外科,呕吐、反胃、进食减少、空腹时上腹部饱胀和逆蠕动的胃型以及上腹部震水音是幽门梗阻的特征性体征,慢性胃炎及消化性溃疡患者,手术治疗、支持疗法,根据不同医院，收费标准不一致，市三甲医院约（30000 —— 50000元）,否,溃疡病并发幽门梗阻者约5～10%,70%,2-4周,https://tag.120ask.com/jibing/wsezckyhxymgz/
外科,普通外科,胃肉瘤,普外科,胃痛、腹部不适、饱胀、便血、呕血、消瘦、贫血、乏力、,所有人群,手术治疗、放射治疗、药物治疗,根据不同医院，收费标准不一致，市三甲医院约10000--30000,否,患病概率0.002%,,手术治疗周期14天,https://tag.120ask.com/jibing/weirouliu/
外科,普通外科,小肠破裂,普外科,腹痛、腹胀、休克,所有人群,手术治疗、药物治疗,根据不同医院，收费标准不一致，市三甲医院约（5000 —— 10000元）,否,0.02%,85%,2周,https://tag.120ask.com/jibing/xcpl/
外科,普通外科,桥本甲状腺炎,内分泌科,甲状腺肿、无压痛、怕热、多汗、皮肤潮湿、低热、心悸、神经过敏,中年女性,药物治疗、对症治疗,根据不同医院，收费标准不一致，市三甲医院约8000--10000,否,0.01%,0.001%,>30,https://tag.120ask.com/jibing/qbjzxy/
外科,普通外科,气管异物,急诊科,声嘶、呼吸困难,5岁以下儿童,手术治疗,根据不同医院，收费标准不一致，市三甲医院约（5000-10000元）,否,5岁以下儿童患病概率0.35%,,手术治疗周期3天,https://tag.120ask.com/jibing/qgyw/
外科,普通外科,跟腱断裂,骨科,局部疼痛、功能障碍、肿胀,30-50岁运动人群,手术治疗，功能训练,根据不同医院，收费标准不一致，市三甲医院约（5000 —— 10000元）,否,2%,90%,1-3月,https://tag.120ask.com/jibing/gdl/
外科,普通外科,跖疣,皮肤科,局部明显触压痛 、皮损为圆形乳头状角质增生、周围绕以增厚的角质环、表面常有散在小黑点、削去表面角质层可见疏松角质软,成年人,手术治疗、激光治疗、药物治疗,根据不同医院，收费标准不一致，市三甲医院约（500 —— 800元）,是,0.15%,85%,1-2周,https://tag.120ask.com/jibing/zhiyou/
外科,普通外科,斜疝,普外科,肿块、压痛,老年和儿童人群,手术治疗、药物治疗,根据不同医院，收费标准不一致，市三甲医院约（ 1000—— 3000元）,否,0.0013%,90%,7-14天,https://tag.120ask.com/jibing/xie/
外科,普通外科,腹部肿块,普外科,腹痛、腹泻、便秘、腹部隆起,所有人群,手术治疗、药物治疗,根据不同医院，收费标准不一致，市三甲医院约20000---100000元,否,发病率约为0.001%-0.002%,,4-8周,https://tag.120ask.com/jibing/fbzk/
外科,普通外科,脐炎,普外科,脐带脱落后伤口不愈并溢液、脐残端黏液或脓性分泌物、脐周疼痛、脐周红肿变硬、脐周肿胀、发烧、脐窝内积脓、发热、脐窝湿润有臭味、脐窝内有肉芽组织增生、面色苍白,新生儿、成人均可见,药物、理疗、引流治疗,根据不同医院，收费标准不一致，市三甲医院约（1000 —— 5000元）,否,0.3%--0.5%,85%治愈,2-5周,https://tag.120ask.com/jibing/qiyan/
外科,普通外科,颈部淋巴结结核,感染科,颈部淋巴结肿大 、进行性颈部肿块、全身感染中毒症状、免疫力降低、指甲异常,所有人群,药物治疗,根据不同医院，收费标准不一致，市三甲医院约8000--12000,否,0.005%,,治疗周期9个月,https://tag.120ask.com/jibing/jblbjjh/
外科,普通外科,纤维瘤病,普外科,局部的肿块、疼痛,多发于40-50岁成人,手术治疗、支持治疗,根据不同医院，收费标准不一致，市三甲医院约（5000 —— 50000元）,否,0.03%,95%,7天,https://tag.120ask.com/jibing/xwlb/
外科,普通外科,颅骨骨瘤,脑外科,囊肿、生长缓慢、视力障碍、黏液囊肿、突眼症,可发生在任何年龄好发于20 - 30岁青壮年,手术治疗,根据不同医院，收费标准不一致，市三甲医院约（8000—— 10000元）,否,0.003%,80%,3-6月,https://tag.120ask.com/jibing/lggl/
外科,普通外科,垂体腺瘤,神经外科,生长激素分泌过多、低钠血症、闭经、体型异常、垂体功能紊乱、垂体危象、多尿、植物神经功能障碍、头痛、视力视野改变、视神经萎缩、视野缺损,30到60岁成人，育龄妇女,药物治疗、手术治疗,根据不同医院，收费标准不一致，市三甲医院约（5000 —— 20000元）,否,0.001%--0.004%,70%,1-2个月,https://tag.120ask.com/jibing/ctxl/
外科,普通外科,腹股沟斜疝,普外科,腹股沟区轻度坠胀感、圆形或梨形包块、牵引痛,儿童和青中年男性,中医药物治疗、西医药物治疗、手术治疗,根据不同医院，收费标准不一致，市三甲医院约（1000 —— 5000元）,否,本病在特定群中发病比例在0.005%,,治疗周期一般在2-3周,https://tag.120ask.com/jibing/fggx/
外科,普通外科,手汗症,中医科,手掌潮湿、头大汗、满脸涨红、发热,亚热带地区的年轻人,一般疗法、手术疗法、心理疗法,根据不同医院，收费标准不一致，市三甲医院约1000-2000元,否,好发人群的患病率0.9%,34%,20天,https://tag.120ask.com/jibing/shouhanzheng/
外科,普通外科,疮疡,普外科,溃疡、皮肤疖痈,所有人群,中医药物治疗,根据不同医院，收费标准不一致，市三甲医院约（1000—— 2000元）,否,0.26%,90%,7-14天,https://tag.120ask.com/jibing/chuangyang/
外科,普通外科,腹壁疝,普外科,阴囊增大、可回纳性包块、站立、用力、咳嗽明显突出、平卧可回缩、牵扯性腹痛,所有人群,手术治疗、西药治疗、中药治疗、针灸治疗,根据不同医院，收费标准不一致，市三甲医院约20000--50000元,否,占疝的1.7%,80%,2-4周,https://tag.120ask.com/jibing/fubi/
外科,普通外科,结直肠癌,肿瘤科、普外科,慢性腹泻、便秘、便血、腹痛、食欲不振、贫血、体重减轻,所有人群,放射治疗、化学治疗、手术治疗、西药治疗、中药治疗,根据不同医院，收费标准不一致，市三甲医院约30000--60000元,否,发病率在0.1%--0.3%,,2-4月,https://tag.120ask.com/jibing/jzca/
外科,普通外科,真菌病,皮肤科,皮肤瘙痒、溃疡、红疹,皮肤易感人群,中医药物治疗、西医药物治疗,根据不同医院，收费标准不一致，市三甲医院约（500—— 1000元）,是,10%,90%,4月,https://tag.120ask.com/jibing/zhenjunbing/
外科,普通外科,软组织损伤,骨科,疼痛、淤血、肿胀、活动受限,运动人群,保守治疗、药物治疗,根据不同医院，收费标准不一致，市三甲医院约（300 —— 500元）,否,运动员比较常见，约为0.5--0.8%,80--95%,10--21天,https://tag.120ask.com/jibing/rzzss/
外科,普通外科,颅脑损伤,神经外科,喜怒无常、 注意力不集中、 头昏、 疲劳、 头痛、 其他症状 、失眠、 记忆力障碍,所有人群,手术治疗、药物治疗,根据不同医院，收费标准不一致，市三甲医院约（10000 —— 30000元,否,发病率约为0.001%--0.002%，车祸外伤多见,75-85%,4-8周,https://tag.120ask.com/jibing/lnss/
外科,普通外科,Riedel甲状腺炎,内科,吞咽困难、呼吸困难、声音嘶哑,40岁以上女性,药物治疗,根据不同医院，收费标准不一致，市三甲医院约（3000 —— 8000元）,否,2%,100%,120天,https://tag.120ask.com/jibing/riedeljzxy/
外科,普通外科,乳腺腺瘤,乳腺科,乳房肿块、无痛感、无压痛、位于外上象限,育龄女性,药物治疗、手术疗法、放疗、化疗,根据不同医院，收费标准不一致，市三甲医院约6000-10000元,否,2%,,30天,https://tag.120ask.com/jibing/rxxl/
外科,普通外科,人工关节翻修术,外科,疼痛、畸形、功能障碍,关节置换术后,药物治疗、手术治疗、物理疗法,根据不同医院，收费标准不一致，市三甲医院20000--30000元,否,关节置换术后人群患病率50%,70%,1年,https://tag.120ask.com/jibing/rggjfxs/
外科,普通外科,低血钾性周期性麻痹,内科,四肢知觉异常、困倦、头痛、双下肢无力,青少年,药物治疗,根据不同医院，收费标准不一致，市三甲医院约1000-5000元,否,0.001%,60%,30天,https://tag.120ask.com/jibing/dxjxzqxmb/
外科,普通外科,假性胬肉,眼科,结膜充血、角膜边缘溃疡、视力障碍,60岁以上老年人,药物治疗、手术治疗,根据不同医院，收费标准不一致，市三甲医院约（1000—— 5000元）,否,0.01%,40-60%,2-4周,https://tag.120ask.com/jibing/jxzr/
外科,普通外科,先天性巨舌症,口腔科,吞咽困难、打鼾、发音不全,糖尿病孕妇所生胎儿,手术治疗、药物治疗,根据不同医院，收费标准不一致，市三甲医院约1-3万元,否,0.005%-0.008%,,终身间歇性治疗,https://tag.120ask.com/jibing/xtxjsz/
外科,普通外科,先天性晶状体畸形,眼科,视物模糊、视力下降、弱视等,有遗传史人群,手术治疗、药物治疗,根据不同医院，收费标准不一致，市三甲医院约（3000 —— 5000元）,否,0.001%,65%,1-3年,https://tag.120ask.com/jibing/xtxjztqx/
外科,普通外科,关节镜,外科,腰痛、关节痛、僵硬、肿胀、摩擦感,中年人,微创手术、药物疗法、一般疗法,根据不同医院，收费标准不一致，市三甲医院约8000--10000元,否,0.01%,80%,1个月,https://tag.120ask.com/jibing/gjj/
外科,普通外科,冠脉瘤,心血管外科,心慌、胸闷、心悸,60岁以上的老年人群,药物治疗,根据不同医院，收费标准不一致，市三甲医院约3000-10000元,否,0.35%-1.0%,60%,1-2月,https://tag.120ask.com/jibing/gml/
外科,普通外科,前交叉韧带损伤,外科,肿胀、疼痛、功能障碍,青壮年,物理治疗、药物治疗、手术治疗,根据不同医院，收费标准不一致，市三甲医院10000--15000元,否,青壮年2%,95%,1年,https://tag.120ask.com/jibing/qjcrdss/
外科,普通外科,前列腺囊中,泌尿外科,尿频、尿急、腹痛,60岁以上的老年男性,药物治疗、手术治疗,根据不同医院，收费标准不一致，市三甲医院约3000-5000元,否,0.5%-1.0%,65%,1-3月,https://tag.120ask.com/jibing/qlxz/
外科,普通外科,化脓性肉芽肿,感染科,皮肤肿胀、皮肤破溃坏死、局部发红疼痛,免疫功能低下者好发,药物治疗,根据不同医院，收费标准不一致，市三甲医院约1000-3000元,否,1%-3%,75%,1-2周,https://tag.120ask.com/jibing/hnryz/
外科,普通外科,后交叉韧带损伤,骨科,疼痛、肿胀、畸形、活动受限,所有人,药物治疗、手术治疗、物理治疗、康复治疗、中医治疗,根据不同医院，收费标准不一致，市三甲医院10000--15000元,否,0.002%,50%,6个月,https://tag.120ask.com/jibing/hjcrdss/
外科,普通外科,坏疽性脓皮病,皮肤科、整形外科,皮肤肿胀、皮肤化脓、皮肤坏死、发热、全身中毒症状,农民、长期口服免疫抑制剂者,抗感染治疗,根据不同医院，收费标准不一致，市三甲医院约4000-10000元,否,外伤感染患者发病率约为10%,75%，越早治疗效果越好,1-2月,https://tag.120ask.com/jibing/hzxnpb/
外科,普通外科,外生骨疣,骨科,骨质增生、骨痛、骨质肿胀,长期从事体力劳动的工作者,手术治疗、药物治疗,根据不同医院，收费标准不一致，市三甲医院约4000-6000元,否,0.8%-1.2%,90%,2周,https://tag.120ask.com/jibing/wsgy/
外科,普通外科,外阴疖肿,妇科,皮肤表面紧张、紫红色硬结、有压痛、硬结边缘不清楚、常伴腹股沟淋巴结肿大,中青年女性,药物治疗,根据不同医院，收费标准不一致，市三甲医院约（500 —— 800元）,否,0.01%,95%,7天,https://tag.120ask.com/jibing/wykz/
外科,普通外科,多器官功能不全综合征,重症监护室,无尿、少尿、晕厥、心力衰竭、呼吸衰竭,60岁以上人群多见,药物治疗,根据不同医院，收费标准不一致，市三甲医院约2-3万元,否,0.05%-1%,60%,1-2月,https://tag.120ask.com/jibing/dqggnbqzhz/
外科,普通外科,家族性结肠息肉病,肛肠科,粘液脓血便、乏力、消瘦、便次增多,青少年人群,药物治疗、手术治疗,根据不同医院，收费标准不一致，市三甲医院约（3000 ——20000元）,否,0.001%,50%,2-4周,https://tag.120ask.com/jibing/jzxjcxrb/
外科,普通外科,开放性脊柱裂,骨科,脊柱形态异常、脊柱疼痛、步态异常,近亲结婚所生子女好发,手术治疗、药物治疗,根据不同医院，收费标准不一致，市三甲医院约4-6万元,否,0.001-0.002%,15%,1-3年,https://tag.120ask.com/jibing/kfxjzl/
外科,普通外科,感觉异常性股痛,神经内科,肢体麻木、感觉缺失、瘫痪,50岁以上老年肥胖人群及吸烟人群多见,药物治疗,根据不同医院，收费标准不一致，市三甲医院约2000-3000元,否,0.55%,70%,1-2月,https://tag.120ask.com/jibing/gjycxgt/
外科,普通外科,扳机指,外科,麻木、功能障碍、活动受限、酸胀、疼痛,所有人,药物治疗、手术治疗、物理治疗,根据不同医院，收费标准不一致，市三甲医院10000--15000元,否,0.2%,90%,3个月,https://tag.120ask.com/jibing/bjz/
外科,普通外科,桡骨茎突腱鞘炎,骨科,疼痛、肢体麻木、功能障碍,长期剧烈运动的人群,药物治疗,根据不同医院，收费标准不一致，市三甲医院约2000-3000元,否,1%-2.5%,75%,1-2月,https://tag.120ask.com/jibing/rgjtjqy/
外科,普通外科,椎骨骨髓炎,外科,高烧、寒战、脉快、烦躁、神志模糊,所有人,药物治疗、手术治疗,根据不同医院，收费标准不一致，市三甲医院10000--15000元,否,0.2%,80%,1年,https://tag.120ask.com/jibing/zggsy/
外科,普通外科,横纹肌溶解症,肾内科,肌肉酸痛、乏力、肌无力,自身免疫功能低下者,药物治疗,根据不同医院，收费标准不一致，市三甲医院约10000-20000元,否,0.5%-1%,45%,1-2年,https://tag.120ask.com/jibing/hwjrjz/
外科,普通外科,淀粉样变,肾内科,关节疼痛、肌肉组织疼痛、关节肿胀,具有结缔组织疾病家族史者多见,药物治疗,根据不同医院，收费标准不一致，市三甲医院约1-2万元,否,0.5%-2%,60%,1-2年,https://tag.120ask.com/jibing/dfyb/
外科,普通外科,淋巴囊肿,普外科,淋巴结疼痛、发热、淋巴结局部皮肤发红,皮肤淋巴结感染者多见,药物治疗、手术治疗,根据不同医院，收费标准不一致，市三甲医院约1000-3000元,否,1%-5%,90%,1-3周,https://tag.120ask.com/jibing/lbnz/
外科,普通外科,淋巴管疾病,感染科,发热、皮肤肿胀、疼痛,频发皮肤黏膜感染者多见,药物治疗,根据不同医院，收费标准不一致，市三甲医院约4000-5000元,否,5%-8%,85%,6-9个月,https://tag.120ask.com/jibing/lbgjb/
外科,普通外科,淋巴结肉芽肿性炎,内科,炎性包块、淋巴结肿大疼痛、发热,任何年龄,一般疗法、药物疗法、手术疗法,根据不同医院，收费标准不一致，市三甲医院约100-300元,否,0.08%,98%,20天,https://tag.120ask.com/jibing/lbjryzxy/
外科,普通外科,烧伤应激性溃疡综合征,皮肤科,皮肤灼热、发热、疼痛,烧伤的患者多见,药物治疗,根据不同医院，收费标准不一致，市三甲医院约4000-100000元,否,0.3%-0.5%,58%,1-2月,https://tag.120ask.com/jibing/ssyjxkyzzhz/
外科,普通外科,疏松结缔组织中弥漫性化脓性炎,外科,患部呈现弥漫性红肿、皮肤紧张而坚实、中央炎症显著、以后变软溃破、化脓、排出脓液及坏死组织,成年人,药物治疗,根据不同医院，收费标准不一致，市三甲医院约（3000 — 8000元）,否,0.001%,60%,20天,https://tag.120ask.com/jibing/ssjtzzzmmxhnsx/
外科,普通外科,皮肤溃疡,皮肤科,红、肿、热、痛、伴有臭味、皮肤缺损、功能障碍,糖尿病患者、过敏体质者、心血管疾病患者、从事高危工作的人群,"1.药物治疗，对症治疗：胰岛素、抗生素、抗过敏；
2.心理疗法：放松心情，注意休息；
3.运动疗法。
4.理疗：红外线",根据不同医院，收费标准不一致，市三甲医院约200-2000元,否,1%,80%,20-120天,https://tag.120ask.com/jibing/pfky/
外科,普通外科,皮肤脓肿,皮肤科,体温升高、软组织肿胀、皮肤缺损、皮肤创伤伴有臭味,各个年龄,药物疗法、手术疗法、物理疗法,根据不同医院，收费标准不一致，市三甲医院约500-2000元,否,2%,98%,20天,https://tag.120ask.com/jibing/pifunz/
外科,普通外科,皮脂腺瘤,皮肤科,皮损、溃疡、淋巴结转移、可伴有体温升高,亚洲、老年人,冷冻、电灼伤、激光、药物疗法,根据不同医院，收费标准不一致，市三甲医院约2000-10000元,否,0.22%,,20天,https://tag.120ask.com/jibing/pzxl/
外科,普通外科,皮赘,皮肤科,皮炎、皮损皮肤感染,免疫功能低下者多见,药物治疗,根据不同医院，收费标准不一致，市三甲医院约4000-6000元,否,3%-5%,60%,8-12周,https://tag.120ask.com/jibing/pz/
外科,普通外科,盆腔静脉曲张,妇科,腹胀、腹痛、便秘,育龄期妇女多见,药物治疗,根据不同医院，收费标准不一致，市三甲医院约3000-5000元,否,3%-5%,90%,2-4周,https://tag.120ask.com/jibing/pqjmqz/
外科,普通外科,眼眶囊肿,外科,眼球突出,老年人,手术治疗,根据不同医院，收费标准不一致，市三甲医院约（3000—— 8000元）,否,0.1%,98%,30天,https://tag.120ask.com/jibing/yknzg/
外科,普通外科,纵隔疾病,心胸外科,胸闷、心慌、胸痛,免疫功能低下者多见,药物治疗、手术治疗,根据不同医院，收费标准不一致，市三甲医院约3000-5000元,否,0.03%-0.1%,60%,1-2月,https://tag.120ask.com/jibing/zgjb/
外科,普通外科,肌挛缩,外科,疼痛、感觉异常、麻痹、苍白,任何年龄,物理治疗、药物治疗、手术治疗,根据不同医院，收费标准不一致，市三甲医院约5000--10000元,否,0.02%,80%,1年,https://tag.120ask.com/jibing/jls/
外科,普通外科,肛隐窝炎,肛肠科,肛周肿痛、大便干结、便后滴血,痔疮患者多见,药物治疗,根据不同医院，收费标准不一致，市三甲医院约2000-3000元,否,0.5%-1.5%,65%,2-4周,https://tag.120ask.com/jibing/gywy/
外科,普通外科,肠疾病,消化内科,腹痛、腹泻、便秘,普遍好发,药物治疗,根据不同医院，收费标准不一致，市三甲医院约3000-10000元,否,0.5%-30%,60%-90%,1周-3月,https://tag.120ask.com/jibing/cjb/
外科,普通外科,肠胃结石,普外科,腹痛、呕吐、腹胀、消化不良,喜吃头发等不良嗜好的人群,手术治疗、药物治疗,根据不同医院，收费标准不一致，市三甲医院约10000-20000元,否,0.53%,75%,1-2月,https://tag.120ask.com/jibing/cwjs/
外科,普通外科,股神经卡压综合症,骨外科,肢体麻木、疼痛、红肿、局部皮肤发白,驾驶员以及外伤高危工作者,手术治疗、药物治疗,根据不同医院，收费标准不一致，市三甲医院约5000-10000元,否,0.05%-1%,85-95%,2-3月,https://tag.120ask.com/jibing/gushenjingkyzhz/
外科,普通外科,肩关节损伤,骨外科,关节疼痛、关节肿胀、损伤部位的肢体麻木、缺血坏死,重体力劳动者,手术治疗、药物治疗,根据不同医院，收费标准不一致，市三甲医院约6000-10000元,否,0.5%-2.1%,90%,2-3月,https://tag.120ask.com/jibing/jgjss/
外科,普通外科,脂瘤,整形外科,皮肤异物突起、皮下包块,普通人群好发,手术治疗、药物治疗,根据不同医院，收费标准不一致，市三甲医院约2000-5000元,否,10%,90%,1-2周,https://tag.120ask.com/jibing/zhiliu/
外科,普通外科,腘窝囊肿,外科,膝盖后方凸起、有绷紧感、疼痛、小腿肿胀、皮肤发红,多发生于儿童与老年人,手术治疗、药物治疗,根据不同医院，收费标准不一致，市三甲医院约（1000—— 3000元）,否,0.0001%,85%,7天,https://tag.120ask.com/jibing/gwnz/
外科,普通外科,膝关节滑膜炎,骨科,两腿沉重不适、膝部伸屈困难、轻度水肿、疼痛、活动受限、跛行,50--60岁,药物治疗、理疗,根据不同医院，收费标准不一致，市三甲医院约1000-2000元,否,0.2%,50%,1个月,https://tag.120ask.com/jibing/xgjhmy/
外科,普通外科,血管炎综合征,心血管内科,疼痛、跛行、血栓形成,吸烟的老年人，冬季多发,药物治疗,根据不同医院，收费标准不一致，市三甲医院约6000-10000元,否,1%-5%,60%,1-4个月,https://tag.120ask.com/jibing/xgyzhz/
外科,普通外科,败血病,内科,高热、呕吐、皮肤瘀点、淤斑、精神萎靡、昏迷,各年龄人群均可发病,药物治疗,根据不同医院，收费标准不一致，市三甲医院约2000--5000元,否,0.01%,40%,10-14天,https://tag.120ask.com/jibing/bxb/
外科,普通外科,足底筋膜炎,外科,脚跟的疼痛与不适、压痛点常在足底近足跟处、有时压痛较剧烈、且持续存在、晨起时疼痛感觉明显、行走过度时疼痛感加剧,见于女性、肥胖者、老年人,药物治疗、理疗,根据不同医院，收费标准不一致，市三甲医院约（300 —— 800元）,否,0.02%,87%,10天,https://tag.120ask.com/jibing/zdjmy/
外科,普通外科,足球踝,骨科,踝关节肿胀、骨痛、关节活动障碍,足球运动员,手术治疗、药物治疗,根据不同医院，收费标准不一致，市三甲医院约2000-5000元,否,0.5%-1.5%,90%,2-8周,https://tag.120ask.com/jibing/zqh/
外科,普通外科,里德利综合征,心内科,呼吸困难、气促、气及,心脏病、高血压患者多见,药物治疗,根据不同医院，收费标准不一致，市三甲医院约5000-10000元,否,1%-3%,65%,1-3周,https://tag.120ask.com/jibing/ldlzhz/
外科,普通外科,闪腰,骨科,被迫体位、疼痛、活动受限、肌肉痉挛,中老年人、青壮年,物理治疗、药物治疗、手术治疗,根据不同医院，收费标准不一致，市三甲医院约5000--8000元,否,0.2%,80%,6个月,https://tag.120ask.com/jibing/sy/
外科,普通外科,颈部疾病,外科,颌下淋巴结肿大压痛、颈部僵硬、颈部淋巴结肿大、颈部扭伤,中老年人,药物治疗,根据不同医院，收费标准不一致，市三甲医院约（3000 — 8000元）,否,10%,95%,30天,https://tag.120ask.com/jibing/jbjb/
外科,普通外科,颞下颌关节紊乱病,骨科,下颌运动异常、疼痛、弹响和杂音,中青年,封闭治疗、针灸、药物治疗,根据不同医院，收费标准不一致，市三甲医院约300-500元,否,0.01%,90%,7天,https://tag.120ask.com/jibing/nxhgjwlb/
外科,普通外科,食管疾病,消化内科,吞咽困难、哽咽感、腹痛,饮食不节律及经常饮酒者多见,药物治疗、手术治疗,根据不同医院，收费标准不一致，市三甲医院约1000-5000元,否,0.035%-1.2%,60%,1-3周,https://tag.120ask.com/jibing/sgjb/
外科,普通外科,食道裂孔疝,外科,胸骨后或剑突下烧灼感、胃内容物上反感、上腹饱胀、嗳气疼痛、疼痛性质多为烧灼感、针刺样疼、可放射至背部、肩部颈部等处,中青年,手术治疗、药物治疗,根据不同医院，收费标准不一致，市三甲医院约（3000 —— 8000元）,否,0.001%,60%,15天,https://tag.120ask.com/jibing/sglks/
外科,普通外科,骨盆狭窄,妇科、妇女保健科,产前骨盆测量入口径线小，或初产妇接近预产期而儿头不入盆。,身材矮小的女性,手术疗法,根据不同医院，收费标准不一致，市三甲医院约6000-8000元,否,2%,,无,https://tag.120ask.com/jibing/gpxz/
外科,普通外科,骨筋膜室综合征,骨科,疼痛、肌肉萎缩、组织肿胀,骨折患者多见,手术治疗、药物治疗,根据不同医院，收费标准不一致，市三甲医院约6000-8000元,否,0.1%-1%,75%,2-8周,https://tag.120ask.com/jibing/gjmszhz/
外科,普通外科,高血钠症,内科,口渴、尿量减少、软弱无力、恶心呕吐和体温升高、晚期有烦躁、易激惹或精神淡漠、嗜睡、抽搐、癫痫样发作、昏迷,高温环境下的人们,药物治疗、透析治疗,根据不同医院，收费标准不一致，市三甲医院约8000-12000元,否,高温作业中的患病率2%,,10天,https://tag.120ask.com/jibing/gxnz/
外科,普通外科,外伤性股骨头坏死,骨科,骨痛、关节活动障碍、病变部位肿胀,骨外伤人群多见,药物治疗、手术治疗,根据不同医院，收费标准不一致，市三甲医院约1-3万元,否,0.25%-0.5%,60%,4-8周,https://tag.120ask.com/jibing/wsxggths/
外科,普通外科,高弓足,骨科,步态异常、行走困难、跛行,具有家族史患者多见,手术治疗、药物治疗,根据不同医院，收费标准不一致，市三甲医院约5000-12000元,否,0.025%-0.5%,75%,8-12周,https://tag.120ask.com/jibing/gaogz/
外科,普通外科,蜘蛛咬伤,外科,局部疼痛、红肿、出汗、头痛,所有人群,药物治疗,根据不同医院，收费标准不一致，市三甲医院约（50 —— 300元）,否,0.001%,80%,5-7天,https://tag.120ask.com/jibing/zzys/
外科,普通外科,直肠内异物,肛肠科,排便过程中突然出现剧裂疼痛,成年人,手术治疗、药物治疗,根据不同医院，收费标准不一致，市三甲医院约（3000 —— 5000元）,否,0.1%,100%,7天,https://tag.120ask.com/jibing/zcnyw/
外科,普通外科,先天性胫骨假关节,骨科,畸形、疼痛、肿胀,所有人,药物治疗、手术治疗,根据不同医院，收费标准不一致，市三甲医院约8000--15000元,否,0.2%,80%,1年,https://tag.120ask.com/jibing/xtxjgjgj/
外科,普通外科,腹壁切口疝,外科,站立时切口处有疝块突出、咳嗽用力时加重、腹部不适,腹部手术病人,手术治疗、药物治疗,根据不同医院，收费标准不一致，市三甲医院约（2000—— 5000元）,否,0.01%,90%,7-10天,https://tag.120ask.com/jibing/fbqks/
外科,普通外科,耻骨炎,外科,疼痛、肿胀、运动障碍,成年人,药物治疗,根据不同医院，收费标准不一致，市三甲医院约（3000 —— 8000元）,否,1%,100%,30天,https://tag.120ask.com/jibing/cgy/
外科,普通外科,埃可病毒疹,皮肤科,发热、咽痛、流涕、咳嗽,儿童,药物治疗,根据不同医院，收费标准不一致，市三甲医院约（3000—— 5000元）,否,0.1%,100%,15天,https://tag.120ask.com/jibing/akbdz/
外科,普通外科,烧伤休克,外科,脉搏增速、尿量少、口渴、恶心、呕吐,任何年龄,补液疗法、手术疗法、物理疗法、药物疗法,根据不同医院，收费标准不一致，市三甲医院约2000-20000元,否,患病率1%,,100天,https://tag.120ask.com/jibing/ssxk/
外科,普通外科,坏死性脉管炎,外科,发热、关节肌肉疼痛、乏力、多形性皮疹、皮下结节,中老年人,药物治疗,根据不同医院，收费标准不一致，市三甲医院约（3000—— 8000元）,否,0.001%,30%,15天,https://tag.120ask.com/jibing/hsxmgy/
外科,普通外科,肛门失禁,外科,排便功能紊乱,老年人,药物治疗,根据不同医院，收费标准不一致，市三甲医院约（3000—— 8000元）,否,1%,95%,30天,https://tag.120ask.com/jibing/gmsj/
外科,普通外科,化脓性中耳炎,耳鼻喉科,耳痛、耳部流脓、哭闹不安,5岁以下耳痛,药物治疗,根据不同医院，收费标准不一致，市三甲医院约（500 —— 2000）,否,0.1-0.5%,80%,14天,https://tag.120ask.com/jibing/hnxzey/
外科,普通外科,头皮及颅骨烧伤,烧伤整形科,疼痛、灼热、渗液,从事高危工作者人群多见,药物治疗、手术治疗,根据不同医院，收费标准不一致，市三甲医院约5000-10000元,否,0.5%-2.5%,60%,4-8周,https://tag.120ask.com/jibing/tpjlgss/
外科,普通外科,膝外侧韧带损伤,外科,膝关节外侧局限性疼痛、腓骨小头附近肿胀、皮下淤血、局部压痛、膝关节活动障碍,青壮年,药物治疗、手术治疗,根据不同医院，收费标准不一致，市三甲医院约（1000—— 2000元）,否,0.01%,90%,30天,https://tag.120ask.com/jibing/xwcrdss/
外科,普通外科,创伤性溃疡,外科,疼痛、肿胀、淋巴结肿大,成年人,药物治疗,根据不同医院，收费标准不一致，市三甲医院约（3000—— 5000元）,否,2%,98%,15天,https://tag.120ask.com/jibing/csxky/
外科,普通外科,脓毒性休克,内科,发热、嗜睡、昏迷、意识不清、口唇发绀、手脚冰凉,任何年龄,一般疗法、支持疗法、药物疗法,根据不同医院，收费标准不一致，市三甲医院约10000-20000元,否,0.6%,32%,10天,https://tag.120ask.com/jibing/ndxxk/
外科,普通外科,烧伤败血症,内科,食欲减退、恶心、呕吐、腹胀、创面潮湿液化、出血、溃疡、呼吸急促,任何年龄,一般疗法、药物疗法、物理疗法,根据不同医院，收费标准不一致，市三甲医院约2000-10000元,否,0.0065,43%,30天,https://tag.120ask.com/jibing/ssbxz/
外科,普通外科,先天性喉闭锁,外科,出生后无呼吸、无哭声,新生儿,手术治疗,根据不同医院，收费标准不一致，市三甲医院约（20000—— 50000元）,否,0.01%,10%,30天,https://tag.120ask.com/jibing/xtxhbs/
外科,普通外科,颌周蜂窝织炎,外科,局部皮肤肿胀、疼痛、皮纹消失,60岁以上老年人,药物治疗、手术治疗,根据不同医院，收费标准不一致，市三甲医院约（1000 —— 5000元）,否,0.01%,80%,14-21天,https://tag.120ask.com/jibing/hzfwzz/
外科,普通外科,慢性阑尾炎,外科,右下腹痛、压痛、低热,20--60岁人群,药物治疗、手术治疗,根据不同医院，收费标准不一致，市三甲医院约（500 —— 5000元）,否,0.2-0.5%,80-90%,7--14天,https://tag.120ask.com/jibing/mxlwy/
外科,普通外科,脾脓肿,内科,发热、左侧胸膜、上腹部或下胸部疼痛并放射至左肩、脾大,任何年龄,一般疗法、药物疗法、手术疗法,根据不同医院，收费标准不一致，市三甲医院约4000-8000元,否,0.33%,10%,120天,https://tag.120ask.com/jibing/pnz/
外科,普通外科,半月线疝,外科,呕吐、腹痛、恶心、疝区的疼痛、坠胀感,成年人,药物治疗,根据不同医院，收费标准不一致，市三甲医院约（10000 —— 20000元）,否,0.1%,80%,30天,https://tag.120ask.com/jibing/byxs/
外科,普通外科,小肠气痛,外科,面色苍白、恶心、冷汗、肠鸣,成年人,药物治疗,根据不同医院，收费标准不一致，市三甲医院约（500 — 1000元）,否,1%,100%,7天,https://tag.120ask.com/jibing/xcqt/
外科,普通外科,贲门黏膜撕裂综合征,内科,呕吐、恶心、呕血、黑便、上腹部疼痛,成年人,药物治疗、手术治疗,根据不同医院，收费标准不一致，市三甲医院约（3000—— 8000元）,否,本病发生率占上消化道出血病例的3%～15%,60%,20天,https://tag.120ask.com/jibing/bmnmslzhz/
外科,普通外科,外耳道疖肿,耳鼻喉科,跳动性耳痛、张口咀嚼时疼痛加重、痛剧者并可放射至同侧头部、影响患者睡眠、由于外耳道肿胀听力可受影响,青少年,药物治疗,根据不同医院，收费标准不一致，市三甲医院约（500 —— 1000元）,否,0.02%,95%,7天,https://tag.120ask.com/jibing/wedjz/
外科,普通外科,钝挫伤,外科,皮下青紫、疼痛、肿胀,成年人,药物治疗,根据不同医院，收费标准不一致，市三甲医院约（3000—— 8000元）,否,2%,99%,30天,https://tag.120ask.com/jibing/dcs/
外科,普通外科,先天性仰趾外翻足,骨科,畸形、活动受限、功能障碍,所有人,手术治疗、康复治疗,根据不同医院，收费标准不一致，市三甲医院约8000--15000元,否,0.02%,80%,1年,https://tag.120ask.com/jibing/xtxyzwfz/
外科,普通外科,缺水和缺钠,内科,口渴、头晕、乏力、谵妄、神志淡漠、反应迟钝、嗜睡、昏迷,腹泻或大量出汗人群,药物治疗,根据不同医院，收费标准不一致，市三甲医院约（1000 — 2000元）,否,0.1%,70%,5-14天,https://tag.120ask.com/jibing/qshqn/
外科,普通外科,真菌性甲沟炎,外科,指甲一侧皮下组织发红、肿痛、有脓液,18--45岁青壮年,药物治疗、外科治疗,根据不同医院，收费标准不一致，市三甲医院约（100 —— 500元）,否,1%,90%,5-7天,https://tag.120ask.com/jibing/zjxjgy/
外科,普通外科,混合血管瘤,外科,皮肤表面大小不等的小红斑、皮下包块、形态不规则,婴幼儿,手术治疗、超声介导治疗,根据不同医院，收费标准不一致，市三甲医院约（3000 — 8000元）,否,0.001%,3%,10天,https://tag.120ask.com/jibing/hhxgl/
外科,普通外科,肌腱炎,内科,关节疼痛、晨僵、通常关节晨僵的感觉在起床后最为明显、活动后缓解、肿胀、功能障碍,中老年人,一般疗法、药物疗法、康复疗法,根据不同医院，收费标准不一致，市三甲医院约1000-2000元,否,中年人的患病率2%,98%,100天,https://tag.120ask.com/jibing/jjy/
外科,普通外科,纤维肉瘤,外科,膨大肿块、常伴疼痛和局部皮肤麻木、肿块表面充血,儿童、青壮年,药物疗法、手术疗法、放疗、化疗,根据不同医院，收费标准不一致，市三甲医院约5000-20000元,否,儿童、青壮年的患病率0.9%,20%,100天,https://tag.120ask.com/jibing/xwrl/
外科,普通外科,急性颈部软组织损伤,外科,颈部疼痛、活动受限、轻者为针刺痛、重者如刀割样或撕裂样疼痛,青壮年多见,针灸、理疗、药物治疗,根据不同医院，收费标准不一致，市三甲医院约（300 —— 500元）,否,0.2%,98%,3-5天,https://tag.120ask.com/jibing/jxjbrzzss/
外科,普通外科,麻痹性睑外翻,眼科,畏光、流泪、刺痛、眼睑痉挛,18--50岁成年人,药物治疗、手术治疗,根据不同医院，收费标准不一致，市三甲医院约（100 —— 500元）,否,0.1%,90%,5-7天,https://tag.120ask.com/jibing/mbxjwf/
外科,普通外科,环跳疽,外科,发热、疼痛、肿胀,青少年,药物治疗,根据不同医院，收费标准不一致，市三甲医院约（1000—— 3000元）,否,0.1%,100%,15天,https://tag.120ask.com/jibing/htj/
外科,普通外科,枕骨下硬结性毛囊炎,内科,发热、硬性皮疹、毛囊肿胀、疼痛、睡眠欠佳,青年人,一般疗法、免疫疗法、药物疗法、物理疗法,根据不同医院，收费标准不一致，市三甲医院约2000-10000元,否,青年患病率0.66%,87%,120天,https://tag.120ask.com/jibing/zgxyjxmny/
外科,普通外科,多肌炎,内分泌科,肌肉触痛、疼痛、肌无力、疲乏,40-60岁人群,药物治疗,根据不同医院，收费标准不一致，市三甲医院约（5000 ——30000元）,否,0.001%,40-60%,3年以上,https://tag.120ask.com/jibing/djy/
外科,普通外科,腹股沟直疝（疝气）,外科,下腹部肿块、不适、坠胀感,60岁以上老年男性,手术治疗、药物治疗,根据不同医院，收费标准不一致，市三甲医院约（5000 —— 20000元）,否,0.01-0.05%,80%,7-10天,https://tag.120ask.com/jibing/fggzs/
外科,普通外科,慢性腰部劳损,外科、,腰痛、劳累后加重、不能久坐久站、须经常变换体位,中老年人,药物治疗、理疗、中医治疗,根据不同医院，收费标准不一致，市三甲医院约（3000—— 5000元）,否,0.3%,80%,15天,https://tag.120ask.com/jibing/mxybls/
外科,普通外科,表皮样囊肿,外科,面部感觉减退、面肌力弱、听力下降和共济失调、视力减退、视野缺损,中年人,手术疗法、放疗、化疗,根据不同医院，收费标准不一致，市三甲医院约8000-10000元,否,中年男女的患病率1%,99%,20天,https://tag.120ask.com/jibing/bpynz/
外科,普通外科,先天性外展性髋挛缩,外科,骨盆倾斜、患侧髂嵴明显低于健侧、腰椎棘突凸向患侧、腘横纹不对称,儿童,手术治疗,根据不同医院，收费标准不一致，市三甲医院约（5000 —— 10000元）,否,0.001%,0.01%,20天,https://tag.120ask.com/jibing/xtxwzxkls/
外科,普通外科,穿腹膜疝,普外科,腹痛、腹胀、腹部刺激性疼痛,腹壁肌肉比较薄弱的人群多见,药物治疗,根据不同医院，收费标准不一致，市三甲医院约3000-5000元,否,0.5%-1.0%,75%,1-2周,https://tag.120ask.com/jibing/cfms/
外科,普通外科,硬化型骨髓炎,骨科,骨痛、发热、肌肉乏力,抵抗力低下的患者容易患本病,药物治疗,根据不同医院，收费标准不一致，市三甲医院约30000-5000元,否,0.5%-2%,60%-70%,8-12周,https://tag.120ask.com/jibing/yinghxgsy/
外科,普通外科,腹内疝,外科,腹痛、呕吐、便秘、腹胀、包块、腹部手术后内疝,任何年龄,药物治疗、手术治疗,根据不同医院，收费标准不一致，市三甲医院约8000--12000元,否,0.2%,95%,6个月,https://tag.120ask.com/jibing/fns/
外科,普通外科,耳内脑膜脑疝,神经外科,头痛、头昏、视物模糊,颅内外伤者多见,手术治疗、药物治疗,根据不同医院，收费标准不一致，市三甲医院约30000-50000元,否,0.05%-0.08%,65%,1-4周,https://tag.120ask.com/jibing/ennmns/
外科,普通外科,鼻部囊肿,耳鼻喉科,鼻部肿胀、呼吸不畅、疼痛,20岁以上人群,手术治疗、药物治疗,根据不同医院，收费标准不一致，市三甲医院约（3000 —— 8000元,否,0.01%,80%,7-14天,https://tag.120ask.com/jibing/bbnz/
外科,普通外科,游走脾,普外科,腹痛、腹泻、腹部包块,外伤性腹部肿胀者比较多见,手术治疗、药物治疗,根据不同医院，收费标准不一致，市三甲医院约2000-5000元,否,0.051%-0.25%,60%,1-4周,https://tag.120ask.com/jibing/yzp/
外科,普通外科,炭疽病,皮肤科,皮肤坏死、溃疡、焦痂、周围组织广泛水肿及毒血症症状、偶可引致肺、肠、脑膜的急性感染、并可伴发败血症,各人群均可发病,药物治疗,根据不同医院，收费标准不一致，市三甲医院约（3000 —— 8000元）,是,0.0001%,60%,15天,https://tag.120ask.com/jibing/tjb/
外科,普通外科,膝关节创伤性滑膜炎,骨科,膝关节血肿、皮肤或肿胀处有紧张感、两腿沉重不适、膝部伸屈困难,青壮年,手术治疗、药物治疗,根据不同医院，收费标准不一致，市三甲医院约（1000 —— 2000元）,否,0.01%,80%,20天,https://tag.120ask.com/jibing/xgjcsxhmy/
外科,普通外科,电解质紊乱,内科,疲劳、肌肉抽筋、虚弱、烦躁不安、恶心、眩晕、意识混乱、昏厥、易怒、呕吐、口干,成年人,药物治疗,根据不同医院，收费标准不一致，市三甲医院约（300 —— 800元）,否,10%,100%,7天,https://tag.120ask.com/jibing/djzwl/
外科,普通外科,草莓状血管瘤,肿瘤科,毛细血管扩张、表面凸起、呈暗红色、会继续扩大,2岁以下儿童,药物治疗,根据不同医院，收费标准不一致，市三甲医院约（5000 —— 10000元）,否,1%,100%,180天,https://tag.120ask.com/jibing/cmzxgl/
外科,普通外科,椎动脉型颈椎病,骨科,偏头痛、头晕、耳鸣、听力减退、耳聋、视力减退、视物模糊、复视、幻视、,中老年,药物治疗、手术治疗,根据不同医院，收费标准不一致，市三甲医院约（2000—— 5000元）,否,0.01%,85%,15天,https://tag.120ask.com/jibing/zdmxjzb/
外科,普通外科,鼻石,耳鼻喉科,单侧鼻腔阻塞、鼻腔内分泌物增多、出血、头昏、头痛,成年人,药物治疗,根据不同医院，收费标准不一致，市三甲医院约（300 —— 800元）,否,0.1%,100%,7天,https://tag.120ask.com/jibing/bis/
外科,普通外科,胆管炎,外科,上腹部疼痛、高热、黄疸,45以上中老年人,药物治疗、手术治疗,根据不同医院，收费标准不一致，市三甲医院约（500 —— 5000元）,否,0.2-0.5%,80%,2-4周,https://tag.120ask.com/jibing/dgy/
外科,普通外科,急性细菌性前列腺炎,泌尿科,寒战、高热、乏力、厌食、尿频、尿急、尿痛、排尿烧灼感、排尿困难、尿潴留后尿道、肛门、会阴区坠胀不适,中青年男性,药物治疗,根据不同医院，收费标准不一致，市三甲医院约（1000 —— 2000元）,否,0.01%,95%,14天,https://tag.120ask.com/jibing/jxxjxqlxy/
外科,普通外科,老烂腿,感染科,皮肤瘙痒、皮肤破溃、皮肤化脓,糖尿病患者多见,药物治疗、手术治疗,根据不同医院，收费标准不一致，市三甲医院约3000-5000元,否,1.2%-2.5%,75%,1-2个月,https://tag.120ask.com/jibing/llt/
外科,普通外科,细菌性前列腺炎,泌尿科,发热、恶寒、全身酸痛、乏力、食欲不振、会阴部、肛门胀痛不适、尿频、尿急、尿痛、排尿困难、血尿,中青年男性,药物治疗,根据不同医院，收费标准不一致，市三甲医院约（1000 —— 5000元）,否,0.1%,95%,10天,https://tag.120ask.com/jibing/xjxqlxy/
外科,普通外科,后十字韧带损伤,骨科,韧带拉伤、 韧带扭伤 、剧烈疼痛,所有人,药物治疗、手术治疗、物理治疗,根据不同医院，收费标准不一致，市三甲医院约10000-15000元,否,0.0005%,50%,1年,https://tag.120ask.com/jibing/hszrdss/
外科,普通外科,先天性髋脱位,骨科,骨盆有下垂、晃动、不能上升、臀肌萎缩、关节松弛,小儿比较常见,手术治疗、药物治疗,根据不同医院，收费标准不一致，市三甲医院约（5000—— 10000元）,否,0.0001%,60%,30天,https://tag.120ask.com/jibing/xtxktw/
外科,普通外科,急性弥漫性腹膜炎,外科,腹痛、恶心、呕吐、高烧、大汗口干、脉快，呼吸浅促,各年龄人群均可发病,手术治疗、药物治疗,根据不同医院，收费标准不一致，市三甲医院约2000--3000元,否,0.001%,60%,7-10天,https://tag.120ask.com/jibing/jxmmxfmy/
外科,普通外科,慢性乳突炎,耳鼻喉科,耳内流脓、耳膜穿孔、听力下降,20--50岁人群,药物治疗,根据不同医院，收费标准不一致，市三甲医院约（100 —— 500元,否,2-5%,80%,10--21天,https://tag.120ask.com/jibing/mxrty/
外科,普通外科,臀肌挛缩症,神经科,肌肉萎缩、皮肤凹陷、行动困难,老年人,药物治疗,根据不同医院，收费标准不一致，市三甲医院约（3000—— 8000元）,否,0.1%,80%,30天,https://tag.120ask.com/jibing/tjlsz/
外科,普通外科,动脉瘤样骨囊肿,骨科,骨囊肿、 截瘫、 骨质破坏、 关节液渗出,成年人,药物治疗,根据不同医院，收费标准不一致，市三甲医院约（10000 —— 20000元）,否,0.03%,90%,60天,https://tag.120ask.com/jibing/dmlygnz/
外科,普通外科,输卵管卵巢脓肿,妇科,下腹疼痛、低热、腰骶酸、下坠感、性交痛可反复发作并在劳累、月经后加重、白带增多、呈脓性,生育期女性,药物治疗,根据不同医院，收费标准不一致，市三甲医院约（3000 —— 8000元）,否,0.01%,90%,10-14天,https://tag.120ask.com/jibing/slglcnz/
外科,普通外科,颈部水囊瘤,儿科,颈部肿物突出皮肤、光滑而柔软、波动感明显、无触痛、边缘多不清楚、水囊较大者头颈部活动受限、呼吸困难,2岁内的婴幼儿,手术治疗、药物治疗,根据不同医院，收费标准不一致，市三甲医院约（3000 —— 8000元）,否,0.0001%,0.1%,10天,https://tag.120ask.com/jibing/jbsnl/
外科,普通外科,异物伤,外科,眼内有异物感、 眼睛发红、眼睑浮肿、眼睛刺痛、畏光,成年人,药物治疗,根据不同医院，收费标准不一致，市三甲医院约（3000 — 8000元）,否,0.1%,80%,30天,https://tag.120ask.com/jibing/yiws/
外科,普通外科,抗胰蛋白酶缺乏性脂膜炎,内科,局部压痛、 皮下结节、 结节,成年人,药物治疗,根据不同医院，收费标准不一致，市三甲医院约（10000— 20000元）,否,0.01%,50%,180天,https://tag.120ask.com/jibing/kydbmqfxzmy/
外科,普通外科,肌纤维组织炎,外科,腰背、骶髂、颈肩等部位疼痛、肿胀、肌紧张、姿势异常、功能障碍,多见于青壮年,药物治疗、针灸、理疗,根据不同医院，收费标准不一致，市三甲医院约（500 —— 1000元）,否,0.2%,90%,15天,https://tag.120ask.com/jibing/jxwzzy/
外科,普通外科,脉管畸形,外科,持续性疼痛、 皮膜粘膜出血、 手背部皮肤发红肿胀,老年人,药物治疗,根据不同医院，收费标准不一致，市三甲医院约（10000— 20000元）,否,0.01%,80%,30天,https://tag.120ask.com/jibing/mgjx/
外科,普通外科,成人脐疝,外科,脐部有半球形肿块、腹部不适、咳嗽有冲击感,60岁以上老年人,手术治疗、药物治疗,根据不同医院，收费标准不一致，市三甲医院约（5000 ——2000元）,否,0.1-0.2%,80%,10--14天,https://tag.120ask.com/jibing/crqs/
外科,普通外科,腕尺管综合征,骨科,皮肤感觉障碍、运动功能障碍、疼痛,中年男性,药物治疗,根据不同医院，收费标准不一致，市三甲医院约（500 —— 3000元）,否,2%,100%,80天,https://tag.120ask.com/jibing/wcgzhz/
外科,普通外科,急性浅表性包皮龟头炎,泌尿外科,局部潮红、肿胀、自觉龟头有灼热和瘙痒的感觉、包皮内面及龟头充血、糜烂、渗液、出血,中青年男性,药物治疗,300-500元,否,0.001%,90%,7-10天,https://tag.120ask.com/jibing/jxqbxbpgty/
外科,普通外科,下颌下隙感染,外科,红肿、疼痛、舌运动不灵、口涎外溢、牙关紧闭,年轻人,药物治疗,根据不同医院，收费标准不一致，市三甲医院约（500 —— 1000元）,否,1%,100%,10天,https://tag.120ask.com/jibing/xhxxgr/
外科,普通外科,淋巴炎,外科,淋巴结肿大、低热、盗汗、纳差、乏力消瘦,青壮年人群,药物治疗,根据不同医院，收费标准不一致，市三甲医院约（200 —— 500）,否,1%,90%,10--14天,https://tag.120ask.com/jibing/lby/
外科,普通外科,脊椎炎,外科,疼痛、关节肿痛、压痛,20--45岁青壮年,药物治疗,根据不同医院，收费标准不一致，市三甲医院约（300 —— 800元,否,0.2%,50%,2-4个月,https://tag.120ask.com/jibing/jzy/
外科,普通外科,头皮感染,外科,红、肿、热、痛,年轻人,药物治疗,根据不同医院，收费标准不一致，市三甲医院约（1000 —— 3000元）,否,1%,100%,10天,https://tag.120ask.com/jibing/tpgr/
外科,普通外科,瘢痕性睑内翻,眼科,畏光、流泪、刺痛、眼睑痉挛,成年人,药物治疗、手术治疗,根据不同医院，收费标准不一致，市三甲医院约（500 —— 1000元）,否,0.001%,30%,20天,https://tag.120ask.com/jibing/bhxjnf/
外科,普通外科,红外线伤,眼外科,色觉异常、眼压升高、色素斑、幻觉,成年人,药物治疗,根据不同医院，收费标准不一致，市三甲医院约（300 —— 500元）,否,1%,100%,7天,https://tag.120ask.com/jibing/hwxs/
外科,普通外科,并指畸形,外科,皮肤软组织并指、骨性并指,小儿,手术治疗,根据不同医院，收费标准不一致，市三甲医院约（10000 —— 20000元）,否,0.1%,100%,30天,https://tag.120ask.com/jibing/bzjx/
外科,普通外科,急性中耳炎,耳鼻喉科,听力下降、外耳道流脓、耳鸣、发热,7岁以下儿童,药物治疗,根据不同医院，收费标准不一致，市三甲医院约（100 —— 500元）,否,1-2%,80%,7-14天,https://tag.120ask.com/jibing/jxzey/
外科,普通外科,急性化脓性关节炎,骨科,寒战高热、全身症状严重、小儿患者则因高热可引起抽搐、关节局部有红肿、疼痛、明显压痛、关节液增加有波动,儿童、青年,药物治疗,根据不同医院，收费标准不一致，市三甲医院约（1000 —— 2000元）,否,0.001%,86%,14天,https://tag.120ask.com/jibing/jxhnxgjy/
外科,普通外科,表皮囊肿,外科,耳鸣、头晕、面肌痉挛、头痛、听力下降、癫痫,中青年,手术治疗、药物治疗,根据不同医院，收费标准不一致，市三甲医院约（5000 —— 8000元）,否,0.001%,1%,30天,https://tag.120ask.com/jibing/bpnz/
外科,普通外科,习惯性髌骨脱位,骨科,膝关节肿大、膝关节不能完全伸直,青少年,药物治疗,根据不同医院，收费标准不一致，市三甲医院约（300 — 500元）,否,1%,100%,7天,https://tag.120ask.com/jibing/xgxbgtw/
外科,普通外科,腘动脉损伤,外科,小腿以下缺血、踝及足麻木和有灼痛感、膝后肿胀疼痛活动受限、末梢神经炎、足背动脉搏动消失,成年人,药物治疗,根据不同医院，收费标准不一致，市三甲医院约（3000 — 8000元）,否,1%,100%,180天,https://tag.120ask.com/jibing/guodmss/
外科,普通外科,鼻部穿通性毛囊炎,耳鼻喉科,鼻腔内初感疼痛、鼻毛根部毛囊口周围小脓疱、后毛囊炎向深部浸润、穿破皮肤而在鼻翼上产生小脓疱,成年人,药物治疗,根据不同医院，收费标准不一致，市三甲医院约（500 —— 1000元）,否,0.001%,60%,10天,https://tag.120ask.com/jibing/bbctxmny/
外科,普通外科,骨盆直肠脓肿,外科,直肠内坠胀、排粪时尤感不适、排尿困难,成年人,药物治疗,根据不同医院，收费标准不一致，市三甲医院约（3000—— 8000元）,否,1%,95%,14天,https://tag.120ask.com/jibing/gpzcnz/
外科,普通外科,播散性复发性漏斗部毛囊炎,皮肤科,丘疹、瘙痒、毛囊角栓,成年男性,药物治疗,根据不同医院，收费标准不一致，市三甲医院约（500 —— 1000元）,否,1%,95%,30天,https://tag.120ask.com/jibing/bsxffxldbmny/
外科,普通外科,先天性声门下狭窄,耳鼻喉科,呼吸困难 反复上呼吸道感染 窒息,儿童,药物治疗、手术治疗,根据不同医院，收费标准不一致，市三甲医院约5000--8000元,否,0.002%,95%,1年,https://tag.120ask.com/jibing/xtxsmxxz/
外科,普通外科,钙化性肌腱炎,外科,肩部剧烈疼痛、患肢无力、手臂上举困难,多见于30-50岁的运动人群,药物治疗,根据不同医院，收费标准不一致，市三甲医院约（2000—— 3000元）,否,0.001%,85%,20天,https://tag.120ask.com/jibing/ghxjjy/
外科,普通外科,外伤后颅内积气,外科,剧烈头痛、耳漏、出汗异常、呕吐、颅内压增高,成年人,药物治疗,根据不同医院，收费标准不一致，市三甲医院约（10000 — 20000元）,否,1%,100%,14天,https://tag.120ask.com/jibing/wshlnjq/
外科,普通外科,先天性冠状动脉瘤,心外科,紫绀、心悸、乏力、胸闷,婴幼儿,手术治疗、药物治疗,根据不同医院，收费标准不一致，市三甲医院约（5000 —— 10000元）,否,占冠状动脉瘤的15%,0.001%,30天,https://tag.120ask.com/jibing/xtxgzdml/
外科,普通外科,腹股沟滑动性疝,外科,疝块不易回纳、部分回纳、滑动性疝,老年人,药物治疗、手术治疗,根据不同医院，收费标准不一致，市三甲医院约8000--15000元,否,0.005%,80%,1年,https://tag.120ask.com/jibing/fgghdxs/
外科,普通外科,膝关节滑膜皱襞综合征,骨科,发炎、水肿增生、肥厚、粘连,所有人,物理治疗、药物治疗、手术治疗,根据不同医院，收费标准不一致，市三甲医院约8000--15000元,否,0.002%,80%,1年,https://tag.120ask.com/jibing/xgjhmzbzhz/
外科,普通外科,痔,肛肠科,便血、便秘、肛周疼痛、肛门肿胀,久坐工作的人群，如师机、白领工作者,药物治疗,根据不同医院，收费标准不一致，市三甲医院约4000-6000元,否,1.5%-10%,75%-85%,1-2月,https://tag.120ask.com/jibing/z/
外科,普通外科,尾痛症,疼痛科,骶骨部位的疼痛、麻木、感觉异常,重体力劳动者本病多见,药物治疗,根据不同医院，收费标准不一致，市三甲医院约1000-5000元,否,0.5%-0.7%,75%,1-3月,https://tag.120ask.com/jibing/wtz/
外科,普通外科,特异性前列腺炎,泌尿科,尿急、尿频、尿痛、尿不净、尿道灼热、腰骶部、下腹部、会阴部疼痛、性欲减退、阳痿、早泄、射精疼,中青年男性,药物治疗,根据不同医院，收费标准不一致，市三甲医院约（1000 —— 3000元）,否,0.01%,80%,14天,https://tag.120ask.com/jibing/tycqlxy/
外科,普通外科,腘肌肌腱炎,外科,关节或关节附近的触痛、关节肿胀、麻木、伴有疼痛的关节僵硬、活动受限,中青年,药物治疗,根据不同医院，收费标准不一致，市三甲医院约（1000—— 2000元）,否,0.01%,60%,15天,https://tag.120ask.com/jibing/gjjjy/
外科,普通外科,腘血管陷迫综合征,内科,间歇性跛行、小腿有麻木、无力、痉挛性疼痛、肌肉萎缩,多为年轻人,药物治疗、手术治疗,根据不同医院，收费标准不一致，市三甲医院约（3000 — 8000元）,否,0.001%,0.3%,20天,https://tag.120ask.com/jibing/gxgxpzhz/
外科,普通外科,颈内动脉海绵窦瘘,内科,搏动性突眼、震颤、球结膜水肿、充血、视力减退,成年人,手术治疗、药物治疗,根据不同医院，收费标准不一致，市三甲医院约（5000 —— 10000元）,否,0.001%,0.1%,20天,https://tag.120ask.com/jibing/jndmhmdl/
外科,普通外科,幼年息肉,儿科,注意力不集中、情绪低落、患处红肿,儿童,药物治疗,根据不同的医院，收费标准不一致，市三甲医院约（200-1200元）,否,0.1%,99%,14天,https://tag.120ask.com/jibing/ynxr/
外科,普通外科,先天性桡骨缺如,骨科,畸形、神经受累、血管受累,婴儿,治疗治疗、药物治疗、手术治疗,根据不同医院，收费标准不一致，市三甲医院约8000--15000元,否,0.2%,80%,1年,https://tag.120ask.com/jibing/xtxrgqr/
外科,普通外科,滑膜炎、痤疮、脓疱病、骨肥厚,骨外科,关节疼痛、关节酸痛、关节肿痛,成年人,药物治疗,根据不同医院，收费标准不一致，市三甲医院约（10000 —— 20000元）,否,0.01%,90%,15天,https://tag.120ask.com/jibing/hmyccnbbgfhgsyzh/
外科,普通外科,先天性肩关节脱位,骨科,肩关节不稳定、上肢畸形,新生儿,手术治疗、理疗,根据不同医院，收费标准不一致，市三甲医院约（300 —— 1000元）,否,0.0001%,90%,15天,https://tag.120ask.com/jibing/xtxjgjtw/
外科,普通外科,异位胰腺,内分泌科,胆道梗阻、粘膜萎缩、 肠套叠,婴幼儿,药物治疗,根据不同医院，收费标准不一致，市三甲医院约（5000 — 10000元）,否,0.1%,95%,30天,https://tag.120ask.com/jibing/ywyx/
外科,普通外科,脊柱关节炎,骨科,腰背痛伴有明显僵硬感、可导致夜间翻身困难、在清晨起床时腰背部明显僵硬、需活动后方改善,20-40岁,药物治疗、针灸,根据不同医院，收费标准不一致，市三甲医院约（3000 —— 8000元）,否,0.001%,40%,30天,https://tag.120ask.com/jibing/jzgjy/
外科,普通外科,创伤性鼻出血,外科、耳鼻喉科,有外伤史、鼻腔出血、头晕、面色发黄或苍白,中青年,手术治疗、药物治疗,根据不同医院，收费标准不一致，市三甲医院约（1000 —— 2000元）,否,0.01%,90%,10天,https://tag.120ask.com/jibing/csxbcx/
外科,普通外科,前十字韧带损伤,骨科,关节软弱无力、肿胀、充血,青少年,药物治疗、手术治疗,根据不同的医院，收费标准不一致，市三甲医院约（5000-16000元）,否,0.1%,92%,120天,https://tag.120ask.com/jibing/qszrdss/
外科,普通外科,巧克力囊肿,妇科,月经量多、痛经、腹部包块,20-40岁女性,手术治疗、药物治疗,1000--5000元,否,0.02%,90%,10-14天,https://tag.120ask.com/jibing/qklnz/
外科,普通外科,非冻结性冷伤,外科,手指或手臂部刺痛及麻木感、瘙痒、冻疮、充血,青少年,药物治疗,根据不同医院，收费标准不一致，市三甲医院约（500 —— 1000元）,否,1%,95%,14天,https://tag.120ask.com/jibing/fdjxls/
外科,普通外科,继发性三叉神经痛,神经内科,面部突然剧痛、脸红、皮肤温度增高、肿胀、出汗、流泪,中青年,药物治疗、针灸理疗,根据不同医院，收费标准不一致，市三甲医院约（1000 —— 2000元）,否,0.01%,80%,10天,https://tag.120ask.com/jibing/jfxscsjt/
外科,普通外科,慢性阻塞性腮腺炎,外科,腮腺反复肿胀、伴有轻微疼痛、可在颊黏膜下扪及粗硬、呈索条状的腮腺导管,中年人发病率高,药物治疗、手术治疗,根据不同医院，收费标准不一致，市三甲医院约（1000—— 5000元）,否,0.001%,60%,10天,https://tag.120ask.com/jibing/mxzsxsxy/
外科,普通外科,牙槽骨骨折,口腔颌面外科,唇与牙龈的撕裂、肿胀、牙松动、牙折,青少年人群,药物治疗、手术治疗,根据不同医院，收费标准不一致，市三甲医院约（10000——30000元）,否,0.01%,80%,4-8周,https://tag.120ask.com/jibing/ycggz/
外科,普通外科,念珠菌性甲沟炎,外科,甲沟境界不清的潮红、水肿、疼痛,儿童,药物治疗,根据不同医院，收费标准不一致，市三甲医院约（100 —— 300元）,是,1%,95%,14天,https://tag.120ask.com/jibing/nzjxjgy/
外科,普通外科,颈动脉炎,内科,颈、咽部跳痛、胀痛、刺痛、低热,成年女性,药物治疗,根据不同医院，收费标准不一致，市三甲医院约（3000—— 8000元）,否,0.1%,100%,14天,https://tag.120ask.com/jibing/jdmy/
外科,普通外科,急性糜烂出血性胃炎,内科,上腹部隐痛不适、烧灼感、呕血,青年男性,药物治疗,根据不同医院，收费标准不一致，市三甲医院约（3000 —— 8000元）,否,1%,95%,15天,https://tag.120ask.com/jibing/jxmlcxxwy/
外科,普通外科,急性感染性胃炎,内科,上腹痛、腹胀、食欲减退、恶心、呕吐,青年男性,药物治疗,根据不同医院，收费标准不一致，市三甲医院约（3000—— 8000元）,否,1%,100%,14天,https://tag.120ask.com/jibing/jxgrxwy/
外科,普通外科,胃柿石症,消化内科,上腹不适、食欲不振、口臭、恶心,成年人,药物治疗,根据不同的医院，收费标准不一致，市三甲医院约（5000-12000元）,否,0.2%,97%,160天,https://tag.120ask.com/jibing/wssz/
外科,普通外科,化脓性链球菌感染,外科,发热、咽痛、头痛,儿童,药物治疗,根据不同医院，收费标准不一致，市三甲医院约（2000—— 3000元）,否,5%,100%,14天,https://tag.120ask.com/jibing/hnxlqjgr/
外科,普通外科,肉芽肿性血管炎,内科,发热、疲劳、抑郁、纳差、体重下降、关节痛、盗汗、尿色改变,成年人,药物治疗,根据不同的医院，收费标准不一致，市三甲医院约（5000-23000元）,否,0.2%,90%,90天,https://tag.120ask.com/jibing/ryzxxgy/
外科,普通外科,神经源性休克,内科,头晕、面色苍白、出汗,老年人,药物治疗,根据不同医院，收费标准不一致，市三甲医院约（3000—— 8000元）,否,0.1%,100%,10天,https://tag.120ask.com/jibing/sjyxxk/
外科,普通外科,落枕,外科,晨起后却感到项背部明显酸痛、颈部活动受限,青中年,药物治疗,根据不同医院，收费标准不一致，市三甲医院约（300 —— 500元）,否,5%,100%,7天,https://tag.120ask.com/jibing/lz/
外科,泌尿外科,膀胱炎,泌尿外科,尿失禁、血尿、尿频、尿急、尿痛,所有人群,药物治疗（请阅读膀胱炎的药物治疗）,根据不同医院，收费标准不一致，市三甲医院约（500 —— 1000元）,是,0.36%,90%,7-10天,https://tag.120ask.com/jibing/pangguangyan/
外科,泌尿外科,苯丙酮尿症,儿内科,皮肤干燥、毛发色淡而呈棕色、尿中有特殊鼠臭味、牙列稀疏、智力发育迟缓、生长缓慢、皮肤苍白,儿童人群,西药治疗、食疗,根据不同医院，收费标准不一致，市三甲医院约20000--50000元,否,0.002%,80%,1-6个月,https://tag.120ask.com/jibing/bbtnz/
外科,泌尿外科,急性膀胱炎,泌尿科,尿频、尿急、夜尿增多、排尿烧灼感或尿痛、常有腰骶部或耻骨上区疼痛不适、并常见排尿中断和血尿,女孩和成年女性较多见,药物治疗,根据不同医院，收费标准不一致，市三甲医院约（1000 —— 2000元）,否,0.02--0.05%,80%,5--7天,https://tag.120ask.com/jibing/jixingbangyan/
外科,泌尿外科,泌尿系结石,泌尿外科,剧烈腰痛、多呈持续性或间歇性、向髂窝、会阴及阴囊处放射、血尿、脓尿、排尿困难,所有人群,手术治疗、西药治疗、中药治疗、食疗,根据不同医院，收费标准不一致，市三甲医院约30000--60000元,否,南方水质硬，发病率高，约5-15%,95%以上,2-4周,https://tag.120ask.com/jibing/mnxjs/
外科,泌尿外科,性功能障碍,男性科,性欲减退、心理性功能障碍、心理性功能障碍,中老年男性尤其是50岁以上的男性,中医药物治疗、心理治疗、西医药物治疗,根据不同医院，收费标准不一致，市三甲医院约（2000 —— 4000元）,否,0.02%,50%,1--4周,https://tag.120ask.com/jibing/xgnza/
外科,泌尿外科,肾结核,肾内科、感染科,无痛性血尿、尿频、尿痛、尿急、低热、盗汗、血尿 脓尿,青壮年人群,药物治疗、手术治疗,根据不同医院，收费标准不一致，市三甲医院约（3000-5000元）,是,0.006%,,治疗周期9个月,https://tag.120ask.com/jibing/shenjiehe/
外科,泌尿外科,肾结石,泌尿外科,腰部绞痛、血尿,青壮年是高发人群（发病的高峰年龄是20~50岁）,保守治疗、药物治疗、手术治疗,根据不同医院，结石大小不同，收费标准不一致，市三甲医院约（1000 - 6000元）,否,0.02%(在某些特定人群特定年龄段中该病的发病率( 南方东南各省肾结石发病率为24%左右；北方为12-16%； 男性是女性的2~3倍）),70%,30天,https://tag.120ask.com/jibing/shenjieshi/
外科,泌尿外科,尿道炎,泌尿外科,尿频、尿急、尿痛,中青年人群20-40岁年龄多见,药物治疗,根据不同医院，收费标准不一致，市三甲医院约200--500元,否,0.12%(上述为40岁以后女性患病比例),95%,15-30天,https://tag.120ask.com/jibing/niaodaoyan/
外科,泌尿外科,尿路感染,泌尿外科,排尿困难、尿频、尿急、尿痛、血尿,育龄期妇女，老年人，免疫力低下人群,药物治疗,根据不同医院，收费标准不一致，市三甲医院约（500-1000元）,否,1%,90%,2周,https://tag.120ask.com/jibing/nlgr/
外科,泌尿外科,遗尿症,儿内科,尿频、尿急、排尿障碍、儿童尿床、小儿遗尿,学龄前儿童,药物治疗,根据不同医院，收费标准不一致，市三甲医院约（3000 —— 5000元,否,婴幼儿患者发病率约为5%,80%,3-6月,https://tag.120ask.com/jibing/yiniaozheng/
外科,泌尿外科,包皮包茎,男性科,剥皮年来能、排尿困难及尿潴留,成年男性,手术治疗,根据不同医院，收费标准不一致，市三甲医院约（1000 —— 3000元）,否,2.1%,100%(手术治疗),7天,https://tag.120ask.com/jibing/bpbj/
外科,泌尿外科,早泄,中医科、男科,遗精滑泄、器质性早泄、不能完成性交、性交时间少于一分钟、阴茎来回抽动少于15次即射精、使性功能正常的女性至少在50%的性交机会中得不到满足,青年男性、中年男性（20-40岁人群尤为多见）,药物治疗（请阅读早泄的药物治疗）、心理治疗,根据不同医院，收费标准不一致，市三甲医院约（1000 —— 3000元）,否,0.01%-0.03%,,>120天,https://tag.120ask.com/jibing/zaoxie/
外科,泌尿外科,IgA肾病,肾内科,蛋白尿、血尿、肾病综合征,所有人群,药物治疗,根据不同医院，收费标准不一致，市三甲医院约（3000 —— 5000元）,否,发病率约为0.004%--0.005%,,大部分需要终身治疗,https://tag.120ask.com/jibing/iggsb/
外科,泌尿外科,肾囊肿,泌尿外科,腰背酸痛、腹部肿块、血尿,中青年人群,手术疗法,根据不同医院，收费标准不一致，市三甲医院约（3000-30000元）,否,0.001%(50岁以上的人群中发病率超过50%),70%,3个月,https://tag.120ask.com/jibing/snz/
外科,泌尿外科,肾动脉栓塞,普外科,高热、镜下血尿、急性肾绞痛,肾功能不全患者,手术治疗,根据不同医院，收费标准不一致，市三甲医院约（10000-15000元）,否,0.002%,60%,3个月,https://tag.120ask.com/jibing/sdmss/
外科,泌尿外科,肾癌,泌尿外科,血尿、腰痛、腹部肿块,50-70岁,药物治疗、手术疗法,根据不同医院，收费标准不一致，市三甲医院约（30000-50000元）,否,0.0003%,40%,1-3个月,https://tag.120ask.com/jibing/sa/
外科,泌尿外科,尿崩症,内分泌科,多饮、烦渴、多尿（夜尿显著增多）、谵妄、痉挛、呕吐,所有人群,药物治疗,根据不同医院，收费标准不一致，市三甲医院约20000--50000元,否,0.0025%,80%，一控制症状为主,终身间歇性对症治疗,https://tag.120ask.com/jibing/nbz/
外科,泌尿外科,尿道结石,泌尿外科,急性尿潴留、尿意窘迫、尿痛、排尿困难及尿潴留、尿分叉、血尿,所有人群,物理治疗、药物治疗,根据不同医院，收费标准不一致，市三甲医院约（5000-10000元）,否,0.05%,80%,2-4周,https://tag.120ask.com/jibing/ndjs/
外科,泌尿外科,膀胱结石,泌尿外科,尿频伴尿急和尿痛、排尿障碍、排尿困难、尿潴留、膀胱刺激症、脓尿,所有群体,药物治疗、超声波碎石,根据不同医院，收费标准不一致，市三甲医院约（3000-5000元）,否,1%-2%,90%,7-14天,https://tag.120ask.com/jibing/bjs/
外科,泌尿外科,隐睾症,泌尿外科,阴囊一侧或双侧较小、部分患者可以在腹股沟触到睾丸,婴幼儿或成年后发现,药物治疗、手术治疗,根据不同医院，收费标准不一致，市三甲医院约（1000——3000元）,否,婴幼儿患病概率5.4%,,手术治疗周期7天,https://tag.120ask.com/jibing/yinzheng/
外科,泌尿外科,膀胱外翻,泌尿外科,耻骨联合分离、膀胱膨隆、先天性腹壁发育不全,所有人群,药物治疗、手术治疗,根据不同医院，收费标准不一致，市三甲医院约（3000 —— 5000元,否,0.0003%-0.0005%,,1-2个月,https://tag.120ask.com/jibing/bwf/
一级分类,二级分类,疾病,挂什么科,哪些症状,好发人群,治疗方法,治疗费用,是否传染,患病比例,治愈率,治疗周期,html
内科,心血管内科,成人呼吸窘迫综合征,呼吸内科、心血管内科,呼吸窘迫综合症、活动后气促、紫绀、烦躁不安、焦虑、出汗异常、呼吸异常,所有人群,药物治疗,根据不同医院，收费标准不一致，市三甲医院约（5000 —— 10000元）,否,3%,85%,2-4月,https://tag.120ask.com/jibing/crhxjpzhz/
内科,心血管内科,肺栓塞,呼吸内科,急性呼吸困难、肺栓塞、发绀、胸痛、心肺栓塞、晕厥、咯血、右心衰竭、肢端湿冷、胸膜摩擦音、胸腔积液、惊恐发作,所有人群,药物治疗,根据不同医院，收费标准不一致，市三甲医院约（20000-100000元）,否,0.005%,60%,1个月,https://tag.120ask.com/jibing/feishuansai/
内科,心血管内科,肺性脑病,呼吸内科、神经内科,头痛、头昏、记忆力障碍、意识障碍、嗜睡、昏睡、颅内压增高、肌阵挛、言语增多、幻觉、昏迷,所有人群,药物治疗,根据不同医院，收费标准不一致，市三甲医院约（3000 —— 8000元）,否,0.012%,70%,10-30天,https://tag.120ask.com/jibing/fxnb/
内科,心血管内科,急性呼吸窘迫综合征,呼吸内科,紫绀、烦躁不安、湿啰音、焦虑、呼吸性碱中毒、心脏停搏、呼吸困难、低氧血症、过度通气、水肿、混合型酸碱平衡紊乱、代谢性酸中毒,所有群体,药物治疗、手术治疗,根据不同医院，收费标准不一致，市三甲医院约（20000-50000元）,否,发生在原有呼吸道感染的患者，发病率约0.03%--0.05%,60-85%,1-3个月,https://tag.120ask.com/jibing/jxhxjpzhz/
内科,心血管内科,继发性肺动脉高压,内科,气短、疲乏、头晕、胸痛,中老年人群,药物治疗,根据不同医院，收费标准不一致，市三甲医院约（3000 —— 8000元）,否,2%,99%,120天,https://tag.120ask.com/jibing/jfxfdmgy/
内科,心血管内科,睡眠呼吸暂停综合征,神经内科,白天嗜睡夜间失眠、打鼾、头痛、智力减低、心律失常、男子性功能障碍、呼吸速率减慢且规则、呼吸异常、呼吸反射调节受损、疲劳、病理性REM睡眠、气息异常,肥胖人群，老年人,手术治疗,根据不同医院，收费标准不一致，市三甲医院约（3000 —— 8000元）,否,肥胖人群中发病率可达15%,75%,4-6月,https://tag.120ask.com/jibing/smhxztzhz/
内科,心血管内科,细菌性肺炎,呼吸内科,发烧、持续高烧、咳嗽、咳痰、胸痛、畏寒、黏液脓性痰、咳出黄色痰液	、咳铁锈色痰、头痛、肌肉酸痛、乏力,所有人群,药物治疗,根据不同医院，收费标准不一致，市三甲医院约（3000 —— 8000元）,否,人群患病概率0.033%,,治疗周期7天,https://tag.120ask.com/jibing/xjxfy/
内科,心血管内科,心律失常,心血管内科,心悸、胸闷、头晕,所有群体,药物治疗、手术治疗,根据不同医院，收费标准不一致，市三甲医院约（3000-5000元）,否,人群患病概率0.6%,85%,2-4周,https://tag.120ask.com/jibing/xlsc/
内科,心血管内科,胸腔积液,心胸外科,咳嗽、干咳、胸痛、胸膜摩擦音、胸闷,所有群体,手术治疗,根据不同医院，收费标准不一致，市三甲医院约（1000-5000元）,否,0.0035%,80%,3个月,https://tag.120ask.com/jibing/xqjy/
内科,心血管内科,原发性肺动脉高压,心血管内科,呼吸困难、胸痛、晕厥、疲乏、咯血、水肿、眩晕,所有群体,药物治疗,根据不同医院，收费标准不一致，市三甲医院约（3000-5000元）,否,0.001%-0.005%,70%,1-3个月,https://tag.120ask.com/jibing/yfxfdmgy/
内科,心血管内科,早搏,心血管内科,心悸、心音异常、心前区重压感、室性早搏、房性早搏、频发房性早搏,所有群体,药物治疗,根据不同医院，收费标准不一致，市三甲医院约（1000-5000元）,否,0.03%,70%,3个月,https://tag.120ask.com/jibing/zaobo/
内科,心血管内科,室性早搏,心血管内科,心律不齐、心慌、气短,容易生气的中老年患者多见,中医药物治疗、西医药物治疗,根据不同医院，收费标准不一致，市三甲医院约（1000 —— 2000元）,否,0.3%,95%,2-5周,https://tag.120ask.com/jibing/sxzb/
内科,心血管内科,休克,急诊科,皮肤湿冷、发绀、苍白、脉搏细速、呼吸急促、血压下降明显,全部群体,药物治疗,根据不同医院，收费标准不一致，市三甲医院约5000-10000元,否,0.1%,80%,1-3天,https://tag.120ask.com/jibing/xk/
内科,心血管内科,心房颤动,心血管内科,心悸、心慌、胸闷、心跳很乱、多尿、脉搏脱漏、无法数清每分钟脉搏次数、晕厥、室颤、高代谢征群、房室分离、慢性房颤,老年人,药物治疗、手术治疗,根据不同医院，收费标准不一致，市三甲医院约（10000-30000元）,否,20%(心脏病人之中占20%),78%,20天,https://tag.120ask.com/jibing/xfcd/
内科,心血管内科,心房扑动,心血管内科,心悸、胸闷、头晕、烦躁不安、胸痛、眩晕、恐惧、呼吸困难,心血管疾病患者,手术治疗、药物治疗,根据不同医院，收费标准不一致，市三甲医院约（5000-10000元）,否,0.02%-0.05%,,75天,https://tag.120ask.com/jibing/xfpd/
内科,心血管内科,室性心动过速,心血管内科,异位性心动过速、心动过速,无特殊发病群体,药物治疗、手术治疗,根据不同医院，收费标准不一致，市三甲医院约（5000-10000元）,否,0.006%,70%,3个月,https://tag.120ask.com/jibing/sxxdgs/
内科,心血管内科,病毒性心肌炎,心血管内科,心律失常、发烧、腹泻、心脏杂音、心悸、心力衰竭、胸闷、乏力、头晕、晕厥、心脏扩大、心率过缓,所有人群,药物治疗,根据不同医院，收费标准不一致，市三甲医院约（10000-50000元）,否,0.004%,60%,3-6个月,https://tag.120ask.com/jibing/bdxxjy/
内科,心血管内科,充血性心力衰竭,心血管内科,疲劳、乏力、劳力性呼吸困难、咳嗽、第三心音奔马律 、肝-颈静脉回流征阳性、肺淤血、肝淤血、恶心、呕吐、腹胀、便秘,大多数心血管疾病的最终归宿,药物治疗,根据不同医院，收费标准不一致，市三甲医院约（10000 —— 50000元）,否,0.05%,60%,3个月,https://tag.120ask.com/jibing/cxxxlsj/
内科,心血管内科,低血压,心血管内科,头晕乏力、消化不良、心脑供血不足、疲乏 、内分泌功能减退、 慢性头痛、 心前区隐痛 、下肢血压偏低、 腰膝酸软,20-40岁女性人群尤为多发,西医药物治疗、中医治疗治疗,根据不同医院，收费标准不一致，市三甲医院约（1000 —— 2000元,否,0.2%-0.5%,90%,5-20天,https://tag.120ask.com/jibing/dxy/
内科,心血管内科,大动脉炎,心血管内科,眩晕、视力视野改变、肌肉萎缩、颈动脉搏动减弱或消失、心慌、食欲不振、恶心、体重减轻、月经失调、头晕、头痛、疼痛,多见于年青女性,药物治疗,根据不同医院，收费标准不一致，市三甲医院约（10000 —— 30000元）,否,0.0031%,50--70%,14--30天,https://tag.120ask.com/jibing/ddmy/
内科,心血管内科,动脉瘤,血管外科,动脉样壁、动脉枪击音、血管搏动或波形的改变,所有人群,手术治疗动脉瘤切除、血管重建,根据不同医院，收费标准不一致，市三甲医院约（3000 —— 5000元）,否,0.001%,70%,3--8周,https://tag.120ask.com/jibing/dml/
内科,心血管内科,动脉硬化,心血管内科,头晕、心绞痛、胸痛、头痛、心音异常、心脏杂音、血管硬化、动脉呈多处伸长扭曲状、动脉粥样硬化,青少年时期发生，中老年时期加重、发病,药物治疗,根据不同医院，收费标准不一致，市三甲医院约（3000 —— 5000元）,否,0.035%,85%,3个月,https://tag.120ask.com/jibing/dmyh/
内科,心血管内科,动脉粥样硬化,血管外科,胸痛、气急、吞咽困难、咯血、声音嘶哑、气管移位、气管阻塞,中老年人群,药物治疗、手术治疗,根据不同医院，收费标准不一致，市三甲医院约（3000 —— 5000元）,否,0.058%,,终身间歇性对症治疗,https://tag.120ask.com/jibing/dmzyyh/
内科,心血管内科,风湿热,风湿科,发热、咽痛、颌下淋巴结肿大、类风湿关节炎、心悸、气短、心力衰竭、心动过速、心律失常、心脏增大、低热、鼻出血、收缩期杂音 、心脏杂音,本病初发年龄以9~17岁多见，主要发生在青少年,药物治疗,根据不同医院，收费标准不一致，市三甲医院约（5000-10000元）,否,0.05%,80%,1-3个月,https://tag.120ask.com/jibing/fengshire/
内科,心血管内科,风湿性心脏病,心血管内科、风湿免疫科,胸闷、呼吸困难、咳嗽、晕厥、心悸,青壮年,药物治疗、手术治疗,根据不同医院，收费标准不一致，市三甲医院约（10000-30000元）,否,0.05%,80%,3-6月,https://tag.120ask.com/jibing/fsxxzb/
内科,心血管内科,二尖瓣关闭不全,心胸外科,劳力性呼吸困难、端坐呼吸、疲乏、运动耐力降低、咯血、肝脏肿大、突发的左心衰竭、腿脚浮肿,无特殊发病群体,药物治疗、手术治疗,根据不同医院，收费标准不一致，市三甲医院约（5000-10000元）,否,0.05%,60%,2-4月,https://tag.120ask.com/jibing/ejbgbbq/
内科,心血管内科,肥厚型心肌病,心胸外科,劳力性呼吸困难、胸闷、胸痛、一过性昏厥、心绞痛、呼吸急促、乏力、头晕、猝死、心力衰竭、心音异常、心律失常,所有群体,药物治疗、手术治疗,根据不同医院，收费标准不一致，市三甲医院约（5000-10000元）,否,0.0004%,50-70%,20天,https://tag.120ask.com/jibing/fhxxjb/
内科,心血管内科,肺动脉高压,心血管内科,劳力性呼吸困难、乏力、晕厥、心绞痛、胸痛、咯血、声音嘶哑、下肢水肿、肺动脉瓣区可听到喷射音、收缩期反流性杂音、肝肿大、颈静脉怒张,无特殊发病群体,药物治疗,根据不同医院，收费标准不一致，市三甲医院约（5000-10000元）,否,0.0025%,85%,14天,https://tag.120ask.com/jibing/fdmgy/
内科,心血管内科,感染性心内膜炎,心血管科,寒战发烧、心脏杂音、贫血、脾肿大、咳喘、憋气、不能平卧,先天性心脏病或者做过瓣膜手术的病人,药物治疗、支持疗法,根据不同医院，收费标准不一致，市三甲医院约（30000 —— 50000元）,否,0.0052%,70%,10-15天,https://tag.120ask.com/jibing/grxxnmy/
内科,心血管内科,高血压,内科-心血管内科,头晕头痛、恶心呕吐、视物不清、心悸气短,中老年人尤其是50岁以上人群,药物治疗、饮食疗法,根据不同医院，收费标准不一致，市三甲医院约200-5000元,否,12%(50岁以上患病概率30%-50%),0.0001%(终身性疾病),1-3个月,https://tag.120ask.com/jibing/gxy/
内科,心血管内科,高血压脑病,脑外科,高血压、头痛、心慌、雾视、血流阻力增加、脑细胞出现营养不良性蜕变、昏迷、头胀、脑功能不全、猝死、旋转性眩晕、血压波动大,高血压患者,药物治疗,根据不同医院，收费标准不一致，市三甲医院约（5000-10000元）,否,0.02%-0.05%,80%,45天,https://tag.120ask.com/jibing/gxynb/
内科,心血管内科,高血压危象,心血管内科,高血压、头痛、恶心呕吐、视力障碍、烦躁不安、多汗症、口干、心悸、寒战、四肢震颤、视乳头水肿、视网膜出血,有高血压基础病,药物治疗,根据不同医院，收费标准不一致，市三甲医院约（5000 —— 10000元）,否,人群患病概率0.27%,,治疗周期15天,https://tag.120ask.com/jibing/gxywx/
内科,心血管内科,冠心病,心血管内科,心绞痛、劳累或精神紧张时出现胸骨后或心前区闷痛、体力活动时出现胸闷,45岁以上的男性，55岁以上或者绝经后的女性,药物治疗、手术治疗、介入治疗,根据不同医院，收费标准不一致，市三甲医院约（5000--30000元）,否,0.15%,80%,3-6周,https://tag.120ask.com/jibing/gxb/
内科,心血管内科,扩张型心肌病,心血管内科,心力衰竭、心律失常、胸痛、心脏增大、窦房结病变、猝死、长段升主动脉发育不全、心脏杂音、交替脉、心包积液、右侧束支传导阻滞、心音异常,无特殊发病群体,药物治疗,根据不同医院，收费标准不一致，市三甲医院约（5000-10000元）,否,发病率约为0.005%--0.006%,40-50%，多以对症治疗为主,终身治疗,https://tag.120ask.com/jibing/kzxxjb/
内科,心血管内科,脑动脉狭窄,神经内科,头晕、头痛、恶心、呕吐、视物不清,中老年,介入治疗、药物治疗,根据不同医院，收费标准不一致，市三甲医院约5000--50000元,否,0.01%,60%,30天,https://tag.120ask.com/jibing/ndmxz/
内科,心血管内科,颈动脉狭窄,血管外科,耳鸣、眩晕、黑蒙、雾视、颈后及肩部皮肤发硬、视力障碍、不能转颈、狭窄杂音、颈髓脱髓鞘性病变、产妇颈背酸痛、头痛、晨起时颈背部弥漫性剧痛,无特殊发病群体,药物治疗、手术治疗,根据不同医院，收费标准不一致，市三甲医院约（10000-30000元）,否,60岁以上人群中患颈动脉狭窄者约占0.05%,60%,3个月,https://tag.120ask.com/jibing/jdmxz/
内科,心血管内科,神游症,中医科、精神科,梦游、被害妄想、抑郁,精神抑郁者多见,手术治疗、药物治疗,根据不同医院，收费标准不一致，市三甲医院约1-3万元,否,0.5%-1%,70%,1-3月,https://tag.120ask.com/jibing/syz/
内科,心血管内科,限制型心肌病,心血管内科,气急、咯血、肝肿大、下肢水肿、电生理异常、心悸、眩晕、晕厥、易昏厥、心脏增大、心力衰竭、倦怠肢冷,热带男性人群,药物治疗、手术治疗,根据不同医院，收费标准不一致，市三甲医院约（5000 —— 8000元）,否,0.0001%-0.0003%,,终身间歇性治疗,https://tag.120ask.com/jibing/xzxxjb/
内科,心血管内科,心包积液,心胸外科,心包积液体征、心包积液、胸痛、气短,无特殊发病群体,药物治疗、手术治疗,根据不同医院，收费标准不一致，市三甲医院约（5000-10000元）,否,恶性肿瘤患者并发心包积液发病率为3%,30%,3个月,https://tag.120ask.com/jibing/xbjy/
内科,心血管内科,心包炎,心血管内科,心包纤维增厚、心包膜发炎、 心包压塞、 心包填塞、 心包缩窄,所有人群,西医治疗、中医治疗,根据不同医院，收费标准不一致，市三甲医院约（1000 —— 3000元,否,0.001%,60%,1--3月,https://tag.120ask.com/jibing/xinbaoyan/
内科,心血管内科,心肌病,心血管内科,活动后气促、易疲乏、心率增快、血压下降、心律失常、心脏杂音,无特殊发病群体,药物治疗,根据不同医院，收费标准不一致，市三甲医院约（5000-10000元）,否,0.001%,40%,1-2年,https://tag.120ask.com/jibing/xinjibing/
内科,心血管内科,心绞痛,心血管内科,心前区疼痛、胸闷、气短、乏力,中老年人群40周岁以上,西医治疗、中医治疗,根据不同医院，收费标准不一致，市三甲医院约（3000 —— 5000元）,否,0.1%,60%,1-7天,https://tag.120ask.com/jibing/xinjiaotong/
内科,心血管内科,主动脉瘤,心胸外科、血管外科,水肿、咳嗽、气急、吞咽困难,多见于老年男性,手术、药物治疗,根据不同医院，收费标准不一致，市三甲医院约（10000 —— 30000元）,否,0.0001%,70%,10-30天,https://tag.120ask.com/jibing/zdml/
内科,心血管内科,血管性痴呆,心血管内科,脑衰弱综合征、情绪不宁、失眠、智能减退、血管性痴呆、痴呆、精神障碍、焦虑、情感失禁现象、易激惹、全头痛、头痛,无特殊发病群体,药物治疗,根据不同医院，收费标准不一致，市三甲医院约（5000-10000元）,否,0.001%,70%,3个月,https://tag.120ask.com/jibing/xgxcd/
内科,心血管内科,心脏神经官能症,心内科、精神科,自觉心悸、心前区痛、呼吸憋闷、易激动、多汗、颤抖、头晕、失眠,青年、壮年人群,药物治疗、中医治疗,根据不同医院，收费标准不一致，市三甲医院约（3000--8000元）,否,0.1%,80%,1-3个月,https://tag.120ask.com/jibing/xzsjgnz/
内科,心血管内科,主动脉夹层,心血管内科,剧烈疼痛、额部疼痛、颈部疼痛、肩胛放射性疼痛、心率增快、心绞痛、心肌梗死、夹层血肿、头晕、神志模糊、截瘫、腹痛,所有人群,药物治疗,根据不同医院，收费标准不一致，市三甲医院约（3000 —— 5000元）,否,高血压患者中本病的发病率约为0.006%--0.008%,,1-3个月,https://tag.120ask.com/jibing/zdmjc/
内科,心血管内科,预激综合征,心血管内科,心律失常、心动过速,无特殊发病群体,药物治疗、手术治疗,根据不同医院，收费标准不一致，市三甲医院约（5000-10000元）,否,0.025%,80%,30天,https://tag.120ask.com/jibing/yjzhz/
内科,心血管内科,妊高征,产科,水肿、蛋白尿、先兆子痫、高血压、妊娠后期水肿、妊娠期高血压、妊娠蛋白尿、头痛、眼花、抽搐、昏迷,孕妇,药物治疗,根据不同医院，收费标准不一致，市三甲医院约（5000-10000元）,否,特定人群5%,80%,3-6月,https://tag.120ask.com/jibing/rengaozheng/
内科,心血管内科,心力衰竭,心内科,呼吸困难、端坐呼吸、咳嗽、胸闷、气短,所有人群,西医药物治疗、中医药物治疗、手术治疗,根据不同医院，收费标准不一致，市三甲医院约（10000 —— 30000元）,否,0.006%,75%,1-3个月,https://tag.120ask.com/jibing/xlsj/
内科,心血管内科,心衰,内科,端坐呼吸、 心率增快、 烦躁不安 、粉红色泡沫痰、 晕厥、 胸痛伴胸闷、心悸、 双下肢可凹陷性水肿,中老年人,药物治疗,根据不同医院，收费标准不一致，市三甲医院约1000--3000元,否,0.001%,80%,7-10天,https://tag.120ask.com/jibing/xs/
内科,心血管内科,窦性心动过速,心血管科,呼吸气促、心悸胸闷、烦躁,老年人,药物治疗,根据不同医院，收费标准不一致，市三甲医院约（10000 ——20000元,否,0.2%-0.5%,20%-40%,3天-30天,https://tag.120ask.com/jibing/xxdgs/
内科,心血管内科,窦性心动过缓,心内科,无明显症状或气短、疲劳、头晕、胸闷、晕厥,正常青年或运动员、心血管疾病患者,药物治疗,根据不同医院，收费标准不一致，市三甲医院约3000--10000,否,0.001%,99%,20天,https://tag.120ask.com/jibing/xxdgh/
内科,心血管内科,窦性停搏,心血管内科,窦性停搏、意识障碍、黑蒙、晕厥、昏迷、意识短暂中断、猝死、眩晕,所有人群,药物治疗,根据不同医院，收费标准不一致，市三甲医院约（3000 —— 5000元,否,0.0025%,70%,2-4周,https://tag.120ask.com/jibing/xtb/
内科,心血管内科,窦房传导阻滞,心血管内科,心悸、乏力、心搏漏跳、心率不齐、传导阻滞、窦房传导阻滞、头晕、昏迷、晕厥,无特殊发病群体,药物治疗,根据不同医院，收费标准不一致，市三甲医院约（5000-10000元）,否,0.006%,70%,1-3个月,https://tag.120ask.com/jibing/fcdzz/
内科,心血管内科,病态窦房结综合征,心血管内科,窦性停搏、心动过缓、心动过速、心律失常、头痛、迷走神经张力增高、眩晕、心悸、窦房传导阻滞、高血钾、甲状腺功能低下、排尿过程中发生晕厥,老年人群尤其是60岁以上人群,手术治疗、药物治疗,根据不同医院，收费标准不一致，市三甲医院约（3000 —— 5000元）,否,0.04%,,1-2个月,https://tag.120ask.com/jibing/btfjzhz/
内科,心血管内科,房性心动过速,心胸外科,异位性心动过速、逆向型房室折返性心动过速、心动过速,无特殊发病群体,药物治疗,根据不同医院，收费标准不一致，市三甲医院约（5000-10000元）,否,本病常见，多见于紧张、焦虑、激动者，发病率约为0.04%-0.08%,90%,1-2周,https://tag.120ask.com/jibing/fxxdgs/
内科,心血管内科,室性期前收缩,心血管内科,心悸、晕厥、低血压、心绞痛、心音异常、室颤、心律失常、胸痛,所有人群,药物治疗,根据不同医院，收费标准不一致，市三甲医院约（1000 —— 5000元）,否,0.005%,70%,2-4月,https://tag.120ask.com/jibing/sxqqss/
内科,心血管内科,房室传导阻滞,心血管内科,疲劳、头晕、晕厥、抽搐、疲乏、头昏、右心功能不全,所有人群,药物治疗,根据不同医院，收费标准不一致，市三甲医院约（5000-10000元）,否,0.012%,80%,30天,https://tag.120ask.com/jibing/fscdzz/
内科,心血管内科,室内传导阻滞,心内科,通常无临床症状、间可听到第二心音分裂,所有人群,西药治疗、中药治疗、手术治疗,根据不同医院，收费标准不一致，市三甲医院约5000--10000元,否,人群患病概率0.32%,,需要终身治疗,https://tag.120ask.com/jibing/sncdzz/
一级分类,二级分类,疾病,挂什么科,哪些症状,好发人群,治疗方法,治疗费用,是否传染,患病比例,治愈率,治疗周期,html
内科,心血管内科,成人呼吸窘迫综合征,呼吸内科、心血管内科,呼吸窘迫综合症、活动后气促、紫绀、烦躁不安、焦虑、出汗异常、呼吸异常,所有人群,药物治疗,根据不同医院，收费标准不一致，市三甲医院约（5000 —— 10000元）,否,3%,85%,2-4月,https://tag.120ask.com/jibing/crhxjpzhz/
内科,心血管内科,肺栓塞,呼吸内科,急性呼吸困难、肺栓塞、发绀、胸痛、心肺栓塞、晕厥、咯血、右心衰竭、肢端湿冷、胸膜摩擦音、胸腔积液、惊恐发作,所有人群,药物治疗,根据不同医院，收费标准不一致，市三甲医院约（20000-100000元）,否,0.005%,60%,1个月,https://tag.120ask.com/jibing/feishuansai/
内科,心血管内科,肺性脑病,呼吸内科、神经内科,头痛、头昏、记忆力障碍、意识障碍、嗜睡、昏睡、颅内压增高、肌阵挛、言语增多、幻觉、昏迷,所有人群,药物治疗,根据不同医院，收费标准不一致，市三甲医院约（3000 —— 8000元）,否,0.012%,70%,10-30天,https://tag.120ask.com/jibing/fxnb/
内科,心血管内科,急性呼吸窘迫综合征,呼吸内科,紫绀、烦躁不安、湿啰音、焦虑、呼吸性碱中毒、心脏停搏、呼吸困难、低氧血症、过度通气、水肿、混合型酸碱平衡紊乱、代谢性酸中毒,所有群体,药物治疗、手术治疗,根据不同医院，收费标准不一致，市三甲医院约（20000-50000元）,否,发生在原有呼吸道感染的患者，发病率约0.03%--0.05%,60-85%,1-3个月,https://tag.120ask.com/jibing/jxhxjpzhz/
内科,心血管内科,继发性肺动脉高压,内科,气短、疲乏、头晕、胸痛,中老年人群,药物治疗,根据不同医院，收费标准不一致，市三甲医院约（3000 —— 8000元）,否,2%,99%,120天,https://tag.120ask.com/jibing/jfxfdmgy/
内科,心血管内科,睡眠呼吸暂停综合征,神经内科,白天嗜睡夜间失眠、打鼾、头痛、智力减低、心律失常、男子性功能障碍、呼吸速率减慢且规则、呼吸异常、呼吸反射调节受损、疲劳、病理性REM睡眠、气息异常,肥胖人群，老年人,手术治疗,根据不同医院，收费标准不一致，市三甲医院约（3000 —— 8000元）,否,肥胖人群中发病率可达15%,75%,4-6月,https://tag.120ask.com/jibing/smhxztzhz/
一级分类,二级分类,疾病,挂什么科,哪些症状,好发人群,治疗方法,治疗费用,是否传染,患病比例,治愈率,治疗周期,html
内科,心血管内科,成人呼吸窘迫综合征,呼吸内科、心血管内科,呼吸窘迫综合症、活动后气促、紫绀、烦躁不安、焦虑、出汗异常、呼吸异常,所有人群,药物治疗,根据不同医院，收费标准不一致，市三甲医院约（5000 —— 10000元）,否,3%,85%,2-4月,https://tag.120ask.com/jibing/crhxjpzhz/
内科,心血管内科,肺栓塞,呼吸内科,急性呼吸困难、肺栓塞、发绀、胸痛、心肺栓塞、晕厥、咯血、右心衰竭、肢端湿冷、胸膜摩擦音、胸腔积液、惊恐发作,所有人群,药物治疗,根据不同医院，收费标准不一致，市三甲医院约（20000-100000元）,否,0.005%,60%,1个月,https://tag.120ask.com/jibing/feishuansai/
内科,心血管内科,肺性脑病,呼吸内科、神经内科,头痛、头昏、记忆力障碍、意识障碍、嗜睡、昏睡、颅内压增高、肌阵挛、言语增多、幻觉、昏迷,所有人群,药物治疗,根据不同医院，收费标准不一致，市三甲医院约（3000 —— 8000元）,否,0.012%,70%,10-30天,https://tag.120ask.com/jibing/fxnb/
内科,心血管内科,急性呼吸窘迫综合征,呼吸内科,紫绀、烦躁不安、湿啰音、焦虑、呼吸性碱中毒、心脏停搏、呼吸困难、低氧血症、过度通气、水肿、混合型酸碱平衡紊乱、代谢性酸中毒,所有群体,药物治疗、手术治疗,根据不同医院，收费标准不一致，市三甲医院约（20000-50000元）,否,发生在原有呼吸道感染的患者，发病率约0.03%--0.05%,60-85%,1-3个月,https://tag.120ask.com/jibing/jxhxjpzhz/
